_id,url,coin,first_seen,published_at,scraped_at,sentiment.score,sentiment.scores.positive,sentiment.scores.negative,sentiment.scores.neutral,sentiment.raw[0].label,sentiment.raw[1].label,sentiment.raw[2].label,sentiment.raw[0].score,sentiment.raw[1].score,sentiment.raw[2].score,source,summary,title,date_source
69217f6c82c05455042c1ca0,https://cointelegraph.com/news/ark-invest-boosts-bullish-bitmine-circle-btc-etfs?utm_source=rss_feed&utm_medium=rss%3F_q%3D1763802781634%26ttt%3D1763802781634%26cachebust%3Dtrue%26r%3D8sdg3n&utm_campaign=rss_partner_inbound,Bitcoin,2025-11-22T09:16:28.050893+00:00,2025-11-22T07:31:35+00:00,2025-11-22T09:16:28.049894+00:00,0.8813210912048817,0.9133500456809998,0.03202895447611809,0.05462099239230156,positive,negative,neutral,0.9133500456809998,0.03202895447611809,0.05462099239230156,cointelegraph.com,"ARK Invest closed the week with fresh buys across Bullish, BitMine, Circle, Robinhood and Bitcoin ETFs, even as spot BTC ETFs posted nearly $1 billion in outflows.","ARK Invest wraps up week with Bitcoin ETF, Bullish, Circle, BitMine buys",
69217f6d82c05455042c1ca1,https://cointelegraph.com/news/bitcoin-sovereign-adoption-upside-candle-catalyst-jeff-park?utm_source=rss_feed&utm_medium=rss%3F_q%3D1763802781634%26ttt%3D1763802781634%26cachebust%3Dtrue%26r%3D8sdg3n&utm_campaign=rss_partner_inbound,Bitcoin,2025-11-22T09:16:29.197565+00:00,2025-11-22T02:14:35+00:00,2025-11-22T09:16:29.197565+00:00,0.3316666018217802,0.3416951894760132,0.010028587654232979,0.6482762694358826,positive,negative,neutral,0.3416951894760132,0.010028587654232979,0.6482762694358826,cointelegraph.com,"ProCap’s Jeff Park said during a podcast interview published to YouTube on Thursday that sovereign adoption would be the catalyst that pushes Bitcoin to $150,000 overnight.",Sovereign Bitcoin adoption would be the ultimate upside catalyst: Jeff Park,
69217f6e82c05455042c1ca3,https://cointelegraph.com/news/bitcoiners-us-federal-reserve-rate-cut-odds-surge-december-btc-price?utm_source=rss_feed&utm_medium=rss%3F_q%3D1763802781634%26ttt%3D1763802781634%26cachebust%3Dtrue%26r%3D8sdg3n&utm_campaign=rss_partner_inbound,Bitcoin,2025-11-22T09:16:30.264353+00:00,2025-11-22T00:01:07+00:00,2025-11-22T09:16:30.264353+00:00,0.9191466923803091,0.9469860792160034,0.027839386835694313,0.025174617767333984,positive,negative,neutral,0.9469860792160034,0.027839386835694313,0.025174617767333984,cointelegraph.com,"On Friday, the odds of an interest rate cut at the December FOMC meeting nearly doubled to 71.5%, prompting Bitcoiners to anticipate a potentially positive impact on the asset’s price.",Bitcoiners perk up as odds of a December Fed rate cut almost double,
69217f6f82c05455042c1ca5,https://cointelegraph.com/news/rich-dad-poor-dad-robert-kiyosaki-sells-btc?utm_source=rss_feed&utm_medium=rss%3F_q%3D1763802781634%26ttt%3D1763802781634%26cachebust%3Dtrue%26r%3D8sdg3n&utm_campaign=rss_partner_inbound,Bitcoin,2025-11-22T09:16:31.384727+00:00,2025-11-21T22:01:51+00:00,2025-11-22T09:16:31.384727+00:00,0.033883729949593544,0.05309499427676201,0.019211264327168465,0.927693784236908,positive,negative,neutral,0.05309499427676201,0.019211264327168465,0.927693784236908,cointelegraph.com,"Robert Kiyosaki, investor and author of ""Rich Dad, Poor Dad,"" announced on Friday that he sold his BTC and will invest the profits in cash-flowing businesses.","‘Rich Dad, Poor Dad’ author and Bitcoin bull Robert Kiyosaki sells his BTC",
69217f7182c05455042c1ca6,https://cointelegraph.com/news/eth-futures-data-forecasts-bounce-to-dollar3-2k?utm_source=rss_feed&utm_medium=rss%3F_q%3D1763802781634%26ttt%3D1763802781634%26cachebust%3Dtrue%26r%3D8sdg3n&utm_campaign=rss_partner_inbound,Ethereum,2025-11-22T09:16:32.982738+00:00,2025-11-21T22:00:00+00:00,2025-11-22T09:16:32.982738+00:00,-0.9111920222640038,0.035483457148075104,0.9466754794120789,0.017841121181845665,positive,negative,neutral,0.035483457148075104,0.9466754794120789,0.017841121181845665,cointelegraph.com,"ETH derivatives positioning shows pro traders adding long exposure, despite the ongoing weakness and 4-month low in Ether price.","ETH price drops to 4-month low, but Ether futures data hints at $3.2K bounce",
69217f7282c05455042c1ca7,https://cointelegraph.com/news/coinbase-solana-dex-vector?utm_source=rss_feed&utm_medium=rss%3F_q%3D1763802781634%26ttt%3D1763802781634%26cachebust%3Dtrue%26r%3D8sdg3n&utm_campaign=rss_partner_inbound,Solana,2025-11-22T09:16:34.677379+00:00,2025-11-21T20:24:40+00:00,2025-11-22T09:16:34.677379+00:00,0.559338266029954,0.5849997997283936,0.025661533698439598,0.3893387019634247,positive,negative,neutral,0.5849997997283936,0.025661533698439598,0.3893387019634247,cointelegraph.com,"Following other significant purchases in 2025, Coinbase said the acquisition of Vector was part of its strategy to become an  “everything exchange.”",Coinbase ’doubles down’ on Solana with latest DEX acquisition,
69217f7382c05455042c1ca8,https://cointelegraph.com/news/btc-etf-outflows-rebalancing-not-institutional-flight?utm_source=rss_feed&utm_medium=rss%3F_q%3D1763802781634%26ttt%3D1763802781634%26cachebust%3Dtrue%26r%3D8sdg3n&utm_campaign=rss_partner_inbound,Bitcoin,2025-11-22T09:16:35.522403+00:00,2025-11-21T20:05:26+00:00,2025-11-22T09:16:35.522403+00:00,-0.9183297920972109,0.022298498079180717,0.9406282901763916,0.03707320988178253,positive,negative,neutral,0.022298498079180717,0.9406282901763916,0.03707320988178253,cointelegraph.com,The record outflows from Bitcoin exchange-traded funds (ETFs) in November reflect a short-term downtrend and not a long-term decline or shift in demand.,"BTC ETF outflows are 'tactical rebalancing,' not institutional flight: Analysts",
69217f7482c05455042c1ca9,https://cointelegraph.com/news/bitcoin-s-death-cross-confirmation-signals-start-of-btc-bear-market?utm_source=rss_feed&utm_medium=rss%3F_q%3D1763802781634%26ttt%3D1763802781634%26cachebust%3Dtrue%26r%3D8sdg3n&utm_campaign=rss_partner_inbound,Bitcoin,2025-11-22T09:16:36.417557+00:00,2025-11-21T19:49:25+00:00,2025-11-22T09:16:36.417557+00:00,-0.7485342472791672,0.04667963087558746,0.7952138781547546,0.15810655057430267,positive,negative,neutral,0.04667963087558746,0.7952138781547546,0.15810655057430267,cointelegraph.com,"Bitcoin’s death cross is complete, suggesting that the market may be at the start of a bear market if other BTC price metrics also indicate a bearish confluence.",Bitcoin’s death cross confirmation may mean BTC is officially in a bear market,
69217f7682c05455042c1caa,https://cointelegraph.com/news/what-happened-in-crypto-today?utm_source=rss_feed&utm_medium=rss%3F_q%3D1763802781634%26ttt%3D1763802781634%26cachebust%3Dtrue%26r%3D8sdg3n&utm_campaign=rss_partner_inbound,Bitcoin,2025-11-22T09:16:37.982736+00:00,2025-11-21T19:24:16+00:00,2025-11-22T09:16:37.982736+00:00,0.5449793785810471,0.6237372756004333,0.07875789701938629,0.29750481247901917,positive,negative,neutral,0.6237372756004333,0.07875789701938629,0.29750481247901917,cointelegraph.com,"Today in crypto: The odds of a US Fed rate cut in December have surged, Ex-Coinbase lawyer launches NY AG bid as Bitcoin ETFs see record $3.79 billion outflows.",Here’s what happened in crypto today,
69217f7682c05455042c1cab,https://cointelegraph.com/news/bitcoin-rout-crypto-treasuries-reckoning-finance-redefined?utm_source=rss_feed&utm_medium=rss%3F_q%3D1763802781634%26ttt%3D1763802781634%26cachebust%3Dtrue%26r%3D8sdg3n&utm_campaign=rss_partner_inbound,Bitcoin,2025-11-22T09:16:38.885905+00:00,2025-11-21T19:00:00+00:00,2025-11-22T09:16:38.885905+00:00,-0.9563699029386044,0.013869140297174454,0.9702390432357788,0.015891890972852707,positive,negative,neutral,0.013869140297174454,0.9702390432357788,0.015891890972852707,cointelegraph.com,"Bitmine’s $3.7 billion paper loss and falling NAV are raising concerns for crypto treasury firms, making it difficult for DATs to raise new capital for digital asset acquisitions.",Bitcoin rout continues as crypto treasuries face reckoning: Finance Redefined,
69217f7782c05455042c1cac,https://cointelegraph.com/news/bitcoin-s-fastest-bear-market-hides-potentially-positive-year-end-outcome-for-btc?utm_source=rss_feed&utm_medium=rss%3F_q%3D1763802781634%26ttt%3D1763802781634%26cachebust%3Dtrue%26r%3D8sdg3n&utm_campaign=rss_partner_inbound,Bitcoin,2025-11-22T09:16:39.726298+00:00,2025-11-21T18:55:37+00:00,2025-11-22T09:16:39.726298+00:00,-0.6199595332145691,0.17867857217788696,0.798638105392456,0.022683238610625267,positive,negative,neutral,0.17867857217788696,0.798638105392456,0.022683238610625267,cointelegraph.com,"BTC’s steepest drawdown since 2022 triggered $1 billion in liquidations, but a rare macroeconomic liquidity signal now hints at a four-to-six week bullish reversal window.",Bitcoin’s ‘fastest bear market’ hides potentially positive year-end outcome for BTC,
69217f7882c05455042c1cad,https://cointelegraph.com/news/price-predictions-11-21-btc-eth-xrp-bnb-sol-doge-ada-hype-zec-bch?utm_source=rss_feed&utm_medium=rss%3F_q%3D1763802781634%26ttt%3D1763802781634%26cachebust%3Dtrue%26r%3D8sdg3n&utm_campaign=rss_partner_inbound,Bitcoin,2025-11-22T09:16:40.621921+00:00,2025-11-21T18:04:55+00:00,2025-11-22T09:16:40.621921+00:00,-0.9540400896221399,0.011584421619772911,0.9656245112419128,0.02279096655547619,positive,negative,neutral,0.011584421619772911,0.9656245112419128,0.02279096655547619,cointelegraph.com,"Bitcoin’s weakness has accelerated selling in several major altcoins, causing them to fall below their support levels. Is the worst of the selling over?","Price predictions 11/21: BTC, ETH, XRP, BNB, SOL, DOGE, ADA, HYPE, ZEC, BCH",
69217f7982c05455042c1cae,https://cointelegraph.com/news/bitmine-2026-eth-staking-market-meltdown?utm_source=rss_feed&utm_medium=rss%3F_q%3D1763802781634%26ttt%3D1763802781634%26cachebust%3Dtrue%26r%3D8sdg3n&utm_campaign=rss_partner_inbound,Ethereum,2025-11-22T09:16:41.772397+00:00,2025-11-21T17:40:56+00:00,2025-11-22T09:16:41.772397+00:00,0.8015463529154658,0.8137311339378357,0.012184781022369862,0.17408408224582672,positive,negative,neutral,0.8137311339378357,0.012184781022369862,0.17408408224582672,cointelegraph.com,"Crypto treasury company BitMine announced plans to develop infrastructure to stake its ETH holdings and generate revenue, targeting a Q1 2026 launch.",BitMine announces 2026 ETH staking plans as market melts down,
69217f7c82c05455042c1caf,https://cointelegraph.com/news/crypto-biz-is-this-bear-market-spoiler-no?utm_source=rss_feed&utm_medium=rss%3F_q%3D1763802781634%26ttt%3D1763802781634%26cachebust%3Dtrue%26r%3D8sdg3n&utm_campaign=rss_partner_inbound,Bitcoin,2025-11-22T09:16:44.237316+00:00,2025-11-21T16:13:08+00:00,2025-11-22T09:16:44.237316+00:00,0.07274991646409035,0.11252664774656296,0.03977673128247261,0.8476966023445129,positive,negative,neutral,0.11252664774656296,0.03977673128247261,0.8476966023445129,cointelegraph.com,"As Bitcoin tumbles below $90,000, Republic bets $100 million on Ether, Strategy buys 8,178 BTC, Tether pushes into trade finance and Kraken files for an IPO.",Crypto Biz: Is this what a bear market looks like? (Spoiler: No),
69217f7d82c05455042c1cb1,https://cointelegraph.com/news/bitcoin-asic-producer-bitmain-faces-us-probe-over-national-security-risks-bloomberg?utm_source=rss_feed&utm_medium=rss%3F_q%3D1763802781634%26ttt%3D1763802781634%26cachebust%3Dtrue%26r%3D8sdg3n&utm_campaign=rss_partner_inbound,Bitcoin,2025-11-22T09:16:45.197474+00:00,2025-11-21T14:55:46+00:00,2025-11-22T09:16:45.197474+00:00,-0.45457470417022705,0.11689788103103638,0.5714725852012634,0.3116295337677002,positive,negative,neutral,0.11689788103103638,0.5714725852012634,0.3116295337677002,cointelegraph.com,"US authorities have reportedly launched an investigation into Bitmain, examining whether the Chinese ASIC manufacturer’s equipment contains remote-control features that could pose security risks.",Bitcoin ASIC producer Bitmain under US investigation over national security risks: Report,
69217f7e82c05455042c1cb3,https://cointelegraph.com/news/bitcoin-yen-canada-stablecoin-global-express?utm_source=rss_feed&utm_medium=rss%3F_q%3D1763802781634%26ttt%3D1763802781634%26cachebust%3Dtrue%26r%3D8sdg3n&utm_campaign=rss_partner_inbound,Bitcoin,2025-11-22T09:16:46.099376+00:00,2025-11-21T14:50:28+00:00,2025-11-22T09:16:46.099376+00:00,0.8568032197654247,0.897422194480896,0.04061897471547127,0.06195884197950363,positive,negative,neutral,0.897422194480896,0.04061897471547127,0.06195884197950363,cointelegraph.com,"Japan’s stimulus package has rocked markets and Bitcoin. Meanwhile, Canada’s 2025 budget has been approved, bringing clearer guidelines for stablecoin issuers.","Bitcoin drops as yen falls, Canada approves stablecoin rules: Global Express",
69217f7f82c05455042c1cb4,https://cointelegraph.com/news/bitcoin-realized-losses-reach-ftx-crash-levels?utm_source=rss_feed&utm_medium=rss%3F_q%3D1763802781634%26ttt%3D1763802781634%26cachebust%3Dtrue%26r%3D8sdg3n&utm_campaign=rss_partner_inbound,Bitcoin,2025-11-22T09:16:47.023081+00:00,2025-11-21T13:59:55+00:00,2025-11-22T09:16:47.023081+00:00,0.6010831743478775,0.7826943397521973,0.18161116540431976,0.03569447621703148,positive,negative,neutral,0.7826943397521973,0.18161116540431976,0.03569447621703148,cointelegraph.com,"Realized losses on Bitcoin have risen to levels last seen during the FTX crash, with short-term holders driving the capitulation, according to Glassnode.",Bitcoin realized losses rise to FTX crash levels: Where is the bottom?,
69217f7f82c05455042c1cb5,https://cointelegraph.com/news/solana-xrp-etfs-defy-outflows?utm_source=rss_feed&utm_medium=rss%3F_q%3D1763802781634%26ttt%3D1763802781634%26cachebust%3Dtrue%26r%3D8sdg3n&utm_campaign=rss_partner_inbound,Bitcoin,2025-11-22T09:16:47.948510+00:00,2025-11-21T13:16:26+00:00,2025-11-22T09:16:47.948510+00:00,0.9181709382683039,0.9422025084495544,0.024031570181250572,0.03376584127545357,positive,negative,neutral,0.9422025084495544,0.024031570181250572,0.03376584127545357,cointelegraph.com,"Solana and XRP ETFs continue to attract steady inflows with no outflow days since launch, even as Bitcoin and Ether products trend deep into redemptions.","ETF altseason? Solana, XRP funds buck crypto’s market sell-off",
69217f8082c05455042c1cb6,https://cointelegraph.com/news/can-bitcoin-really-be-a-store-of-value-what-pension-funds-are-starting-to-discover?utm_source=rss_feed&utm_medium=rss%3F_q%3D1763802781634%26ttt%3D1763802781634%26cachebust%3Dtrue%26r%3D8sdg3n&utm_campaign=rss_partner_inbound,Bitcoin,2025-11-22T09:16:48.866986+00:00,2025-11-21T13:09:33+00:00,2025-11-22T09:16:48.866986+00:00,0.09126069955527782,0.10952991247177124,0.018269212916493416,0.8722008466720581,positive,negative,neutral,0.10952991247177124,0.018269212916493416,0.8722008466720581,cointelegraph.com,"Discover why pension funds are reassessing Bitcoin as a potential store of value as they compare it with gold, inflation hedges and long-term portfolio needs.",Can Bitcoin really be a store of value? What pension funds are starting to discover,
69217f8482c05455042c1cb7,https://cointelegraph.com/news/bitcoin-volatility-binance-ceo-market-comparison?utm_source=rss_feed&utm_medium=rss%3F_q%3D1763802781634%26ttt%3D1763802781634%26cachebust%3Dtrue%26r%3D8sdg3n&utm_campaign=rss_partner_inbound,Bitcoin,2025-11-22T09:16:52.677268+00:00,2025-11-21T10:57:57+00:00,2025-11-22T09:16:52.677268+00:00,0.793699212372303,0.8756296038627625,0.08193039149045944,0.042439986020326614,positive,negative,neutral,0.8756296038627625,0.08193039149045944,0.042439986020326614,cointelegraph.com,"Binance chief Richard Teng maintained that Bitcoin’s pullback stems from a broad risk-off unwinding, and that its volatility sits in line with major traditional assets.",Binance CEO says Bitcoin volatility matches broader markets amid 35% decline,
69217f8682c05455042c1cb8,https://cointelegraph.com/news/bitcoin-etf-outflows-hit-record-november-as-btc-falls?utm_source=rss_feed&utm_medium=rss%3F_q%3D1763802781634%26ttt%3D1763802781634%26cachebust%3Dtrue%26r%3D8sdg3n&utm_campaign=rss_partner_inbound,Bitcoin,2025-11-22T09:16:54.710000+00:00,2025-11-21T09:05:15+00:00,2025-11-22T09:16:54.710000+00:00,0.6800300776958466,0.8299350142478943,0.14990493655204773,0.02016005478799343,positive,negative,neutral,0.8299350142478943,0.14990493655204773,0.02016005478799343,cointelegraph.com,"A $903 million single-day hit pushed US spot Bitcoin ETF outflows to $3.79B in November, overtaking February’s net outflow record.",BlackRock Bitcoin ETF sheds $2.47B in November as outflows hit record $3.79B,
69217f8c82c05455042c1cbb,https://decrypt.co/349689/solo-bitcoin-miner-hits-jackpot-winning-266k-btc-reward,Bitcoin,2025-11-22T09:17:00.713074+00:00,2025-11-21T23:04:36+00:00,2025-11-23T14:00:02.539899+00:00,0.8766371980309486,0.8926613330841064,0.016024135053157806,0.09131453931331635,positive,negative,neutral,0.8926613330841064,0.016024135053157806,0.09131453931331635,decrypt.co,"A solo miner earned a Bitcoin bounty for mining the network’s 924,569th block, securing $266,000 worth of the asset against incredible odds.","Solo Bitcoin Miner Hits the Jackpot, Winning $266K BTC Reward",rss
69217f8f82c05455042c1cbc,https://decrypt.co/349657/bitcoin-death-cross-how-low-will-btc-price-go,Bitcoin,2025-11-22T09:17:03.340290+00:00,2025-11-21T20:49:50+00:00,2025-11-23T14:00:06.794938+00:00,-0.9553737062960863,0.009247241541743279,0.9646209478378296,0.026131726801395416,positive,negative,neutral,0.009247241541743279,0.9646209478378296,0.026131726801395416,decrypt.co,"Bitcoin is falling, dragging nearly every other crypto asset along with it. The charts suggest this could get uglier.",Bitcoin in a Death Cross: How Low Will We Go?,rss
69217f9082c05455042c1cbd,https://decrypt.co/349633/strategys-55-billion-bitcoin-undeterred-index-delisting-concerns-saylor,Bitcoin,2025-11-22T09:17:04.759498+00:00,2025-11-21T19:34:29+00:00,2025-11-23T14:00:08.922803+00:00,-0.9655948486179113,0.007809260860085487,0.9734041094779968,0.018786530941724777,positive,negative,neutral,0.007809260860085487,0.9734041094779968,0.018786530941724777,decrypt.co,The company’s shares have plunged 43% over the past month.,"Strategy's $55 Billion Bitcoin Bet Undeterred by Index Delisting Concerns, Says Michael Saylor",rss
69217f9782c05455042c1cbe,https://decrypt.co/349563/bitmine-tumble-earnings-ethereum-price-falls-treasury-hype-fades,Ethereum,2025-11-22T09:17:11.434765+00:00,2025-11-21T16:41:16+00:00,2025-11-23T14:00:17.439136+00:00,-0.9490414969623089,0.014510560780763626,0.9635520577430725,0.02193732000887394,positive,negative,neutral,0.014510560780763626,0.9635520577430725,0.02193732000887394,decrypt.co,The company is valued at a discount to its Ethereum holdings,"BitMine Shares Tumble After Earnings as Ethereum Price Falls, Treasury Hype Fades",rss
69217f9b82c05455042c1cc1,https://decrypt.co/349594/coinbase-acquires-solana-meme-coin-social-trading-app-vector,Solana,2025-11-22T09:17:15.589119+00:00,2025-11-21T16:23:59+00:00,2025-11-23T14:00:21.435596+00:00,0.7892307993024588,0.796913743019104,0.007682943716645241,0.19540326297283173,positive,negative,neutral,0.796913743019104,0.007682943716645241,0.19540326297283173,decrypt.co,Crypto exchange Coinbase is acquiring Solana meme coin application Vector to improve its on-chain trading experience.,Coinbase Acquires Solana Meme Coin Social Trading App Vector,rss
69217f9d82c05455042c1cc2,https://decrypt.co/videos/interviews/feVCIfte/bitcoin-plummets-11-crypto-in-free-fall-guests-osf-wizard-of-soho,Bitcoin,2025-11-22T09:17:17.265651+00:00,2025-11-21T16:23:07+00:00,2025-11-23T14:00:23.772284+00:00,-0.95828359387815,0.012832293286919594,0.9711158871650696,0.016051776707172394,positive,negative,neutral,0.012832293286919594,0.9711158871650696,0.016051776707172394,decrypt.co,"Btc: 81.6k (-11%) | btc.D: 58.8% (-0.5%). Eth: 2665 (-12%) | bnb: 800 (-11%) | sol: 123 (-13%). Bitcoin and Ethereum ETFs saw significant outflows, with broader crypto markets falling sharply as strong jobs data reduced expectations for interest-rate cuts. Bitcoin’s technicals weakened, with RSI hitting a three-year low and the price hovering only slightly above a major strategy’s average entry level. Major holders were reported to be selling, including a long-term wallet unloading $1.4 billion in BTC and another entity selling 10,000 ETH to support a share buyback. Institutions faced pressure as well, with concerns that certain digital-asset-related companies could be removed from major indexes, while one prominent mining-related firm carried billions in unrealized losses. Some attributed part of the sell-off to a software glitch. Meanwhile, policy and corporate developments continued: ",Bitcoin Plummets 11%! Crypto in Free-Fall! Guests: OSF & Wizard Of SoHo,rss
69217f9f82c05455042c1cc3,https://decrypt.co/349559/bitcoin-xrp-dogecoin-pummeled-crypto-liquidations-top-2-2-billion,Bitcoin,2025-11-22T09:17:19.410334+00:00,2025-11-21T15:33:54+00:00,2025-11-23T14:00:25.848607+00:00,-0.8297818005084991,0.07710084319114685,0.906882643699646,0.01601650007069111,positive,negative,neutral,0.07710084319114685,0.906882643699646,0.01601650007069111,decrypt.co,"Bitcoin is starting to recover after sliding to $81,000 earlier Friday, while coins like Ethereum and XRP have fallen harder on the day.","Bitcoin, XRP and Dogecoin Pummeled as Crypto Liquidations Top $2.2 Billion",rss
69217fac82c05455042c1cc6,https://decrypt.co/349514/nearly-1b-liquidated-in-an-hour-as-bitcoin-plunges-below-82k,Bitcoin,2025-11-22T09:17:32.553742+00:00,2025-11-21T10:12:15+00:00,2025-11-23T14:00:39.374823+00:00,-0.7703860402107239,0.10251021385192871,0.8728962540626526,0.024593502283096313,positive,negative,neutral,0.10251021385192871,0.8728962540626526,0.024593502283096313,decrypt.co,"A leverage-driven crash liquidated nearly $1B in an hour as Bitcoin continued its slide, pushing the total crypto market cap under $3T.",Nearly $1B Liquidated In an Hour as Bitcoin Plunges Below $82K,rss
69217fb682c05455042c1cc7,https://decrypt.co/349464/bitcoin-giant-strategy-shed-billions-removed-stock-indices-jpmorgan,Bitcoin,2025-11-22T09:17:42.369613+00:00,2025-11-21T00:36:41+00:00,2025-11-23T14:00:46.945328+00:00,-0.9495463091880083,0.010525790974497795,0.9600721001625061,0.029402028769254684,positive,negative,neutral,0.010525790974497795,0.9600721001625061,0.029402028769254684,decrypt.co,Analysts from the investment banking giant wrote in a note Thursday that removal from MSCI indices could lead to $2.8 billion in outflows.,Bitcoin Giant Strategy Could Shed Billions If Removed From Stock Indices: JPMorgan,rss
69217fba82c05455042c1cca,https://decrypt.co/349481/myriad-moves-markets-grow-bearish-bitcoin-ethereum-rate-cut-odds-tumble,Bitcoin,2025-11-22T09:17:46.722519+00:00,2025-11-20T22:29:26+00:00,2025-11-23T14:00:48.268001+00:00,-0.7968273349106312,0.024412911385297775,0.821240246295929,0.15434682369232178,positive,negative,neutral,0.024412911385297775,0.821240246295929,0.15434682369232178,decrypt.co,"Top markets on Myriad this week include predictions on where Bitcoin and Ethereum are headed next, plus if the Fed will cut rates again this year.",Myriad Moves: Markets Grow Bearish on Bitcoin and Ethereum as Rate Cut Odds Tumble,rss
69217fbc82c05455042c1ccb,https://decrypt.co/349465/fg-nexus-latest-ethereum-treasury-firm-sell-eth-stock-craters,Ethereum,2025-11-22T09:17:48.719952+00:00,2025-11-20T21:44:44+00:00,2025-11-23T14:00:48.793239+00:00,-0.9624155294150114,0.008365141227841377,0.9707806706428528,0.020854156464338303,positive,negative,neutral,0.008365141227841377,0.9707806706428528,0.020854156464338303,decrypt.co,Shares in publicly traded Ethereum treasury firm FG Nexus fell further after the firm parted with some of its ETH.,FG Nexus Is the Latest Ethereum Treasury Firm to Sell ETH as Its Stock Craters,rss
69217fbe82c05455042c1ccc,https://decrypt.co/349454/ray-dalio-bitcoin-nervous-quantum-computing-central-bank-adoption,Bitcoin,2025-11-22T09:17:50.873353+00:00,2025-11-20T20:50:18+00:00,2025-11-23T14:00:50.788115+00:00,0.0033749453723430634,0.050219085067510605,0.04684413969516754,0.9029368162155151,positive,negative,neutral,0.050219085067510605,0.04684413969516754,0.9029368162155151,decrypt.co,The billionaire investor previously urged people to buy gold.,"Ray Dalio Owns Bitcoin. He’s Still Nervous About Quantum Computing, Central Bank Adoption",rss
69217fc482c05455042c1ccd,https://decrypt.co/349447/bitcoin-billionaire-dumps-entire-1-3-billion-btc-stash-14-years-arkham,Bitcoin,2025-11-22T09:17:56.806558+00:00,2025-11-20T20:04:42+00:00,2025-11-23T14:00:55.362374+00:00,-0.021697919815778732,0.03761325776576996,0.05931117758154869,0.9030755162239075,positive,negative,neutral,0.03761325776576996,0.05931117758154869,0.9030755162239075,decrypt.co,"A Bitcoin whale appears to have sold his entire crypto stash for $1.3 billion—14 years after first buying BTC, says Arkham Intelligence.",Bitcoin Billionaire Dumps Entire $1.3 Billion BTC Stash After 14 Years: Arkham,rss
69217fc682c05455042c1cce,https://decrypt.co/349441/metaplanet-to-offer-dividend-paying-preferred-shares-to-buy-more-bitcoin-echoing-strategy,Bitcoin,2025-11-22T09:17:58.763237+00:00,2025-11-20T19:11:11+00:00,2025-11-23T14:00:55.893710+00:00,0.4283004133030772,0.43618303537368774,0.007882622070610523,0.5559343695640564,positive,negative,neutral,0.43618303537368774,0.007882622070610523,0.5559343695640564,decrypt.co,Strategy has issued similar products this year.,"Metaplanet to Offer Dividend-Paying Preferred Shares to Buy More Bitcoin, Echoing Strategy",rss
69217fca82c05455042c1cd1,https://decrypt.co/349404/bitcoin-ethereum-xrp-dive-rate-cut-hopes-fade-liquidations-near-1-billion,Bitcoin,2025-11-22T09:18:02.597478+00:00,2025-11-20T17:41:20+00:00,2025-11-23T14:00:56.947793+00:00,-0.9629385033622384,0.011799140833318233,0.9747376441955566,0.013463178649544716,positive,negative,neutral,0.011799140833318233,0.9747376441955566,0.013463178649544716,decrypt.co,"Bitcoin is being battered again Thursday, falling below the $87,000 mark for the first time in seven months as liquidations top $900 million.","Bitcoin, Ethereum and XRP Dive as Rate Cut Hopes Fade, Liquidations Near $1 Billion",rss
69217fcc82c05455042c1cd2,https://decrypt.co/videos/interviews/TQrKiQgE/nvda-earnings-call-pumps-crypto-briefly-btc-then-dumps-to-87-000,Bitcoin,2025-11-22T09:18:04.880727+00:00,2025-11-20T17:20:30+00:00,2025-11-23T14:00:59.134501+00:00,-0.7293890863656998,0.1261070817708969,0.8554961681365967,0.018396755680441856,positive,negative,neutral,0.1261070817708969,0.8554961681365967,0.018396755680441856,decrypt.co,"Crypto majors are slightly green and rebounding after a strong NVDA earnings beat lifted broader markets, with BTC up 1% to $91,800, ETH down 2% to $3,020, BNB down 2% to $900, and SOL up 2% to $142. Among top movers, ATOM and Pi each gained 10%, while FET rose 8% and ZEC added 7%. Despite short-term strength, Bitcoin and Ethereum charts have printed death crosses—patterns that often signal extended weakness but can also coincide with local bottoms. U.S. interest rate-cut odds have fallen to just 33% after delayed economic data and FOMC minutes dampened expectations for a December cut. On the tech front, Vitalik Buterin warned that quantum computing could compromise Ethereum’s current cryptography by 2028, urging a shift to quantum-resistant security within four years. Industry developments continue to accelerate: Kraken confidentially filed for a U.S. IPO one day after securing an $800 ","NVDA Earnings Call Pumps Crypto briefly! BTC then dumps to $87,000!",rss
69217fcf82c05455042c1cd3,https://decrypt.co/349390/core-foundation-secures-injunction-maple-finance-bitcoin-yield-product,Bitcoin,2025-11-22T09:18:07.048516+00:00,2025-11-20T17:18:30+00:00,2025-11-22T20:58:31.181063+00:00,-0.9318222859874368,0.013629510067403316,0.9454517960548401,0.04091872274875641,positive,negative,neutral,0.013629510067403316,0.9454517960548401,0.04091872274875641,decrypt.co,Core Foundation alleged that partner Maple Finance has misused confidential information to create a rival Bitcoin yield product.,Core Foundation Secures Injunction Against Maple Finance Over Bitcoin Yield Product,rss
69217fd282c05455042c1cd4,https://decrypt.co/349373/proposed-bitcoin-america-bill-enable-btc-tax-payments-reserve,Bitcoin,2025-11-22T09:18:10.863936+00:00,2025-11-20T16:24:57+00:00,2025-11-22T09:26:07.850368+00:00,0.3924574553966522,0.4031694531440735,0.010711997747421265,0.5861185789108276,positive,negative,neutral,0.4031694531440735,0.010711997747421265,0.5861185789108276,decrypt.co,"Introduced Thursday, the bill would allow Americans to pay their taxes in Bitcoin, with those funds being used to grow the U.S. stockpile.","Proposed Bitcoin for America Bill Would Enable BTC Tax Payments, Which Go to Reserve",rss
69217fd582c05455042c1cd5,https://decrypt.co/videos/interviews/h4Jk7hvq/crypto-majors-chop-ahead-of-nvda-earnings-kraken-raises-800m-fidelity-launch-sol-etf,Bitcoin,2025-11-22T09:18:13.088707+00:00,2025-11-19T16:50:40+00:00,2025-11-23T14:01:00.077930+00:00,0.7532440545037389,0.7686469554901123,0.015402900986373425,0.2159501612186432,positive,negative,neutral,0.7686469554901123,0.015402900986373425,0.2159501612186432,decrypt.co,"Crypto majors were slightly green ahead of tonight’s major NVDA earnings call, with BTC hovering around $91,300, ETH up 2% at $3,090, BNB up 1% at $922, and SOL also up 1% at $139. Among top movers, MYX (+38%), STRK (+30%), and ZEC (+10%) led the pack. Bitcoin’s latest 30% drawdown unfolded far more rapidly—over 42 days—compared with the previous two drawdowns in Summer 2024 (147 days) and April 2025 (77 days). Kraken raised $800M at a $20B valuation in a round led by Jane Street, DRW, Oppenheimer, and a $200M stake from Citadel. The Ethereum Foundation outlined new goals for its upcoming Interop Layer, designed to unify all EVM L2s and make them function as “one chain.” In regulatory news, the OCC said national banks may hold and spend crypto in certain cases, such as paying for gas or testing applications. New Hampshire launched the first Bitcoin-backed municipal bond, while Mt. Gox mo",Crypto Majors Chop ahead of NVDA earnings! Kraken raises $800M! Fidelity launch SOL ETF!,rss
69217fd782c05455042c1cd8,https://decrypt.co/videos/interviews/70TjZb3m/crypto-selloff-rekt-dip-monad-launch-dat-trades,Bitcoin,2025-11-22T09:18:15.548691+00:00,2025-11-18T18:30:01+00:00,2025-11-23T14:01:02.214642+00:00,-0.7535372339189053,0.041845086961984634,0.7953823208808899,0.1627725511789322,positive,negative,neutral,0.041845086961984634,0.7953823208808899,0.1627725511789322,decrypt.co,"Crypto majors are very red as btc briefly fell below $90k; btc -4% at $91,300; eth -5% at $3,050, bnb -2% at $915, sol -3% at $137. Icp (+9%), aster (+7%) and hype (+5%) led top movers. Crypto fear & greed remained in extreme fear at 11, now in that range for 6 straight days. Bitcoin wiped out its 2025 gains after falling below $92k (briefly sub-$90k), now down 2% on the ytd. The cboe unveiled “continuous” bitcoin and ethereum futures with 10-year terms as a perps-like alternative. The white house is considering to allow the irs to track and tax crypto holdings on foreign exchanges. Vitalik buterin and the ethereum foundation launched kohaku as a new initiative to bake privacy and security into ethereum wallets instead of treating them as add-ons. Trump international maldives announced tokenized real-estate stakes, letting investors buy blockchain-based shares in its 80-villa luxury reso","Crypto Selloff, REKT Dip, Monad Launch, & DAT trades!",rss
69217fd982c05455042c1cd9,https://decrypt.co/videos/interviews/dtWNmTN3/btc-dipped-to-90k-btc-wipes-out-2025-gains-monad-cofounder-interview,Bitcoin,2025-11-22T09:18:17.190853+00:00,2025-11-18T17:40:56+00:00,2025-11-23T14:01:04.477785+00:00,-0.7139389663934708,0.0357697457075119,0.7497087121009827,0.21452154219150543,positive,negative,neutral,0.0357697457075119,0.7497087121009827,0.21452154219150543,decrypt.co,"Crypto majors are very red as btc briefly fell below $90k; btc -4% at $91,300; eth -5% at $3,050, bnb -2% at $915, sol -3% at $137. Icp (+9%), aster (+7%) and hype (+5%) led top movers. Crypto fear & greed remained in extreme fear at 11, now in that range for 6 straight days. Bitcoin wiped out its 2025 gains after falling below $92k (briefly sub-$90k), now down 2% on the ytd. The cboe unveiled “continuous” bitcoin and ethereum futures with 10-year terms as a perps-like alternative. The white house is considering to allow the irs to track and tax crypto holdings on foreign exchanges. Vitalik buterin and the ethereum foundation launched kohaku as a new initiative to bake privacy and security into ethereum wallets instead of treating them as add-ons. Trump international maldives announced tokenized real-estate stakes, letting investors buy blockchain-based shares in its 80-villa luxury reso",BTC Dipped to $90K! BTC wipes out 2025 Gains! Monad CoFounder Interview!,rss
69217fdb82c05455042c1cda,https://decrypt.co/videos/interviews/llb8cG9P/how-tom-lee-is-preparing-for-ethereums-future,Ethereum,2025-11-22T09:18:19.089378+00:00,2025-11-18T11:27:28+00:00,2025-11-23T14:01:05.271746+00:00,0.05779132712632418,0.06979851424694061,0.012007187120616436,0.9181942343711853,positive,negative,neutral,0.06979851424694061,0.012007187120616436,0.9181942343711853,decrypt.co,"Fundstrat Global Advisors’ Head of Research Tom Lee, who is chairman of BitMine Immersion Technologies, shares his perspective on Ethereum. He explains how the asset is being leveraged by crypto treasury firms, as well as a growing number of financial institutions.",How Tom Lee is Preparing For Ethereum’s Future,rss
69217fdd82c05455042c1cdb,https://decrypt.co/videos/interviews/1sEmGlV4/zec-bounced-over-700-crypto-still-in-extreme-fear-harvard-buys-350m-bitcoin,Bitcoin,2025-11-22T09:18:21.343958+00:00,2025-11-17T16:12:32+00:00,2025-11-23T14:01:07.122052+00:00,0.29494133591651917,0.6192467212677002,0.32430538535118103,0.0564478300511837,positive,negative,neutral,0.6192467212677002,0.32430538535118103,0.0564478300511837,decrypt.co,"Crypto majors were mostly flat over the weekend after Bitcoin briefly dipped below $94,000 before recovering to $95,400. ETH gained 1% to trade near $3,180, BNB remained steady at $930, and SOL rose 2% to $142. Among top movers, UNI, IMX, and ENA each climbed about 4%. ZEC also briefly bounced above $700 on Sunday after Cobie commented on the fundamentals behind its recent rally. Market sentiment stayed deeply negative, with the Crypto Fear & Greed Index holding in Extreme Fear at 14 after touching 10 on Friday. On the macro side, JPMorgan identified roughly $94,000 as a key Bitcoin support level based on mining costs and projected potential upside toward $170,000. Institutional activity also made headlines, as Harvard reportedly added about $350 million of Bitcoin through IBIT in Q3—an increase of 257% from its June filing—while BlackRock’s BUIDL fund expanded to Binance and BNB.",ZEC Bounced over $700! Crypto still in Extreme Fear! Harvard buys $350M Bitcoin!,rss
69217fdf82c05455042c1cdc,https://decrypt.co/videos/interviews/AkCpg1Ka/bitcoin-below-95k-majors-nosedive-8-12-jpmorgan-bullish-on-circle,Bitcoin,2025-11-22T09:18:23.496672+00:00,2025-11-14T16:23:14+00:00,2025-11-23T14:01:09.314348+00:00,-0.9444859176874161,0.018456563353538513,0.9629424810409546,0.018600983545184135,positive,negative,neutral,0.018456563353538513,0.9629424810409546,0.018600983545184135,decrypt.co,"Crypto majors fell 7–12% in one of the year’s biggest selloffs, with Bitcoin down 8% to $95,200, Ethereum down 11% to $3,100, BNB down 7% to $895, and Solana down 12% to $137. A few assets bucked the trend, with ZEC up 3% and LEO up 1% among top movers. Bitcoin miners and crypto-related equities were hit as well, including declines in MicroStrategy (-7%), Coinbase (-7%), and Robinhood (-9%). Market sentiment remained deeply negative, with the Crypto Fear & Greed Index holding in Extreme Fear at 16. In more positive news, JPMorgan analysts turned bullish on Circle, upgrading the stock to Overweight and raising their price target on expectations of faster USDC and stablecoin growth; Cathie Wood’s ARK added $30 million in shares. Jack Dorsey’s Cash App announced that stablecoin payments on Solana and other networks are planned for early 2026. Separately, reports surfaced that China state-ba",Bitcoin below $95k! Majors nosedive 8-12%! JPMorgan bullish on Circle!,rss
69217fe182c05455042c1cdd,https://decrypt.co/videos/interviews/LQ8N2ci6/us-gov-re-opens-xrp-up-as-etf-launches-visa-launch-usdc-pilot,Bitcoin,2025-11-22T09:18:25.791989+00:00,2025-11-13T16:26:36+00:00,2025-11-23T14:01:10.113972+00:00,-0.8450177237391472,0.06812215596437454,0.9131398797035217,0.01873788796365261,positive,negative,neutral,0.06812215596437454,0.9131398797035217,0.01873788796365261,decrypt.co,"Crypto majors traded lower, with most down 1–2% before rebounding on news of the US government reopening. Bitcoin (BTC) fell 2% to $103,200, Ethereum (ETH) slipped 1% to $3,500, Binance Coin (BNB) lost 1% to $966, and Solana (SOL) declined 2% to $157. XRP stood out, gaining 2% on the day and 9% over the week ahead of its ETF launch. Among top movers, AB surged 30%, while ZEC and QNT rose 8% and 7%, respectively. In macro and policy news, the White House Press Secretary remarked that October CPI data “may never come,” sparking market chatter. The Crypto Fear & Greed Index hit 15 (Extreme Fear) last night—its lowest since March 4, 2025. FanDuel announced a partnership with CME to launch a prediction market platform called FanDuel Predicts, while the U.S. Department of Justice created a Crypto Scam Strike Force with the FBI and Secret Service to combat international “pig-butchering” network",US GOV Re-Opens! XRP Up as ETF Launches! VISA Launch USDC Pilot!,rss
69217fe382c05455042c1cde,https://decrypt.co/videos/interviews/nmG8YixT/crypto-rebounds-lighter-15b-valuation-winklevoss-capital-fund-zcash-dat,Bitcoin,2025-11-22T09:18:27.941462+00:00,2025-11-12T16:44:03+00:00,2025-11-23T14:01:11.004122+00:00,0.9078110586851835,0.9363864660263062,0.028575407341122627,0.035038210451602936,positive,negative,neutral,0.9363864660263062,0.028575407341122627,0.035038210451602936,decrypt.co,"Crypto majors are rebounding after Tuesday’s selloff, with Bitcoin (BTC) up 1% at $105,000, while Ethereum (ETH) remains even at $3,550, Binance Coin (BNB) steady at $978, and Solana (SOL) down 2% at $159. Among top movers, CC (+30%), SKY (+15%), DCR (+13%), and ASTER (+10%) led the gains. Meteora’s MET token surged 35% following news of the Uniswap fee switch. Meanwhile, Ethereum whales have accumulated over $350 million during the latest dip, with indications that institutional players are behind the buying. Circle confirmed it is evaluating an $ARC token for its stablecoin chain, while Coinbase reportedly abandoned its planned $2 billion acquisition of stablecoin firm BVNK, according to Fortune. In other developments, SoFi introduced crypto trading for its customers, offering BTC, ETH, SOL, and more. JPMorgan also launched its deposit token, JPM Coin (JPMD), on Base—marking a major ex",Crypto Rebounds! Lighter $1.5B Valuation! Winklevoss Capital fund Zcash DAT!,rss
69217fe682c05455042c1ce0,https://decrypt.co/videos/interviews/fO8NxjwW/monad-v-megaeth-shutdown-fakeout-uni-switch,Bitcoin,2025-11-22T09:18:30.303436+00:00,2025-11-11T18:34:24+00:00,2025-11-23T14:01:13.158256+00:00,-0.8929541036486626,0.04045683890581131,0.9334109425544739,0.026132140308618546,positive,negative,neutral,0.04045683890581131,0.9334109425544739,0.026132140308618546,decrypt.co,"Crypto majors are trading in the red after an overnight dip, with Bitcoin (BTC) down 1% at $104,800, Ethereum (ETH) down 1% at $3,550, Binance Coin (BNB) down 2% at $978, and Solana (SOL) down 3% at $163. Among top movers, Uniswap (UNI) surged 20% and Aerodrome (AERO) gained 16%, while Zcash (ZEC) tumbled 25% to $474 but remains up 16% on the week. The US Treasury and IRS issued new guidance making it easier for ETFs to stake crypto tokens and distribute rewards to investors. Uniswap also announced a major governance proposal to activate its fee switch, conduct an initial 100 million UNI token burn, and introduce several other changes, helping boost UNI by 20%. Meanwhile, the US Senate released its first draft of a crypto market structure bill, marking a significant step toward advancing regulatory clarity. In corporate news, Jack Dorsey’s Square revealed support for Bitcoin payments acr","Monad v MegaETH, Shutdown Fakeout, UNI Switch!",rss
69217fe782c05455042c1ce2,https://decrypt.co/videos/interviews/0IOiNFK6/monad-share-tokenomics-us-treasury-issue-etf-guidance-coinbase-announce-ico-platform,Bitcoin,2025-11-22T09:18:31.939716+00:00,2025-11-11T16:16:17+00:00,2025-11-23T14:01:14.054092+00:00,-0.851804506033659,0.06046407297253609,0.9122685790061951,0.02726731263101101,positive,negative,neutral,0.06046407297253609,0.9122685790061951,0.02726731263101101,decrypt.co,"Crypto majors are trading in the red after an overnight dip, with Bitcoin (BTC) down 1% at $104,800, Ethereum (ETH) down 1% at $3,550, Binance Coin (BNB) down 2% at $978, and Solana (SOL) down 3% at $163. Among top movers, Uniswap (UNI) surged 20% and Aerodrome (AERO) gained 16%, while Zcash (ZEC) tumbled 25% to $474 but remains up 16% on the week. The US Treasury and IRS issued new guidance making it easier for ETFs to stake crypto tokens and distribute rewards to investors. Uniswap also announced a major governance proposal to activate its fee switch, conduct an initial 100 million UNI token burn, and introduce several other changes, helping boost UNI by 20%. Meanwhile, the US Senate released its first draft of a crypto market structure bill, marking a significant step toward advancing regulatory clarity. In corporate news, Jack Dorsey’s Square revealed support for Bitcoin payments acr",Monad Share Tokenomics! US Treasury issue ETF Guidance! Coinbase announce ICO platform!,rss
69217fea82c05455042c1ce3,https://decrypt.co/videos/interviews/VmKoW7Xt/crypto-majors-surge-us-gov-may-re-open-soon-btc-back-above-106k,Bitcoin,2025-11-22T09:18:34.876954+00:00,2025-11-10T16:23:35+00:00,2025-11-23T14:01:15.270775+00:00,0.9168840739876032,0.942578136920929,0.025694062933325768,0.03172778710722923,positive,negative,neutral,0.942578136920929,0.025694062933325768,0.03172778710722923,decrypt.co,"Crypto majors surged following news of the U.S. government’s reopening, with Bitcoin (BTC) up 4% to $106,000, Ethereum (ETH) gaining 4% to $3,590, Binance Coin (BNB) rising 1% to $996, and Solana (SOL) advancing 5% to $168. Among the top movers, Starknet (STRK) soared 40%, Wolfi (WLFI) jumped 27%, Pump (PUMP) climbed 17%, and Near Protocol (NEAR) added 18%. Zcash (ZEC) briefly spiked to $750 on Friday before retracing to $630, still up 57% for the week. In regulatory news, the UK announced plans to cap stablecoin holdings at £20,000. Meanwhile, Ledger is reportedly considering either a New York IPO or private financing within the next year. In traditional markets, Michael Burry made headlines after placing a $1.1 billion bet against AI giants Nvidia (NVDA) and Palantir (PLTR), rattling tech stocks and fueling the “AI top” narrative.",Crypto Majors Surge! US Gov may re-open soon! BTC back above $106k!,rss
69217fec82c05455042c1ce4,https://decrypt.co/videos/interviews/QbxzHhFh/zec-goes-higher-google-x-polymarket-integration-announced-virtuals-protocol-interview-with-everythingempty,Bitcoin,2025-11-22T09:18:36.583875+00:00,2025-11-07T16:30:57+00:00,2025-11-23T14:01:17.387785+00:00,-0.9609334254637361,0.010236701928079128,0.9711701273918152,0.01859321817755699,positive,negative,neutral,0.010236701928079128,0.9711701273918152,0.01859321817755699,decrypt.co,"Crypto markets turned red, with major tokens falling sharply — Bitcoin dropped 3% to $99,800, Ethereum slipped 4% to $3,210, Binance Coin declined 1% to $933, and Solana fell 3% to $152. Among top movers, Filecoin surged 50%, Zcash gained 20%, Internet Computer rose 20%, and NEAR Protocol climbed 18%. Crypto-related stocks also tumbled yesterday, with MicroStrategy down 7%, Coinbase off 7.5%, Robinhood losing 11%, and Iris Energy dropping 11%. Meanwhile, Donald Trump reaffirmed his pro-crypto stance, calling America a “Bitcoin superpower” and warning of competition from China, according to CoinDesk. JPMorgan estimated Bitcoin’s fair value near $170,000 using a gold-based model, while Google announced plans to integrate prediction market data from Polymarket and Kalshi. Tether purchased $97 million worth of Bitcoin during the latest dip, consistent with its policy of using 15% of profits ",ZEC Goes Higher! Google x Polymarket integration announced! Virtuals Protocol interview with EverythingEmpty!,rss
69217fee82c05455042c1ce5,https://decrypt.co/videos/interviews/B8vL560q/nyc-mayor-us-gov-shutdown-markets-casey-craig-from-euphoria-fi,Bitcoin,2025-11-22T09:18:38.286521+00:00,2025-11-06T18:33:57+00:00,2025-11-23T14:01:18.047885+00:00,0.9188030287623405,0.9370482563972473,0.01824522763490677,0.04470646753907204,positive,negative,neutral,0.9370482563972473,0.01824522763490677,0.04470646753907204,decrypt.co,"Crypto markets were slightly green, with Bitcoin trading just below its 200-week moving average—BTC rose 0.5% to $102,800, while ETH gained 1% to $3,380. BNB and SOL remained flat at $950 and $157, respectively. Among top movers, ICP surged 28%, ZEC climbed 15%, and DASH rose 12%. In corporate developments, Ripple raised $500 million at a $40 billion valuation from major investors including Fortress, Citadel, and Brevan Howard. Asset manager WisdomTree, with $130 billion in AUM, adopted Chainlink to bring NAV data on-chain and power subscriptions for its CRDT tokenized fund on Ethereum. Robinhood beat Q3 estimates as its crypto revenue saw a substantial increase. Meanwhile, YouTube clarified that its gambling policy is not targeting crypto content broadly, focusing instead on gambling and casino-related material. Lastly, Circle updated its terms of service to permit firearms purchases us","NYC Mayor, US Gov Shutdown Markets + Casey Craig from Euphoria_Fi!",rss
69217fef82c05455042c1ce6,https://decrypt.co/videos/interviews/2cNvuzMg/btc-holding-102k-zec-skyrockets-ripple-raises-500m,Bitcoin,2025-11-22T09:18:39.864993+00:00,2025-11-06T16:11:36+00:00,2025-11-23T14:01:18.939829+00:00,0.9093987066298723,0.9265537261962891,0.01715501956641674,0.05629121512174606,positive,negative,neutral,0.9265537261962891,0.01715501956641674,0.05629121512174606,decrypt.co,"Crypto markets were slightly green, with Bitcoin trading just below its 200-week moving average—BTC rose 0.5% to $102,800, while ETH gained 1% to $3,380. BNB and SOL remained flat at $950 and $157, respectively. Among top movers, ICP surged 28%, ZEC climbed 15%, and DASH rose 12%. In corporate developments, Ripple raised $500 million at a $40 billion valuation from major investors including Fortress, Citadel, and Brevan Howard. Asset manager WisdomTree, with $130 billion in AUM, adopted Chainlink to bring NAV data on-chain and power subscriptions for its CRDT tokenized fund on Ethereum. Robinhood beat Q3 estimates as its crypto revenue saw a substantial increase. Meanwhile, YouTube clarified that its gambling policy is not targeting crypto content broadly, focusing instead on gambling and casino-related material. Lastly, Circle updated its terms of service to permit firearms purchases us",BTC Holding $102K! ZEC Skyrockets! Ripple raises $500M!,rss
6921816682c05455042c1d1e,https://cointelegraph.com/news/ark-invest-boosts-bullish-bitmine-circle-btc-etfs?utm_source=rss_feed&utm_medium=rss%3F__%3D1763803390114%26cb%3Dswn5o1&utm_campaign=rss_partner_inbound,Bitcoin,2025-11-22T09:24:54.022225+00:00,2025-11-22T07:31:35+00:00,2025-11-22T09:24:54.021213+00:00,0.8813210912048817,0.9133500456809998,0.03202895447611809,0.05462099239230156,positive,negative,neutral,0.9133500456809998,0.03202895447611809,0.05462099239230156,cointelegraph.com,"ARK Invest closed the week with fresh buys across Bullish, BitMine, Circle, Robinhood and Bitcoin ETFs, even as spot BTC ETFs posted nearly $1 billion in outflows.","ARK Invest wraps up week with Bitcoin ETF, Bullish, Circle, BitMine buys",rss
6921816682c05455042c1d1f,https://cointelegraph.com/news/bitcoin-sovereign-adoption-upside-candle-catalyst-jeff-park?utm_source=rss_feed&utm_medium=rss%3F__%3D1763803390114%26cb%3Dswn5o1&utm_campaign=rss_partner_inbound,Bitcoin,2025-11-22T09:24:54.907340+00:00,2025-11-22T02:14:35+00:00,2025-11-22T09:24:54.907340+00:00,0.3316666018217802,0.3416951894760132,0.010028587654232979,0.6482762694358826,positive,negative,neutral,0.3416951894760132,0.010028587654232979,0.6482762694358826,cointelegraph.com,"ProCap’s Jeff Park said during a podcast interview published to YouTube on Thursday that sovereign adoption would be the catalyst that pushes Bitcoin to $150,000 overnight.",Sovereign Bitcoin adoption would be the ultimate upside catalyst: Jeff Park,rss
6921816782c05455042c1d20,https://cointelegraph.com/news/bitcoiners-us-federal-reserve-rate-cut-odds-surge-december-btc-price?utm_source=rss_feed&utm_medium=rss%3F__%3D1763803390114%26cb%3Dswn5o1&utm_campaign=rss_partner_inbound,Bitcoin,2025-11-22T09:24:55.804461+00:00,2025-11-22T00:01:07+00:00,2025-11-22T09:24:55.804461+00:00,0.9191466923803091,0.9469860792160034,0.027839386835694313,0.025174617767333984,positive,negative,neutral,0.9469860792160034,0.027839386835694313,0.025174617767333984,cointelegraph.com,"On Friday, the odds of an interest rate cut at the December FOMC meeting nearly doubled to 71.5%, prompting Bitcoiners to anticipate a potentially positive impact on the asset’s price.",Bitcoiners perk up as odds of a December Fed rate cut almost double,rss
6921816882c05455042c1d21,https://cointelegraph.com/news/rich-dad-poor-dad-robert-kiyosaki-sells-btc?utm_source=rss_feed&utm_medium=rss%3F__%3D1763803390114%26cb%3Dswn5o1&utm_campaign=rss_partner_inbound,Bitcoin,2025-11-22T09:24:56.726108+00:00,2025-11-21T22:01:51+00:00,2025-11-22T09:24:56.726108+00:00,0.033883729949593544,0.05309499427676201,0.019211264327168465,0.927693784236908,positive,negative,neutral,0.05309499427676201,0.019211264327168465,0.927693784236908,cointelegraph.com,"Robert Kiyosaki, investor and author of ""Rich Dad, Poor Dad,"" announced on Friday that he sold his BTC and will invest the profits in cash-flowing businesses.","‘Rich Dad, Poor Dad’ author and Bitcoin bull Robert Kiyosaki sells his BTC",rss
6921816982c05455042c1d22,https://cointelegraph.com/news/eth-futures-data-forecasts-bounce-to-dollar3-2k?utm_source=rss_feed&utm_medium=rss%3F__%3D1763803390114%26cb%3Dswn5o1&utm_campaign=rss_partner_inbound,Ethereum,2025-11-22T09:24:57.733068+00:00,2025-11-21T22:00:00+00:00,2025-11-22T09:24:57.733068+00:00,-0.9111920222640038,0.035483457148075104,0.9466754794120789,0.017841121181845665,positive,negative,neutral,0.035483457148075104,0.9466754794120789,0.017841121181845665,cointelegraph.com,"ETH derivatives positioning shows pro traders adding long exposure, despite the ongoing weakness and 4-month low in Ether price.","ETH price drops to 4-month low, but Ether futures data hints at $3.2K bounce",rss
6921816b82c05455042c1d23,https://cointelegraph.com/news/coinbase-solana-dex-vector?utm_source=rss_feed&utm_medium=rss%3F__%3D1763803390114%26cb%3Dswn5o1&utm_campaign=rss_partner_inbound,Solana,2025-11-22T09:24:59.316912+00:00,2025-11-21T20:24:40+00:00,2025-11-22T09:24:59.316912+00:00,0.559338266029954,0.5849997997283936,0.025661533698439598,0.3893387019634247,positive,negative,neutral,0.5849997997283936,0.025661533698439598,0.3893387019634247,cointelegraph.com,"Following other significant purchases in 2025, Coinbase said the acquisition of Vector was part of its strategy to become an  “everything exchange.”",Coinbase ’doubles down’ on Solana with latest DEX acquisition,rss
6921816c82c05455042c1d25,https://cointelegraph.com/news/btc-etf-outflows-rebalancing-not-institutional-flight?utm_source=rss_feed&utm_medium=rss%3F__%3D1763803390114%26cb%3Dswn5o1&utm_campaign=rss_partner_inbound,Bitcoin,2025-11-22T09:25:00.378776+00:00,2025-11-21T20:05:26+00:00,2025-11-22T09:25:00.378776+00:00,-0.9183297920972109,0.022298498079180717,0.9406282901763916,0.03707320988178253,positive,negative,neutral,0.022298498079180717,0.9406282901763916,0.03707320988178253,cointelegraph.com,The record outflows from Bitcoin exchange-traded funds (ETFs) in November reflect a short-term downtrend and not a long-term decline or shift in demand.,"BTC ETF outflows are 'tactical rebalancing,' not institutional flight: Analysts",rss
6921816d82c05455042c1d27,https://cointelegraph.com/news/bitcoin-s-death-cross-confirmation-signals-start-of-btc-bear-market?utm_source=rss_feed&utm_medium=rss%3F__%3D1763803390114%26cb%3Dswn5o1&utm_campaign=rss_partner_inbound,Bitcoin,2025-11-22T09:25:01.227535+00:00,2025-11-21T19:49:25+00:00,2025-11-22T09:25:01.227535+00:00,-0.7485342472791672,0.04667963087558746,0.7952138781547546,0.15810655057430267,positive,negative,neutral,0.04667963087558746,0.7952138781547546,0.15810655057430267,cointelegraph.com,"Bitcoin’s death cross is complete, suggesting that the market may be at the start of a bear market if other BTC price metrics also indicate a bearish confluence.",Bitcoin’s death cross confirmation may mean BTC is officially in a bear market,rss
6921816e82c05455042c1d28,https://cointelegraph.com/news/what-happened-in-crypto-today?utm_source=rss_feed&utm_medium=rss%3F__%3D1763803390114%26cb%3Dswn5o1&utm_campaign=rss_partner_inbound,Bitcoin,2025-11-22T09:25:02.882525+00:00,2025-11-21T19:24:16+00:00,2025-11-22T09:25:02.882525+00:00,0.5449793785810471,0.6237372756004333,0.07875789701938629,0.29750481247901917,positive,negative,neutral,0.6237372756004333,0.07875789701938629,0.29750481247901917,cointelegraph.com,"Today in crypto: The odds of a US Fed rate cut in December have surged, Ex-Coinbase lawyer launches NY AG bid as Bitcoin ETFs see record $3.79 billion outflows.",Here’s what happened in crypto today,rss
6921817182c05455042c1d29,https://cointelegraph.com/news/bitcoin-rout-crypto-treasuries-reckoning-finance-redefined?utm_source=rss_feed&utm_medium=rss%3F__%3D1763803390114%26cb%3Dswn5o1&utm_campaign=rss_partner_inbound,Bitcoin,2025-11-22T09:25:05.180801+00:00,2025-11-21T19:00:00+00:00,2025-11-22T09:25:05.180801+00:00,-0.9563699029386044,0.013869140297174454,0.9702390432357788,0.015891890972852707,positive,negative,neutral,0.013869140297174454,0.9702390432357788,0.015891890972852707,cointelegraph.com,"Bitmine’s $3.7 billion paper loss and falling NAV are raising concerns for crypto treasury firms, making it difficult for DATs to raise new capital for digital asset acquisitions.",Bitcoin rout continues as crypto treasuries face reckoning: Finance Redefined,rss
6921817282c05455042c1d2a,https://cointelegraph.com/news/bitcoin-s-fastest-bear-market-hides-potentially-positive-year-end-outcome-for-btc?utm_source=rss_feed&utm_medium=rss%3F__%3D1763803390114%26cb%3Dswn5o1&utm_campaign=rss_partner_inbound,Bitcoin,2025-11-22T09:25:06.178501+00:00,2025-11-21T18:55:37+00:00,2025-11-22T09:25:06.178501+00:00,-0.6199595332145691,0.17867857217788696,0.798638105392456,0.022683238610625267,positive,negative,neutral,0.17867857217788696,0.798638105392456,0.022683238610625267,cointelegraph.com,"BTC’s steepest drawdown since 2022 triggered $1 billion in liquidations, but a rare macroeconomic liquidity signal now hints at a four-to-six week bullish reversal window.",Bitcoin’s ‘fastest bear market’ hides potentially positive year-end outcome for BTC,rss
6921817382c05455042c1d2b,https://cointelegraph.com/news/price-predictions-11-21-btc-eth-xrp-bnb-sol-doge-ada-hype-zec-bch?utm_source=rss_feed&utm_medium=rss%3F__%3D1763803390114%26cb%3Dswn5o1&utm_campaign=rss_partner_inbound,Bitcoin,2025-11-22T09:25:07.166963+00:00,2025-11-21T18:04:55+00:00,2025-11-22T09:25:07.166963+00:00,-0.9540400896221399,0.011584421619772911,0.9656245112419128,0.02279096655547619,positive,negative,neutral,0.011584421619772911,0.9656245112419128,0.02279096655547619,cointelegraph.com,"Bitcoin’s weakness has accelerated selling in several major altcoins, causing them to fall below their support levels. Is the worst of the selling over?","Price predictions 11/21: BTC, ETH, XRP, BNB, SOL, DOGE, ADA, HYPE, ZEC, BCH",rss
6921817482c05455042c1d2c,https://cointelegraph.com/news/bitmine-2026-eth-staking-market-meltdown?utm_source=rss_feed&utm_medium=rss%3F__%3D1763803390114%26cb%3Dswn5o1&utm_campaign=rss_partner_inbound,Ethereum,2025-11-22T09:25:08.949274+00:00,2025-11-21T17:40:56+00:00,2025-11-22T09:25:08.949274+00:00,0.8015463529154658,0.8137311339378357,0.012184781022369862,0.17408408224582672,positive,negative,neutral,0.8137311339378357,0.012184781022369862,0.17408408224582672,cointelegraph.com,"Crypto treasury company BitMine announced plans to develop infrastructure to stake its ETH holdings and generate revenue, targeting a Q1 2026 launch.",BitMine announces 2026 ETH staking plans as market melts down,rss
6921817682c05455042c1d2d,https://cointelegraph.com/news/crypto-biz-is-this-bear-market-spoiler-no?utm_source=rss_feed&utm_medium=rss%3F__%3D1763803390114%26cb%3Dswn5o1&utm_campaign=rss_partner_inbound,Bitcoin,2025-11-22T09:25:10.743279+00:00,2025-11-21T16:13:08+00:00,2025-11-22T09:25:10.743279+00:00,0.07274991646409035,0.11252664774656296,0.03977673128247261,0.8476966023445129,positive,negative,neutral,0.11252664774656296,0.03977673128247261,0.8476966023445129,cointelegraph.com,"As Bitcoin tumbles below $90,000, Republic bets $100 million on Ether, Strategy buys 8,178 BTC, Tether pushes into trade finance and Kraken files for an IPO.",Crypto Biz: Is this what a bear market looks like? (Spoiler: No),rss
6921817782c05455042c1d2e,https://cointelegraph.com/news/bitcoin-asic-producer-bitmain-faces-us-probe-over-national-security-risks-bloomberg?utm_source=rss_feed&utm_medium=rss%3F__%3D1763803390114%26cb%3Dswn5o1&utm_campaign=rss_partner_inbound,Bitcoin,2025-11-22T09:25:11.689890+00:00,2025-11-21T14:55:46+00:00,2025-11-22T09:25:11.689890+00:00,-0.45457470417022705,0.11689788103103638,0.5714725852012634,0.3116295337677002,positive,negative,neutral,0.11689788103103638,0.5714725852012634,0.3116295337677002,cointelegraph.com,"US authorities have reportedly launched an investigation into Bitmain, examining whether the Chinese ASIC manufacturer’s equipment contains remote-control features that could pose security risks.",Bitcoin ASIC producer Bitmain under US investigation over national security risks: Report,rss
6921817882c05455042c1d2f,https://cointelegraph.com/news/bitcoin-yen-canada-stablecoin-global-express?utm_source=rss_feed&utm_medium=rss%3F__%3D1763803390114%26cb%3Dswn5o1&utm_campaign=rss_partner_inbound,Bitcoin,2025-11-22T09:25:12.636769+00:00,2025-11-21T14:50:28+00:00,2025-11-22T09:25:12.636769+00:00,0.8568032197654247,0.897422194480896,0.04061897471547127,0.06195884197950363,positive,negative,neutral,0.897422194480896,0.04061897471547127,0.06195884197950363,cointelegraph.com,"Japan’s stimulus package has rocked markets and Bitcoin. Meanwhile, Canada’s 2025 budget has been approved, bringing clearer guidelines for stablecoin issuers.","Bitcoin drops as yen falls, Canada approves stablecoin rules: Global Express",rss
6921817982c05455042c1d30,https://cointelegraph.com/news/bitcoin-realized-losses-reach-ftx-crash-levels?utm_source=rss_feed&utm_medium=rss%3F__%3D1763803390114%26cb%3Dswn5o1&utm_campaign=rss_partner_inbound,Bitcoin,2025-11-22T09:25:13.356768+00:00,2025-11-21T13:59:55+00:00,2025-11-22T09:25:13.356768+00:00,0.6010831743478775,0.7826943397521973,0.18161116540431976,0.03569447621703148,positive,negative,neutral,0.7826943397521973,0.18161116540431976,0.03569447621703148,cointelegraph.com,"Realized losses on Bitcoin have risen to levels last seen during the FTX crash, with short-term holders driving the capitulation, according to Glassnode.",Bitcoin realized losses rise to FTX crash levels: Where is the bottom?,rss
6921817a82c05455042c1d32,https://cointelegraph.com/news/solana-xrp-etfs-defy-outflows?utm_source=rss_feed&utm_medium=rss%3F__%3D1763803390114%26cb%3Dswn5o1&utm_campaign=rss_partner_inbound,Bitcoin,2025-11-22T09:25:14.922314+00:00,2025-11-21T13:16:26+00:00,2025-11-22T09:25:14.922314+00:00,0.9181709382683039,0.9422025084495544,0.024031570181250572,0.03376584127545357,positive,negative,neutral,0.9422025084495544,0.024031570181250572,0.03376584127545357,cointelegraph.com,"Solana and XRP ETFs continue to attract steady inflows with no outflow days since launch, even as Bitcoin and Ether products trend deep into redemptions.","ETF altseason? Solana, XRP funds buck crypto’s market sell-off",rss
6921817b82c05455042c1d34,https://cointelegraph.com/news/can-bitcoin-really-be-a-store-of-value-what-pension-funds-are-starting-to-discover?utm_source=rss_feed&utm_medium=rss%3F__%3D1763803390114%26cb%3Dswn5o1&utm_campaign=rss_partner_inbound,Bitcoin,2025-11-22T09:25:15.753744+00:00,2025-11-21T13:09:33+00:00,2025-11-22T09:25:15.753744+00:00,0.09126069955527782,0.10952991247177124,0.018269212916493416,0.8722008466720581,positive,negative,neutral,0.10952991247177124,0.018269212916493416,0.8722008466720581,cointelegraph.com,"Discover why pension funds are reassessing Bitcoin as a potential store of value as they compare it with gold, inflation hedges and long-term portfolio needs.",Can Bitcoin really be a store of value? What pension funds are starting to discover,rss
6921817e82c05455042c1d35,https://cointelegraph.com/news/bitcoin-volatility-binance-ceo-market-comparison?utm_source=rss_feed&utm_medium=rss%3F__%3D1763803390114%26cb%3Dswn5o1&utm_campaign=rss_partner_inbound,Bitcoin,2025-11-22T09:25:18.722830+00:00,2025-11-21T10:57:57+00:00,2025-11-22T09:25:18.722830+00:00,0.793699212372303,0.8756296038627625,0.08193039149045944,0.042439986020326614,positive,negative,neutral,0.8756296038627625,0.08193039149045944,0.042439986020326614,cointelegraph.com,"Binance chief Richard Teng maintained that Bitcoin’s pullback stems from a broad risk-off unwinding, and that its volatility sits in line with major traditional assets.",Binance CEO says Bitcoin volatility matches broader markets amid 35% decline,rss
6921818182c05455042c1d36,https://cointelegraph.com/news/bitcoin-etf-outflows-hit-record-november-as-btc-falls?utm_source=rss_feed&utm_medium=rss%3F__%3D1763803390114%26cb%3Dswn5o1&utm_campaign=rss_partner_inbound,Bitcoin,2025-11-22T09:25:21.190362+00:00,2025-11-21T09:05:15+00:00,2025-11-22T09:25:21.190362+00:00,0.6800300776958466,0.8299350142478943,0.14990493655204773,0.02016005478799343,positive,negative,neutral,0.8299350142478943,0.14990493655204773,0.02016005478799343,cointelegraph.com,"A $903 million single-day hit pushed US spot Bitcoin ETF outflows to $3.79B in November, overtaking February’s net outflow record.",BlackRock Bitcoin ETF sheds $2.47B in November as outflows hit record $3.79B,rss
692181d182c05455042c1d46,https://biztoc.com/x/3fb481c0a6c58a05,Bitcoin,2025-11-22T09:26:41.135102+00:00,2025-11-21T09:24:43+00:00,2025-11-22T09:26:41.135102+00:00,0.9009630531072617,0.9350303411483765,0.03406728804111481,0.03090233914554119,positive,negative,neutral,0.9350303411483765,0.03406728804111481,0.03090233914554119,biztoc.com,"U.S. futures, Japan’s stimulus, bitcoin weakness - what’s moving markets\nBy Indradip Ghosh\n(Reuters) -Euro zone business activity grew steadily this month as…","Euro zone business activity grows steadily in November, PMI shows",newsapi
692181d282c05455042c1d47,https://biztoc.com/x/182472285fc809d9,Bitcoin,2025-11-22T09:26:42.080742+00:00,2025-11-21T09:24:40+00:00,2025-11-22T09:26:42.080742+00:00,-0.9641655972227454,0.009777159430086613,0.973942756652832,0.016280073672533035,positive,negative,neutral,0.009777159430086613,0.973942756652832,0.016280073672533035,biztoc.com,"U.S. futures, Japan’s stimulus, bitcoin weakness - what’s moving markets\nInvesting.com -- European defense stocks fell sharply on Thursday after reports of a…",Europe’s defense stocks slide as reports surface of U.S.–Russia peace plan,newsapi
692181d282c05455042c1d48,https://biztoc.com/x/e0d32cc01f6b9399,Bitcoin,2025-11-22T09:26:42.946777+00:00,2025-11-21T09:24:28+00:00,2025-11-22T09:26:42.946777+00:00,-0.9252145383507013,0.013620665296912193,0.9388352036476135,0.047544218599796295,positive,negative,neutral,0.013620665296912193,0.9388352036476135,0.047544218599796295,biztoc.com,The Entire Business World on a Single Page with the Web's Most Comprehensive One-Stop Finance News Hub.,Bitcoin Hits 7-Month Low Amid Renewed Fears Over AI Bubble,newsapi
692181d582c05455042c1d4a,https://www.coindesk.com/markets/2025/11/21/doge-chart-turns-fully-bearish-after-multi-level-support-failure,Solana,2025-11-22T09:26:45.176490+00:00,2025-11-21T09:23:13+00:00,2025-11-22T09:26:45.176490+00:00,-0.9604704771190882,0.013210257515311241,0.9736807346343994,0.013108992949128151,positive,negative,neutral,0.013210257515311241,0.9736807346343994,0.013108992949128151,www.coindesk.com,"Technical indicators show Dogecoin is deeply oversold, trading below its 50-day and 200-day moving averages, signaling continued trend weakness.",DOGE Chart Turns Fully Bearish After Multi-Level Support Failure,newsapi
692181dc82c05455042c1d4d,https://biztoc.com/x/6c4bd9ef4ab7d6c0,Bitcoin,2025-11-22T09:26:52.482046+00:00,2025-11-21T09:13:42+00:00,2025-11-22T09:26:52.482046+00:00,-0.15990737453103065,0.05833284184336662,0.21824021637439728,0.723426878452301,positive,negative,neutral,0.05833284184336662,0.21824021637439728,0.723426878452301,biztoc.com,"LIVE\nDow Set to Open Up After AI Selloff\nS&P 500 and Nasdaq futures are also rising in premarket trading.\nLast Updated:\nNov. 21, 2025 at 4:08 AM ET\nKey…","Stock Market Today: Dow, S&P 500, Nasdaq Set to Open Up After AI Selloff; Nvidia, Strategy, Meta, Tesla, More Movers; Bitcoin Price Drops",newsapi
692181e482c05455042c1d4f,https://cointelegraph.com/news/bitcoin-etf-outflows-hit-record-november-as-btc-falls,Bitcoin,2025-11-22T09:27:00.493409+00:00,2025-11-21T09:05:15+00:00,2025-11-22T09:27:00.493409+00:00,0.6800300776958466,0.8299350142478943,0.14990493655204773,0.02016005478799343,positive,negative,neutral,0.8299350142478943,0.14990493655204773,0.02016005478799343,cointelegraph.com,"A $903 million single-day hit pushed US spot Bitcoin ETF outflows to $3.79B in November, overtaking February’s net outflow record.",BlackRock Bitcoin ETF sheds $2.47B in November as outflows hit record $3.79B,newsapi
692181e682c05455042c1d51,https://www.forbes.com/sites/siladityaray/2025/11/21/crypto-slide-continues-as-bitcoin-slips-below-84000-lowest-since-mid-april/,Bitcoin,2025-11-22T09:27:02.086131+00:00,2025-11-21T09:04:07+00:00,2025-11-23T06:13:28.094715+00:00,-0.9629267361015081,0.00921315886080265,0.9721398949623108,0.018646953627467155,positive,negative,neutral,0.00921315886080265,0.9721398949623108,0.018646953627467155,www.forbes.com,"Bitcoin’s month-long selloff has wiped a large portion of the gains it made since November last year, after President Donald Trump’s election win.","Crypto Slide Continues As Bitcoin Drops Below $84,000—Lowest Level Since Mid-April",newsapi
692181e782c05455042c1d52,https://biztoc.com/x/b2c0d0f1c0b713cd,Solana,2025-11-22T09:27:03.047572+00:00,2025-11-21T09:02:34+00:00,2025-11-22T09:27:03.047572+00:00,-0.1549251563847065,0.03266426548361778,0.18758942186832428,0.7797463536262512,positive,negative,neutral,0.03266426548361778,0.18758942186832428,0.7797463536262512,biztoc.com,The Entire Business World on a Single Page with the Web's Most Comprehensive One-Stop Finance News Hub.,Compass and Zillow Are Battling Over Private Listings. It Could Change the Way Homes Are Sold,newsapi
692181e882c05455042c1d53,https://biztoc.com/x/808c31fcbf4133b2,Bitcoin,2025-11-22T09:27:04.106560+00:00,2025-11-21T09:02:24+00:00,2025-11-22T09:27:04.106560+00:00,-0.9653393351472914,0.007649508770555258,0.9729888439178467,0.01936168409883976,positive,negative,neutral,0.007649508770555258,0.9729888439178467,0.01936168409883976,biztoc.com,"Major cryptocurrencies extended their losses on Friday, with Bitcoin declining by more than 3% to its lowest level since April, after the release of the…","Bitcoin drops to $83,500 as Fed rate cut hopes fade",newsapi
692181ea82c05455042c1d54,http://www.newsbtc.com/bitcoin-news/bitcoin-mayer-multiple-lower-bound-comes/,Bitcoin,2025-11-22T09:27:06.550185+00:00,2025-11-21T09:00:25+00:00,2025-11-22T09:27:06.550185+00:00,-0.9609497487545013,0.010226339101791382,0.9711760878562927,0.018597587943077087,positive,negative,neutral,0.010226339101791382,0.9711760878562927,0.018597587943077087,www.newsbtc.com,"Data shows the Bitcoin Mayer Multiple has declined to the lower bound of its range recently, which suggests a slowdown in momentum for BTC.",Bitcoin Mayer Multiple Retraces To Lower Bound—What Comes Next?,newsapi
692181f982c05455042c1d5a,https://biztoc.com/x/71f8d3b80a86db44,Bitcoin,2025-11-22T09:27:21.371246+00:00,2025-11-21T08:51:21+00:00,2025-11-22T09:27:21.371246+00:00,-0.6630001179873943,0.05720459297299385,0.7202047109603882,0.22259075939655304,positive,negative,neutral,0.05720459297299385,0.7202047109603882,0.22259075939655304,biztoc.com,The Entire Business World on a Single Page with the Web's Most Comprehensive One-Stop Finance News Hub.,Crypto Bulls See $1.7B Liquidations as Bitcoin Swiftly Nears $80K,newsapi
692181fc82c05455042c1d5b,https://www.coindesk.com/markets/2025/11/21/crypto-bulls-see-usd1-7b-liquidations-as-bitcoin-swiftly-nears-usd80k,Bitcoin,2025-11-22T09:27:24.493534+00:00,2025-11-21T08:48:50+00:00,2025-11-23T05:04:14.240091+00:00,-0.9678773651830852,0.0064515103586018085,0.974328875541687,0.019219648092985153,positive,negative,neutral,0.0064515103586018085,0.974328875541687,0.019219648092985153,www.coindesk.com,The Crypto Fear & Greed Index fell to 11 on Monday — deep within “extreme fear” territory and its lowest reading since late 2022.,Crypto Bulls See $1.7B Liquidations as Bitcoin Swiftly Nears $80K,newsapi
692181fd82c05455042c1d5c,https://biztoc.com/x/371c805dcf292b40,Bitcoin,2025-11-22T09:27:25.381916+00:00,2025-11-21T08:40:29+00:00,2025-11-22T09:27:25.380914+00:00,0.12565761804580688,0.5398429036140442,0.4141852855682373,0.0459718182682991,positive,negative,neutral,0.5398429036140442,0.4141852855682373,0.0459718182682991,biztoc.com,Stocks sell off in Europe and Asia,Stock Market Today: Dow Futures Inch Up; Bitcoin Slides; VIX Jumps,newsapi
6921820082c05455042c1d5d,https://biztoc.com/x/84b24a0d144eb6fe,Bitcoin,2025-11-22T09:27:28.412921+00:00,2025-11-21T08:40:15+00:00,2025-11-22T09:27:28.412921+00:00,0.8114798069000244,0.894214928150177,0.08273512125015259,0.02304997853934765,positive,negative,neutral,0.894214928150177,0.08273512125015259,0.02304997853934765,biztoc.com,Bitcoin price today: sinks below $86k as mixed US jobs data dents Fed cut hopes\nFRANKFURT (Reuters) -The European Union can offset the impact of U.S. trade…,"EU can beat Trump’s tariffs with domestic trade, ECB’s Lagarde says",newsapi
6921820182c05455042c1d5e,https://biztoc.com/x/1253a048caae930d,Solana,2025-11-22T09:27:29.223293+00:00,2025-11-21T08:40:12+00:00,2025-11-22T09:27:29.223293+00:00,-0.002458706498146057,0.03142235055565834,0.0338810570538044,0.9346965551376343,positive,negative,neutral,0.03142235055565834,0.0338810570538044,0.9346965551376343,biztoc.com,The Entire Business World on a Single Page with the Web's Most Comprehensive One-Stop Finance News Hub.,Is Wall Street Bullish or Bearish on Broadridge Financial Solutions Stock?,newsapi
6921820782c05455042c1d61,https://biztoc.com/x/38a898ec547acf73,Bitcoin,2025-11-22T09:27:35.576966+00:00,2025-11-21T08:17:50+00:00,2025-11-22T09:27:35.576966+00:00,-0.03115217015147209,0.03503378853201866,0.06618595868349075,0.8987802267074585,positive,negative,neutral,0.03503378853201866,0.06618595868349075,0.8987802267074585,biztoc.com,The Entire Business World on a Single Page with the Web's Most Comprehensive One-Stop Finance News Hub.,"U.S. futures, Japan’s stimulus, bitcoin weakness - what’s moving markets",newsapi
6921820a82c05455042c1d62,https://cryptobriefing.com/bitcoin-leveraged-liquidations-triggered/,Bitcoin,2025-11-22T09:27:38.726634+00:00,2025-11-21T08:17:11+00:00,2025-11-22T09:27:38.726634+00:00,-0.9530967567116022,0.018044104799628258,0.9711408615112305,0.010814987123012543,positive,negative,neutral,0.018044104799628258,0.9711408615112305,0.010814987123012543,cryptobriefing.com,"Bitcoin plunged to $82,000, causing nearly $2 billion in bitcoin leveraged liquidations after a volatile week and ETF outflows.","Bitcoin falls to $82,000, triggering nearly $2 billion in leveraged liquidations",newsapi
6921820b82c05455042c1d63,https://biztoc.com/x/17f366f632d9d41c,Bitcoin,2025-11-22T09:27:39.513576+00:00,2025-11-21T08:06:58+00:00,2025-11-22T09:27:39.513576+00:00,-0.6841274555772543,0.0217431727796793,0.7058706283569336,0.27238625288009644,positive,negative,neutral,0.0217431727796793,0.7058706283569336,0.27238625288009644,biztoc.com,The Entire Business World on a Single Page with the Web's Most Comprehensive One-Stop Finance News Hub.,Bitcoin Heading for Worst Month Since Crypto Collapse of 2022,newsapi
6921820e82c05455042c1d64,http://www.newsbtc.com/bitcoin-news/bitcoin-bear-market-confirmed-expert-predicts-price-target-of-40000-by-late-2026/,Bitcoin,2025-11-22T09:27:42.746606+00:00,2025-11-21T08:00:30+00:00,2025-11-22T09:27:42.746606+00:00,0.20514723658561707,0.4679933190345764,0.26284608244895935,0.26916056871414185,positive,negative,neutral,0.4679933190345764,0.26284608244895935,0.26916056871414185,www.newsbtc.com,"Market expert Leshka warns that Bitcoin is only at the start of a new distribution phase, as selling pressure continues to build.","Bitcoin Bear Market Confirmed? Expert Predicts Price Target Of $40,000 By Late 2026",newsapi
6921821482c05455042c1d67,https://bitcoinist.com/bitcoin-risk-appetite-fading-open-interest-muted/,Bitcoin,2025-11-22T09:27:48.943615+00:00,2025-11-21T08:00:28+00:00,2025-11-23T05:04:15.230249+00:00,-0.9559772554785013,0.013697987422347069,0.9696752429008484,0.016626739874482155,positive,negative,neutral,0.013697987422347069,0.9696752429008484,0.016626739874482155,bitcoinist.com,"A new Glassnode report has revealed that the Bitcoin Open Interest continues to decline, a sign demand from risk-taking futures cohorts is waning.","Bitcoin Risk Appetite Fading, Finds Glassnode Report",newsapi
6921821682c05455042c1d68,https://ambcrypto.com/bitcoin-falls-to-86k-ethereum-to-2-8k-is-bottom-finally-in-after-1t-liquidations/,Bitcoin,2025-11-22T09:27:50.714819+00:00,2025-11-21T08:00:09+00:00,2025-11-22T22:11:19.074751+00:00,-0.9517532577738166,0.011723519302904606,0.9634767770767212,0.024799717590212822,positive,negative,neutral,0.011723519302904606,0.9634767770767212,0.024799717590212822,ambcrypto.com,"Bitcoin, Ethereum face pressure as $1 trillion is wiped from the market, longs risk liquidations, and macro pressure keeps rate cuts...","Bitcoin falls to $86K, Ethereum to $2.8K – Is bottom in after $1T liquidations?",newsapi
6921821982c05455042c1d69,https://biztoc.com/x/3642a80490127539,Bitcoin,2025-11-22T09:27:53.596612+00:00,2025-11-21T07:55:48+00:00,2025-11-22T09:27:53.596612+00:00,0.9042508862912655,0.9401772022247314,0.03592631593346596,0.023896455764770508,positive,negative,neutral,0.9401772022247314,0.03592631593346596,0.023896455764770508,biztoc.com,"Spot bitcoin ETFs see near-record outflows of $903 million\nQuick Take\n- U.S. spot bitcoin ETFs posted $903 million in net outflows, the highest since…",Spot bitcoin ETFs see near-record outflows of $903 million,newsapi
6921821c82c05455042c1d6a,https://biztoc.com/x/d36fc07686b8ec60,Bitcoin,2025-11-22T09:27:56.039826+00:00,2025-11-21T07:44:47+00:00,2025-11-22T09:27:56.039826+00:00,-0.9548962591215968,0.008642089553177357,0.9635383486747742,0.027819668874144554,positive,negative,neutral,0.008642089553177357,0.9635383486747742,0.027819668874144554,biztoc.com,"Bitcoin cratered on Thursday, leading risk assets lower after a big U-turn in the stock market.\n- The crypto meltdown has wiped out over $1 trillion in market…",The crypto market has seen $1 trillion in value erased in this month's plunge into bear territory,newsapi
6921821c82c05455042c1d6b,https://biztoc.com/x/d3555cb6b72eef9a,Bitcoin,2025-11-22T09:27:56.834210+00:00,2025-11-21T07:44:47+00:00,2025-11-22T09:27:56.834210+00:00,-0.2519148513674736,0.12220350652933121,0.3741183578968048,0.5036781430244446,positive,negative,neutral,0.12220350652933121,0.3741183578968048,0.5036781430244446,biztoc.com,The Entire Business World on a Single Page with the Web's Most Comprehensive One-Stop Finance News Hub.,Bitcoin ETFs Have Bled a Record $3.79B in November,newsapi
6921821f82c05455042c1d6c,https://www.coindesk.com/markets/2025/11/21/bitcoin-etfs-have-bled-a-record-usd3-79-billion-in-november,Bitcoin,2025-11-22T09:27:59.300581+00:00,2025-11-21T07:43:38+00:00,2025-11-23T02:46:55.202188+00:00,0.17074254155158997,0.5734729170799255,0.40273037552833557,0.0237966850399971,positive,negative,neutral,0.5734729170799255,0.40273037552833557,0.0237966850399971,www.coindesk.com,U.S.-listed spot BTC and ETH ETFs see record outflows.,Bitcoin ETFs Have Bled a Record $3.79B in November,newsapi
6921822082c05455042c1d6e,https://coinjournal.net/news/bitcoin-price-forecast-is-bitcoin-heading-for-80k/,Bitcoin,2025-11-22T09:28:00.300569+00:00,2025-11-21T07:43:14+00:00,2025-11-22T22:11:23.311171+00:00,-0.92776152305305,0.03092697449028492,0.958688497543335,0.010384456254541874,positive,negative,neutral,0.03092697449028492,0.958688497543335,0.010384456254541874,coinjournal.net,Bitcoin temporarily slipped below the $82k level as the leading cryptocurrency loses 9% of its value in the last 24 hours.,Bitcoin price forecast: Is Bitcoin heading for $80k?,newsapi
6921822182c05455042c1d70,https://biztoc.com/x/c2d245ede0429851,Bitcoin,2025-11-22T09:28:01.347782+00:00,2025-11-21T07:33:46+00:00,2025-11-22T09:28:01.347782+00:00,-0.9651707783341408,0.009293101727962494,0.9744638800621033,0.01624300703406334,positive,negative,neutral,0.009293101727962494,0.9744638800621033,0.01624300703406334,biztoc.com,The cryptocurrency market extended a more than month-long retreat during Asia trading on Friday.\nMarket bellwether bitcoin dropped as much as 2.1 per cent to…,"Cryptocurrency market extends slide as bitcoin falls below US$86,000",newsapi
6921822282c05455042c1d71,https://biztoc.com/x/89c0c53d4df7b13e,Bitcoin,2025-11-22T09:28:02.338032+00:00,2025-11-21T07:33:39+00:00,2025-11-22T09:28:02.338032+00:00,-0.9653668748214841,0.008796240203082561,0.9741631150245667,0.017040666192770004,positive,negative,neutral,0.008796240203082561,0.9741631150245667,0.017040666192770004,biztoc.com,Bitcoin price today: sinks below $86k as mixed US jobs data dents Fed cut hopes\nInvesting.com -- Retail sales across Great Britain fell in October for the…,UK shoppers pull back ahead of Black Friday while government borrowing jumps,newsapi
6921822982c05455042c1d72,https://biztoc.com/x/f1005fcf3975dd6a,Bitcoin,2025-11-22T09:28:09.373904+00:00,2025-11-21T07:22:22+00:00,2025-11-22T09:28:09.373904+00:00,0.4934425465762615,0.5084452629089355,0.015002716332674026,0.47655197978019714,positive,negative,neutral,0.5084452629089355,0.015002716332674026,0.47655197978019714,biztoc.com,The Entire Business World on a Single Page with the Web's Most Comprehensive One-Stop Finance News Hub.,Binance CEO Teng says bitcoin volatility in line with most asset classes,newsapi
6921822f82c05455042c1d74,https://www.finextra.com/blogposting/30160/why-most-grid-bots-fail-and-how-you-can-build-a-better-one,Ethereum,2025-11-22T09:28:15.519685+00:00,2025-11-21T07:18:28+00:00,2025-11-22T09:28:15.519685+00:00,0.14979934133589268,0.17195461690425873,0.02215527556836605,0.8058901429176331,positive,negative,neutral,0.17195461690425873,0.02215527556836605,0.8058901429176331,www.finextra.com,"Last week, one entrepreneur told me something funny. He said, “I built a grid trading bot, but the b...",Why Most Grid Bots Fail - And How You Can Build a Better One,newsapi
6921823582c05455042c1d76,https://consent.yahoo.com/v2/collectConsent?sessionId=1_cc-session_ada0ac41-da73-4266-9716-3f8b1f787782,Bitcoin,2025-11-22T09:28:21.765496+00:00,2025-11-21T07:10:47+00:00,2025-11-22T09:28:21.765496+00:00,0.4478336628526449,0.46858906745910645,0.020755404606461525,0.5106554627418518,positive,negative,neutral,0.46858906745910645,0.020755404606461525,0.5106554627418518,consent.yahoo.com,,Binance CEO Teng says bitcoin volatility in line with most asset classes,newsapi
6921823b82c05455042c1d78,https://bitcoinist.com/bitcoin-falls-below-87000-engineered-collapse/,Bitcoin,2025-11-22T09:28:27.954951+00:00,2025-11-21T07:00:33+00:00,2025-11-22T09:28:27.954951+00:00,-0.9576148819178343,0.009636299684643745,0.967251181602478,0.023112449795007706,positive,negative,neutral,0.009636299684643745,0.967251181602478,0.023112449795007706,bitcoinist.com,"In the past week, Bitcoin has continued to record new daily lows, culminating in a nearly eight-month low of just under $86,500 on Thursday. Market expert Shanaka Anslem, however, offers a contrarian perspective, labeling the current downturn as an “engineere…","Bitcoin Falls Below $87,000: Expert Labels Drop As An ‘Engineered Collapse’",newsapi
6921823e82c05455042c1d7a,http://www.newsbtc.com/news/bitmines-unrealized-losses-hit-3-7b-as-ethereum-eth-price-struggles-below-3000/,Ethereum,2025-11-22T09:28:30.291899+00:00,2025-11-21T07:00:27+00:00,2025-11-23T01:38:19.706357+00:00,-0.9544543707743287,0.013060799799859524,0.9675151705741882,0.01942399889230728,positive,negative,neutral,0.013060799799859524,0.9675151705741882,0.01942399889230728,www.newsbtc.com,DAT companies like BitMine are sitting on billions of dollars of unrealized profits as Ethereum and the market lose crucial support levels.,"BitMine’s Unrealized Losses Hit $3.7B As Ethereum (ETH) Price Struggles Below $3,000",newsapi
6921824082c05455042c1d7c,https://biztoc.com/x/76ae388f7c0257cb,Bitcoin,2025-11-22T09:28:32.210052+00:00,2025-11-21T06:59:58+00:00,2025-11-22T09:28:32.210052+00:00,0.03714521415531635,0.05621880665421486,0.019073592498898506,0.9247075915336609,positive,negative,neutral,0.05621880665421486,0.019073592498898506,0.9247075915336609,biztoc.com,The Entire Business World on a Single Page with the Web's Most Comprehensive One-Stop Finance News Hub.,Yen Slump is Bullish for BTC and Risk Assets. Or Is It?,newsapi
6921824382c05455042c1d7d,https://www.coindesk.com/markets/2025/11/21/yen-slump-is-bullish-for-btc-and-risk-assets-or-is-it,Bitcoin,2025-11-22T09:28:35.772468+00:00,2025-11-21T06:48:20+00:00,2025-11-22T09:28:35.772468+00:00,-0.8872925862669945,0.03348187357187271,0.9207744598388672,0.045743610709905624,positive,negative,neutral,0.03348187357187271,0.9207744598388672,0.045743610709905624,www.coindesk.com,"Historically, yen weakness has been linked to risk-on sentiment. However, this narrative now appears challenged against the backdrop of Japan’s mounting fiscal strains.",Yen Slump Is Bullish for BTC and Risk Assets. Or Is It?,newsapi
6921824482c05455042c1d7e,https://beincrypto.com/bitcoin-ethereum-options-expiry-market-sentiment-2025/,Bitcoin,2025-11-22T09:28:36.179436+00:00,2025-11-21T06:34:03+00:00,2025-11-22T19:54:26.832220+00:00,0.3966062068939209,0.6440005302429199,0.24739432334899902,0.10860507935285568,positive,negative,neutral,0.6440005302429199,0.24739432334899902,0.10860507935285568,beincrypto.com,Nearly $4 billion in BTC and ETH options expire today as traders maintain cautious optimism amid market volatility.,Bitcoin Looks More Bullish Than Ethereum as $4 Billion Options Expire Today,newsapi
6921824a82c05455042c1d7f,https://economictimes.indiatimes.com/markets/expert-view/india-stands-out-as-a-stable-emerging-market-amid-ai-and-us-volatility-matt-orton/articleshow/125479213.cms,Bitcoin,2025-11-22T09:28:42.282849+00:00,2025-11-21T06:33:19+00:00,2025-11-22T09:28:42.282849+00:00,0.864859938621521,0.8857511281967163,0.020891189575195312,0.09335771203041077,positive,negative,neutral,0.8857511281967163,0.020891189575195312,0.09335771203041077,economictimes.indiatimes.com,"Market strategist Matt Orton observes global risk-off sentiment impacting Japan, with potential for opportunities once stability returns. He favors gold as a portfolio balance and sees Bitcoin nearing capitulation. India remains a strong diversifier, while US…",India stands out as a stable emerging market amid AI and US volatility: Matt Orton,newsapi
6921824b82c05455042c1d80,https://biztoc.com/x/37ed1702ccdbb30e,Bitcoin,2025-11-22T09:28:43.216767+00:00,2025-11-21T06:26:40+00:00,2025-11-22T09:28:43.216767+00:00,0.11576881166547537,0.1282402127981186,0.012471401132643223,0.8592883944511414,positive,negative,neutral,0.1282402127981186,0.012471401132643223,0.8592883944511414,biztoc.com,The Entire Business World on a Single Page with the Web's Most Comprehensive One-Stop Finance News Hub.,Japan Approves $135B Stimulus Package; BTC Dip Keeps Giving,newsapi
6921824c82c05455042c1d81,https://biztoc.com/x/127df456c2e4e231,Bitcoin,2025-11-22T09:28:44.112665+00:00,2025-11-21T06:26:31+00:00,2025-11-22T09:28:44.112665+00:00,-0.9019898772239685,0.03644454479217529,0.9384344220161438,0.02512102946639061,positive,negative,neutral,0.03644454479217529,0.9384344220161438,0.02512102946639061,biztoc.com,"Bitcoin fell below $86,000 after the delayed US jobs data pointed to persistent inflation, chipping away hopes for a December rate cut.","Bitcoin plunges below $86,000 as US jobs data dampens rate cut hopes",newsapi
6921824c82c05455042c1d82,https://biztoc.com/x/b305e29cdd139ef8,Bitcoin,2025-11-22T09:28:44.916777+00:00,2025-11-21T06:26:30+00:00,2025-11-22T09:28:44.916777+00:00,0.3361133486032486,0.40495818853378296,0.06884483993053436,0.5261969566345215,positive,negative,neutral,0.40495818853378296,0.06884483993053436,0.5261969566345215,biztoc.com,"Billionaire investor Ray Dalio reaffirmed his skepticism toward Bitcoin’s (CRYPTO: BTC) potential as a reserve currency on Thursday, while revealing that only…","Ray Dalio Reveals He Has 'Forever' Had 1% Of His Portfolio Tied Up In Bitcoin, But Still Has These Fears About The Future of BTC",newsapi
6921825382c05455042c1d85,https://economictimes.indiatimes.com/markets/cryptocurrency/crypto-news/bitcoin-pulls-back-to-85k-after-a-short-lived-jump-to-92k-on-nvidia-earnings-optimism/articleshow/125479023.cms,Bitcoin,2025-11-22T09:28:51.104375+00:00,2025-11-21T06:19:54+00:00,2025-11-23T01:38:20.373639+00:00,-0.9583785133436322,0.013856153003871441,0.9722346663475037,0.013909170404076576,positive,negative,neutral,0.013856153003871441,0.9722346663475037,0.013909170404076576,economictimes.indiatimes.com,"Bitcoin retreated to around $85,000 after a brief spike to $92,000 on Nvidia-driven optimism, with broader crypto markets sliding amid weakening expectations of a near-term Fed rate cut. Analysts say rising U.S. macro uncertainty, long liquidations and persis…",Bitcoin pulls back to $85K after a short-lived jump to $92K on Nvidia earnings optimism,newsapi
6921825482c05455042c1d86,https://beincrypto.com/bitmine-dat-ethereum-losses-etf-compete/,Ethereum,2025-11-22T09:28:52.228241+00:00,2025-11-21T06:12:43+00:00,2025-11-22T19:54:29.363759+00:00,-0.9428763333708048,0.016434496268630028,0.9593108296394348,0.024254636839032173,positive,negative,neutral,0.016434496268630028,0.9593108296394348,0.024254636839032173,beincrypto.com,"BitMine faces over $4 billion in unrealized losses as Ethereum drops, raising questions about the digital asset treasury model.",BitMine Faces Over $4 Billion in Unrealized Loss as Digital Asset Treasury Model Faces Scrutiny,newsapi
6921825b82c05455042c1d87,https://coingape.com/crypto-market-crash-bitcoin-eth-sol-top-altcoins-liquidated-ahead-options-expiry/,Bitcoin,2025-11-22T09:28:59.064750+00:00,2025-11-21T06:05:39+00:00,2025-11-23T00:30:44.175627+00:00,-0.916834058240056,0.012224076315760612,0.9290581345558167,0.05871779844164848,positive,negative,neutral,0.012224076315760612,0.9290581345558167,0.05871779844164848,coingape.com,"Crypto Market Crash: Will crypto options expiry more selloffs after $1 billion in Bitcoin, ETH, SOL, XRP, DOGE and altcoins liquidations?","Crypto Market Crash: $1B in Bitcoin, ETH, SOL & Top Altcoins Liquidated Ahead of Options Expiry",newsapi
6921825e82c05455042c1d8a,https://finance.yahoo.com/news/cryptocurrencies-whipped-flight-risk-060105154.html,Bitcoin,2025-11-22T09:29:02.623598+00:00,2025-11-21T06:01:05+00:00,2025-11-22T09:29:02.623598+00:00,-0.9586973236873746,0.010568256489932537,0.9692655801773071,0.02016611583530903,positive,negative,neutral,0.010568256489932537,0.9692655801773071,0.02016611583530903,finance.yahoo.com,"SINGAPORE/LONDON (Reuters) -Bitcoin dropped to a seven-month low on Friday, closing in on the $80,000 level below which some analysts say much heavier losses are likely for the world's largest cryptocurrency.  Bitcoin fell to $80,553,​ and ether hit a four-month low, as cryptocurrencies led a broad flight from riskier assets, spurred by investor worries over lofty tech ‌valuations and uncertainty over near-term U.S. interest rate cuts.  Cryptocurrencies are often viewed as a barometer of risk appetite and their slide highlights how fragile the mood in markets has turned in recent days,‌ with high-flying artificial intelligence stocks tumbling and volatility spiking.",Bitcoin on thin ice after sinking in flight from risk,newsapi
6921825f82c05455042c1d8b,http://www.newsbtc.com/bitcoin-news/bitcoin-crash-driven-selling-cryptoquant-data/,Bitcoin,2025-11-22T09:29:03.686068+00:00,2025-11-21T06:00:39+00:00,2025-11-22T09:29:03.686068+00:00,0.024317651987075806,0.43200454115867615,0.40768688917160034,0.1603085845708847,positive,negative,neutral,0.43200454115867615,0.40768688917160034,0.1603085845708847,www.newsbtc.com,On-chain analytics firm CryptoQuant has revealed how selling from US Bitcoin investors has dominated during the recent market downturn.,"Bitcoin Crash Dominated By US Selling, CryptoQuant Data Shows",newsapi
6921826582c05455042c1d8c,https://bitcoinist.com/bitcoin-og-whales-sold-more-btc-2025-cycle-analyst/,Bitcoin,2025-11-22T09:29:09.823231+00:00,2025-11-21T06:00:36+00:00,2025-11-22T09:29:09.823231+00:00,0.6645118677988648,0.679735541343689,0.015223673544824123,0.30504080653190613,positive,negative,neutral,0.679735541343689,0.015223673544824123,0.30504080653190613,bitcoinist.com,"An analyst has revealed how 2025 has been the year of OG Bitcoin whales, with hands older than seven years spending more than ever before. OG Bitcoin Whales Have Maintained A High Selling Baseline This Year In a new post on X, Capriole Investments founder Cha…",Bitcoin OG Whales Sold More BTC in 2025 Than Any Other Cycle: Analyst,newsapi
6921826782c05455042c1d8d,https://www.naturalnews.com/2025-11-21-taiwan-mulls-bitcoin-reserves-fortify-financial-sovereignty.html,Bitcoin,2025-11-22T09:29:11.787138+00:00,2025-11-21T06:00:00+00:00,2025-11-22T09:29:11.787138+00:00,0.7588198920711875,0.7670110464096069,0.008191154338419437,0.22479774057865143,positive,negative,neutral,0.7670110464096069,0.008191154338419437,0.22479774057865143,www.naturalnews.com,"Taiwan is formally exploring the integration of Bitcoin into its national treasury reserves, led by legislator Dr. Ju-chun Ko, with the goals of studying it as a strategic asset and launching a pilot program using seized Bitcoin. The primary motivation is to diversify Taiwan’s substantial financial reserves and build resilience against the volatility of its […]",Taiwan mulls Bitcoin reserves in bold move to fortify financial sovereignty,newsapi
6921826982c05455042c1d8e,https://www.naturalnews.com/2025-11-21-nvidia-ai-earnings-market-rally-bubble-fears.html,Solana,2025-11-22T09:29:13.787394+00:00,2025-11-21T06:00:00+00:00,2025-11-22T18:42:52.706200+00:00,0.911104392260313,0.9413887858390808,0.030284393578767776,0.028326846659183502,positive,negative,neutral,0.9413887858390808,0.030284393578767776,0.028326846659183502,www.naturalnews.com,"Nvidia reported $57B in Q3 revenueÂ (62% YoY growth), exceeding Wall Street forecasts. Profits surged toÂ $31.9B, signaling unstoppable AI demand. CEO Jensen Huang declared AI adoption is accelerating globally, with Blackwell GPUs “off the charts” and cloud GPUs “sold out.” Nvidia jumped 5% in after-hours trading, nearingÂ $196. Big Tech (Apple, Microsoft, Alphabet, Amazon, Meta) saw gains. […]","Nvidia’s AI-driven earnings surge sparks market rally, easing bubble fears",newsapi
6921826f82c05455042c1d91,https://consent.yahoo.com/v2/collectConsent?sessionId=1_cc-session_235c6575-4c13-4a46-8d72-7ae84a30155a,Bitcoin,2025-11-22T09:29:19.854238+00:00,2025-11-21T05:51:44+00:00,2025-11-22T09:29:19.854238+00:00,0.5078965127468109,0.6348784565925598,0.1269819438457489,0.23813961446285248,positive,negative,neutral,0.6348784565925598,0.1269819438457489,0.23813961446285248,consent.yahoo.com,,Treasury Secretary Scott Bessent’s Surprise Visit to Bitcoin Bar Sparks Industry Buzz,newsapi
6921827182c05455042c1d92,https://cointelegraph.com/news/msci-digital-asset-treasury-index-exclusion-risk,Ethereum,2025-11-22T09:29:21.546597+00:00,2025-11-21T05:37:17+00:00,2025-11-22T18:42:54.728773+00:00,-0.9385706223547459,0.010647710412740707,0.9492183327674866,0.04013398289680481,positive,negative,neutral,0.010647710412740707,0.9492183327674866,0.04013398289680481,cointelegraph.com,"The MSCI is reviewing whether to exclude digital asset treasury companies with more than 50% crypto on their balance sheets, which analysts warn could pressure firms and erode billions in value.","MSCI index likely to kick out crypto treasuries, exec warns",newsapi
6921827782c05455042c1d93,https://cryptonews.com/news/bitcoin-price-85k-stocks-slide-jobs-data-clouds-rate-outlook-asia-market-open/,Bitcoin,2025-11-22T09:29:27.679413+00:00,2025-11-21T05:31:59+00:00,2025-11-22T09:29:27.679413+00:00,-0.9516249392181635,0.019220998510718346,0.9708459377288818,0.009933032095432281,positive,negative,neutral,0.019220998510718346,0.9708459377288818,0.009933032095432281,cryptonews.com,"Bitcoin tumbled 7% to about $85,000 on Friday as Asian markets opened weaker, with regional stocks joining a global sell-off after closely watched US jobs...","Asia Market Open: Bitcoin Tumbles 7% to $85K, Stocks Retreat as US Jobs Data Fails to Clarify Rate Outlook",newsapi
6921827c82c05455042c1d96,https://ambcrypto.com/sharplinks-move-puts-pressure-on-ethereum-as-it-drops-below-3k-details/,Ethereum,2025-11-22T09:29:32.051928+00:00,2025-11-21T09:00:54+00:00,2025-11-23T00:28:52.291304+00:00,-0.9480568580329418,0.020302552729845047,0.9683594107627869,0.011338080279529095,positive,negative,neutral,0.020302552729845047,0.9683594107627869,0.011338080279529095,ambcrypto.com,"Ethereum is facing selling pressure after SharpLink offloaded $33.5M in ETH, while ETF outflows and rising exchange reserves...",SharpLink’s move puts pressure on Ethereum as it drops below $3K – Details,newsapi
692182a882c05455042c1d9e,http://www.newsbtc.com/analysis/doge/dogecoin-doge-falls-again-0-1550/,Solana,2025-11-22T09:30:16.357790+00:00,2025-11-21T05:28:23+00:00,2025-11-22T18:43:02.734525+00:00,-0.9571364596486092,0.01655285805463791,0.9736893177032471,0.009757774882018566,positive,negative,neutral,0.01655285805463791,0.9736893177032471,0.009757774882018566,www.newsbtc.com,Dogecoin started a fresh decline below the $0.1550 zone against the US Dollar. DOGE is now consolidating losses and might face hurdles near $0.1560.,Dogecoin (DOGE) Falls Again as Trader Sentiment Turns Increasingly Bearish,newsapi
692182ab82c05455042c1d9f,http://www.newsbtc.com/analysis/eth/ethereum-price-declines-3k/,Ethereum,2025-11-22T09:30:19.784460+00:00,2025-11-21T04:18:19+00:00,2025-11-22T18:43:06.527110+00:00,-0.9584078388288617,0.011678914539515972,0.9700867533683777,0.018234265968203545,positive,negative,neutral,0.011678914539515972,0.9700867533683777,0.018234265968203545,www.newsbtc.com,"Ethereum price failed to stay above $3,000 and tested $2,770. ETH is now attempting to recover but faces resistance near $2,880.","Ethereum Price Declines Again, Consolidates Below $3K After Latest Breakdown",newsapi
692182b282c05455042c1da0,https://bitcoinist.com/sharplink-gaming-ethereum-linked-wallet-moves-10975/,Ethereum,2025-11-22T09:30:26.007568+00:00,2025-11-21T04:00:57+00:00,2025-11-22T18:43:09.338699+00:00,-0.011921495199203491,0.11046596616506577,0.12238746136426926,0.7671465873718262,positive,negative,neutral,0.11046596616506577,0.12238746136426926,0.7671465873718262,bitcoinist.com,"SharpLink-linked wallet moves 10,975 Ethereum to Galaxy Digital OTC, receiving 10M USDC back. This sparks speculation: Is the firm selling","Is SharpLink Gaming Offloading Ethereum? Linked Wallet Moves 10,975 ETH to Galaxy Digital OTC",newsapi
692182b382c05455042c1da1,https://www.coindesk.com/markets/2025/11/21/btc-falls-toward-mid-usd80ks-as-market-structure-weakens-into-year-end,Bitcoin,2025-11-22T09:30:27.864485+00:00,2025-11-21T03:30:38+00:00,2025-11-22T18:43:11.077489+00:00,-0.9415280446410179,0.021509207785129547,0.9630372524261475,0.015453500673174858,positive,negative,neutral,0.021509207785129547,0.9630372524261475,0.015453500673174858,www.coindesk.com,"FlowDesk flags sustained sell pressure from old wallets, QCP notes a sudden hawkish Fed repricing, and Deribit data shows downside positioning now dominating.",BTC Falls Toward Mid-$80Ks as Market Structure Weakens Into Year-End,newsapi
692182b582c05455042c1da2,https://biztoc.com/x/720ce59680562644,Bitcoin,2025-11-22T09:30:29.114203+00:00,2025-11-21T02:43:53+00:00,2025-11-22T17:32:34.221808+00:00,0.4718123283237219,0.49731865525245667,0.02550632692873478,0.4771749675273895,positive,negative,neutral,0.49731865525245667,0.02550632692873478,0.4771749675273895,biztoc.com,"On Thursday, Cathie Wood-led Ark Invest executed significant trades, including buying shares of Nvidia Corp (NASDAQ:NVDA) and selling shares of Advanced Micro…","Cathie Wood Dumps AMD Shares, Loads Up On Nvidia With $17 Million Buy Amid Earnings Buzz: Ark Scoops Up These Crypto Stocks As Bitcoin, Ethereum Crash",newsapi
692182bd82c05455042c1da5,https://line25.com/articles/beste-internet-casino-deutschland-liste-ee-best-deutsche-casinos-portale-2025/,Ethereum,2025-11-22T09:30:37.532771+00:00,2025-11-21T02:24:02+00:00,2025-11-22T09:30:37.532771+00:00,0.05752029828727245,0.07491210848093033,0.017391810193657875,0.9076961278915405,positive,negative,neutral,0.07491210848093033,0.017391810193657875,0.9076961278915405,line25.com,Beste Online Internet Casinos Deutschland Content Monatliche Einzahlungslimits Der Internet Casino Bonus: Fairness Zahlt Sich Aus Verfügbarkeit Von Zahlungsmethoden Kann Man Wirklich Im Online Casino Deutschland Echtgeld Gewinnen? Die ... Read More →\nThe post…,Beste Internet Casino Deutschland Liste ᐈ Best Deutsche Casinos Portale 2025,newsapi
692182be82c05455042c1da6,https://biztoc.com/x/46ff0013fcbbcbc0,Bitcoin,2025-11-22T09:30:38.408222+00:00,2025-11-21T02:21:38+00:00,2025-11-22T17:32:39.827509+00:00,-0.9564268803223968,0.014129498042166233,0.970556378364563,0.015314114280045033,positive,negative,neutral,0.014129498042166233,0.970556378364563,0.015314114280045033,biztoc.com,"Leading cryptocurrencies fell further alongside stocks on Thursday, as stronger jobs data cast doubt on whether the Federal Reserve will deliver another rate…","Bitcoin Trades Below $90,000 As Fed Rate Cut Hopes Fade; Ethereum, XRP, Dogecoin Struggle: Analyst Forecasts 'Healthy Recalibration' Next",newsapi
692182c782c05455042c1dab,https://finance.yahoo.com/news/bitmine-immersion-stocks-momentum-know-013116557.html,Ethereum,2025-11-22T09:30:47.838686+00:00,2025-11-21T01:31:16+00:00,2025-11-22T17:32:43.830665+00:00,0.032559504732489586,0.04868703708052635,0.016127532348036766,0.9351854920387268,positive,negative,neutral,0.04868703708052635,0.016127532348036766,0.9351854920387268,finance.yahoo.com,Blockchain technology company BitMine Immersion Technologies Inc. (NYSE:BMNR) is set to report the results of the fourth quarter and full year ending Aug. 31 before the opening bell on Friday. Here’s what investors should focus on before the ...,BitMine Immersion Stock's Momentum: What You Should Know About Tom Lee's Ethereum Treasury Company As Q4 Results Near,newsapi
692182d782c05455042c1dae,https://www.redmondpie.com/he-earns-8150-a-day-by-mining-on-cryptominingfirm-using-only-a-mobile-phone-you-can-too/,Ethereum,2025-11-22T09:31:03.804602+00:00,2025-11-20T23:17:42+00:00,2025-11-22T18:45:53.566447+00:00,0.0368229616433382,0.06323108822107315,0.026408126577734947,0.9103608131408691,positive,negative,neutral,0.06323108822107315,0.026408126577734947,0.9103608131408691,www.redmondpie.com,"San Francisco, California — 34-year-old Ethan Miller never imagined he could earn a stable $8,150 a day using only his mobile phone.","He Earns $8,150 A Day By Mining On Cryptominingfirm Using Only A Mobile Phone — You Can Too!",newsapi
692182d982c05455042c1daf,https://biztoc.com/x/808254cc244c0a41,Bitcoin,2025-11-22T09:31:05.854483+00:00,2025-11-20T23:00:30+00:00,2025-11-22T09:31:05.854483+00:00,-0.474359467625618,0.06295953691005707,0.537319004535675,0.39972153306007385,positive,negative,neutral,0.06295953691005707,0.537319004535675,0.39972153306007385,biztoc.com,Retail investors have sold about $4 billion of spot BTC and ETH ETFs in November — the main driver of the latest crypto market correction.,JPMorgan says crypto market correction appears driven by retail selling of bitcoin and ether ETFs,newsapi
692182db82c05455042c1db0,https://ambcrypto.com/why-ethereums-staking-strength-couldnt-halt-eths-price-slide/,Ethereum,2025-11-22T09:31:07.341878+00:00,2025-11-20T23:00:08+00:00,2025-11-22T09:31:07.341878+00:00,0.9269323721528053,0.9495887160301208,0.02265634387731552,0.02775491215288639,positive,negative,neutral,0.9495887160301208,0.02265634387731552,0.02775491215288639,ambcrypto.com,"Ethereum shows strong conviction as staking hits record highs, signaling potential for a year-end rebound despite recent market weakness.",Why Ethereum’s staking strength couldn’t halt ETH’s price slide,newsapi
692182dd82c05455042c1db1,https://www.thestreet.com/crypto/markets/bitcoin-xrp-crash-as-black-friday-approaches,Bitcoin,2025-11-22T09:31:09.628928+00:00,2025-11-20T22:30:48+00:00,2025-11-22T09:31:09.628928+00:00,-0.936389877460897,0.01271496806293726,0.9491048455238342,0.03818013519048691,positive,negative,neutral,0.01271496806293726,0.9491048455238342,0.03818013519048691,www.thestreet.com,The total crypto market cap slipped below $3 trillion on Nov. 20 as the digital assets market continued to reel. As per onchain analytics firm CoinGlass...,"Bitcoin, XRP crash as 'Black Friday' approaches",newsapi
692182e682c05455042c1db5,https://cointelegraph.com/news/eth-dats-have-a-problem-ether-s-crash-below-dollar3k-vaporized-a-year-s-worth-of-gains,Ethereum,2025-11-22T09:31:17.970963+00:00,2025-11-20T21:15:00+00:00,2025-11-22T09:31:17.970963+00:00,-0.9576361132785678,0.009723846800625324,0.9673599600791931,0.022916117683053017,positive,negative,neutral,0.009723846800625324,0.9673599600791931,0.022916117683053017,cointelegraph.com,"Many Ether treasury companies are underwater on their ETH positions, which could complicate future fundraising and lead to increased sell pressure if they are forced to reduce their position size.",ETH DATs have a problem: Ether’s crash below $3K vaporized a year’s worth of gains,newsapi
692182f182c05455042c1db6,https://cryptonews.com/news/panic-signal-bitcoin-crashes-under-90k-early-warning-of-risk-asset-meltdown/,Bitcoin,2025-11-22T09:31:29.613731+00:00,2025-11-20T20:28:37+00:00,2025-11-22T09:31:29.613731+00:00,-0.8985079154372215,0.04257277399301529,0.9410806894302368,0.016346504911780357,positive,negative,neutral,0.04257277399301529,0.9410806894302368,0.016346504911780357,cryptonews.com,"Bitcoin slipped under the $90,000 mark this week for the first time in seven months, deepening a sell-off that has spread across the crypto market and...",Panic Warning: Bitcoin Crashes Under $90K – Early Warning of Risk-Asset Meltdown?,newsapi
692182f882c05455042c1db9,https://biztoc.com/x/d6583d0cabd85630,Bitcoin,2025-11-22T09:31:36.571914+00:00,2025-11-20T20:23:27+00:00,2025-11-22T17:35:27.872182+00:00,-0.9604630125686526,0.014826332218945026,0.9752893447875977,0.009884348139166832,positive,negative,neutral,0.014826332218945026,0.9752893447875977,0.009884348139166832,biztoc.com,"Bitcoin continued its decline on Thursday, breaking key support levels as sentiment continues to deteriorate amid a broader market…","Bitcoin Drops To $87,000, Ethereum Loses $3,000, XRP Hangs On To $2 As Sell-Off Continues",newsapi
6921830282c05455042c1dbc,https://biztoc.com/x/16dfb79903500c39,Ethereum,2025-11-22T09:31:46.535665+00:00,2025-11-20T20:00:54+00:00,2025-11-22T09:31:46.535665+00:00,-0.9620097018778324,0.007978823035955429,0.9699885249137878,0.022032642737030983,positive,negative,neutral,0.007978823035955429,0.9699885249137878,0.022032642737030983,biztoc.com,"Ethereum's (CRYPTO: ETH) decisive break below the critical $3,000 level has reignited a months-long debate: was the prior bullish thesis driven by real fundamentals—or by a deep misunderstanding of how Ethereum works?\nWhat Happened: Prominent trader Andrew Ka…",Ethereum Is Down 32% Since Trader Slammed Tom Lee's Bull Thesis As 'Financially Illiterate',newsapi
6921830382c05455042c1dbd,http://www.newsbtc.com/analysis/xrp/barstools-investment-xrp/,Ethereum,2025-11-22T09:31:47.928716+00:00,2025-11-20T20:00:49+00:00,2025-11-22T09:31:47.928716+00:00,0.538503423333168,0.5549083352088928,0.016404911875724792,0.4286867380142212,positive,negative,neutral,0.5549083352088928,0.016404911875724792,0.4286867380142212,www.newsbtc.com,Dave Portnoy has re-entered the digital-asset arena with a seven-figure allocation in XRP that has raised eyebrows across the market.,"Barstools Founder Just Made A Million-Dollar Investment In XRP, Does He Know Something?",newsapi
6921830c82c05455042c1dbf,https://www.thestreet.com/crypto/markets/bitcoins-earliest-billionaire-empties-entire-portfolio-after-market-crash,Bitcoin,2025-11-22T09:31:56.706158+00:00,2025-11-20T19:29:32+00:00,2025-11-22T09:34:55.959542+00:00,-0.02078762650489807,0.036247577518224716,0.05703520402312279,0.9067172408103943,positive,negative,neutral,0.036247577518224716,0.05703520402312279,0.9067172408103943,www.thestreet.com,Bitcoin (BTC) whale Owen Gunden has sold his entire holdings. The eighth richest crypto holder in the world has unloaded roughly $1.3 billion worth of BTC...,Bitcoin’s earliest billionaire empties entire portfolio after market crash,newsapi
6921830f82c05455042c1dc0,https://cointelegraph.com/news/coinbase-ether-backed-loans-us,Ethereum,2025-11-22T09:31:59.558424+00:00,2025-11-20T18:42:20+00:00,2025-11-22T09:31:59.558424+00:00,0.8439683374017477,0.851486325263977,0.007517987862229347,0.14099574089050293,positive,negative,neutral,0.851486325263977,0.007517987862229347,0.14099574089050293,cointelegraph.com,"Coinbase now lets US users borrow USDC against their Ethereum, expanding its Base-powered lending platform, which has already originated over $1.25 billion in loans.",Coinbase launches ETH-backed loans as onchain lending tops $1.25B,newsapi
6921831182c05455042c1dc3,https://biztoc.com/x/b7ee16bdd852e8b2,Bitcoin,2025-11-22T09:32:01.285805+00:00,2025-11-20T18:42:12+00:00,2025-11-22T09:32:01.285805+00:00,-0.35467120073735714,0.023588934913277626,0.37826013565063477,0.5981509685516357,positive,negative,neutral,0.023588934913277626,0.37826013565063477,0.5981509685516357,biztoc.com,The Entire Business World on a Single Page with the Web's Most Comprehensive One-Stop Finance News Hub.,Bitcoin Price Falls Again. Why Cryptos Are Still Down Today—and What Could Change That,newsapi
6921831282c05455042c1dc4,https://biztoc.com/x/b26fa311f18534c9,Bitcoin,2025-11-22T09:32:02.586984+00:00,2025-11-20T18:42:06+00:00,2025-11-22T09:34:59.423422+00:00,-0.8544360436499119,0.059841569513082504,0.9142776131629944,0.025880776345729828,positive,negative,neutral,0.059841569513082504,0.9142776131629944,0.025880776345729828,biztoc.com,"It’s been a brutal stretch for the crypto market, which was flying high as recently as early October. On Thursday, Bitcoin, the original cryptocurrency, hit a…","Crypto’s Q4 wipeout is among worst in memory–but better times may be ahead, says analyst",newsapi
6921831482c05455042c1dc5,https://fortune.com/2025/11/20/cryptos-q4-wipeout-is-among-worst-in-memory/,Bitcoin,2025-11-22T09:32:04.187309+00:00,2025-11-20T18:34:36+00:00,2025-11-22T09:35:00.463175+00:00,-0.9469725117087364,0.016355551779270172,0.9633280634880066,0.020316384732723236,positive,negative,neutral,0.016355551779270172,0.9633280634880066,0.020316384732723236,fortune.com,Bitcoin plummets to below $90K for the first time since April,"Crypto’s Q4 wipeout is among worst in memory–but better times may be ahead, says analyst",newsapi
6921831582c05455042c1dc6,https://biztoc.com/x/684104abc7ee8dd9,Ethereum,2025-11-22T09:32:05.044035+00:00,2025-11-20T18:30:49+00:00,2025-11-22T09:32:05.044035+00:00,-0.956788101233542,0.009632608853280544,0.9664207100868225,0.023946693167090416,positive,negative,neutral,0.009632608853280544,0.9664207100868225,0.023946693167090416,biztoc.com,"BitMine Sits On $3.7B Loss As DAT 'Hotel California' Meets BlackRock's Staked ETH ETF\n \nAuthored by Zoltan Vardai via CoinTelegraph.com,\nConcerns are mounting…",BitMine Sits On $3.7B Loss As DAT 'Hotel California' Meets BlackRock's Staked ETH ETF,newsapi
6921831b82c05455042c1dc7,https://economictimes.indiatimes.com/news/international/us/ethereum-price-crashes-to-2800-as-1-5-billion-etf-outflows-trigger-crypto-selloff-how-low-will-eth-drop-next/articleshow/125469470.cms,Ethereum,2025-11-22T09:32:11.221121+00:00,2025-11-20T18:30:48+00:00,2025-11-22T09:32:11.221121+00:00,-0.9281121976673603,0.026690077036619186,0.9548022747039795,0.01850762963294983,positive,negative,neutral,0.026690077036619186,0.9548022747039795,0.01850762963294983,economictimes.indiatimes.com,"ETH price today: Ethereum's price plummeted to near $2,800, driven by significant ETF outflows and the lingering impact of a major liquidation event. Digital asset treasuries are now forced sellers, offloading ETH to reduce discounts to their net asset value.…","Ethereum price crashes to $2,800 as $1.5 billion ETF outflows trigger crypto selloff - how low will ETH drop next?",newsapi
6921831c82c05455042c1dc8,https://biztoc.com/x/c1d45f282d53b2a0,Bitcoin,2025-11-22T09:32:12.553544+00:00,2025-11-20T18:30:40+00:00,2025-11-22T09:32:12.553544+00:00,-0.9663038896396756,0.007988388650119305,0.9742922782897949,0.017719227820634842,positive,negative,neutral,0.007988388650119305,0.9742922782897949,0.017719227820634842,biztoc.com,"BitMine Immersion Technologies Inc (AMEX:BMNR) shares are trading lower Thursday afternoon, swept up in a broader cryptocurrency correction that saw Bitcoin…",BitMine Immersion Technologies (BMNR) Stock Slides Amid Ethereum Sell-Off,newsapi
6921831d82c05455042c1dc9,https://biztoc.com/x/9945c62e39ba5854,Bitcoin,2025-11-22T09:32:13.454980+00:00,2025-11-20T18:09:03+00:00,2025-11-22T09:32:13.454980+00:00,-0.9525625379756093,0.013159546069800854,0.9657220840454102,0.021118277683854103,positive,negative,neutral,0.013159546069800854,0.9657220840454102,0.021118277683854103,biztoc.com,"Quick Read\n-\nBTC selloff continues\n-\nEthereum suffering from DAT sales\n-\nBTC’s recovery last night was short lived, as the leading crypto has gone back below…",The Bleeding Continues,newsapi
6921831f82c05455042c1dca,https://coinjournal.net/news/coinbase-rolls-out-ethereum-backed-loans-for-users-to-borrow-usdc-without-selling/,Ethereum,2025-11-22T09:32:15.107480+00:00,2025-11-20T18:04:26+00:00,2025-11-22T09:32:15.107480+00:00,0.5001961896196008,0.5095599889755249,0.00936379935592413,0.4810762405395508,positive,negative,neutral,0.5095599889755249,0.00936379935592413,0.4810762405395508,coinjournal.net,"Coinbase has launched Ether-backed loans, allowing users in most American states to access on-chain cash without offloading their holdings.",Coinbase rolls out Ethereum-backed loans for users to borrow USDC without selling,newsapi
6921832582c05455042c1dcd,https://ambcrypto.com/institutions-pause-bitcoin-ethereum-exposure-this-is-solanas-gain/,Bitcoin,2025-11-22T09:32:21.286179+00:00,2025-11-20T18:00:38+00:00,2025-11-22T09:35:01.549724+00:00,-0.9530259249731898,0.014531207270920277,0.9675571322441101,0.017911624163389206,positive,negative,neutral,0.014531207270920277,0.9675571322441101,0.017911624163389206,ambcrypto.com,Stablecoin inflows drop as institutions pull back from Bitcoin and Ethereum while Solana attracts continued investor interest.,"Institutions pause Bitcoin, Ethereum exposure – This is Solana’s gain",newsapi
6921832b82c05455042c1dce,http://www.newsbtc.com/news/ethereum/ethereum-key-on-chain-support/,Ethereum,2025-11-22T09:32:27.400941+00:00,2025-11-20T18:00:12+00:00,2025-11-22T09:32:27.400941+00:00,0.9056926388293505,0.9218316674232483,0.01613902859389782,0.0620293915271759,positive,negative,neutral,0.9218316674232483,0.01613902859389782,0.0620293915271759,www.newsbtc.com,"The cryptocurrency market finds itself at a compelling crossroads, and Ethereum has once again returned to a pivotal on-chain support zone that has historically marked major turning points in its market cycle. With ETH now pressing against this same support, …",Ethereum Is Sitting On Its Most Critical On-Chain Support Level — A Rally Emerging?,newsapi
6921832e82c05455042c1dd0,https://biztoc.com/x/1232afb85a68b0d3,Bitcoin,2025-11-22T09:32:30.930993+00:00,2025-11-20T17:34:59+00:00,2025-11-22T09:32:30.930993+00:00,-0.9284556554630399,0.013843591324985027,0.9422992467880249,0.043857231736183167,positive,negative,neutral,0.013843591324985027,0.9422992467880249,0.043857231736183167,biztoc.com,Quick Read\n \n \n BTC selloff continues \n \n Ethereum suffering from DAT sales \n \n If you’re focused on picking the right stocks and ETFs you may be missing the…,The Bleeding Continues,newsapi
6921833682c05455042c1dd2,https://cryptobriefing.com/crypto-market-liquidations-november-2025/,Bitcoin,2025-11-22T09:32:38.151517+00:00,2025-11-20T17:08:48+00:00,2025-11-22T09:32:38.151517+00:00,-0.9426962025463581,0.01845778152346611,0.9611539840698242,0.020388245582580566,positive,negative,neutral,0.01845778152346611,0.9611539840698242,0.020388245582580566,cryptobriefing.com,"The crypto market saw over $250 million liquidated after a sudden price drop on November 20; Bitcoin dropped below $87,500.","Bitcoin suddenly drops below $87,500, triggering over $250 million liquidation",newsapi
6921833c82c05455042c1dd3,https://bitcoinist.com/bitcoin-comments-ahead-of-xrp-etf/,Bitcoin,2025-11-22T09:32:44.407222+00:00,2025-11-20T17:00:29+00:00,2025-11-22T09:35:15.908206+00:00,-0.019318237900733948,0.22856146097183228,0.24787969887256622,0.5235587954521179,positive,negative,neutral,0.22856146097183228,0.24787969887256622,0.5235587954521179,bitcoinist.com,Franklin Templeton CEO’s comments about Bitcoin have resurfaced ahead of the asset manager’s XRP ETF launch.,Franklin Templeton CEO’s Bitcoin Comments Re-emerge Ahead Of XRP ETF Launch,newsapi
6921834482c05455042c1dd6,https://thehackernews.com/2025/11/tsundere-botnet-expands-using-game.html,Ethereum,2025-11-22T09:32:52.297531+00:00,2025-11-20T16:57:00+00:00,2025-11-22T09:32:52.297531+00:00,-0.07400185614824295,0.0354064404964447,0.10940829664468765,0.8551852703094482,positive,negative,neutral,0.0354064404964447,0.10940829664468765,0.8551852703094482,thehackernews.com,"Cybersecurity researchers have warned of an actively expanding botnet dubbed Tsundere that's targeting Windows users.\nActive since mid-2025, the threat is designed to execute arbitrary JavaScript code retrieved from a command-and-control (C2) server, Kaspersk…",Tsundere Botnet Expands Using Game Lures and Ethereum-Based C2 on Windows,newsapi
6921834682c05455042c1dd7,https://www.coindesk.com/markets/2025/11/20/bitcoin-s-nvidia-led-gains-prove-short-lived-with-price-slumping-back-to-usd88k,Bitcoin,2025-11-22T09:32:54.830086+00:00,2025-11-20T16:52:17+00:00,2025-11-22T09:32:54.830086+00:00,-0.9453468099236488,0.017723046243190765,0.9630698561668396,0.019207073375582695,positive,negative,neutral,0.017723046243190765,0.9630698561668396,0.019207073375582695,www.coindesk.com,"U.S. stocks are also giving up a major early advance, with the Nasdaq now ahead just 0.3%.","Bitcoin's Nvidia-Led Gains Prove Short-Lived, With Price Slumping Back to $88K",newsapi
6921834d82c05455042c1dda,https://www.wealthmanagement.com/etfs/advizorpro-ethereum-etfs-gained-ground-with-rias-in-the-third-quarter,Ethereum,2025-11-22T09:33:00.986057+00:00,2025-11-20T16:49:53+00:00,2025-11-22T09:33:00.986057+00:00,0.90922593139112,0.9271408319473267,0.017914900556206703,0.054944250732660294,positive,negative,neutral,0.9271408319473267,0.017914900556206703,0.054944250732660294,www.wealthmanagement.com,The most recent RIA ETF Trends report from AdvizorPro found RIAs turning their attention to new issuers.,AdvizorPro: Ethereum ETFs Gained Ground with RIAs in Q3,newsapi
6921834e82c05455042c1ddc,https://biztoc.com/x/84ee9dbc40f456ae,Ethereum,2025-11-22T09:33:02.076509+00:00,2025-11-20T16:27:27+00:00,2025-11-22T09:33:02.076509+00:00,0.16636871453374624,0.17552192509174347,0.009153210557997227,0.8153248429298401,positive,negative,neutral,0.17552192509174347,0.009153210557997227,0.8153248429298401,biztoc.com,The Entire Business World on a Single Page with the Web's Most Comprehensive One-Stop Finance News Hub.,Ethereum’s Fusaka Upgrade Signals New Era for Value Accrual: Fidelity Digital Assets,newsapi
6921835082c05455042c1ddd,https://www.coindesk.com/tech/2025/11/20/ethereum-s-fusaka-upgrade-signals-new-era-for-value-accrual-fidelity-digital-assets,Ethereum,2025-11-22T09:33:03.980423+00:00,2025-11-20T16:18:53+00:00,2025-11-22T09:33:03.980423+00:00,0.9315226720646024,0.942552924156189,0.01103025209158659,0.04641680419445038,positive,negative,neutral,0.942552924156189,0.01103025209158659,0.04641680419445038,www.coindesk.com,"The upgrade marks a sharper strategic turn for the blockchain, aligning protocol development with economic intent and strengthening the case for ether.",Ethereum’s Fusaka Upgrade Signals New Era for Value Accrual: Fidelity Digital Assets,newsapi
6921835b82c05455042c1dde,https://finance.yahoo.com/news/asked-chatgpt-cryptos-survive-next-161605161.html,Bitcoin,2025-11-22T09:33:14.984895+00:00,2025-11-20T16:16:05+00:00,2025-11-22T09:35:23.880832+00:00,0.01881040632724762,0.1501498967409134,0.13133949041366577,0.7185105681419373,positive,negative,neutral,0.1501498967409134,0.13133949041366577,0.7185105681419373,finance.yahoo.com,"ChatGPT said Bitcoin and Ethereum are most likely to survive crashes based on market dominance and utility, but warned even survivors may lose in downturns.",I Asked ChatGPT Which Cryptos Will Survive the Next Crash: Here’s What It Said,newsapi
6921835c82c05455042c1de1,https://coinjournal.net/news/sol-price-ticks-higher-as-solana-teases-a-big-announcement-loading/,Solana,2025-11-22T09:33:16.259322+00:00,2025-11-20T16:10:19+00:00,2025-11-22T09:35:32.269410+00:00,0.8959247022867203,0.92546546459198,0.029540762305259705,0.04499364271759987,positive,negative,neutral,0.92546546459198,0.029540762305259705,0.04499364271759987,coinjournal.net,The SOL price has bounced back as Solana fuels excitement with a cryptic teaser hinting at a major upcoming announcement.,SOL price ticks higher as Solana teases a big announcement loading,newsapi
6921835e82c05455042c1de2,https://www.coindesk.com/business/2025/11/20/kraken-s-ipo-play-why-the-crypto-exchange-is-racing-toward-the-public-markets,Bitcoin,2025-11-22T09:33:18.886367+00:00,2025-11-20T16:09:21+00:00,2025-11-22T09:33:18.886367+00:00,0.7858321405947208,0.8126938343048096,0.02686169371008873,0.1604444533586502,positive,negative,neutral,0.8126938343048096,0.02686169371008873,0.1604444533586502,www.coindesk.com,"The filing follows debuts by Bullish and Gemini, despite bitcoin's correction, signaling the exchange’s confidence that the market recovers into the next cycle.",Kraken’s IPO Play: Why the Crypto Exchange Is Racing Toward the Public Markets,newsapi
6921836082c05455042c1de3,https://bitcoinist.com/ethereum-lead-this-major-metric/,Bitcoin,2025-11-22T09:33:20.625264+00:00,2025-11-20T16:00:54+00:00,2025-11-22T09:33:20.625264+00:00,0.9316143374890089,0.9473925828933716,0.01577824540436268,0.03682917729020119,positive,negative,neutral,0.9473925828933716,0.01577824540436268,0.03682917729020119,bitcoinist.com,"In a significant landmark, Ethereum has surpassed Bitcoin, the largest digital asset, in a key metric that has defined industry strength.",Bitcoin Loses Ground As Ethereum Takes The Lead In This Major Metric,newsapi
6921836282c05455042c1de4,https://biztoc.com/x/4e2fadd34024bc22,Ethereum,2025-11-22T09:33:22.424651+00:00,2025-11-20T15:42:41+00:00,2025-11-22T09:33:22.424651+00:00,0.3629622608423233,0.377826064825058,0.01486380398273468,0.6073101758956909,positive,negative,neutral,0.377826064825058,0.01486380398273468,0.6073101758956909,biztoc.com,"In August, FG Nexus filed paperwork with the SEC so it could potentially raise as much as $5 billion to buy Ethereum.","Ethereum treasury FG Nexus, once eager to raise up to $5 billion, sells over 10,000 ETH to fund share buybacks",newsapi
6921836382c05455042c1de5,https://biztoc.com/x/1a6c8ca83d260e12,Ethereum,2025-11-22T09:33:23.879957+00:00,2025-11-20T15:42:24+00:00,2025-11-22T09:33:23.879957+00:00,0.5859148418530822,0.59456866979599,0.00865382794290781,0.396777480840683,positive,negative,neutral,0.59456866979599,0.00865382794290781,0.396777480840683,biztoc.com,"Coinbase now allows users to borrow up to $1 million in USDC against ETH, expanding its onchain loan product offered via Morpho.","Coinbase adds ETH-backed loans via Morpho, letting users borrow up to $1 million",newsapi
6921836682c05455042c1de6,https://www.coindesk.com/markets/2025/11/20/solana-etfs-post-second-biggest-november-inflows-as-demand-grows-during-downturn,Solana,2025-11-22T09:33:26.345056+00:00,2025-11-20T15:32:26+00:00,2025-11-22T09:35:59.477644+00:00,0.8422438912093639,0.9011623859405518,0.05891849473118782,0.039919134229421616,positive,negative,neutral,0.9011623859405518,0.05891849473118782,0.039919134229421616,www.coindesk.com,U.S. spot solana exchange-traded funds have amassed a total net inflow of $476 million after 17 consecutive days of inflows since trading began on Oct. 28,Solana ETFs Post Second-Biggest November Inflows as Demand Grows During Downturn,newsapi
6921836a82c05455042c1de8,http://www.newsbtc.com/news/blackrock-staked-ethereum-etf-bitcoin-hyper-layer2-presale/,Bitcoin,2025-11-22T09:33:30.597661+00:00,2025-11-20T15:20:16+00:00,2025-11-22T09:36:02.857042+00:00,0.9003693871200085,0.93744957447052,0.03708018735051155,0.025470254942774773,positive,negative,neutral,0.93744957447052,0.03708018735051155,0.025470254942774773,www.newsbtc.com,BlackRock’s new staked Ethereum ETF plan boosts yield narratives and could push Bitcoin Hyper’s Bitcoin-tracking Layer-2 story into overdrive.,BlackRock’s Staked Ethereum ETF Play Could Supercharge Bitcoin Hyper,newsapi
6921839b82c05455042c1df0,https://prtimes.jp/main/html/rd/p/000000313.000105962.html,Solana,2025-11-22T09:34:19.384868+00:00,2025-11-21T03:12:29+00:00,2025-11-22T23:22:18.615403+00:00,0.05674827843904495,0.08142779767513275,0.0246795192360878,0.8938927054405212,positive,negative,neutral,0.08142779767513275,0.0246795192360878,0.8938927054405212,prtimes.jp,ELSOUL LABO B.V.のプレスリリース（2025年11月21日 12時12分）ERPC、シンガポールの大型 Solana RPC ノードを大幅アップデートし再稼働。アジア地域の高速化需要に対応,ERPC、シンガポールの大型 Solana RPC ノードを大幅アップデートし再稼働。アジア地域の高速化需要に対応,newsapi
6921839d82c05455042c1df1,https://www.borderlandbeat.com/2025/11/gang-of-los-negros-busted-accused-of.html,Solana,2025-11-22T09:34:21.038408+00:00,2025-11-21T02:35:00+00:00,2025-11-22T23:22:19.690281+00:00,-0.9275231175124645,0.018117863684892654,0.9456409811973572,0.03624117001891136,positive,negative,neutral,0.018117863684892654,0.9456409811973572,0.03624117001891136,www.borderlandbeat.com,"“Sol Prendido” for Borderland Beat  Following several complaints, police arrested three men who were demanding money from drivers in the Ins...","Gang of “Los Negros” Busted, Accused Of Extorting Drivers In The Gustavo A. Madero Borough",newsapi
6921839e82c05455042c1df2,https://financialpost.com/globe-newswire/zefiro-founder-and-former-chairman-requisitions-shareholders-meeting-and-intends-to-nominate-five-directors-to-the-board-of-directors-of-zefiro-methane,Ethereum,2025-11-22T09:34:22.243953+00:00,2025-11-21T02:18:26+00:00,2025-11-22T22:13:27.981577+00:00,-0.33049585297703743,0.0348084382712841,0.36530429124832153,0.5998873114585876,positive,negative,neutral,0.0348084382712841,0.36530429124832153,0.5998873114585876,financialpost.com,Zefiro’s largest shareholder calls for change to replace self-serving and conflicted board that is destroying shareholder value,Zefiro Founder and Former Chairman Requisitions Shareholders Meeting and intends to Nominate Five Directors to the Board of Directors of Zefiro Methane,newsapi
6921839f82c05455042c1df3,https://www.globenewswire.com/news-release/2025/11/21/3192496/0/en/Zefiro-Founder-and-Former-Chairman-Requisitions-Shareholders-Meeting-and-intends-to-Nominate-Five-Directors-to-the-Board-of-Directors-of-Zefiro-Methane.html,Ethereum,2025-11-22T09:34:23.241659+00:00,2025-11-21T02:16:00+00:00,2025-11-22T21:05:00.087269+00:00,-0.5524588450789452,0.03138909488916397,0.5838479399681091,0.3847629725933075,positive,negative,neutral,0.03138909488916397,0.5838479399681091,0.3847629725933075,www.globenewswire.com,Zefiro’s largest shareholder calls for change to replace self-serving and conflicted board that is destroying shareholder value     ...,Zefiro Founder and Former Chairman Requisitions Shareholders Meeting and intends to Nominate Five Directors to the Board of Directors of Zefiro Methane,newsapi
692183a282c05455042c1df4,https://prtimes.jp/main/html/rd/p/000000312.000105962.html,Solana,2025-11-22T09:34:26.216621+00:00,2025-11-21T01:40:03+00:00,2025-11-22T21:05:01.990139+00:00,0.08077274262905121,0.10301624983549118,0.022243507206439972,0.8747403025627136,positive,negative,neutral,0.10301624983549118,0.022243507206439972,0.8747403025627136,prtimes.jp,ELSOUL LABO B.V.のプレスリリース（2025年11月21日 00時54分）ERPC、フランクフルトで Solana アプリ向けプレミアムベアメタルを数量限定再入荷。ゼロ距離構成の人気サーバーが再び利用可能に,ERPC、フランクフルトで Solana アプリ向けプレミアムベアメタルを数量限定再入荷。ゼロ距離構成の人気サーバーが再び利用可能に,newsapi
692183a682c05455042c1df6,https://www.nature.com/articles/s41598-025-29274-x,Ethereum,2025-11-22T09:34:30.662737+00:00,2025-11-21T00:00:00+00:00,2025-11-22T19:56:38.443229+00:00,0.11355543322861195,0.1239447370171547,0.010389303788542747,0.8656659722328186,positive,negative,neutral,0.1239447370171547,0.010389303788542747,0.8656659722328186,www.nature.com,"Several critical variables in experimental design- such as type, size, material, and wind speed- influence the mechanical characteristics and performance of wind turbines. The novel contribution of this study is the derivation of quantitative relationships between mechanical performance and efficiency, in relation to these design factors, through the application of both dimensional analysis and angular momentum conservation. As a result, performance predictions for various wind turbine design factors can be made without the need for CFD analysis or wind tunnel tests. This finding enables a systematic justification of optimal wind turbine design. The validation and effectiveness of the proposed methodology are confirmed through CFD analysis of a Savonius wind turbine and experimental testing of a hybrid Savonius-Darrieus wind turbine in a wind tunnel. The predictions of mechanical charact",A comprehensive approach to mechanical performance prediction of wind turbines considering key design factors via dimensional analysis and angular momentum conservation,newsapi
692183bd82c05455042c1dfa,https://cointelegraph.com/news/solana-etf-inflows-soar-when-will-sol-price-follow-the-trend,Solana,2025-11-22T09:34:53.497876+00:00,2025-11-20T20:10:57+00:00,2025-11-22T17:35:30.368574+00:00,-0.5864600986242294,0.19468070566654205,0.7811408042907715,0.024178490042686462,positive,negative,neutral,0.19468070566654205,0.7811408042907715,0.024178490042686462,cointelegraph.com,"Spot SOL ETF inflows continue to climb despite a sharp drop in SOL price, and technical signals warn of a deeper downside if the altcoin fails to reclaim $140.",Solana ETF inflows soar: When will SOL price follow the trend?,newsapi
692183be82c05455042c1dfb,https://ambcrypto.com/inside-tsols-debut-as-solana-etfs-see-record-55m-daily-inflow/,Solana,2025-11-22T09:34:54.180940+00:00,2025-11-20T20:00:51+00:00,2025-11-22T17:35:31.113195+00:00,0.9319588765501976,0.9490362405776978,0.017077364027500153,0.033886492252349854,positive,negative,neutral,0.9490362405776978,0.017077364027500153,0.033886492252349854,ambcrypto.com,"Solana ETF inflows hit new highs as 21Shares launches TSOL, boosting institutional demand and driving SOL price and on-chain momentum.",Inside TSOL’s debut as Solana ETFs see record $55M daily inflow,newsapi
692183c782c05455042c1dfe,https://www.borderlandbeat.com/2025/11/karina-aurora-diaz-hernandez.html,Solana,2025-11-22T09:35:03.901447+00:00,2025-11-20T17:34:00+00:00,2025-11-22T09:35:03.901447+00:00,-0.4022721592336893,0.03019026480615139,0.4324624240398407,0.5373472571372986,positive,negative,neutral,0.03019026480615139,0.4324624240398407,0.5373472571372986,www.borderlandbeat.com,"“Sol Prendido” for Borderland Beat  The Campeche State Attorney General's Office (FGE) reported on the evening of Monday, November 17, 2025,...","Karina Aurora Díaz Hernández, Councilwoman of Palizada, Campeche, Was Murdered",newsapi
692183d782c05455042c1e01,https://www.coindesk.com/markets/2025/11/20/bonk-holds-range-as-heavy-volume-marks-key-support-retest,Solana,2025-11-22T09:35:19.774815+00:00,2025-11-20T16:49:53+00:00,2025-11-22T09:35:19.774815+00:00,0.799341544508934,0.8854340314865112,0.08609248697757721,0.028473498299717903,positive,negative,neutral,0.8854340314865112,0.08609248697757721,0.028473498299717903,www.coindesk.com,"BONK traded near $0.000009922 after a heavy-volume test of support and resistance levels, with higher lows forming inside a broad consolidation range.",BONK Holds Range as Heavy Volume Marks Key Support Retest,newsapi
692183fc82c05455042c1e06,https://biztoc.com/x/f2379a082ebbb149,Solana,2025-11-22T09:35:56.211215+00:00,2025-11-20T15:42:33+00:00,2025-11-22T09:35:56.211215+00:00,0.8198700994253159,0.848482608795166,0.02861250936985016,0.1229049563407898,positive,negative,neutral,0.848482608795166,0.02861250936985016,0.1229049563407898,biztoc.com,The Entire Business World on a Single Page with the Web's Most Comprehensive One-Stop Finance News Hub.,Solana ETFs Post Second-Biggest November Inflows as Demand Grows During Downturn,newsapi
6921840382c05455042c1e09,https://ambcrypto.com/blackrock-staked-ethereum-etf-takes-shape-all-details-here/,Ethereum,2025-11-22T09:36:03.499740+00:00,2025-11-20T15:00:47+00:00,2025-11-22T09:36:03.499740+00:00,-0.9223674666136503,0.01625363714993,0.9386211037635803,0.04512524604797363,positive,negative,neutral,0.01625363714993,0.9386211037635803,0.04512524604797363,ambcrypto.com,"Ethereum prices are slipping, ETFs are seeing outflows, so why are big players racing to launch staking products right now?",BlackRock staked Ethereum ETF takes shape – All details here!,newsapi
6921840482c05455042c1e0a,https://www.globenewswire.com/news-release/2025/11/20/3192069/0/en/Secure-Crypto-Casinos-2025-JACKBIT-Recognized-as-a-Bitcoin-Casino-for-Its-No-KYC-Policy-and-30-Rakeback-Feature.html,Bitcoin,2025-11-22T09:36:04.533197+00:00,2025-11-20T14:38:00+00:00,2025-11-22T09:36:04.533197+00:00,0.3780685430392623,0.3886914551258087,0.010622912086546421,0.6006856560707092,positive,negative,neutral,0.3886914551258087,0.010622912086546421,0.6006856560707092,www.globenewswire.com,"NewYork, NYC, , Nov.  20, 2025  (GLOBE NEWSWIRE) --   November 20, 2025, As interest in crypto-based gambling platforms grows, many players are searching...",Secure Crypto Casinos 2025: JACKBIT Recognized as a Bitcoin Casino for Its No-KYC Policy and 30% Rakeback Feature,newsapi
6921841782c05455042c1e0d,https://punchng.com/zero-knowledge-proofs-249-ai-proof-pods-offer-passive-income-at-launch-can-sols-60m-etf-inflows-tons-1m-deal-compete/,Solana,2025-11-22T09:36:23.781292+00:00,2025-11-20T14:07:42+00:00,2025-11-22T09:36:23.781292+00:00,0.10501448437571526,0.11585023254156113,0.010835748165845871,0.8733140230178833,positive,negative,neutral,0.11585023254156113,0.010835748165845871,0.8733140230178833,punchng.com,"Discover Zero Knowledge Proof’s $249 AI Proof Pods. Earn passive income with ready-to-ship hardware for AI validation, setting it apart from SOL and TON.\n\nRead More: https://punchng.com/zero-knowledge-proofs-249-ai-proof-pods-offer-passive-income-at-launch-ca…",Zero Knowledge Proof’s $249 AI Proof Pods Offer Passive Income at Launch: Can SOL’s $60M ETF Inflows & TON’s $1M Deal Compete?,newsapi
6921841a82c05455042c1e0e,https://decrypt.co/349361/morning-minute-ethereum-rolls-out-interop-layer-for-single-unified-chain-vision,Ethereum,2025-11-22T09:36:26.064201+00:00,2025-11-20T13:46:02+00:00,2025-11-22T09:36:26.064201+00:00,0.20913944952189922,0.2228686809539795,0.013729231432080269,0.7634021043777466,positive,negative,neutral,0.2228686809539795,0.013729231432080269,0.7634021043777466,decrypt.co,"The Ethereum Interoperability Layer will let any Ethereum L2 talk to any other L2, resolving one of its main user experience issues.",Morning Minute: Ethereum Rolls Out 'Interop Layer' for Single Unified Chain Vision,newsapi
6921841d82c05455042c1e0f,https://bitcoinist.com/bitcoin-hyper-pumps-as-bitcoin-whale-activity-may-peak-this-week/,Bitcoin,2025-11-22T09:36:29.310626+00:00,2025-11-20T13:34:42+00:00,2025-11-22T09:36:29.310626+00:00,0.920582814142108,0.947431206703186,0.02684839256107807,0.02572040632367134,positive,negative,neutral,0.947431206703186,0.02684839256107807,0.02572040632367134,bitcoinist.com,Bitcoin whale activity is rising during this month’s price weakness as Layer-2 projects like Bitcoin Hyper ($HYPER) scale $BTC.,Bitcoin Whale Activity Signals a New Phase for Bitcoin Layer-2s Like $HYPER,newsapi
6921842182c05455042c1e12,https://decrypt.co/349283/sequence-aims-take-complexity-out-crypto-payments-trailers,Solana,2025-11-22T09:36:33.842494+00:00,2025-11-20T13:01:02+00:00,2025-11-22T09:36:33.842494+00:00,0.32858660351485014,0.33872631192207336,0.010139708407223225,0.6511340141296387,positive,negative,neutral,0.33872631192207336,0.010139708407223225,0.6511340141296387,decrypt.co,"Infrastructure firm Sequence seeks to solve crypto's fragmentation problem with Trails, a platform to simplify payments across chains.",Sequence Aims to Take the Complexity Out of Crypto Payments With Trails,newsapi
6921842382c05455042c1e13,https://decrypt.co/349283/sequence-aims-take-complexity-out-crypto-payments-trails,Solana,2025-11-22T09:36:35.871490+00:00,2025-11-20T13:01:02+00:00,2025-11-22T09:36:35.871490+00:00,0.32858660351485014,0.33872631192207336,0.010139708407223225,0.6511340141296387,positive,negative,neutral,0.33872631192207336,0.010139708407223225,0.6511340141296387,decrypt.co,"Infrastructure firm Sequence seeks to solve crypto's fragmentation problem with Trails, a platform to simplify payments across chains.",Sequence Aims to Take the Complexity Out of Crypto Payments With Trails,newsapi
6921842782c05455042c1e14,https://thefly.com/permalinks/entry.php/id4243426/SLGL-SolGel-Technologies-reports-Q-EPS--vs-c-last-year,Solana,2025-11-22T09:36:39.893365+00:00,2025-11-20T12:32:28+00:00,2025-11-22T09:36:39.893365+00:00,0.2894784975796938,0.3130854070186615,0.023606909438967705,0.6633076667785645,positive,negative,neutral,0.3130854070186615,0.023606909438967705,0.6633076667785645,thefly.com,Reports Q3 revenue $400k ... SLGL,Sol-Gel Technologies reports Q3 EPS ($2.13) vs (13c) last year,newsapi
6921842d82c05455042c1e15,https://bitcoinist.com/best-crypto-to-buy-nvidia-report-rebounds-bitcoin/,Bitcoin,2025-11-22T09:36:45.124798+00:00,2025-11-20T12:31:56+00:00,2025-11-22T09:36:45.124798+00:00,0.8588699884712696,0.8716290593147278,0.012759070843458176,0.11561183631420135,positive,negative,neutral,0.8716290593147278,0.012759070843458176,0.11561183631420135,bitcoinist.com,"Nvidia's $57B quarter and Bitcoin's rebound revive risk appetite. See three aligned projects, including Bitcoin Hyper, as the best crypto to buy now.","Nvidia’s $57B Quarter, Bitcoin’s Rebound, And 3 Tokens Aligned With The Next Risk Cycle",newsapi
6921842e82c05455042c1e17,https://www.globenewswire.com/news-release/2025/11/20/3191799/0/en/Sol-Gel-Reports-Third-Quarter-2025-Financial-Results-and-Provides-Corporate-Updates.html,Solana,2025-11-22T09:36:46.108791+00:00,2025-11-20T12:30:00+00:00,2025-11-22T09:36:46.108791+00:00,0.0069773513823747635,0.029929162934422493,0.02295181155204773,0.9471190571784973,positive,negative,neutral,0.029929162934422493,0.02295181155204773,0.9471190571784973,www.globenewswire.com,Sol-Gel Reports Third Quarter 2025 Financial Results and Provides Corporate Updates...,Sol-Gel Reports Third Quarter 2025 Financial Results and Provides Corporate Updates,newsapi
6921842f82c05455042c1e19,https://www.globenewswire.com/news-release/2025/11/20/3191751/0/en/Bitcoin-Munari-Challenges-Conventional-Crypto-Projects-Through-a-Competitive-Structural-Model.html,Bitcoin,2025-11-22T09:36:47.492628+00:00,2025-11-20T12:00:00+00:00,2025-11-22T09:36:47.492628+00:00,0.3327003987506032,0.341318279504776,0.008617880754172802,0.6500638127326965,positive,negative,neutral,0.341318279504776,0.008617880754172802,0.6500638127326965,www.globenewswire.com,Bitcoin Munari opens its $0.35 public presale while outlining a phased architecture and Solana-first deployment sequence that differs from conventional...,Bitcoin Munari Challenges Conventional Crypto Projects Through a Competitive Structural Model,newsapi
6921843182c05455042c1e1a,http://www.newsbtc.com/news/bitcoin/bitcoin-to-suffer-40-crash/,Bitcoin,2025-11-22T09:36:49.265586+00:00,2025-11-20T11:30:19+00:00,2025-11-22T09:36:49.265586+00:00,-0.7085254192352295,0.13748741149902344,0.8460128307342529,0.016499781981110573,positive,negative,neutral,0.13748741149902344,0.8460128307342529,0.016499781981110573,www.newsbtc.com,"Sentiment around Bitcoin has suffered a major hit in recent weeks after the price fell below $100,000 and remains that way.",Bitcoin To Suffer 40% Crash From All-Time High? Analyst Reveals ‘Final Target’,newsapi
6921f1c682c05455042c2d8c,https://cointelegraph.com/news/what-happened-in-crypto-today?utm_source=rss_feed&utm_medium=rss%3Fvfff%3D1763832074%26_t%3D1763832074122%26_%3D1763832074122%26rand%3Dx59hw_1763832074122&utm_campaign=rss_partner_inbound,Bitcoin,2025-11-22T17:24:23.142560+00:00,2025-11-22T13:06:28+00:00,2025-11-22T17:24:23.142560+00:00,0.11558641120791435,0.16993866860866547,0.054352257400751114,0.7757090926170349,positive,negative,neutral,0.16993866860866547,0.054352257400751114,0.7757090926170349,cointelegraph.com,"Today in crypto: Solo Bitcoin miner wins $266,000, the odds of a US Fed rate cut in December have surged, and Ex-Coinbase lawyer launches NY AG bid",Here’s what happened in crypto today,rss
6921f1c882c05455042c2d8d,https://cointelegraph.com/news/spot-crypto-etfs-rebound-as-bitcoin-pulls-238m-and-ether-snaps-outflow-streak?utm_source=rss_feed&utm_medium=rss%3Fvfff%3D1763832074%26_t%3D1763832074122%26_%3D1763832074122%26rand%3Dx59hw_1763832074122&utm_campaign=rss_partner_inbound,Bitcoin,2025-11-22T17:24:25.350799+00:00,2025-11-22T12:46:32+00:00,2025-11-22T17:24:25.350799+00:00,0.7189920991659164,0.8413471579551697,0.12235505878925323,0.0362977497279644,positive,negative,neutral,0.8413471579551697,0.12235505878925323,0.0362977497279644,cointelegraph.com,"Spot Bitcoin ETFs saw $238 million in inflows on Friday after a major sell-off, while Ether funds snapped an eight-day outflow streak and Solana ETFs extended their inflow run to ten days.",Spot Bitcoin ETFs pull $238M as Ether funds snap 8-day outflow streak,rss
6921f1ca82c05455042c2d8e,https://cointelegraph.com/news/solo-bitcoin-miner-wins-266k-after-beating-million-to-one-odds?utm_source=rss_feed&utm_medium=rss%3Fvfff%3D1763832074%26_t%3D1763832074122%26_%3D1763832074122%26rand%3Dx59hw_1763832074122&utm_campaign=rss_partner_inbound,Bitcoin,2025-11-22T17:24:26.558398+00:00,2025-11-22T10:27:36+00:00,2025-11-22T17:24:26.558398+00:00,0.897397743538022,0.9169237613677979,0.01952601782977581,0.06355021893978119,positive,negative,neutral,0.9169237613677979,0.01952601782977581,0.06355021893978119,cointelegraph.com,"A hobbyist miner with just 1.2 TH/s beat million-to-one odds to earn 3.146 BTC, worth roughly $266,000, as solo mining wins continue to rise in 2025.",‘Extremely lucky’ solo Bitcoin miner beats massive odds to win $266K,rss
6921f1cb82c05455042c2d8f,https://cointelegraph.com/news/ark-invest-boosts-bullish-bitmine-circle-btc-etfs?utm_source=rss_feed&utm_medium=rss%3Fvfff%3D1763832074%26_t%3D1763832074122%26_%3D1763832074122%26rand%3Dx59hw_1763832074122&utm_campaign=rss_partner_inbound,Bitcoin,2025-11-22T17:24:27.971013+00:00,2025-11-22T07:31:35+00:00,2025-11-22T17:24:27.971013+00:00,0.8813210912048817,0.9133500456809998,0.03202895447611809,0.05462099239230156,positive,negative,neutral,0.9133500456809998,0.03202895447611809,0.05462099239230156,cointelegraph.com,"ARK Invest closed the week with fresh buys across Bullish, BitMine, Circle, Robinhood and Bitcoin ETFs, even as spot BTC ETFs posted nearly $1 billion in outflows.","ARK Invest wraps up week with Bitcoin ETF, Bullish, Circle, BitMine buys",rss
6921f1cc82c05455042c2d90,https://cointelegraph.com/news/bitcoin-sovereign-adoption-upside-candle-catalyst-jeff-park?utm_source=rss_feed&utm_medium=rss%3Fvfff%3D1763832074%26_t%3D1763832074122%26_%3D1763832074122%26rand%3Dx59hw_1763832074122&utm_campaign=rss_partner_inbound,Bitcoin,2025-11-22T17:24:29.070431+00:00,2025-11-22T02:14:35+00:00,2025-11-22T17:24:29.070431+00:00,0.3316666018217802,0.3416951894760132,0.010028587654232979,0.6482762694358826,positive,negative,neutral,0.3416951894760132,0.010028587654232979,0.6482762694358826,cointelegraph.com,"ProCap’s Jeff Park said during a podcast interview published to YouTube on Thursday that sovereign adoption would be the catalyst that pushes Bitcoin to $150,000 overnight.",Sovereign Bitcoin adoption would be the ultimate upside catalyst: Jeff Park,rss
6921f1cd82c05455042c2d91,https://cointelegraph.com/news/bitcoiners-us-federal-reserve-rate-cut-odds-surge-december-btc-price?utm_source=rss_feed&utm_medium=rss%3Fvfff%3D1763832074%26_t%3D1763832074122%26_%3D1763832074122%26rand%3Dx59hw_1763832074122&utm_campaign=rss_partner_inbound,Bitcoin,2025-11-22T17:24:30.391053+00:00,2025-11-22T00:01:07+00:00,2025-11-22T17:24:30.391053+00:00,0.9191466923803091,0.9469860792160034,0.027839386835694313,0.025174617767333984,positive,negative,neutral,0.9469860792160034,0.027839386835694313,0.025174617767333984,cointelegraph.com,"On Friday, the odds of an interest rate cut at the December FOMC meeting nearly doubled to 71.5%, prompting Bitcoiners to anticipate a potentially positive impact on the asset’s price.",Bitcoiners perk up as odds of a December Fed rate cut almost double,rss
6921f1d082c05455042c2d92,https://cointelegraph.com/news/rich-dad-poor-dad-robert-kiyosaki-sells-btc?utm_source=rss_feed&utm_medium=rss%3Fvfff%3D1763832074%26_t%3D1763832074122%26_%3D1763832074122%26rand%3Dx59hw_1763832074122&utm_campaign=rss_partner_inbound,Bitcoin,2025-11-22T17:24:33.201759+00:00,2025-11-21T22:01:51+00:00,2025-11-22T17:24:33.201759+00:00,0.033883729949593544,0.05309499427676201,0.019211264327168465,0.927693784236908,positive,negative,neutral,0.05309499427676201,0.019211264327168465,0.927693784236908,cointelegraph.com,"Robert Kiyosaki, investor and author of ""Rich Dad, Poor Dad,"" announced on Friday that he sold his BTC and will invest the profits in cash-flowing businesses.","‘Rich Dad, Poor Dad’ author and Bitcoin bull Robert Kiyosaki sells his BTC",rss
6921f1d482c05455042c2d93,https://cointelegraph.com/news/eth-futures-data-forecasts-bounce-to-dollar3-2k?utm_source=rss_feed&utm_medium=rss%3Fvfff%3D1763832074%26_t%3D1763832074122%26_%3D1763832074122%26rand%3Dx59hw_1763832074122&utm_campaign=rss_partner_inbound,Ethereum,2025-11-22T17:24:36.577697+00:00,2025-11-21T22:00:00+00:00,2025-11-22T17:24:36.577697+00:00,-0.9111920222640038,0.035483457148075104,0.9466754794120789,0.017841121181845665,positive,negative,neutral,0.035483457148075104,0.9466754794120789,0.017841121181845665,cointelegraph.com,"ETH derivatives positioning shows pro traders adding long exposure, despite the ongoing weakness and 4-month low in Ether price.","ETH price drops to 4-month low, but Ether futures data hints at $3.2K bounce",rss
6921f1dd82c05455042c2d96,https://cointelegraph.com/news/coinbase-solana-dex-vector?utm_source=rss_feed&utm_medium=rss%3Fvfff%3D1763832074%26_t%3D1763832074122%26_%3D1763832074122%26rand%3Dx59hw_1763832074122&utm_campaign=rss_partner_inbound,Solana,2025-11-22T17:24:46.397997+00:00,2025-11-21T20:24:40+00:00,2025-11-22T17:24:46.397997+00:00,0.559338266029954,0.5849997997283936,0.025661533698439598,0.3893387019634247,positive,negative,neutral,0.5849997997283936,0.025661533698439598,0.3893387019634247,cointelegraph.com,"Following other significant purchases in 2025, Coinbase said the acquisition of Vector was part of its strategy to become an  “everything exchange.”",Coinbase ’doubles down’ on Solana with latest DEX acquisition,rss
6921f1e082c05455042c2d97,https://cointelegraph.com/news/btc-etf-outflows-rebalancing-not-institutional-flight?utm_source=rss_feed&utm_medium=rss%3Fvfff%3D1763832074%26_t%3D1763832074122%26_%3D1763832074122%26rand%3Dx59hw_1763832074122&utm_campaign=rss_partner_inbound,Bitcoin,2025-11-22T17:24:48.468506+00:00,2025-11-21T20:05:26+00:00,2025-11-22T17:24:48.468506+00:00,-0.9183297920972109,0.022298498079180717,0.9406282901763916,0.03707320988178253,positive,negative,neutral,0.022298498079180717,0.9406282901763916,0.03707320988178253,cointelegraph.com,The record outflows from Bitcoin exchange-traded funds (ETFs) in November reflect a short-term downtrend and not a long-term decline or shift in demand.,"BTC ETF outflows are 'tactical rebalancing,' not institutional flight: Analysts",rss
6921f1e482c05455042c2d9a,https://cointelegraph.com/news/bitcoin-s-death-cross-confirmation-signals-start-of-btc-bear-market?utm_source=rss_feed&utm_medium=rss%3Fvfff%3D1763832074%26_t%3D1763832074122%26_%3D1763832074122%26rand%3Dx59hw_1763832074122&utm_campaign=rss_partner_inbound,Bitcoin,2025-11-22T17:24:52.864226+00:00,2025-11-21T19:49:25+00:00,2025-11-22T17:24:52.864226+00:00,-0.7485342472791672,0.04667963087558746,0.7952138781547546,0.15810655057430267,positive,negative,neutral,0.04667963087558746,0.7952138781547546,0.15810655057430267,cointelegraph.com,"Bitcoin’s death cross is complete, suggesting that the market may be at the start of a bear market if other BTC price metrics also indicate a bearish confluence.",Bitcoin’s death cross confirmation may mean BTC is officially in a bear market,rss
6921f1e982c05455042c2d9b,https://cointelegraph.com/news/bitcoin-rout-crypto-treasuries-reckoning-finance-redefined?utm_source=rss_feed&utm_medium=rss%3Fvfff%3D1763832074%26_t%3D1763832074122%26_%3D1763832074122%26rand%3Dx59hw_1763832074122&utm_campaign=rss_partner_inbound,Bitcoin,2025-11-22T17:24:57.775546+00:00,2025-11-21T19:00:00+00:00,2025-11-22T17:24:57.775546+00:00,-0.9563699029386044,0.013869140297174454,0.9702390432357788,0.015891890972852707,positive,negative,neutral,0.013869140297174454,0.9702390432357788,0.015891890972852707,cointelegraph.com,"Bitmine’s $3.7 billion paper loss and falling NAV are raising concerns for crypto treasury firms, making it difficult for DATs to raise new capital for digital asset acquisitions.",Bitcoin rout continues as crypto treasuries face reckoning: Finance Redefined,rss
6921f1eb82c05455042c2d9c,https://cointelegraph.com/news/bitcoin-s-fastest-bear-market-hides-potentially-positive-year-end-outcome-for-btc?utm_source=rss_feed&utm_medium=rss%3Fvfff%3D1763832074%26_t%3D1763832074122%26_%3D1763832074122%26rand%3Dx59hw_1763832074122&utm_campaign=rss_partner_inbound,Bitcoin,2025-11-22T17:24:59.740223+00:00,2025-11-21T18:55:37+00:00,2025-11-22T17:24:59.740223+00:00,-0.6199595332145691,0.17867857217788696,0.798638105392456,0.022683238610625267,positive,negative,neutral,0.17867857217788696,0.798638105392456,0.022683238610625267,cointelegraph.com,"BTC’s steepest drawdown since 2022 triggered $1 billion in liquidations, but a rare macroeconomic liquidity signal now hints at a four-to-six week bullish reversal window.",Bitcoin’s ‘fastest bear market’ hides potentially positive year-end outcome for BTC,rss
6921f1ef82c05455042c2d9d,https://cointelegraph.com/news/price-predictions-11-21-btc-eth-xrp-bnb-sol-doge-ada-hype-zec-bch?utm_source=rss_feed&utm_medium=rss%3Fvfff%3D1763832074%26_t%3D1763832074122%26_%3D1763832074122%26rand%3Dx59hw_1763832074122&utm_campaign=rss_partner_inbound,Bitcoin,2025-11-22T17:25:03.632079+00:00,2025-11-21T18:04:55+00:00,2025-11-22T17:25:03.631078+00:00,-0.9540400896221399,0.011584421619772911,0.9656245112419128,0.02279096655547619,positive,negative,neutral,0.011584421619772911,0.9656245112419128,0.02279096655547619,cointelegraph.com,"Bitcoin’s weakness has accelerated selling in several major altcoins, causing them to fall below their support levels. Is the worst of the selling over?","Price predictions 11/21: BTC, ETH, XRP, BNB, SOL, DOGE, ADA, HYPE, ZEC, BCH",rss
6921f1f282c05455042c2d9f,https://cointelegraph.com/news/bitmine-2026-eth-staking-market-meltdown?utm_source=rss_feed&utm_medium=rss%3Fvfff%3D1763832074%26_t%3D1763832074122%26_%3D1763832074122%26rand%3Dx59hw_1763832074122&utm_campaign=rss_partner_inbound,Ethereum,2025-11-22T17:25:07.080872+00:00,2025-11-21T17:40:56+00:00,2025-11-22T17:25:07.080872+00:00,0.8015463529154658,0.8137311339378357,0.012184781022369862,0.17408408224582672,positive,negative,neutral,0.8137311339378357,0.012184781022369862,0.17408408224582672,cointelegraph.com,"Crypto treasury company BitMine announced plans to develop infrastructure to stake its ETH holdings and generate revenue, targeting a Q1 2026 launch.",BitMine announces 2026 ETH staking plans as market melts down,rss
6921f1f882c05455042c2da1,https://cointelegraph.com/news/crypto-biz-is-this-bear-market-spoiler-no?utm_source=rss_feed&utm_medium=rss%3Fvfff%3D1763832074%26_t%3D1763832074122%26_%3D1763832074122%26rand%3Dx59hw_1763832074122&utm_campaign=rss_partner_inbound,Bitcoin,2025-11-22T17:25:12.937748+00:00,2025-11-21T16:13:08+00:00,2025-11-22T17:25:12.937748+00:00,0.07274991646409035,0.11252664774656296,0.03977673128247261,0.8476966023445129,positive,negative,neutral,0.11252664774656296,0.03977673128247261,0.8476966023445129,cointelegraph.com,"As Bitcoin tumbles below $90,000, Republic bets $100 million on Ether, Strategy buys 8,178 BTC, Tether pushes into trade finance and Kraken files for an IPO.",Crypto Biz: Is this what a bear market looks like? (Spoiler: No),rss
6921f1fa82c05455042c2da2,https://cointelegraph.com/news/bitcoin-asic-producer-bitmain-faces-us-probe-over-national-security-risks-bloomberg?utm_source=rss_feed&utm_medium=rss%3Fvfff%3D1763832074%26_t%3D1763832074122%26_%3D1763832074122%26rand%3Dx59hw_1763832074122&utm_campaign=rss_partner_inbound,Bitcoin,2025-11-22T17:25:15.299704+00:00,2025-11-21T14:55:46+00:00,2025-11-22T17:25:15.299704+00:00,-0.45457470417022705,0.11689788103103638,0.5714725852012634,0.3116295337677002,positive,negative,neutral,0.11689788103103638,0.5714725852012634,0.3116295337677002,cointelegraph.com,"US authorities have reportedly launched an investigation into Bitmain, examining whether the Chinese ASIC manufacturer’s equipment contains remote-control features that could pose security risks.",Bitcoin ASIC producer Bitmain under US investigation over national security risks: Report,rss
6921f1fd82c05455042c2da3,https://cointelegraph.com/news/bitcoin-yen-canada-stablecoin-global-express?utm_source=rss_feed&utm_medium=rss%3Fvfff%3D1763832074%26_t%3D1763832074122%26_%3D1763832074122%26rand%3Dx59hw_1763832074122&utm_campaign=rss_partner_inbound,Bitcoin,2025-11-22T17:25:17.511142+00:00,2025-11-21T14:50:28+00:00,2025-11-22T17:25:17.511142+00:00,0.8568032197654247,0.897422194480896,0.04061897471547127,0.06195884197950363,positive,negative,neutral,0.897422194480896,0.04061897471547127,0.06195884197950363,cointelegraph.com,"Japan’s stimulus package has rocked markets and Bitcoin. Meanwhile, Canada’s 2025 budget has been approved, bringing clearer guidelines for stablecoin issuers.","Bitcoin drops as yen falls, Canada approves stablecoin rules: Global Express",rss
6921f1ff82c05455042c2da4,https://cointelegraph.com/news/bitcoin-realized-losses-reach-ftx-crash-levels?utm_source=rss_feed&utm_medium=rss%3Fvfff%3D1763832074%26_t%3D1763832074122%26_%3D1763832074122%26rand%3Dx59hw_1763832074122&utm_campaign=rss_partner_inbound,Bitcoin,2025-11-22T17:25:19.484280+00:00,2025-11-21T13:59:55+00:00,2025-11-22T17:25:19.484280+00:00,0.6010831743478775,0.7826943397521973,0.18161116540431976,0.03569447621703148,positive,negative,neutral,0.7826943397521973,0.18161116540431976,0.03569447621703148,cointelegraph.com,"Realized losses on Bitcoin have risen to levels last seen during the FTX crash, with short-term holders driving the capitulation, according to Glassnode.",Bitcoin realized losses rise to FTX crash levels: Where is the bottom?,rss
6921f20182c05455042c2da5,https://cointelegraph.com/news/solana-xrp-etfs-defy-outflows?utm_source=rss_feed&utm_medium=rss%3Fvfff%3D1763832074%26_t%3D1763832074122%26_%3D1763832074122%26rand%3Dx59hw_1763832074122&utm_campaign=rss_partner_inbound,Bitcoin,2025-11-22T17:25:21.554269+00:00,2025-11-21T13:16:26+00:00,2025-11-22T17:25:21.554269+00:00,0.9181709382683039,0.9422025084495544,0.024031570181250572,0.03376584127545357,positive,negative,neutral,0.9422025084495544,0.024031570181250572,0.03376584127545357,cointelegraph.com,"Solana and XRP ETFs continue to attract steady inflows with no outflow days since launch, even as Bitcoin and Ether products trend deep into redemptions.","ETF altseason? Solana, XRP funds buck crypto’s market sell-off",rss
6921f20282c05455042c2da8,https://cointelegraph.com/news/can-bitcoin-really-be-a-store-of-value-what-pension-funds-are-starting-to-discover?utm_source=rss_feed&utm_medium=rss%3Fvfff%3D1763832074%26_t%3D1763832074122%26_%3D1763832074122%26rand%3Dx59hw_1763832074122&utm_campaign=rss_partner_inbound,Bitcoin,2025-11-22T17:25:22.773343+00:00,2025-11-21T13:09:33+00:00,2025-11-22T17:25:22.773343+00:00,0.09126069955527782,0.10952991247177124,0.018269212916493416,0.8722008466720581,positive,negative,neutral,0.10952991247177124,0.018269212916493416,0.8722008466720581,cointelegraph.com,"Discover why pension funds are reassessing Bitcoin as a potential store of value as they compare it with gold, inflation hedges and long-term portfolio needs.",Can Bitcoin really be a store of value? What pension funds are starting to discover,rss
6921f20782c05455042c2da9,https://cointelegraph.com/news/bitcoin-volatility-binance-ceo-market-comparison?utm_source=rss_feed&utm_medium=rss%3Fvfff%3D1763832074%26_t%3D1763832074122%26_%3D1763832074122%26rand%3Dx59hw_1763832074122&utm_campaign=rss_partner_inbound,Bitcoin,2025-11-22T17:25:27.601650+00:00,2025-11-21T10:57:57+00:00,2025-11-22T17:25:27.601650+00:00,0.793699212372303,0.8756296038627625,0.08193039149045944,0.042439986020326614,positive,negative,neutral,0.8756296038627625,0.08193039149045944,0.042439986020326614,cointelegraph.com,"Binance chief Richard Teng maintained that Bitcoin’s pullback stems from a broad risk-off unwinding, and that its volatility sits in line with major traditional assets.",Binance CEO says Bitcoin volatility matches broader markets amid 35% decline,rss
6921f20c82c05455042c2daa,https://decrypt.co/349630/europe-risky-3x-leveraged-bitcoin-ethereum-etfs-crypto-markets-melt-down,Bitcoin,2025-11-22T17:25:32.445349+00:00,2025-11-22T15:59:06+00:00,2025-11-23T14:00:00.165193+00:00,0.11604909971356392,0.1579146385192871,0.04186553880572319,0.8002198338508606,positive,negative,neutral,0.1579146385192871,0.04186553880572319,0.8002198338508606,decrypt.co,Investors in Europe can soon take a gamble on 3x leveraged Bitcoin and Ethereum ETFs thanks to LeverageShares.,"Europe Will Get Risky 3x Leveraged Bitcoin, Ethereum ETFs as Crypto Markets Melt Down",rss
6921f26182c05455042c2dbb,https://www.thestreet.com/crypto/markets/bitcoin-losses-crypto-ftx-collapse,Bitcoin,2025-11-22T17:26:58.128520+00:00,2025-11-21T17:25:59+00:00,2025-11-23T01:34:34.238874+00:00,-0.9542154017835855,0.012707119807600975,0.9669225215911865,0.02037026546895504,positive,negative,neutral,0.012707119807600975,0.9669225215911865,0.02037026546895504,www.thestreet.com,The total crypto market cap fell more than 10% in the last 24 hours to $2.8 trillion at the time of writing. Bitcoin (BTC) similarly fell 9% in a day to...,"Explained: Why is Bitcoin, XRP down today?",newsapi
6921f26382c05455042c2dbc,https://biztoc.com/x/5f42f891fdc692e1,Bitcoin,2025-11-22T17:26:59.989411+00:00,2025-11-21T17:25:12+00:00,2025-11-23T01:34:34.987663+00:00,0.23925940319895744,0.25078901648521423,0.01152961328625679,0.7376813888549805,positive,negative,neutral,0.25078901648521423,0.01152961328625679,0.7376813888549805,biztoc.com,"Strategy, the Bitcoin treasury pioneer (ticker MSTR) is currently included in major indices such as the Nasdaq-100, MSCI USA, and MSCI World.",‘Conviction in Bitcoin is unwavering’: Saylor rebuts MSCI removal risk amid Strategy stock selloff,newsapi
6921f26482c05455042c2dbd,https://www.barchart.com/story/news/36256946/cathie-wood-keeps-buying-the-dip-in-circle-stock-should-you,Bitcoin,2025-11-22T17:27:01.208517+00:00,2025-11-21T17:25:07+00:00,2025-11-23T01:34:36.131836+00:00,-0.545336976647377,0.08197115361690521,0.6273081302642822,0.29072076082229614,positive,negative,neutral,0.08197115361690521,0.6273081302642822,0.29072076082229614,www.barchart.com,Cathie Wood has just snapped up Circle Internet Group shares as BTC drops below the $90K mark.,Cathie Wood Keeps Buying the Dip in Circle Stock. Should You?,newsapi
6921f26a82c05455042c2dbe,https://biztoc.com/x/6cb3331357a9417b,Bitcoin,2025-11-22T17:27:06.718492+00:00,2025-11-21T17:13:49+00:00,2025-11-23T00:26:36.756165+00:00,-0.4360338971018791,0.035582102835178375,0.4716159999370575,0.4928019046783447,positive,negative,neutral,0.035582102835178375,0.4716159999370575,0.4928019046783447,biztoc.com,The Entire Business World on a Single Page with the Web's Most Comprehensive One-Stop Finance News Hub.,"Sources: the US has probed whether the products of China's Bitmain, which sells most of the world's Bitcoin-mining machines, pose risks of espionage or sabotage",newsapi
6921f26a82c05455042c2dc0,https://gizmodo.com/bitcoin-continues-steep-decline-down-34-since-early-october-2000689539,Bitcoin,2025-11-22T17:27:07.166265+00:00,2025-11-21T17:10:40+00:00,2025-11-23T12:58:22.379199+00:00,-0.9656444313004613,0.009261476807296276,0.9749059081077576,0.01583259366452694,positive,negative,neutral,0.009261476807296276,0.9749059081077576,0.01583259366452694,gizmodo.com,The crypto bros are tired of winning.,"Bitcoin Continues Steep Decline, Down 34% Since Early October",newsapi
6921f26c82c05455042c2dc2,https://biztoc.com/x/eec8cb447db40779,Bitcoin,2025-11-22T17:27:08.712100+00:00,2025-11-21T17:03:05+00:00,2025-11-23T00:26:37.888363+00:00,0.14222360402345657,0.22221049666404724,0.07998689264059067,0.6978026628494263,positive,negative,neutral,0.22221049666404724,0.07998689264059067,0.6978026628494263,biztoc.com,Japanese Bitcoin Treasury Firms Keep Beating BTC. Tax Policy Makes Outperforming U.S. Peers the Easy Part\nWhile U.S.-listed bitcoin treasury firms struggle to…,Japanese Bitcoin Treasury Firms Keep Beating BTC. Tax Policy Makes Outperforming U.S. Peers the Easy Part,newsapi
6921f26d82c05455042c2dc3,https://thefly.com/permalinks/entry.php/id4244557/MESA;TMUS;PANW;WYNN;MGM;BBWI;BTC-USD;LLY;INTU;GAP;VEEV;PSKY;NFLX;CMCSA;CMCSK;WBD;META;V;MA;INTC;GOOG;GOOGL;SGMO;IESC;AUID;HUSA;BJ;ESTC;VFS;MNSO;AZTA-Midday-Fly-By-Bitcoin-slides-Lilly-hits-T-market-cap,Bitcoin,2025-11-22T17:27:09.884969+00:00,2025-11-21T17:02:22+00:00,2025-11-23T00:26:40.208066+00:00,0.0550810769200325,0.08237902820110321,0.02729795128107071,0.8903231024742126,positive,negative,neutral,0.08237902820110321,0.02729795128107071,0.8903231024742126,thefly.com,"Five top five lists with the news and calls moving stocks, powered by The Fly. MESA, TMUS, PANW, WYNN, MGM, BBWI, BTC-USD, LLY, INTU, GAP, VEEV, PSKY, NFLX, CMCSA, CMCSK, WBD, META, V, MA, INTC, GOOG, GOOGL, SGMO, IESC, AUID, HUSA, BJ, ESTC, VFS, MNSO, AZTA","Midday Fly By: Bitcoin slides, Lilly hits $1T market cap",newsapi
6921f27182c05455042c2dc4,http://www.newsbtc.com/news/data-rings-alarm-bitcoin-hits-2-year-bearish-extreme-historically-bullish/,Bitcoin,2025-11-22T17:27:13.820488+00:00,2025-11-21T17:00:44+00:00,2025-11-23T00:26:41.194589+00:00,-0.894317988306284,0.04583835229277611,0.9401563405990601,0.014005322009325027,positive,negative,neutral,0.04583835229277611,0.9401563405990601,0.014005322009325027,www.newsbtc.com,"According to CryptoQuant data, Bitcoin has moved into what analysts are calling the most bearish phase of the last two years, sending prices down sharply",Data Rings Alarm: Bitcoin Hits 2-Year Bearish Extreme — Historically Bullish?,newsapi
6921f27582c05455042c2dc5,https://bitcoinist.com/bitcoin-delta-growth-rate-negative/,Bitcoin,2025-11-22T17:27:17.798019+00:00,2025-11-21T17:00:35+00:00,2025-11-23T00:26:41.920188+00:00,-0.9362284708768129,0.023044629022479057,0.959273099899292,0.017682230100035667,positive,negative,neutral,0.023044629022479057,0.959273099899292,0.017682230100035667,bitcoinist.com,"Since Bitcoin’s price has been messy, and investors’ sentiment has been worse, its on-chain metrics are starting to exhibit bearish movement,",Bitcoin Delta Growth Rate Drops Into Negative Territory — BTC May Face More Downside,newsapi
6921f27882c05455042c2dc6,https://www.coindesk.com/business/2025/11/21/japanese-bitcoin-treasury-firms-keep-beating-btc-tax-policy-makes-outperforming-u-s-peers-the-easy-part,Bitcoin,2025-11-22T17:27:21.237792+00:00,2025-11-21T16:55:48+00:00,2025-11-23T00:26:44.932864+00:00,-0.18363068997859955,0.1266067773103714,0.31023746728897095,0.5631557703018188,positive,negative,neutral,0.1266067773103714,0.31023746728897095,0.5631557703018188,www.coindesk.com,"While U.S.-listed bitcoin treasury firms struggle to outperform ETFs, Japan’s harsh crypto tax code sends investors into DAT stocks, making outperformance easy.",Japanese Bitcoin Treasury Firms Keep Beating BTC. Tax Policy Makes Outperforming U.S. Peers the Easy Part,newsapi
6921f27982c05455042c2dc9,https://biztoc.com/x/dd449377de523f49,Bitcoin,2025-11-22T17:27:22.405078+00:00,2025-11-21T16:51:36+00:00,2025-11-23T00:26:45.745586+00:00,-0.2535652667284012,0.07829903066158295,0.33186429738998413,0.5898367166519165,positive,negative,neutral,0.07829903066158295,0.33186429738998413,0.5898367166519165,biztoc.com,"Bitcoin Realized Losses Rise To FTX-Crash Levels: Where Is The Bottom?\n \nAuthored by Helen Partz via CoinTelegaph.com,\nBitcoin has taken a slide back to its…",Bitcoin Realized Losses Rise To FTX-Crash Levels: Where Is The Bottom?,newsapi
6921f27b82c05455042c2dca,https://biztoc.com/x/b0cd04dd0523d6b5,Bitcoin,2025-11-22T17:27:23.631320+00:00,2025-11-21T16:51:29+00:00,2025-11-22T23:18:10.238020+00:00,-0.4360338971018791,0.035582102835178375,0.4716159999370575,0.4928019046783447,positive,negative,neutral,0.035582102835178375,0.4716159999370575,0.4928019046783447,biztoc.com,The Entire Business World on a Single Page with the Web's Most Comprehensive One-Stop Finance News Hub.,"Sources: the US has probed whether the products of China's Bitmain, which sells most of the world's Bitcoin-mining machines, pose risks of espionage or sabotage",newsapi
6921f27c82c05455042c2dcb,https://www.syllad.com/bjsm-urges-eci-to-remove-illegal-encroachers-names-from-assam-voter-lists/,Bitcoin,2025-11-22T17:27:24.958129+00:00,2025-11-21T16:49:54+00:00,2025-11-22T23:18:11.663878+00:00,-0.46806837245821953,0.025509048253297806,0.49357742071151733,0.48091351985931396,positive,negative,neutral,0.025509048253297806,0.49357742071151733,0.48091351985931396,www.syllad.com,"The Bodoland Janajati Suraksha Manch (BJSM) has called on the Election Commission of India (ECI) to instruct the Assam government to delete the names of alleged illegal encroachers from voter lists in Tribal Belts and Blocks across the Bodoland Territorial Council (BTC) and the state. In a statement issued on Friday, BJSM working president Daorao...",BJSM urges ECI to remove illegal encroachers’ names from Assam voter lists,newsapi
6921f27e82c05455042c2dcc,https://cryptobriefing.com/bitcoin-price-forecast-cramer-critique/,Bitcoin,2025-11-22T17:27:26.582039+00:00,2025-11-21T16:44:55+00:00,2025-11-22T23:18:12.702543+00:00,-0.8865975020453334,0.012327087111771107,0.8989245891571045,0.08874832838773727,positive,negative,neutral,0.012327087111771107,0.8989245891571045,0.08874832838773727,cryptobriefing.com,"Jim Cramer criticizes bullish bitcoin price forecast to $1 million by 2030, referencing cryptomarket debates and Michael Saylor's advocacy.",Jim Cramer mocks Saylor and Bitcoin bulls over $1 million forecast by 2030,newsapi
6921f27f82c05455042c2dcd,https://www.businessinsider.com/bitcoin-crash-stock-market-selloff-crypto-liquidity-margin-calls-btc-2025-11,Bitcoin,2025-11-22T17:27:27.476055+00:00,2025-11-21T16:44:41+00:00,2025-11-22T23:18:13.434598+00:00,-0.6864156797528267,0.0371432825922966,0.7235589623451233,0.2392977476119995,positive,negative,neutral,0.0371432825922966,0.7235589623451233,0.2392977476119995,www.businessinsider.com,Thursday saw a bizarre reversal of what had been a stellar stock rally. Traders left wondering what happened should look to the crypto market.,How bitcoin's crash could be feeding into stock-market selling pressure,newsapi
6921f28282c05455042c2dd0,https://biztoc.com/x/e917c6ecf442462f,Bitcoin,2025-11-22T17:27:30.557119+00:00,2025-11-21T16:40:50+00:00,2025-11-23T12:56:36.833313+00:00,0.3392779007554054,0.35903021693229675,0.019752316176891327,0.6212174892425537,positive,negative,neutral,0.35903021693229675,0.019752316176891327,0.6212174892425537,biztoc.com,Key Points\n-\nThe iShares Bitcoin Trust ETF charges a slightly higher expense ratio and holds significantly more assets under management than the VanEck…,"IBIT or ETHV? How Two Single-Asset Crypto ETFs Compare on Size, Risk, and Returns",newsapi
6921f28482c05455042c2dd1,https://biztoc.com/x/1345d06d7487c6f1,Bitcoin,2025-11-22T17:27:32.669502+00:00,2025-11-21T16:40:11+00:00,2025-11-22T22:09:10.336411+00:00,-0.9348740354180336,0.019490323960781097,0.9543643593788147,0.02614532969892025,positive,negative,neutral,0.019490323960781097,0.9543643593788147,0.02614532969892025,biztoc.com,MSTR stock has fallen below the conversion price for $6.6 billion in convertible debt.\nThe post MSTR Stock: Strategy May Have To Cough Up $1 Bil In 2027 As…,MSTR Stock: Strategy May Have To Cough Up $1 Bil In 2027 As Bitcoin Slides,newsapi
6921f29d82c05455042c2ddb,https://www.techmeme.com/251121/p19,Bitcoin,2025-11-22T17:27:57.587602+00:00,2025-11-21T16:40:05+00:00,2025-11-22T22:09:13.514099+00:00,-0.00805307924747467,0.0589275062084198,0.06698058545589447,0.8740919232368469,positive,negative,neutral,0.0589275062084198,0.06698058545589447,0.8740919232368469,www.techmeme.com,"Top news and commentary for technology's leaders, from all around the web.","Sources: the US has probed whether the products of China's Bitmain, which sells most of the world's Bitcoin-mining machines, pose risks of espionage or sabotage (Bloomberg)",newsapi
6921f29e82c05455042c2ddc,https://biztoc.com/x/f2c5a726e1481c62,Bitcoin,2025-11-22T17:27:59.178569+00:00,2025-11-21T16:39:54+00:00,2025-11-22T22:09:14.305853+00:00,0.5668710228055716,0.5864841341972351,0.01961311139166355,0.3939027190208435,positive,negative,neutral,0.5864841341972351,0.01961311139166355,0.3939027190208435,biztoc.com,"A new bill from Rep. Warren Davidson would let Americans pay federal taxes in Bitcoin, a major shift that could funnel billions of dollars in digital assets…",New Proposal Allows IRS To Accept Bitcoin For Tax Payments,newsapi
6921f2a282c05455042c2ddd,https://www.ndtvprofit.com/crypto/bitcoin-heading-for-worst-month-since-crypto-collapse-of-2022,Bitcoin,2025-11-22T17:28:02.641638+00:00,2025-11-21T16:36:33+00:00,2025-11-22T22:09:16.660441+00:00,-0.9623379847034812,0.010345504619181156,0.9726834893226624,0.01697102002799511,positive,negative,neutral,0.010345504619181156,0.9726834893226624,0.01697102002799511,www.ndtvprofit.com,"Bitcoin is on track for its worst monthly performance since a string of corporate collapses rocked the wider crypto sector in 2022. The largest cryptocurrency slid as much as 7.6% to $80,553 on Friday. Runner-up Ether fell as much as 8.9% to below $2,700 and a host of smaller tokens nursed similar declines. The total market value of virtual coins dropped below $3 trillion for the first time since April, data from CoinGecko show.",Bitcoin Heading For Worst Month Since Crypto Collapse Of 2022,newsapi
6921f2a282c05455042c2dde,https://gizmodo.com/bitcoin-developers-pardon-request-creates-awkward-situation-for-trump-2000689156,Bitcoin,2025-11-22T17:28:03.201567+00:00,2025-11-21T16:34:06+00:00,2025-11-22T22:09:17.103649+00:00,-0.4923989996314049,0.08145109564065933,0.5738500952720642,0.34469881653785706,positive,negative,neutral,0.08145109564065933,0.5738500952720642,0.34469881653785706,gizmodo.com,It's demonstrably worth a try.,Bitcoin Developers’ Pardon Request Creates Awkward Situation for Trump,newsapi
6921f2a382c05455042c2ddf,https://biztoc.com/x/e97283f948bc31d2,Bitcoin,2025-11-22T17:28:04.173971+00:00,2025-11-21T16:29:34+00:00,2025-11-23T12:56:39.008947+00:00,0.23045231774449348,0.24350054562091827,0.01304822787642479,0.7434511780738831,positive,negative,neutral,0.24350054562091827,0.01304822787642479,0.7434511780738831,biztoc.com,"The iShares Bitcoin Trust ETF (IBIT 4.40%) and the iShares Ethereum Trust ETF (ETHA 5.23%) both offer single-asset crypto exposure, but IBIT stands out for…",Bitcoin vs. Ethereum: How IBIT Stacks Up Against ETHA for Long-Term Investors,newsapi
6921f2a582c05455042c2de0,https://biztoc.com/x/41078c32b56b6fb4,Bitcoin,2025-11-22T17:28:05.756253+00:00,2025-11-21T16:29:18+00:00,2025-11-22T21:00:53.441423+00:00,-0.8754590712487698,0.05492699518799782,0.9303860664367676,0.014687049202620983,positive,negative,neutral,0.05492699518799782,0.9303860664367676,0.014687049202620983,biztoc.com,"Bitcoin tumbled as much as 6% early Friday, hovering just above its critical $80,000 support level at one point, as investors continued their flight from…","Bitcoin continues slide that's roiling markets, threatens to break below $80,000",newsapi
6921f2a682c05455042c2de1,https://biztoc.com/x/9d5d0ee3ca833cb9,Bitcoin,2025-11-22T17:28:06.747658+00:00,2025-11-21T16:29:00+00:00,2025-11-22T21:00:54.375945+00:00,-0.9583609020337462,0.011924155987799168,0.9702850580215454,0.0177909042686224,positive,negative,neutral,0.011924155987799168,0.9702850580215454,0.0177909042686224,biztoc.com,"Cryptocurrency markets suffered a steep collapse this week, wiping out nearly $400 billion in global value as bitcoin led a broad sell-off, according to…",Global Crypto Value Drops $400 Billion In Brutal Week,newsapi
6921f2aa82c05455042c2de4,https://biztoc.com/x/08baef4348c4fc63,Bitcoin,2025-11-22T17:28:10.700987+00:00,2025-11-21T16:18:27+00:00,2025-11-22T21:00:56.884856+00:00,0.9066405147314072,0.9337469339370728,0.02710641920566559,0.03914661332964897,positive,negative,neutral,0.9337469339370728,0.02710641920566559,0.03914661332964897,biztoc.com,"Quick Read\n-\nXRP gained 89% over the past year while Bitcoin returned 3.6%, driven by SEC lawsuit settlement, RLUSD stablecoin hitting $1B, and $250M Canary…",XRP Up 89% in One Year While Bitcoin Gains Just 3.6%: What’s Driving the Gap?,newsapi
6921f2ac82c05455042c2de5,https://biztoc.com/x/d059443ce4ff1f4f,Bitcoin,2025-11-22T17:28:12.910852+00:00,2025-11-21T16:18:01+00:00,2025-11-22T21:00:57.777575+00:00,0.6960690319538116,0.8311545252799988,0.13508549332618713,0.03376002982258797,positive,negative,neutral,0.8311545252799988,0.13508549332618713,0.03376002982258797,biztoc.com,Bitcoin price today: nosedives to $83k as mixed US jobs data dents Fed cut hopes\nInvesting.com -- European Central Bank policymakers expressed confidence on…,"ECB in good position with inflation near target, policymakers say",newsapi
6921f2ac82c05455042c2de6,https://economictimes.indiatimes.com/news/international/us/owen-gunden-bitcoins-earliest-billionaire-dumps-it-all-1-3-billion-sell-off-sparks-fresh-panic-in-crypto-world-btc-total-collapse-near/articleshow/125489126.cms,Bitcoin,2025-11-22T17:28:13.407155+00:00,2025-11-21T16:15:55+00:00,2025-11-22T21:00:58.212680+00:00,-0.9642302440479398,0.008392329327762127,0.9726225733757019,0.01898505911231041,positive,negative,neutral,0.008392329327762127,0.9726225733757019,0.01898505911231041,economictimes.indiatimes.com,"Bitcoin slid to $82,921.11 today, dropping $3,602.84 or 4.16%, as early billionaire holder Owen Gunden fully liquidated his entire 11,000 BTC stash worth roughly $1.3 billion since October 21, 2025. His final transfer of 2,499 BTC valued at about $228 million…","Owen Gunden, Bitcoin’s earliest billionaire, dumps it all — $1.3 billion sell-off sparks fresh panic in crypto world - BTC total collapse near?",newsapi
6921f2af82c05455042c2de7,https://cointelegraph.com/news/crypto-biz-is-this-bear-market-spoiler-no,Bitcoin,2025-11-22T17:28:16.127818+00:00,2025-11-21T16:13:08+00:00,2025-11-23T12:56:42.271686+00:00,0.07274991646409035,0.11252664774656296,0.03977673128247261,0.8476966023445129,positive,negative,neutral,0.11252664774656296,0.03977673128247261,0.8476966023445129,cointelegraph.com,"As Bitcoin tumbles below $90,000, Republic bets $100 million on Ether, Strategy buys 8,178 BTC, Tether pushes into trade finance and Kraken files for an IPO.",Crypto Biz: Is this what a bear market looks like? (Spoiler: No),newsapi
6921f2b082c05455042c2de8,https://slashdot.org/firehose.pl?op=view&amp;id=180163797,Bitcoin,2025-11-22T17:28:17.023818+00:00,2025-11-21T16:12:25+00:00,2025-11-22T21:01:01.313538+00:00,-0.8130185231566429,0.06309572607278824,0.8761142492294312,0.0607900395989418,positive,negative,neutral,0.06309572607278824,0.8761142492294312,0.0607900395989418,slashdot.org,"Top Fed Official Boosts Odds of a December Rate CutThe New York Times  Stock market today: Dow rises, Nasdaq slides as Fed rate-cut bets jump; bitcoin sinksYahoo Finance  Treasury yields slide after Williams suggests Fed could cut again in DecemberCNBC  Top Fed official sees ""room"" for further int...",Top Fed Official Boosts Odds of a December Rate Cut - The New York Times,newsapi
6921f2b382c05455042c2de9,https://biztoc.com/x/5c9a2c707865a687,Bitcoin,2025-11-22T17:28:19.965951+00:00,2025-11-21T16:07:37+00:00,2025-11-22T21:01:04.247521+00:00,-0.9657141081988811,0.007699061185121536,0.9734131693840027,0.018887825310230255,positive,negative,neutral,0.007699061185121536,0.9734131693840027,0.018887825310230255,biztoc.com,"Bitcoin has been nosediving over the last 24 hours, having its worst month since 2022.\nThe world’s largest cryptocurrency dropped to a low of $80,880.24 at…","Bitcoin drops below $81,000, hits lowest level since 2022",newsapi
6921f2b482c05455042c2dea,https://biztoc.com/x/05be7ff1a19da50c,Bitcoin,2025-11-22T17:28:21.054128+00:00,2025-11-21T16:07:30+00:00,2025-11-22T21:01:05.049306+00:00,-0.9504234241321683,0.01337337028235197,0.9637967944145203,0.022829750552773476,positive,negative,neutral,0.01337337028235197,0.9637967944145203,0.022829750552773476,biztoc.com,"It's already been a wild Friday for the crypto markets, with Bitcoin diving to a price of nearly $81,000—the lowest mark seen since April—as altcoins marked…","Bitcoin, XRP and Dogecoin Pummeled as Crypto Liquidations Top $2.2 Billion",newsapi
6921f2b582c05455042c2deb,https://biztoc.com/x/fb4bb1be61d990b8,Bitcoin,2025-11-22T17:28:22.016933+00:00,2025-11-21T16:07:27+00:00,2025-11-22T21:01:05.931591+00:00,-0.8876219689846039,0.03904494643211365,0.9266669154167175,0.03428812697529793,positive,negative,neutral,0.03904494643211365,0.9266669154167175,0.03428812697529793,biztoc.com,"Quick Read\n-\nBTC down 36% from October highs\n-\nSaylor poised to pounce on buying opportunity\n-\nQ4 of 2025 has been nothing short of eventful, with BTC making…","$80k Alarms Some, But Not All",newsapi
6921f2b682c05455042c2dee,https://biztoc.com/x/6c5ddf1612d5e3e8,Bitcoin,2025-11-22T17:28:23.098144+00:00,2025-11-21T16:06:37+00:00,2025-11-22T21:01:06.814906+00:00,-0.27131080627441406,0.3458738923072815,0.6171846985816956,0.03694142401218414,positive,negative,neutral,0.3458738923072815,0.6171846985816956,0.03694142401218414,biztoc.com,"The launch lands amid steep drawdowns in bitcoin and ether, adding risk around timing for highly leveraged ETPs.",LeverageShares to debut first 3x bitcoin and ether ETFs in Europe amid retail-led crypto selloff,newsapi
6921f2b782c05455042c2def,https://biztoc.com/x/b96b04aa1486497f,Bitcoin,2025-11-22T17:28:24.077315+00:00,2025-11-21T16:06:34+00:00,2025-11-22T21:01:07.602653+00:00,0.14231824036687613,0.1579071283340454,0.015588887967169285,0.8265039920806885,positive,negative,neutral,0.1579071283340454,0.015588887967169285,0.8265039920806885,biztoc.com,U.S. House Bill Would Allow Federal Taxes in BTC While Aiding U.S. Reserve\nRep. Warren Davidson introduced legislation that allows bitcoin tax payments…,U.S. House Bill Would Allow Federal Taxes in BTC While Aiding U.S. Reserve,newsapi
6921f2bb82c05455042c2df0,http://www.newsbtc.com/news/best-altcoins-2025-bitcoin-hyper-presales/,Bitcoin,2025-11-22T17:28:27.971022+00:00,2025-11-21T16:06:04+00:00,2025-11-23T12:58:31.795897+00:00,0.08828581124544144,0.10045880079269409,0.012172989547252655,0.8873682618141174,positive,negative,neutral,0.10045880079269409,0.012172989547252655,0.8873682618141174,www.newsbtc.com,"Discover the best altcoins to buy as the cycle turns. Bitcoin Hyper, Best Wallet Presale and Aster lead the 2025 rotation.",Best Altcoins to Buy as Cycle Is Turning & Promises Alt Season Soon,newsapi
6921f2bc82c05455042c2df1,https://ambcrypto.com/inside-strategy-and-mstrs-index-exclusion-risk-and-what-that-means-for-bitcoin/,Bitcoin,2025-11-22T17:28:28.684194+00:00,2025-11-21T16:00:59+00:00,2025-11-22T21:01:09.185184+00:00,-0.8871334623545408,0.027306513860821724,0.9144399762153625,0.05825350433588028,positive,negative,neutral,0.027306513860821724,0.9144399762153625,0.05825350433588028,ambcrypto.com,"MSTR faces rising MSCI index-exclusion risk, putting MicroStrategy’s Bitcoin-driven valuation model under intense pressure...",Inside Strategy and MSTR’s index exclusion risk and what that means for Bitcoin,newsapi
6921f2be82c05455042c2df2,http://www.newsbtc.com/bitcoin-news/only-an-asteroid-can-sink-mstrs-bitcoin-bet-cryptoquant-ceo-says/,Bitcoin,2025-11-22T17:28:31.062424+00:00,2025-11-21T16:00:39+00:00,2025-11-22T19:50:45.472418+00:00,-0.925415949895978,0.02545313350856304,0.950869083404541,0.023677771911025047,positive,negative,neutral,0.02545313350856304,0.950869083404541,0.023677771911025047,www.newsbtc.com,CryptoQuant founder and CEO Ki Young Ju pushed back on a renewed wave of forced Bitcoin liquidation and bankruptcy chatter around Strategy.,"Only An Asteroid Can Sink MSTR’s Bitcoin Bet, CryptoQuant CEO Says",newsapi
6921f2bf82c05455042c2df6,https://ambcrypto.com/liquidity-worries-for-bitcoin-digitap-tap-is-the-liquid-gold-of-2025/,Bitcoin,2025-11-22T17:28:31.781180+00:00,2025-11-21T16:00:28+00:00,2025-11-22T19:50:46.229963+00:00,-0.9185517765581608,0.020127620548009872,0.9386793971061707,0.04119298234581947,positive,negative,neutral,0.020127620548009872,0.9386793971061707,0.04119298234581947,ambcrypto.com,"The crypto market continues to struggle in early 2025, and Bitcoin is now facing a deeper liquidity problem that many analysts...",Liquidity Worries for Bitcoin? Digitap ($TAP) is the “Liquid Gold” of 2025,newsapi
6921f2c582c05455042c2df9,https://www.globenewswire.com/news-release/2025/11/21/3192893/0/en/Bitcoin-Munari-Presale-Progresses-as-Whale-Activity-Rises-Across-the-BTC-Market.html,Bitcoin,2025-11-22T17:28:37.499326+00:00,2025-11-21T16:00:00+00:00,2025-11-23T12:58:33.854509+00:00,0.8853097017854452,0.897140383720398,0.011830681934952736,0.09102901816368103,positive,negative,neutral,0.897140383720398,0.011830681934952736,0.09102901816368103,www.globenewswire.com,Bitcoin Munari’s public presale is underway at a $0.10 initial round price as shifting whale behavior and increased transaction volumes characterize a...,Bitcoin Munari Presale Progresses as Whale Activity Rises Across the BTC Market,newsapi
6921f2c882c05455042c2dfa,https://finance.yahoo.com/news/bitcoin-heading-worst-month-since-075033170.html,Bitcoin,2025-11-22T17:28:40.571949+00:00,2025-11-21T15:58:38+00:00,2025-11-22T19:50:53.998895+00:00,-0.9607908921316266,0.009838680736720562,0.9706295728683472,0.01953181065618992,positive,negative,neutral,0.009838680736720562,0.9706295728683472,0.01953181065618992,finance.yahoo.com,"Bitcoin has now shed about a quarter of its value in November, the most for a single month since June 2022, according to data compiled by Bloomberg.  Despite a pro-crypto White House under US President Donald Trump and surging institutional adoption, Bitcoin has plummeted over 30% since rocketing to a record in early October.  The rout follows a crippling bout of liquidations on Oct. 10 that wiped out $19 billion in leveraged token bets, and in turn erased roughly $1.5 trillion from the combined market value of all cryptocurrencies.",Crypto Headed for Worst Month Since Collapse of '22...,newsapi
6921f2c882c05455042c2dfb,https://economictimes.indiatimes.com/news/international/us/us-stock-market-today-sp-500-and-nasdaq-fall-again-but-dow-rises-nvidias-decline-continues-as-bitcoin-keeps-sliding/articleshow/125489820.cms,Bitcoin,2025-11-22T17:28:41.129802+00:00,2025-11-21T15:54:39+00:00,2025-11-22T19:50:54.691945+00:00,-0.949450945481658,0.017353380098938942,0.9668043255805969,0.015842288732528687,positive,negative,neutral,0.017353380098938942,0.9668043255805969,0.015842288732528687,economictimes.indiatimes.com,"US stock market today: S&P 500 fell 0.2% and the Nasdaq dropped 0.8%, extending Thursday’s rout, while the Dow rose 0.3% with a 133-point gain. Nvidia’s rally continued to fade, dragging tech lower as concerns over stretched AI valuations persisted. Fed rate-…",US stock market today: S&P 500 and Nasdaq fall again but Dow rises — Nvidia’s decline continues as Bitcoin keeps sliding,newsapi
6921f2cb82c05455042c2dfc,https://www.coindesk.com/policy/2025/11/21/u-s-house-bill-would-allow-federal-taxes-in-btc-while-aiding-u-s-reserve,Bitcoin,2025-11-22T17:28:43.816667+00:00,2025-11-21T15:53:49+00:00,2025-11-22T19:50:56.338492+00:00,0.7452906370162964,0.7614190578460693,0.01612842082977295,0.22245247662067413,positive,negative,neutral,0.7614190578460693,0.01612842082977295,0.22245247662067413,www.coindesk.com,"Rep. Warren Davidson (R-Ohio) introduces a bitcoin bill to allow individuals and businesses to pay federal taxes in bitcoin, aiding Trump's bitcoin reserve",U.S. House Bill Would Allow Federal Taxes in BTC While Aiding U.S. Reserve,newsapi
6921f2cc82c05455042c2dfd,https://slashdot.org/firehose.pl?op=view&amp;id=180163049,Bitcoin,2025-11-22T17:28:45.002986+00:00,2025-11-21T15:52:15+00:00,2025-11-22T19:50:57.307917+00:00,0.8081362433731556,0.8497429490089417,0.041606705635786057,0.10865037143230438,positive,negative,neutral,0.8497429490089417,0.041606705635786057,0.10865037143230438,slashdot.org,"Williams' comments boost odds of a Fed cut, though policy hawks remain adamantReuters  Top Fed official sees ""room"" for further interest rate cuts in the near-termAxios  Stock market today: Dow, S&amp;P 500, Nasdaq rise as Fed rate-cut bets jump; bitcoin sinksYahoo Finance  New York Fed President ...","Williams' comments boost odds of a Fed cut, though policy hawks remain adamant - Reuters",newsapi
6921f2ce82c05455042c2dfe,https://biztoc.com/x/6553588d40886dc2,Bitcoin,2025-11-22T17:28:46.702338+00:00,2025-11-21T15:44:55+00:00,2025-11-22T19:50:58.559206+00:00,0.8970400970429182,0.9232270121574402,0.02618691511452198,0.05058605968952179,positive,negative,neutral,0.9232270121574402,0.02618691511452198,0.05058605968952179,biztoc.com,"Quick Read\n \n \n XRP gained 89% over the past year while Bitcoin returned 3.6%, driven by SEC lawsuit settlement, RLUSD stablecoin hitting $1B, and $250M…",XRP Up 89% in One Year While Bitcoin Gains Just 3.6%: What’s Driving the Gap?,newsapi
6921f2cf82c05455042c2dff,https://biztoc.com/x/31aa425596092881,Bitcoin,2025-11-22T17:28:48.040481+00:00,2025-11-21T15:44:47+00:00,2025-11-22T19:50:59.778001+00:00,-0.936556339263916,0.017431318759918213,0.9539876580238342,0.028581056743860245,positive,negative,neutral,0.017431318759918213,0.9539876580238342,0.028581056743860245,biztoc.com,Quick Read\n \n \n BTC down 36% from October highs \n \n Saylor poised to pounce on buying opportunity \n \n If you’re focused on picking the right stocks and ETFs…,"$80k Alarms Some, But Not All",newsapi
6921f2d082c05455042c2e00,https://biztoc.com/x/3b6f2f26729faa80,Bitcoin,2025-11-22T17:28:49.013656+00:00,2025-11-21T15:44:28+00:00,2025-11-22T19:51:00.679969+00:00,-0.33767111226916313,0.044427383691072464,0.3820984959602356,0.573474109172821,positive,negative,neutral,0.044427383691072464,0.3820984959602356,0.573474109172821,biztoc.com,The Entire Business World on a Single Page with the Web's Most Comprehensive One-Stop Finance News Hub.,Crypto liquidations near $2 billion as bitcoin rout deepens,newsapi
6921f2d282c05455042c2e01,https://biztoc.com/x/16461858be861df2,Bitcoin,2025-11-22T17:28:51.138728+00:00,2025-11-21T15:44:11+00:00,2025-11-22T19:51:01.867748+00:00,-0.08384835533797741,0.026832984760403633,0.11068134009838104,0.8624856472015381,positive,negative,neutral,0.026832984760403633,0.11068134009838104,0.8624856472015381,biztoc.com,The Entire Business World on a Single Page with the Web's Most Comprehensive One-Stop Finance News Hub.,Strategy Stock Is Under Pressure as Bitcoin Plunges. Watch This Number,newsapi
6921f2d382c05455042c2e02,https://economictimes.indiatimes.com/news/international/us/veteran-trader-peter-brandt-sounds-alarm-cryptocurrency-bitcoin-price-at-60000-could-send-btc-traders-running/articleshow/125489424.cms,Bitcoin,2025-11-22T17:28:51.704177+00:00,2025-11-21T15:41:38+00:00,2025-11-22T19:51:02.418122+00:00,-0.9287837408483028,0.01573488488793373,0.9445186257362366,0.039746515452861786,positive,negative,neutral,0.01573488488793373,0.9445186257362366,0.039746515452861786,economictimes.indiatimes.com,"Cryptocurrency Bitcoin: Veteran trader Peter Brandt issues a stark warning for Bitcoin investors. He foresees a significant price drop for BTC. Brandt highlights technical patterns suggesting a potential crash. He identifies $81,000 and $58,000 as possible pr…","Veteran trader Peter Brandt sounds alarm: Cryptocurrency Bitcoin price at $60,000 could send BTC traders running",newsapi
6921f2d382c05455042c2e05,https://qz.com/bitcoin-falls-next-crypto-collapse,Bitcoin,2025-11-22T17:28:52.395048+00:00,2025-11-21T15:36:25+00:00,2025-11-23T12:56:47.977479+00:00,-0.955774012953043,0.013156291097402573,0.9689303040504456,0.01791345328092575,positive,negative,neutral,0.013156291097402573,0.9689303040504456,0.01791345328092575,qz.com,"Bitcoin fell below $81,000 before picking up slightly, experiencing its worst month since the crypto collapse in June 2022","Bitcoin drops below $81,000, hits lowest level since 2022",newsapi
6921f2d782c05455042c2e06,https://biztoc.com/x/bf1b876561cecad9,Bitcoin,2025-11-22T17:28:55.783562+00:00,2025-11-21T15:32:58+00:00,2025-11-22T18:39:35.986397+00:00,0.15718020219355822,0.17187176644802094,0.014691564254462719,0.8134366869926453,positive,negative,neutral,0.17187176644802094,0.014691564254462719,0.8134366869926453,biztoc.com,The Entire Business World on a Single Page with the Web's Most Comprehensive One-Stop Finance News Hub.,"Bitcoin Hit My $85,000 Target. Where Charts Say It’s Headed Next",newsapi
6921f2dc82c05455042c2e07,https://bitcoinist.com/burniske-zcash-stash-never-sell-just-like-bitcoin/,Bitcoin,2025-11-22T17:29:00.670652+00:00,2025-11-21T15:30:54+00:00,2025-11-22T18:39:38.596624+00:00,0.05446603707969189,0.07016109675168991,0.015695059671998024,0.9141438603401184,positive,negative,neutral,0.07016109675168991,0.015695059671998024,0.9141438603401184,bitcoinist.com,"Placeholder co-founder Chris Burniske said in a Nov. 20 interview with Real Vision’s Raoul Pal that he holds a core Zcash position he “will never sell,”","Burniske: ‘I Have A Zcash Stash I’ll Never Sell, Just Like Bitcoin’",newsapi
6921f2dd82c05455042c2e09,https://www.businessinsider.com/bitcoin-price-why-is-crypto-down-btc-margin-calls-fed-2025-11,Bitcoin,2025-11-22T17:29:01.568931+00:00,2025-11-21T15:24:59+00:00,2025-11-22T18:39:39.130664+00:00,-0.9595793876796961,0.009267112240195274,0.9688464999198914,0.021886391565203667,positive,negative,neutral,0.009267112240195274,0.9688464999198914,0.021886391565203667,www.businessinsider.com,Bitcoin is on track for its worst month since 2022 amid a host of selling pressures that have derailed this year's bull rally in crypto.,Why bitcoin is tumbling toward its worst month since 2022,newsapi
6921f2de82c05455042c2e0d,https://freerepublic.com/focus/f-chat/4353825/posts,Bitcoin,2025-11-22T17:29:02.527663+00:00,2025-11-21T15:13:58+00:00,2025-11-22T18:39:39.909485+00:00,-0.9396754018962383,0.016936469823122025,0.9566118717193604,0.02645173668861389,positive,negative,neutral,0.016936469823122025,0.9566118717193604,0.02645173668861389,freerepublic.com,"As we joked earlier this week about the overnight Bitcoin dump – the “Korean Krypto Kamikazes“ – the selling has continued with no clear catalyst. The largest crypto asset briefly plunged to $81,569 and is now on track for its worst month since 2022. BTC drop…","Bitcoin Flash-Crashes Below $82,000 as UBS Says a “Flush” Is Needed Before “Turning More Constructive”",newsapi
6921f2e382c05455042c2e10,https://ambcrypto.com/bitcoin-this-metric-could-save-weak-market-structure-after-btc-hits-85-5k/,Bitcoin,2025-11-22T17:29:07.458690+00:00,2025-11-21T15:00:57+00:00,2025-11-22T18:39:48.225243+00:00,-0.9418025445193052,0.01807590015232563,0.9598784446716309,0.022045660763978958,positive,negative,neutral,0.01807590015232563,0.9598784446716309,0.022045660763978958,ambcrypto.com,"Bitcoin has entered a bearish phase as fractal patterns, Hyperliquid losses, and a negative delta growth rate pressured the price...",Bitcoin – THIS metric could save ‘weak’ market structure after BTC hits $85K!,newsapi
6921f2e682c05455042c2e11,http://www.newsbtc.com/news/bitcoin/bitcoin-ethereum-and-dogecoin-2/,Bitcoin,2025-11-22T17:29:11.153949+00:00,2025-11-21T15:00:37+00:00,2025-11-23T12:56:52.848847+00:00,-0.929518161341548,0.013633431866765022,0.943151593208313,0.043215032666921616,positive,negative,neutral,0.013633431866765022,0.943151593208313,0.043215032666921616,www.newsbtc.com,"Bitcoin has suffered a loss of around 12% in the U.S. session since the start of November, also leading to the Ethereum and Dogecoin crash.","Who’s Selling? Here’s The Demographic Driving The Bitcoin, Ethereum, And Dogecoin Price Crash",newsapi
6921f2e882c05455042c2e12,https://biztoc.com/x/cf5bf9a0c2ce062b,Bitcoin,2025-11-22T17:29:13.083835+00:00,2025-11-21T14:59:25+00:00,2025-11-22T18:39:57.878926+00:00,-0.6095434874296188,0.1732902079820633,0.7828336954116821,0.04387605935335159,positive,negative,neutral,0.1732902079820633,0.7828336954116821,0.04387605935335159,biztoc.com,Bitcoin price today: nosedives to $83k as mixed US jobs data dents Fed cut hopes\nBy Ann Saphir\n(Reuters) -Dallas Federal Reserve President Lorie Logan on…,Fed’s Logan calls for holding rates steady ’for a time’,newsapi
6921f2e982c05455042c2e13,https://biztoc.com/x/7ff9c3d32954be4a,Bitcoin,2025-11-22T17:29:14.177187+00:00,2025-11-21T14:59:24+00:00,2025-11-22T18:39:58.744608+00:00,-0.8755108192563057,0.055121831595897675,0.9306326508522034,0.014245583675801754,positive,negative,neutral,0.055121831595897675,0.9306326508522034,0.014245583675801754,biztoc.com,"Bitcoin tumbled as much as 6% early Friday, hovering at one point just above its critical $80,000 support level, as investors continued their flight from…","Bitcoin continues slide that's roiling markets, threatens to break below $80,000",newsapi
6921f2eb82c05455042c2e14,https://cointelegraph.com/news/bitcoin-asic-producer-bitmain-faces-us-probe-over-national-security-risks-bloomberg,Bitcoin,2025-11-22T17:29:16.152830+00:00,2025-11-21T14:55:46+00:00,2025-11-22T18:40:00.820922+00:00,-0.47757090628147125,0.12819187343120575,0.605762779712677,0.26604530215263367,positive,negative,neutral,0.12819187343120575,0.605762779712677,0.26604530215263367,cointelegraph.com,"US authorities have reportedly launched an investigation into Bitmain, examining whether the Chinese ASIC manufacturer’s equipment contains remote-control features that could pose security risks.",Bitcoin ASIC producer Bitmain faces US probe over national security risks: Report,newsapi
6921f2ee82c05455042c2e15,https://slashdot.org/firehose.pl?op=view&amp;id=180162617,Bitcoin,2025-11-22T17:29:18.777653+00:00,2025-11-21T14:52:26+00:00,2025-11-22T18:40:02.174206+00:00,-0.9206087039783597,0.01421546470373869,0.9348241686820984,0.05096039921045303,positive,negative,neutral,0.01421546470373869,0.9348241686820984,0.05096039921045303,slashdot.org,"Crypto liquidations near $2 billion as bitcoin rout deepenstheblock.co  Crypto plunge wipes out nearly $400 billion in a weekAxios  Bitcoin falls below $84,000 Friday. Here&rsquo;s why stock-market investors are keeping close watch.MarketWatch  Bitcoin Price Prediction: BTC Can Drop to $80K But is...",Crypto liquidations near $2 billion as bitcoin rout deepens - theblock.co,newsapi
6921f2ef82c05455042c2e16,https://cointelegraph.com/news/bitcoin-yen-canada-stablecoin-global-express,Bitcoin,2025-11-22T17:29:20.370155+00:00,2025-11-21T14:50:28+00:00,2025-11-22T18:40:03.866818+00:00,0.8568032197654247,0.897422194480896,0.04061897471547127,0.06195884197950363,positive,negative,neutral,0.897422194480896,0.04061897471547127,0.06195884197950363,cointelegraph.com,"Japan’s stimulus package has rocked markets and Bitcoin. Meanwhile, Canada’s 2025 budget has been approved, bringing clearer guidelines for stablecoin issuers.","Bitcoin drops as yen falls, Canada approves stablecoin rules: Global Express",newsapi
6921f2f182c05455042c2e18,https://www.cnbc.com/2025/11/21/bitcoin-continues-slide-thats-roiling-markets-threatens-to-break-below-80000.html,Bitcoin,2025-11-22T17:29:22.073218+00:00,2025-11-21T14:42:52+00:00,2025-11-22T18:40:05.371959+00:00,-0.9210271909832954,0.03223495930433273,0.9532621502876282,0.014502888545393944,positive,negative,neutral,0.03223495930433273,0.9532621502876282,0.014502888545393944,www.cnbc.com,"Bitcoin almost dipped below its critical $80,000 support level.","Bitcoin continues slide that's roiling markets, threatens to break below $80,000",newsapi
6921f2f282c05455042c2e1a,https://cryptoslate.com/new-bitcoin-for-america-act-lets-you-pay-the-irs-in-bitcoin-and-fuels-a-14t-boost-to-economy/,Bitcoin,2025-11-22T17:29:23.193497+00:00,2025-11-21T14:38:37+00:00,2025-11-22T17:29:23.193497+00:00,0.8490000804886222,0.859050452709198,0.01005037222057581,0.13089914619922638,positive,negative,neutral,0.859050452709198,0.01005037222057581,0.13089914619922638,cryptoslate.com,"Bitcoin tax remit would flow directly into U.S. reserves, bypassing the need for additional funding or direct Treasury purchases.",New Bitcoin for America Act lets you pay the IRS in Bitcoin and fuels a $14T boost to economy,newsapi
6921f2f482c05455042c2e1b,https://biztoc.com/x/4bc66d55858314a3,Bitcoin,2025-11-22T17:29:24.872584+00:00,2025-11-21T14:37:19+00:00,2025-11-22T17:29:24.872584+00:00,0.030930370092391968,0.14500294625759125,0.11407257616519928,0.7409245371818542,positive,negative,neutral,0.14500294625759125,0.11407257616519928,0.7409245371818542,biztoc.com,What to know:\n- BTC traders aggressively hedge downside risk with the $75K put listed on Deribit.\n- Put options have accounted for most activity over the past…,BTC Traders Brace for Price Crash to $75K; No Bottom Seen: Research Firm,newsapi
6921f2f582c05455042c2e1c,https://biztoc.com/x/cf87eedd721c145c,Bitcoin,2025-11-22T17:29:26.067368+00:00,2025-11-21T14:36:59+00:00,2025-11-22T17:29:26.067368+00:00,-0.9452155660837889,0.008459167554974556,0.9536747336387634,0.03786599263548851,positive,negative,neutral,0.008459167554974556,0.9536747336387634,0.03786599263548851,biztoc.com,"CoinDesk Indices presents its daily market update, highlighting the performance of leaders and laggards in the CoinDesk 20 Index.\nThe CoinDesk 20 is currently…",CoinDesk 20 Performance Update: Bitcoin (BTC) Price Falls 3.3% as Index Declines,newsapi
6921f2f782c05455042c2e1d,https://biztoc.com/x/7a53c348d6a9089b,Bitcoin,2025-11-22T17:29:27.513005+00:00,2025-11-21T14:36:52+00:00,2025-11-22T17:29:27.513005+00:00,-0.10658924281597137,0.12544891238212585,0.23203815519809723,0.6425129771232605,positive,negative,neutral,0.12544891238212585,0.23203815519809723,0.6425129771232605,biztoc.com,"Crypto retreat worsens amid bitcoin liquidations, ETF outflows. Cathie Wood, ARK Invest buy Coinbase, Circle, and more.\nThe post Bitcoin Selloff Deepens,…","Bitcoin Selloff Deepens, Cathie Wood Buys These Crypto Stocks",newsapi
6921f2f982c05455042c2e1e,https://www.coindesk.com/markets/2025/11/21/btc-traders-brace-for-crash-to-usd75k-no-bottom-seen-research-firm,Bitcoin,2025-11-22T17:29:29.524894+00:00,2025-11-21T14:29:49+00:00,2025-11-22T17:29:29.524894+00:00,-0.8533383347094059,0.035972800105810165,0.8893111348152161,0.0747159793972969,positive,negative,neutral,0.035972800105810165,0.8893111348152161,0.0747159793972969,www.coindesk.com,Put options have dominated trading activity over the past week.,BTC Traders Brace for Price Crash to $75K; No Bottom Seen: Research Firm,newsapi
6921f2f982c05455042c2e1f,https://economictimes.indiatimes.com/news/international/us/mstr-crisis-jpmorgan-warns-major-index-delisting-could-hit-next-after-microstrategy-stock-falls-40-as-bitcoin-crashes/articleshow/125488100.cms,Bitcoin,2025-11-22T17:29:30.093830+00:00,2025-11-21T14:23:08+00:00,2025-11-22T17:29:30.093830+00:00,-0.9620861280709505,0.009575797244906425,0.9716619253158569,0.018762370571494102,positive,negative,neutral,0.009575797244906425,0.9716619253158569,0.018762370571494102,economictimes.indiatimes.com,"MicroStrategy stock crash: MicroStrategy, the world's largest Bitcoin holder, faces a major threat. JPMorgan warns of its potential removal from key stock indices like the MSCI USA Index. This comes as the company's stock has fallen sharply. A further Bitcoin…",MSTR crisis: JPMorgan warns major index delisting could hit next after MicroStrategy stock falls 40% as Bitcoin crashes,newsapi
6921f2fb82c05455042c2e20,https://www.coindesk.com/coindesk-indices/2025/11/21/coindesk-20-performance-update-bitcoin-btc-price-falls-3-3-as-index-declines,Bitcoin,2025-11-22T17:29:31.541562+00:00,2025-11-21T14:19:17+00:00,2025-11-22T17:29:31.541562+00:00,-0.9661324815824628,0.009498040191829205,0.975630521774292,0.01487148180603981,positive,negative,neutral,0.009498040191829205,0.975630521774292,0.01487148180603981,www.coindesk.com,"Bitcoin Cash (BCH) was also trading lower, down 2.3% from Thursday.",CoinDesk 20 Performance Update: Bitcoin (BTC) Price Falls 3.3% as Index Declines,newsapi
6921f2ff82c05455042c2e21,https://cryptobriefing.com/us-investigates-bitmain-national-security/,Bitcoin,2025-11-22T17:29:36.201809+00:00,2025-11-21T14:16:40+00:00,2025-11-22T17:29:36.201809+00:00,-0.4481144845485687,0.035717159509658813,0.48383164405822754,0.4804512560367584,positive,negative,neutral,0.035717159509658813,0.48383164405822754,0.4804512560367584,cryptobriefing.com,"US probes Bitmain over national security risks, investigating potential espionage threats from the Chinese Bitcoin mining hardware giant.",US investigates Bitmain over national security concerns,newsapi
6921f30282c05455042c2e24,https://www.dealnews.com/Fold-App-Bitcoin-Gift-Card-Gift-up-to-500/21787021.html,Bitcoin,2025-11-22T17:29:39.334914+00:00,2025-11-21T14:15:25+00:00,2025-11-22T17:29:39.334914+00:00,0.012921828776597977,0.0338977687060833,0.02097593992948532,0.9451262354850769,positive,negative,neutral,0.0338977687060833,0.02097593992948532,0.9451262354850769,www.dealnews.com,"Just in time for the holidays, you can now purchase Fold App Bitcoin gift cards, allowing you to gift up to $500 in Bitcoin. They're redeemable only in the US, through the Fold app. There's no fee for purchasing a gift card, but there may be fees when redeeming it.",Fold App Bitcoin Gift Card: Gift up to $500,newsapi
6921f30382c05455042c2e25,https://biztoc.com/x/cd9d0de86c9561ca,Bitcoin,2025-11-22T17:29:40.358818+00:00,2025-11-21T14:03:55+00:00,2025-11-22T17:29:40.358818+00:00,-0.9065243862569332,0.015373501926660538,0.9218978881835938,0.06272862106561661,positive,negative,neutral,0.015373501926660538,0.9218978881835938,0.06272862106561661,biztoc.com,The Entire Business World on a Single Page with the Web's Most Comprehensive One-Stop Finance News Hub.,Saylor’s Preferreds Boom Comes Into Question as Bitcoin Slumps,newsapi
6921f30582c05455042c2e26,https://biztoc.com/x/921f1b7a4c2ab332,Bitcoin,2025-11-22T17:29:41.498882+00:00,2025-11-21T14:03:23+00:00,2025-11-22T17:29:41.498882+00:00,-0.9470680523663759,0.014173848554491997,0.9612419009208679,0.024584293365478516,positive,negative,neutral,0.014173848554491997,0.9612419009208679,0.024584293365478516,biztoc.com,"A plunge in cryptocurrency assets accelerated Friday morning, led by bitcoin, which has lost more than a third of its value since setting an all-time high in…",Crypto plunge wipes out nearly $400 billion in a week,newsapi
6921f30782c05455042c2e27,http://www.newsbtc.com/news/bitcoin/scott-bessent-stirs-headlines-with-surprise-visit-to-bitcoin-bar/,Bitcoin,2025-11-22T17:29:44.308881+00:00,2025-11-21T14:00:16+00:00,2025-11-22T17:29:44.308881+00:00,0.5966681614518166,0.6450597047805786,0.048391543328762054,0.3065488040447235,positive,negative,neutral,0.6450597047805786,0.048391543328762054,0.3065488040447235,www.newsbtc.com,"A surprise appearance by US Treasury Secretary Scott Bessent at the opening of a Bitcoin-themed bar in Washington, DC, has drawn sharp attention from both",Scott Bessent Stirs Headlines With Surprise Visit To Bitcoin Bar,newsapi
6921f30a82c05455042c2e28,https://cointelegraph.com/news/bitcoin-realized-losses-reach-ftx-crash-levels,Bitcoin,2025-11-22T17:29:46.512091+00:00,2025-11-21T13:59:55+00:00,2025-11-23T12:57:00.127213+00:00,0.6010831743478775,0.7826943397521973,0.18161116540431976,0.03569447621703148,positive,negative,neutral,0.7826943397521973,0.18161116540431976,0.03569447621703148,cointelegraph.com,"Realized losses on Bitcoin have risen to levels last seen during the FTX crash, with short-term holders driving the capitulation, according to Glassnode.",Bitcoin realized losses rise to FTX crash levels: Where is the bottom?,newsapi
6921f31182c05455042c2e2b,https://slashdot.org/firehose.pl?op=view&amp;id=180162285,Bitcoin,2025-11-22T17:29:53.872236+00:00,2025-11-21T13:52:27+00:00,2025-11-22T17:29:53.872236+00:00,-0.9459062777459621,0.012175086885690689,0.9580813646316528,0.029743501916527748,positive,negative,neutral,0.012175086885690689,0.9580813646316528,0.029743501916527748,slashdot.org,"Crypto plunge wipes out nearly $400 billion in a weekAxios  Bitcoin Heading for Worst Month Since Crypto Collapse of 2022Yahoo Finance  Crypto&rsquo;s Q4 wipeout is among worst in memory&ndash;but better times may be ahead, says analystFortune  Bitcoin Price Falls Again. Why Cryptos Are Still Down...",Crypto plunge wipes out nearly $400 billion in a week - Axios,newsapi
6921f31282c05455042c2e2c,https://biztoc.com/x/62c705f3d786080e,Bitcoin,2025-11-22T17:29:55.333428+00:00,2025-11-21T13:52:10+00:00,2025-11-22T17:29:55.333428+00:00,-0.08531156554818153,0.04607459530234337,0.1313861608505249,0.822539210319519,positive,negative,neutral,0.04607459530234337,0.1313861608505249,0.822539210319519,biztoc.com,"Attention Bitcoin Bulls: BTC is Now at Levels Preceding FTX-Era Extremes\nShort-term realized-loss dominance is typical of market stress, but the magnitude…",Attention Bitcoin Bulls: BTC is Now at Levels Preceding FTX-Era Extremes,newsapi
6921f31482c05455042c2e2d,https://www.coindesk.com/markets/2025/11/21/attention-bitcoin-bulls-btc-is-now-at-levels-preceding-ftx-era-extremes,Bitcoin,2025-11-22T17:29:56.938973+00:00,2025-11-21T13:44:58+00:00,2025-11-22T17:29:56.938973+00:00,0.372381329536438,0.4650781452655792,0.09269681572914124,0.44222506880760193,positive,negative,neutral,0.4650781452655792,0.09269681572914124,0.44222506880760193,www.coindesk.com,"Short-term realized-loss dominance is typical of market stress, but the magnitude this week stands out.",Attention Bitcoin Bulls: BTC is Now at Levels Preceding FTX-Era Extremes,newsapi
6921f31682c05455042c2e2e,https://biztoc.com/x/348823dc647a0f81,Bitcoin,2025-11-22T17:29:58.774225+00:00,2025-11-21T13:41:19+00:00,2025-11-22T17:29:58.774225+00:00,-0.9576354706659913,0.010325244627892971,0.9679607152938843,0.021714113652706146,positive,negative,neutral,0.010325244627892971,0.9679607152938843,0.021714113652706146,biztoc.com,"The platform's core business relies on retail investors pouring into speculative corners of the market, particularly crypto and AI-linked stocks.","Robinhood shares head for brutal weekly loss as bitcoin, AI stocks are hit hard",newsapi
6921f31782c05455042c2e2f,https://biztoc.com/x/42b4830e048aee98,Bitcoin,2025-11-22T17:29:59.838498+00:00,2025-11-21T13:41:19+00:00,2025-11-22T17:29:59.838498+00:00,0.03013753890991211,0.22781886160373688,0.19768132269382477,0.574499785900116,positive,negative,neutral,0.22781886160373688,0.19768132269382477,0.574499785900116,biztoc.com,The Entire Business World on a Single Page with the Web's Most Comprehensive One-Stop Finance News Hub.,Bitcoin Bounces Above $84K as Fed's Williams Puts December Rate Cut Back on Table,newsapi
6921f31d82c05455042c2e30,https://biztoc.com/x/b45bc97880715bac,Ethereum,2025-11-22T17:30:05.978306+00:00,2025-11-21T17:03:15+00:00,2025-11-23T12:56:34.034304+00:00,-0.9338386692106724,0.01777535304427147,0.9516140222549438,0.03061060979962349,positive,negative,neutral,0.01777535304427147,0.9516140222549438,0.03061060979962349,biztoc.com,"BitMine Immersion Technologies, the largest corporate holder of Ethereum, reported $328 million in full-year income on Friday while declaring its first…","BitMine Shares Tumble After Earnings as Ethereum Price Falls, Treasury Hype Fades",newsapi
6921f33382c05455042c2e36,https://cryptoslate.com/adding-defi-to-your-401k-how-blackrocks-staked-ethereum-etf-rewires-access-to-eth-yield/,Ethereum,2025-11-22T17:30:27.737470+00:00,2025-11-21T15:45:58+00:00,2025-11-23T12:56:47.153286+00:00,0.118665911257267,0.13527286052703857,0.016606949269771576,0.8481202125549316,positive,negative,neutral,0.13527286052703857,0.016606949269771576,0.8481202125549316,cryptoslate.com,"A filing would kick off a new front in the ETH ETF war: pricing, staking access, and custody all in play.",Adding DeFi to your 401k: How BlackRock’s staked Ethereum ETF rewires access to ETH rewards,newsapi
6921f33582c05455042c2e37,https://cryptobriefing.com/ethereum-staking-launch-bitmine/,Ethereum,2025-11-22T17:30:30.380251+00:00,2025-11-21T15:14:54+00:00,2025-11-23T12:56:50.050697+00:00,0.40122750774025917,0.4199034869670868,0.01867597922682762,0.5614205002784729,positive,negative,neutral,0.4199034869670868,0.01867597922682762,0.5614205002784729,cryptobriefing.com,"BitMine posts $328 million profit, announces early 2026 Ethereum staking launch, and pays the first dividend among large-cap crypto firms.","Tom Lee’s BitMine reports $328 million in profit, prepares to launch MAVAN Ethereum staking next year",newsapi
6921f34c82c05455042c2e3c,https://zycrypto.com/bitcoin-price-tumbles-below-85000-as-expert-blames-dip-on-capital-rotation-between-ogs-and-tradfi/,Bitcoin,2025-11-22T17:30:52.491589+00:00,2025-11-21T13:38:47+00:00,2025-11-23T12:58:44.872332+00:00,-0.9337958749383688,0.028069430962204933,0.9618653059005737,0.010065313428640366,positive,negative,neutral,0.028069430962204933,0.9618653059005737,0.010065313428640366,zycrypto.com,Bitcoin (BTC) is in the throes of a steep decline after prices of the premier cryptocurrency slide toward $80K.,"Bitcoin Price Tumbles Below $85,000 As Expert Blames Dip On Capital Rotation Between OGs And TradFi",newsapi
6921f35082c05455042c2e3d,https://biztoc.com/x/e884e4f08b5e048b,Bitcoin,2025-11-22T17:30:57.135619+00:00,2025-11-21T13:29:59+00:00,2025-11-23T12:57:05.756596+00:00,-0.9239619299769402,0.01240665465593338,0.9363685846328735,0.05122476816177368,positive,negative,neutral,0.01240665465593338,0.9363685846328735,0.05122476816177368,biztoc.com,Bitcoin (CRYPTO: BTC) and Ethereum (CRYPTO: ETH) breaking below key support levels has sparked debate over whether fundamentals are to blame — but Fundstrat's…,"Tom Lee Says Bitcoin, Ethereum Crash Wasn't Macro But A 'Software Bug'",newsapi
6921f35282c05455042c2e3e,https://zycrypto.com/tom-lee-projects-bullish-ether-on-bitcoins-supercycle-amid-market-crash/,Bitcoin,2025-11-22T17:30:59.072440+00:00,2025-11-21T13:20:09+00:00,2025-11-23T12:57:06.496562+00:00,0.8885475434362888,0.9324508905410767,0.04390334710478783,0.023645678535103798,positive,negative,neutral,0.9324508905410767,0.04390334710478783,0.023645678535103798,zycrypto.com,BitMine’s Tom Lee forecasted a strong rally for Ethereum (ETH) despite tighter hurdles as crypto prices hit multi-month lows.,Tom Lee Projects Bullish Ether On Bitcoin’s Supercycle Amid Market Crash,newsapi
6921f35482c05455042c2e3f,https://cointelegraph.com/news/solana-xrp-etfs-defy-outflows,Bitcoin,2025-11-22T17:31:00.837578+00:00,2025-11-21T13:16:26+00:00,2025-11-23T12:58:48.861615+00:00,0.9181709382683039,0.9422025084495544,0.024031570181250572,0.03376584127545357,positive,negative,neutral,0.9422025084495544,0.024031570181250572,0.03376584127545357,cointelegraph.com,"Solana and XRP ETFs continue to attract steady inflows with no outflow days since launch, even as Bitcoin and Ether products trend deep into redemptions.","ETF altseason? Solana, XRP funds buck crypto’s market sell-off",newsapi
6921f35782c05455042c2e40,https://zycrypto.com/japan-mulls-new-crypto-tax-rules-classifies-bitcoin-ethereum-as-financial-products/,Bitcoin,2025-11-22T17:31:03.663501+00:00,2025-11-21T13:08:04+00:00,2025-11-23T12:57:10.230981+00:00,0.14049222134053707,0.1544128954410553,0.013920674100518227,0.8316664695739746,positive,negative,neutral,0.1544128954410553,0.013920674100518227,0.8316664695739746,zycrypto.com,"Japan is considering major changes to its cryptocurrency framework, including tax-related measures and oversight functions.","Japan Mulls New Crypto Tax Rules, Classifies Bitcoin & Ethereum As Financial Products",newsapi
6921f35882c05455042c2e41,https://www.thehindubusinessline.com/money-and-banking/bitcoins-drop-to-83000-signals-fear-driven-decline-not-structural-analysts-say/article70307756.ece,Bitcoin,2025-11-22T17:31:05.435811+00:00,2025-11-21T13:05:29+00:00,2025-11-23T11:47:40.121006+00:00,-0.9582940191030502,0.012433603405952454,0.9707276225090027,0.016838716343045235,positive,negative,neutral,0.012433603405952454,0.9707276225090027,0.016838716343045235,www.thehindubusinessline.com,"Bitcoin's drop to $83,000 reflects fear-driven market dynamics, not a structural collapse, say analysts amidst rising macro uncertainty.","Bitcoin’s drop to $83,000 signals fear-driven decline, not structural, analysts say",newsapi
6921f35982c05455042c2e42,https://economictimes.indiatimes.com/news/international/us/ethereum-price-crashed-to-2671-today-why-is-eth-sliding-below-2700-will-ethereum-recover-or-is-eth-price-on-track-to-touch-2000/articleshow/125486814.cms,Bitcoin,2025-11-22T17:31:06.024011+00:00,2025-11-21T12:50:37+00:00,2025-11-23T11:47:40.773172+00:00,-0.9644015040248632,0.009265104308724403,0.9736666083335876,0.017068330198526382,positive,negative,neutral,0.009265104308724403,0.9736666083335876,0.017068330198526382,economictimes.indiatimes.com,"Ethereum price crashed to $2,671, dropping 5.63% as heavy selling hit the crypto market. ETH broke below $2,700, its weakest level since July. Bitcoin also fell to multi-month lows, triggering large liquidations across exchanges. ETF data shows persistent out…","Ethereum price crashed to $2,671 today: Why is ETH sliding below $2,700 — Will Ethereum recover or is ETH price on track to touch $2,000?",newsapi
6921f35a82c05455042c2e43,https://www.globenewswire.com/news-release/2025/11/21/3192743/0/en/HashStaking-Platform-Adjusts-Strategies-as-Bitcoin-Trades-Near-81-000.html,Bitcoin,2025-11-22T17:31:07.036880+00:00,2025-11-21T12:49:00+00:00,2025-11-23T11:47:41.538515+00:00,-0.020202308893203735,0.22168117761611938,0.24188348650932312,0.5364353060722351,positive,negative,neutral,0.22168117761611938,0.24188348650932312,0.5364353060722351,www.globenewswire.com,"Redwood City, USA , Nov.  21, 2025  (GLOBE NEWSWIRE) --     As Bitcoin fluctuates near the $81,000 level, staking-service providers are adjusting their...","HashStaking Platform Adjusts Strategies as Bitcoin Trades Near $81,000",newsapi
6921f35d82c05455042c2e49,https://cryptobriefing.com/blackrock-deposits-bitcoin-ethereum-coinbase-prime/,Bitcoin,2025-11-22T17:31:09.745354+00:00,2025-11-21T12:41:55+00:00,2025-11-23T10:37:25.087355+00:00,-0.6833126079291105,0.0262367594987154,0.7095493674278259,0.2642138600349426,positive,negative,neutral,0.0262367594987154,0.7095493674278259,0.2642138600349426,cryptobriefing.com,BlackRock deposited $348M in Bitcoin and $117M in Ethereum to Coinbase Prime on November 21 as its Bitcoin and Ether funds continue to shed.,BlackRock deposits $348M in Bitcoin and $117M in Ethereum into Coinbase Prime,newsapi
6921f35e82c05455042c2e4a,https://biztoc.com/x/6c43a046536dab9b,Bitcoin,2025-11-22T17:31:11.246729+00:00,2025-11-21T12:23:05+00:00,2025-11-23T12:58:59.259116+00:00,-0.3100658319890499,0.026764128357172012,0.3368299603462219,0.6364059448242188,positive,negative,neutral,0.026764128357172012,0.3368299603462219,0.6364059448242188,biztoc.com,The Entire Business World on a Single Page with the Web's Most Comprehensive One-Stop Finance News Hub.,Bitcoin Dives Again in Worst Week for 3 Years. Why This Severe Crypto Selloff Will Continue,newsapi
6921f35f82c05455042c2e4b,https://biztoc.com/x/699898ea55a70f99,Bitcoin,2025-11-22T17:31:12.250078+00:00,2025-11-21T12:22:54+00:00,2025-11-23T10:37:27.024083+00:00,-0.8874998539686203,0.04985649883747101,0.9373563528060913,0.01278717815876007,positive,negative,neutral,0.04985649883747101,0.9373563528060913,0.01278717815876007,biztoc.com,"Bitcoin has plunged around 10% to $82,000 over the past 24 hours, pushing liquidations to around $2 billion.\nSpot ETFs saw heavy outflows on Thursday, with…","Bitcoin Craters 10% To $82,000 As $2B Liquidations Hit Ethereum, XRP, Dogecoin",newsapi
6921f36082c05455042c2e4c,https://economictimes.indiatimes.com/news/international/us/cryptocurrency-prediction-bitcoin-ethereum-xrp-which-crypto-will-give-1000x-returns-in-2026/articleshow/125486233.cms,Bitcoin,2025-11-22T17:31:12.790976+00:00,2025-11-21T12:19:11+00:00,2025-11-23T12:58:59.678951+00:00,0.0053186118602752686,0.031631894409656525,0.026313282549381256,0.942054808139801,positive,negative,neutral,0.031631894409656525,0.026313282549381256,0.942054808139801,economictimes.indiatimes.com,Cryptocurrency prediction for 2026 is out now. Check which Crypto will offer 1000x returns in 2026.,"Cryptocurrency prediction: Bitcoin, Ethereum, XRP? Which Crypto will give 1000x returns in 2026?",newsapi
6921f36682c05455042c2e4d,https://economictimes.indiatimes.com/news/international/us/bitcoin-price-plunges-again-today-what-are-the-reasons-behind-btc-usd-crashing/articleshow/125485678.cms,Bitcoin,2025-11-22T17:31:19.100576+00:00,2025-11-21T12:02:08+00:00,2025-11-23T08:29:12.379737+00:00,-0.9615312367677689,0.007914170622825623,0.9694454073905945,0.02264050953090191,positive,negative,neutral,0.007914170622825623,0.9694454073905945,0.02264050953090191,economictimes.indiatimes.com,"Btc price today: Bitcoin and Ether prices have plummeted to multi-month lows. Investors are moving away from risky assets, causing a massive selloff. Over $1.2 trillion has been wiped from the crypto market in six weeks. This downturn impacts related stocks, …",Bitcoin price plunges again today — what are the reasons behind BTC USD crashing?,newsapi
6921f36882c05455042c2e4e,https://coinjournal.net/news/bnb-price-revisits-805-amid-market-dump-whats-the-forecast/,Bitcoin,2025-11-22T17:31:21.055809+00:00,2025-11-21T11:54:38+00:00,2025-11-23T11:49:28.903985+00:00,-0.9555394118651748,0.014188283123075962,0.9697276949882507,0.016084054484963417,positive,negative,neutral,0.014188283123075962,0.9697276949882507,0.016084054484963417,coinjournal.net,"BNB price dropped 9% to near $800 as altcoins mirrored Bitcoin's sharp fall to $82,000 zone amid broader risk aversion",BNB price revisits $805 amid market dump; what’s the forecast?,newsapi
6921f36c82c05455042c2e51,http://www.newsbtc.com/news/ethereum/ethereum-dead-cat-bounce/,Ethereum,2025-11-22T17:31:24.789246+00:00,2025-11-21T11:30:13+00:00,2025-11-23T07:20:21.630529+00:00,-0.8947892785072327,0.02616482973098755,0.9209541082382202,0.05288109928369522,positive,negative,neutral,0.02616482973098755,0.9209541082382202,0.05288109928369522,www.newsbtc.com,Ethereum is still struggling after the initial market crash on October 10 that rocked the market and the price is yet to recover.,"Ethereum Dead Cat Bounce Puts Price At $3,400, But What’s The Ultimate Target?",newsapi
6921f36d82c05455042c2e52,https://cryptoslate.com/traders-lose-2-billion-overnight-as-bitcoin-breaks-to-81k-what-todays-pain-says-about-the-next-move/,Bitcoin,2025-11-22T17:31:25.748924+00:00,2025-11-21T11:26:13+00:00,2025-11-23T10:39:47.187113+00:00,-0.890881109982729,0.03298689052462578,0.9238680005073547,0.04314502701163292,positive,negative,neutral,0.03298689052462578,0.9238680005073547,0.04314502701163292,cryptoslate.com,Bitcoin loses $85k support as extreme fear grips leveraged traders.,Exchanges wipe out $2 billion overnight as Bitcoin breaks to $81k — what today’s pain says about the next move,newsapi
6921f36f82c05455042c2e53,https://coingape.com/what-next-for-xrp-price-as-bitcoin-falls-below-83000-again/,Bitcoin,2025-11-22T17:31:28.156059+00:00,2025-11-21T11:06:06+00:00,2025-11-23T06:11:26.452982+00:00,-0.9480222500860691,0.011760171502828598,0.9597824215888977,0.028457405045628548,positive,negative,neutral,0.011760171502828598,0.9597824215888977,0.028457405045628548,coingape.com,"XRP price faces a deeper crash to $1.73 as the Bitwise ETF launch fails to rebound the crypto asset, as Bitcoin tumbled below $83,000.","What Next for XRP Price as Bitcoin Falls Below $83,000 Again?",newsapi
6921f37382c05455042c2e54,https://bitcoinist.com/ethereum-co-founder-threats-from-blackrock/,Ethereum,2025-11-22T17:31:31.884345+00:00,2025-11-21T11:00:32+00:00,2025-11-23T06:11:27.458482+00:00,-0.8448395691812038,0.03424328938126564,0.8790828585624695,0.08667385578155518,positive,negative,neutral,0.03424328938126564,0.8790828585624695,0.08667385578155518,bitcoinist.com,Ethereum (ETH) co-founder Vitalik Buterin raised concerns about the increasing dominance of institutional giants like BlackRock over crypto.,Ethereum Co-Founder Highlights Threats From BlackRock’s Institutional Influence,newsapi
6921f37582c05455042c2e55,https://coinjournal.net/news/solana-price-forecast-as-sol-dives-double-digits-to-125/,Bitcoin,2025-11-22T17:31:34.094492+00:00,2025-11-21T10:48:32+00:00,2025-11-23T08:31:01.684233+00:00,-0.9549088757485151,0.014449568465352058,0.9693584442138672,0.01619199849665165,positive,negative,neutral,0.014449568465352058,0.9693584442138672,0.01619199849665165,coinjournal.net,Solana price nosedived to lows of $125 as Bitcoin plummeted amid investor jitters around macroeconomic pressures.,Solana price forecast as SOL dives double digits to $125,newsapi
6921f37882c05455042c2e56,https://www.coindesk.com/markets/2025/11/21/crypto-markets-today-bitcoin-ether-slide-as-liquidity-crisis-fuels-heavy-sell-off,Bitcoin,2025-11-22T17:31:36.613881+00:00,2025-11-21T10:42:10+00:00,2025-11-23T06:11:32.550298+00:00,-0.9629321722313762,0.010463950224220753,0.9733961224555969,0.01613989658653736,positive,negative,neutral,0.010463950224220753,0.9733961224555969,0.01613989658653736,www.coindesk.com,Crypto markets plunged toward April lows on Friday as a lingering liquidity crunch amplified price swings. Bitcoin and ether fell more than 10%.,"Crypto Markets Today: Bitcoin, Ether Slide as Liquidity Crisis Fuels Heavy Sell-Off",newsapi
6921f37b82c05455042c2e59,https://www.dlnews.com/articles/markets/blackrock-clients-sell-bitcoin-as-price-tumbles-to-81900-but-november-etf-flush-is-seen-to-get-worse/,Bitcoin,2025-11-22T17:31:39.878757+00:00,2025-11-21T10:36:30+00:00,2025-11-23T05:02:21.122457+00:00,-0.9304023999720812,0.024211226031184196,0.9546136260032654,0.021175118163228035,positive,negative,neutral,0.024211226031184196,0.9546136260032654,0.021175118163228035,www.dlnews.com,"Bitcoin has crashed more than 30% from its October peak. ETF selling hit $3.8 billion with nine days left in November, approaching February liquidations. The macro picture has turned hostile after Fed governors signal no December cut.","BlackRock clients dump Bitcoin as price hits $81,900. Here’s why analysts say the $3.8bn ETF flush will only get worse",newsapi
6921f37d82c05455042c2e5a,https://www.thestreet.com/crypto/markets/jpmorgan-warns-of-microstrategy-delisting-risk-from-major-equity-indices,Bitcoin,2025-11-22T17:31:41.779513+00:00,2025-11-21T10:30:45+00:00,2025-11-23T05:02:23.197460+00:00,-0.8685680963099003,0.04465457424521446,0.9132226705551147,0.04212280362844467,positive,negative,neutral,0.04465457424521446,0.9132226705551147,0.04212280362844467,www.thestreet.com,"MicroStrategy (now Strategy), the world’s largest corporate holder of Bitcoin, is facing its most consequential structural risk since Michael Saylor began...",JPMorgan warns of MicroStrategy delisting risk from major equity indices,newsapi
6921f37f82c05455042c2e5b,https://coinjournal.net/news/ethereum-sinks-below-2700-as-crypto-slump-intensifies/,Ethereum,2025-11-22T17:31:43.441316+00:00,2025-11-21T10:28:16+00:00,2025-11-23T08:31:02.546868+00:00,-0.9572329018265009,0.015430798754096031,0.9726637005805969,0.01190546527504921,positive,negative,neutral,0.015430798754096031,0.9726637005805969,0.01190546527504921,coinjournal.net,"Ethereum fell to near $2,600, extending losses amid double-digit dump and $400 million in 24-hour ETH liquidations","Ethereum sinks below $2,700 as crypto slump intensifies",newsapi
6921f38082c05455042c2e5c,https://biztoc.com/x/d3475bb3a484c4c6,Bitcoin,2025-11-22T17:31:44.559870+00:00,2025-11-21T10:20:26+00:00,2025-11-23T03:53:34.179687+00:00,-0.9107404015958309,0.021812889724969864,0.9325532913208008,0.045633792877197266,positive,negative,neutral,0.021812889724969864,0.9325532913208008,0.045633792877197266,biztoc.com,"In brief\nBottom line: The economy added an average of 44k jobs a month for the past 4 months. That's barely ""treading water"" and explains why unemployment is…","Bitcoin, Ethereum and XRP Dive as Rate Cut Hopes Fade, Liquidations Near $1 Billion",newsapi
6921f38182c05455042c2e5d,https://cryptoslate.com/bitmine-and-the-digital-asset-dilemma-as-ethereum-losses-mount/,Ethereum,2025-11-22T17:31:45.606264+00:00,2025-11-21T10:15:20+00:00,2025-11-23T03:53:35.063889+00:00,0.005809873342514038,0.2548244893550873,0.24901461601257324,0.4961608946323395,positive,negative,neutral,0.2548244893550873,0.24901461601257324,0.4961608946323395,cryptoslate.com,BitMine's $4 billion Ethereum drawdown tests the resilience of crypto-focused balance sheets amid market volatility.,Ethereum’s crash just exposed a $4B time bomb — and why regular investors should pay attention,newsapi
6921f38682c05455042c2e5e,https://www.globenewswire.com/news-release/2025/11/21/3192600/0/en/MEXC-Launches-Ethereum-Eco-Month-with-1-Million-Prize-Pool.html,Ethereum,2025-11-22T17:31:50.818363+00:00,2025-11-21T10:00:00+00:00,2025-11-23T00:28:50.599041+00:00,0.23627214971929789,0.244507297873497,0.008235148154199123,0.7472574710845947,positive,negative,neutral,0.244507297873497,0.008235148154199123,0.7472574710845947,www.globenewswire.com,"MEXC announced the launch of Ethereum Eco Month, it features a $1 million prize pool and offers participants opportunities to win 1-ounce gold bar....",MEXC Launches Ethereum Eco Month with $1 Million Prize Pool,newsapi
6921f38682c05455042c2e5f,https://economictimes.indiatimes.com/news/international/us/bitcoinbtc-price-crashes-to-82605-as-crypto-markets-fall-below-2-8-trillion-is-bitcoins-path-toward-75000-inevitable/articleshow/125483002.cms,Bitcoin,2025-11-22T17:31:51.342469+00:00,2025-11-21T09:56:18+00:00,2025-11-23T06:13:24.365229+00:00,-0.9644741043448448,0.009081758558750153,0.973555862903595,0.017362311482429504,positive,negative,neutral,0.009081758558750153,0.973555862903595,0.017362311482429504,economictimes.indiatimes.com,"Bitcoin price fell to about $82,605 on November 21, down 4.53% after a drop from near $92,000, extending a steep monthly loss of 23%, its worst since June 2022. It briefly hit $81,629 before recovering toward $84,000. Over $1.9 billion in long liquidations an…","Bitcoin(BTC) price crashes to $82,605 as crypto markets fall below $2.8 trillion — Is Bitcoin’s path toward $75,000 inevitable?",newsapi
6921f38882c05455042c2e62,https://beincrypto.com/crypto-market-liquidations-2025/,Bitcoin,2025-11-22T17:31:52.565458+00:00,2025-11-21T09:12:11+00:00,2025-11-23T00:28:51.687200+00:00,-0.9416358349844813,0.014548075385391712,0.956183910369873,0.02926809899508953,positive,negative,neutral,0.014548075385391712,0.956183910369873,0.02926809899508953,beincrypto.com,"Nearly $2 billion in crypto liquidations hit traders in 24 hours, with Bitcoin and Ethereum long positions leading the losses.",Nearly $2 Billion Wiped Out in Crypto Liquidations Amid Brutal Sell-Off,newsapi
6921f38b82c05455042c2e63,https://cryptonews.com/news/u-s-bitcoin-etfs-log-903m-in-outflows-ethereum-etfs-bleed-another-262m-amid-market-bloodbath/,Bitcoin,2025-11-22T17:31:55.871106+00:00,2025-11-21T08:12:13+00:00,2025-11-23T05:04:14.512187+00:00,0.6752226054668427,0.8216266632080078,0.14640405774116516,0.031969230622053146,positive,negative,neutral,0.8216266632080078,0.14640405774116516,0.031969230622053146,cryptonews.com,"US Bitcoin spot exchange-traded funds (ETFs) witnessed a total net outflow of $903 million on November 20, marking the second-largest outflows since the...","U.S. Bitcoin ETFs Log $903M in Outflows, Ethereum ETFs Bleed Another $262M amid Market Bloodbath",newsapi
6921f39782c05455042c2e66,https://beincrypto.com/ethereum-whale-accumulation-halts-price-dips/,Ethereum,2025-11-22T17:32:07.731402+00:00,2025-11-21T07:00:00+00:00,2025-11-22T21:03:10.223043+00:00,-0.9164280742406845,0.025256291031837463,0.941684365272522,0.03305939957499504,positive,negative,neutral,0.025256291031837463,0.941684365272522,0.03305939957499504,beincrypto.com,"Ethereum dips below $3,000 as whale accumulation stalls and long-term holders face rising losses, increasing the risk of downside pressure.","Where Does Ethereum Whale Accumulation Stand As Price Dips Below $3,000?",newsapi
6921f3c382c05455042c2e6b,https://zycrypto.com/solana-etf-sees-a-476m-inflow-why-this-could-be-a-major-catalyst-for-geefis-gee-price/,Solana,2025-11-22T17:32:51.635871+00:00,2025-11-21T17:30:04+00:00,2025-11-23T12:58:16.735042+00:00,0.826473992317915,0.8333141207695007,0.00684012845158577,0.159845769405365,positive,negative,neutral,0.8333141207695007,0.00684012845158577,0.159845769405365,zycrypto.com,"At the heart of this powerful ecosystem is the GeeFi Token (GEE), which will unlock the platform's full potential with benefits like fee discounts and staking rewards.","Solana ETF Sees a $476M Inflow, Why This Could Be a Major Catalyst for GeeFi’s (GEE) Price",newsapi
6921f3c882c05455042c2e6e,https://biztoc.com/x/dca8f40dd2c37f3c,Solana,2025-11-22T17:32:56.450419+00:00,2025-11-21T17:13:49+00:00,2025-11-23T12:58:21.451761+00:00,0.9250930231064558,0.9362291097640991,0.011136086657643318,0.05263488367199898,positive,negative,neutral,0.9362291097640991,0.011136086657643318,0.05263488367199898,biztoc.com,"Coinbase Global Inc. (NASDAQ:COIN) has reached an agreement to acquire Solana's (CRYPTO: SOL) Vector, a trading platform that helps users access fast,…",Coinbase Snaps Up Solana's Vector — Yet COIN Flashes A Major Sell Signal,newsapi
6921f3ca82c05455042c2e6f,https://biztoc.com/x/4431aeacf45672f8,Solana,2025-11-22T17:32:59.011306+00:00,2025-11-21T16:51:46+00:00,2025-11-23T12:58:23.804389+00:00,0.1859264997765422,0.19441363215446472,0.008487132377922535,0.797099232673645,positive,negative,neutral,0.19441363215446472,0.008487132377922535,0.797099232673645,biztoc.com,"American crypto exchange Coinbase announced Friday that it has agreed to acquire social meme coin trading application, Vector.\nThe acquisition will fold…",Coinbase Acquires Solana Meme Coin Social Trading App Vector,newsapi
6921f3de82c05455042c2e72,https://biztoc.com/x/aa51af2dbdf8b232,Solana,2025-11-22T17:33:18.997241+00:00,2025-11-21T14:37:25+00:00,2025-11-23T12:58:38.973422+00:00,0.660205252468586,0.6697322726249695,0.009527020156383514,0.320740669965744,positive,negative,neutral,0.6697322726249695,0.009527020156383514,0.320740669965744,biztoc.com,Coinbase to Snap up Solana-Based DEX Vector as Acquisition Spree Continues\nThe exchange’s latest deal folds Solana-native Vector into its consumer trading…,Coinbase to Snap Up Solana-Based DEX Vector as Acquisition Spree Continues,newsapi
6921f3e182c05455042c2e73,https://www.coindesk.com/business/2025/11/21/coinbase-to-snap-up-solana-based-dex-vector-as-acquisition-spree-continues,Solana,2025-11-22T17:33:21.584312+00:00,2025-11-21T14:30:25+00:00,2025-11-23T12:58:41.324605+00:00,0.6640030238777399,0.6794264316558838,0.015423407778143883,0.3051500618457794,positive,negative,neutral,0.6794264316558838,0.015423407778143883,0.3051500618457794,www.coindesk.com,"The deal marks Coinbase’s ninth acquisition of 2025, following earlier buys including Echo for $375 million and Deribit for $2.9 billion.",Coinbase to Snap Up Solana-Based DEX Vector as Acquisition Spree Continues,newsapi
6921f3e382c05455042c2e76,https://journals.plos.org/plosone/article?id=10.1371/journal.pone.0337330,Ethereum,2025-11-22T17:33:23.577812+00:00,2025-11-21T14:00:00+00:00,2025-11-23T12:58:43.161812+00:00,-0.033458489924669266,0.053344856947660446,0.08680334687232971,0.8598518371582031,positive,negative,neutral,0.053344856947660446,0.08680334687232971,0.8598518371582031,journals.plos.org,"The aim of this study was to determine whether and which lower limb muscles contribute to maintaining dynamic balance during the stepping test. Twelve healthy young men performed in-place stepping at tempos of 44 (slow) and 132 (fast) bpm. Vertical ground reaction forces and lower limb muscle activity were recorded using a force plate and a telemetric electromyography (EMG) system, respectively. EMG signals were recorded from the rectus femoris (RF), vastus lateralis (VL), biceps femoris (BF), gastrocnemius medialis (GM), and soleus (SOL) on the right leg. The single-leg support time and the time difference between metronome sound and foot contact at the slow tempo were greater than those at the fast tempo. The impact force at the fast tempo was greater than that at the slow tempo. In the single-leg support phase, the mean EMG signals of the RF, VL, and SOL at the slow tempo were 63%, 17",Comparison of lower limb muscle activation between slow and fast tempos during the stepping test in young men,newsapi
6921f3e682c05455042c2e77,https://biztoc.com/x/91094b0d89318dd8,Solana,2025-11-22T17:33:26.683590+00:00,2025-11-21T13:19:10+00:00,2025-11-23T12:58:46.397052+00:00,0.14376403577625751,0.16049467027187347,0.01673063449561596,0.8227746486663818,positive,negative,neutral,0.16049467027187347,0.01673063449561596,0.8227746486663818,biztoc.com,The U.S. crypto exchange Coinbase plans to buy yet another company in what’s become one of its most aggressive years on record for M&A. The crypto giant has…,Coinbase to buy Solana trading platform Vector.fun,newsapi
6921f3ea82c05455042c2e78,https://cryptobriefing.com/coinbase-acquires-solana-meme-coin-app-vector/,Solana,2025-11-22T17:33:30.504971+00:00,2025-11-21T13:14:32+00:00,2025-11-23T12:58:50.117575+00:00,0.5425677495077252,0.5523355007171631,0.009767751209437847,0.4378966689109802,positive,negative,neutral,0.5523355007171631,0.009767751209437847,0.4378966689109802,cryptobriefing.com,"In a bid to broaden decentralized trading options on its app, Coinbase is acquiring Vector, a Solana-powered trading platform.",Coinbase announces acquisition of Solana meme coin app Vector,newsapi
6921f3ed82c05455042c2e79,https://fortune.com/2025/11/21/coinbase-buys-solana-vector-fun-acquisition-spree/,Solana,2025-11-22T17:33:34.312435+00:00,2025-11-21T13:00:00+00:00,2025-11-23T12:58:54.329325+00:00,0.35972620733082294,0.37113288044929504,0.0114066731184721,0.6174604892730713,positive,negative,neutral,0.37113288044929504,0.0114066731184721,0.6174604892730713,fortune.com,"The U.S. crypto exchange is on an acquisition spree, recently snapping up derivatives exchange Deribit and the ICO platform Echo.",Exclusive: Coinbase to buy Solana trading platform Vector.fun,newsapi
6921f3f082c05455042c2e7b,https://bitcoinist.com/bitcoin-hyper-layer-2-plus-btc-200k-price-prediction-2029/,Bitcoin,2025-11-22T17:33:37.388768+00:00,2025-11-21T12:55:20+00:00,2025-11-23T12:58:55.243942+00:00,0.012568287551403046,0.06512919068336487,0.05256090313196182,0.8823099136352539,positive,negative,neutral,0.06512919068336487,0.05256090313196182,0.8823099136352539,bitcoinist.com,Bitcoin Hyper could benefit from a slower path to $200K Bitcoin. Explore how this Bitcoin Layer-2 positions for the next cycle.,$200K Bitcoin Price Prediction in 2029 Could Make Bitcoin Hyper the L2 of the Future,newsapi
6921f3f482c05455042c2e7f,https://bitcoinist.com/asia-buys-bitcoin-dip-pepenode-mine-to-earn-memecoin/,Bitcoin,2025-11-22T17:33:41.384051+00:00,2025-11-21T12:49:27+00:00,2025-11-23T12:58:55.941617+00:00,0.40419346280395985,0.41900378465652466,0.014810321852564812,0.5661858916282654,positive,negative,neutral,0.41900378465652466,0.014810321852564812,0.5661858916282654,bitcoinist.com,Asia keeps buying the bitcoin dip while US sells. See why mine-to-earn memecoin PEPENODE could benefit from the next rotation.,Asia Buys Bitcoin Dip While US Sells: Analysts Explain Why as PEPENODE is a Smart Buy,newsapi
6921f3f882c05455042c2e80,https://www.fourfourtwo.com/person/my-own-team-mates-booed-me-after-i-moved-to-arsenal-sol-campbell-recalls-how-gunners-team-mates-helped-prepare-him-for-toxic-white-hart-lane-return,Solana,2025-11-22T17:33:44.583988+00:00,2025-11-21T12:30:00+00:00,2025-11-23T12:58:58.508256+00:00,-0.6447151340544224,0.026936348527669907,0.6716514825820923,0.3014121949672699,positive,negative,neutral,0.026936348527669907,0.6716514825820923,0.3014121949672699,www.fourfourtwo.com,Sol Campbell’s free transfer between Tottenham and Arsenal remains one of the North London Derby’s most infamous storylines,‘My own team-mates booed me after I moved to Arsenal’ Sol Campbell recalls how Gunners team-mates helped ‘prepare’ him for toxic White Hart Lane return,newsapi
6921f3fd82c05455042c2e81,https://ambcrypto.com/solana-xrp-down-despite-2025-wins-the-one-key-factor-tying-them-together/,Ethereum,2025-11-22T17:33:50.323263+00:00,2025-11-21T12:00:15+00:00,2025-11-23T12:59:01.172321+00:00,-0.8903089463710785,0.038942962884902954,0.9292519092559814,0.03180503472685814,positive,negative,neutral,0.038942962884902954,0.9292519092559814,0.03180503472685814,ambcrypto.com,"Solana and XRP have been hitting bullish milestones, including institutional adoption, but weak altcoin flows are keeping both altcoins...",Solana & XRP down despite 2025 wins – The ONE key factor tying them together!,newsapi
6921f3ff82c05455042c2e82,https://www.archdaily.com/1036254/pre-de-lenclos-2-housing-rehabilitation-sol-architecture-and-urbanisme,Solana,2025-11-22T17:33:51.815043+00:00,2025-11-21T12:00:00+00:00,2025-11-23T12:59:02.699126+00:00,0.04522822983562946,0.06022682413458824,0.014998594298958778,0.9247745871543884,positive,negative,neutral,0.06022682413458824,0.014998594298958778,0.9247745871543884,www.archdaily.com,"Completed in 2024 in Villiers-le-Bel, France. Images by Clément Guillaume. In France, where the housing crisis meets the urgency of energy transition, rehabilitation has become both a civic act and an architectural...",Pré de l’Enclos 2 Housing Rehabilitation / SOL Architecture & Urbanisme,newsapi
6921f40082c05455042c2e85,https://www.globenewswire.com/news-release/2025/11/21/3192700/0/en/Bitcoin-Munari-Launches-Public-Presale-Featuring-a-0-10-Initial-Access-Price.html,Bitcoin,2025-11-22T17:33:53.046476+00:00,2025-11-21T12:00:00+00:00,2025-11-23T12:59:04.085285+00:00,0.08844348788261414,0.09760095924139023,0.009157471358776093,0.8932415246963501,positive,negative,neutral,0.09760095924139023,0.009157471358776093,0.8932415246963501,www.globenewswire.com,Bitcoin Munari’s public presale is underway at a $0.10 initial round price as the project outlines distribution parameters and details its phased...,Bitcoin Munari Launches Public Presale Featuring a $0.10 Initial Access Price,newsapi
6921f41382c05455042c2e88,https://bitcoinist.com/best-altcoins-bitcoin-hyper-amid-btc-whales-rotation/,Bitcoin,2025-11-22T17:34:12.080806+00:00,2025-11-21T10:24:48+00:00,2025-11-23T08:31:03.251706+00:00,0.17842797003686428,0.1983962506055832,0.01996828056871891,0.7816354632377625,positive,negative,neutral,0.1983962506055832,0.01996828056871891,0.7816354632377625,bitcoinist.com,Long-term $BTC whales are holding as mid-cycle sellers rotate. How Bitcoin Hyper fits this shift and why it’s among the best altcoin to buy now.,Positive Signals for Best Altcoins like $HYPER As Long-Term Whales Hold Onto Their Bitcoin,newsapi
6921f41c82c05455042c2e89,https://coinjournal.net/news/tensor-tnsr-the-solana-nft-marketplace-token-soars-152-heres-why/,Solana,2025-11-22T17:34:21.399645+00:00,2025-11-21T09:53:41+00:00,2025-11-23T06:13:25.752784+00:00,0.5613083839416504,0.7096107006072998,0.14830231666564941,0.14208705723285675,positive,negative,neutral,0.7096107006072998,0.14830231666564941,0.14208705723285675,coinjournal.net,"Tensor (TNSR), the governance token powering the fast-growing Solana NFT marketplace, has stunned traders after soaring more than 152%.","Tensor (TNSR), the Solana NFT marketplace token, soars 152%: here’s why",newsapi
6922027782c05455042c30d7,https://cointelegraph.com/news/what-happened-in-crypto-today?utm_source=rss_feed&utm_medium=rss&utm_campaign=rss_partner_inbound,Bitcoin,2025-11-22T18:35:36.229706+00:00,2025-11-22T22:31:21+00:00,2025-11-23T12:49:39.414400+00:00,-0.20459673553705215,0.09190105646848679,0.29649779200553894,0.6116011738777161,positive,negative,neutral,0.09190105646848679,0.29649779200553894,0.6116011738777161,cointelegraph.com,"Today in crypto: BlackRock's clients are not factoring Bitcoin as a payment network, Peter Schiff says OG's selling to weak hands will worsen future crashes, a Solo Bitcoin miner wins $266,000.",Here’s what happened in crypto today,rss
6922027882c05455042c30d8,https://cointelegraph.com/news/spot-crypto-etfs-rebound-as-bitcoin-pulls-238m-and-ether-snaps-outflow-streak?utm_source=rss_feed&utm_medium=rss&utm_campaign=rss_partner_inbound,Bitcoin,2025-11-22T18:35:37.298276+00:00,2025-11-22T12:46:32+00:00,2025-11-23T12:49:42.250129+00:00,0.7189920991659164,0.8413471579551697,0.12235505878925323,0.0362977497279644,positive,negative,neutral,0.8413471579551697,0.12235505878925323,0.0362977497279644,cointelegraph.com,"Spot Bitcoin ETFs saw $238 million in inflows on Friday after a major sell-off, while Ether funds snapped an eight-day outflow streak and Solana ETFs extended their inflow run to ten days.",Spot Bitcoin ETFs pull $238M as Ether funds snap 8-day outflow streak,rss
6922027982c05455042c30d9,https://cointelegraph.com/news/solo-bitcoin-miner-wins-266k-after-beating-million-to-one-odds?utm_source=rss_feed&utm_medium=rss&utm_campaign=rss_partner_inbound,Bitcoin,2025-11-22T18:35:38.339649+00:00,2025-11-22T10:27:36+00:00,2025-11-23T12:49:42.892187+00:00,0.897397743538022,0.9169237613677979,0.01952601782977581,0.06355021893978119,positive,negative,neutral,0.9169237613677979,0.01952601782977581,0.06355021893978119,cointelegraph.com,"A hobbyist miner with just 1.2 TH/s beat million-to-one odds to earn 3.146 BTC, worth roughly $266,000, as solo mining wins continue to rise in 2025.",‘Extremely lucky’ solo Bitcoin miner beats massive odds to win $266K,rss
6922027a82c05455042c30da,https://cointelegraph.com/news/ark-invest-boosts-bullish-bitmine-circle-btc-etfs?utm_source=rss_feed&utm_medium=rss&utm_campaign=rss_partner_inbound,Bitcoin,2025-11-22T18:35:39.360321+00:00,2025-11-22T07:31:35+00:00,2025-11-23T12:49:43.503653+00:00,0.8813210912048817,0.9133500456809998,0.03202895447611809,0.05462099239230156,positive,negative,neutral,0.9133500456809998,0.03202895447611809,0.05462099239230156,cointelegraph.com,"ARK Invest closed the week with fresh buys across Bullish, BitMine, Circle, Robinhood and Bitcoin ETFs, even as spot BTC ETFs posted nearly $1 billion in outflows.","ARK Invest wraps up week with Bitcoin ETF, Bullish, Circle, BitMine buys",rss
6922027b82c05455042c30dd,https://cointelegraph.com/news/bitcoin-sovereign-adoption-upside-candle-catalyst-jeff-park?utm_source=rss_feed&utm_medium=rss&utm_campaign=rss_partner_inbound,Bitcoin,2025-11-22T18:35:40.399728+00:00,2025-11-22T02:14:35+00:00,2025-11-23T12:49:44.274843+00:00,0.3316666018217802,0.3416951894760132,0.010028587654232979,0.6482762694358826,positive,negative,neutral,0.3416951894760132,0.010028587654232979,0.6482762694358826,cointelegraph.com,"ProCap’s Jeff Park said during a podcast interview published to YouTube on Thursday that sovereign adoption would be the catalyst that pushes Bitcoin to $150,000 overnight.",Sovereign Bitcoin adoption would be the ultimate upside catalyst: Jeff Park,rss
6922027d82c05455042c30de,https://cointelegraph.com/news/bitcoiners-us-federal-reserve-rate-cut-odds-surge-december-btc-price?utm_source=rss_feed&utm_medium=rss&utm_campaign=rss_partner_inbound,Bitcoin,2025-11-22T18:35:41.499486+00:00,2025-11-22T00:01:07+00:00,2025-11-23T12:49:44.861681+00:00,0.9191466923803091,0.9469860792160034,0.027839386835694313,0.025174617767333984,positive,negative,neutral,0.9469860792160034,0.027839386835694313,0.025174617767333984,cointelegraph.com,"On Friday, the odds of an interest rate cut at the December FOMC meeting nearly doubled to 71.5%, prompting Bitcoiners to anticipate a potentially positive impact on the asset’s price.",Bitcoiners perk up as odds of a December Fed rate cut almost double,rss
6922027d82c05455042c30df,https://cointelegraph.com/news/rich-dad-poor-dad-robert-kiyosaki-sells-btc?utm_source=rss_feed&utm_medium=rss&utm_campaign=rss_partner_inbound,Bitcoin,2025-11-22T18:35:42.355643+00:00,2025-11-21T22:01:51+00:00,2025-11-23T12:49:46.470780+00:00,0.033883729949593544,0.05309499427676201,0.019211264327168465,0.927693784236908,positive,negative,neutral,0.05309499427676201,0.019211264327168465,0.927693784236908,cointelegraph.com,"Robert Kiyosaki, investor and author of ""Rich Dad, Poor Dad,"" announced on Friday that he sold his BTC and will invest the profits in cash-flowing businesses.","‘Rich Dad, Poor Dad’ author and Bitcoin bull Robert Kiyosaki sells his BTC",rss
6922027f82c05455042c30e0,https://cointelegraph.com/news/eth-futures-data-forecasts-bounce-to-dollar3-2k?utm_source=rss_feed&utm_medium=rss&utm_campaign=rss_partner_inbound,Ethereum,2025-11-22T18:35:43.572551+00:00,2025-11-21T22:00:00+00:00,2025-11-23T12:49:47.412292+00:00,-0.9111920222640038,0.035483457148075104,0.9466754794120789,0.017841121181845665,positive,negative,neutral,0.035483457148075104,0.9466754794120789,0.017841121181845665,cointelegraph.com,"ETH derivatives positioning shows pro traders adding long exposure, despite the ongoing weakness and 4-month low in Ether price.","ETH price drops to 4-month low, but Ether futures data hints at $3.2K bounce",rss
6922028082c05455042c30e1,https://cointelegraph.com/news/coinbase-solana-dex-vector?utm_source=rss_feed&utm_medium=rss&utm_campaign=rss_partner_inbound,Solana,2025-11-22T18:35:45.128893+00:00,2025-11-21T20:24:40+00:00,2025-11-23T12:49:49.243938+00:00,0.559338266029954,0.5849997997283936,0.025661533698439598,0.3893387019634247,positive,negative,neutral,0.5849997997283936,0.025661533698439598,0.3893387019634247,cointelegraph.com,"Following other significant purchases in 2025, Coinbase said the acquisition of Vector was part of its strategy to become an  “everything exchange.”",Coinbase ’doubles down’ on Solana with latest DEX acquisition,rss
6922028182c05455042c30e2,https://cointelegraph.com/news/btc-etf-outflows-rebalancing-not-institutional-flight?utm_source=rss_feed&utm_medium=rss&utm_campaign=rss_partner_inbound,Bitcoin,2025-11-22T18:35:46.204122+00:00,2025-11-21T20:05:26+00:00,2025-11-23T12:49:50.126244+00:00,-0.9183297920972109,0.022298498079180717,0.9406282901763916,0.03707320988178253,positive,negative,neutral,0.022298498079180717,0.9406282901763916,0.03707320988178253,cointelegraph.com,The record outflows from Bitcoin exchange-traded funds (ETFs) in November reflect a short-term downtrend and not a long-term decline or shift in demand.,"BTC ETF outflows are 'tactical rebalancing,' not institutional flight: Analysts",rss
6922028282c05455042c30e3,https://cointelegraph.com/news/bitcoin-s-death-cross-confirmation-signals-start-of-btc-bear-market?utm_source=rss_feed&utm_medium=rss&utm_campaign=rss_partner_inbound,Bitcoin,2025-11-22T18:35:47.343320+00:00,2025-11-21T19:49:25+00:00,2025-11-23T12:49:51.780210+00:00,-0.7485342472791672,0.04667963087558746,0.7952138781547546,0.15810655057430267,positive,negative,neutral,0.04667963087558746,0.7952138781547546,0.15810655057430267,cointelegraph.com,"Bitcoin’s death cross is complete, suggesting that the market may be at the start of a bear market if other BTC price metrics also indicate a bearish confluence.",Bitcoin’s death cross confirmation may mean BTC is officially in a bear market,rss
6922028482c05455042c30e4,https://cointelegraph.com/news/bitcoin-rout-crypto-treasuries-reckoning-finance-redefined?utm_source=rss_feed&utm_medium=rss&utm_campaign=rss_partner_inbound,Bitcoin,2025-11-22T18:35:49.051122+00:00,2025-11-21T19:00:00+00:00,2025-11-23T12:49:53.369946+00:00,-0.9563699029386044,0.013869140297174454,0.9702390432357788,0.015891890972852707,positive,negative,neutral,0.013869140297174454,0.9702390432357788,0.015891890972852707,cointelegraph.com,"Bitmine’s $3.7 billion paper loss and falling NAV are raising concerns for crypto treasury firms, making it difficult for DATs to raise new capital for digital asset acquisitions.",Bitcoin rout continues as crypto treasuries face reckoning: Finance Redefined,rss
6922028582c05455042c30e5,https://cointelegraph.com/news/bitcoin-s-fastest-bear-market-hides-potentially-positive-year-end-outcome-for-btc?utm_source=rss_feed&utm_medium=rss&utm_campaign=rss_partner_inbound,Bitcoin,2025-11-22T18:35:49.885144+00:00,2025-11-21T18:55:37+00:00,2025-11-23T12:49:54.250279+00:00,-0.6199595332145691,0.17867857217788696,0.798638105392456,0.022683238610625267,positive,negative,neutral,0.17867857217788696,0.798638105392456,0.022683238610625267,cointelegraph.com,"BTC’s steepest drawdown since 2022 triggered $1 billion in liquidations, but a rare macroeconomic liquidity signal now hints at a four-to-six week bullish reversal window.",Bitcoin’s ‘fastest bear market’ hides potentially positive year-end outcome for BTC,rss
6922028682c05455042c30e6,https://cointelegraph.com/news/price-predictions-11-21-btc-eth-xrp-bnb-sol-doge-ada-hype-zec-bch?utm_source=rss_feed&utm_medium=rss&utm_campaign=rss_partner_inbound,Bitcoin,2025-11-22T18:35:50.947717+00:00,2025-11-21T18:04:55+00:00,2025-11-23T12:49:55.093817+00:00,-0.9540400896221399,0.011584421619772911,0.9656245112419128,0.02279096655547619,positive,negative,neutral,0.011584421619772911,0.9656245112419128,0.02279096655547619,cointelegraph.com,"Bitcoin’s weakness has accelerated selling in several major altcoins, causing them to fall below their support levels. Is the worst of the selling over?","Price predictions 11/21: BTC, ETH, XRP, BNB, SOL, DOGE, ADA, HYPE, ZEC, BCH",rss
6922028882c05455042c30e7,https://cointelegraph.com/news/bitmine-2026-eth-staking-market-meltdown?utm_source=rss_feed&utm_medium=rss&utm_campaign=rss_partner_inbound,Ethereum,2025-11-22T18:35:52.672349+00:00,2025-11-21T17:40:56+00:00,2025-11-23T12:49:57.178014+00:00,0.8015463529154658,0.8137311339378357,0.012184781022369862,0.17408408224582672,positive,negative,neutral,0.8137311339378357,0.012184781022369862,0.17408408224582672,cointelegraph.com,"Crypto treasury company BitMine announced plans to develop infrastructure to stake its ETH holdings and generate revenue, targeting a Q1 2026 launch.",BitMine announces 2026 ETH staking plans as market melts down,rss
6922028a82c05455042c30e9,https://cointelegraph.com/news/crypto-biz-is-this-bear-market-spoiler-no?utm_source=rss_feed&utm_medium=rss&utm_campaign=rss_partner_inbound,Bitcoin,2025-11-22T18:35:54.736657+00:00,2025-11-21T16:13:08+00:00,2025-11-23T12:50:00.055345+00:00,0.07274991646409035,0.11252664774656296,0.03977673128247261,0.8476966023445129,positive,negative,neutral,0.11252664774656296,0.03977673128247261,0.8476966023445129,cointelegraph.com,"As Bitcoin tumbles below $90,000, Republic bets $100 million on Ether, Strategy buys 8,178 BTC, Tether pushes into trade finance and Kraken files for an IPO.",Crypto Biz: Is this what a bear market looks like? (Spoiler: No),rss
6922028b82c05455042c30eb,https://cointelegraph.com/news/bitcoin-asic-producer-bitmain-faces-us-probe-over-national-security-risks-bloomberg?utm_source=rss_feed&utm_medium=rss&utm_campaign=rss_partner_inbound,Bitcoin,2025-11-22T18:35:55.807337+00:00,2025-11-21T14:55:46+00:00,2025-11-23T12:50:01.477975+00:00,-0.45457470417022705,0.11689788103103638,0.5714725852012634,0.3116295337677002,positive,negative,neutral,0.11689788103103638,0.5714725852012634,0.3116295337677002,cointelegraph.com,"US authorities have reportedly launched an investigation into Bitmain, examining whether the Chinese ASIC manufacturer’s equipment contains remote-control features that could pose security risks.",Bitcoin ASIC producer Bitmain under US investigation over national security risks: Report,rss
6922028c82c05455042c30ec,https://cointelegraph.com/news/bitcoin-yen-canada-stablecoin-global-express?utm_source=rss_feed&utm_medium=rss&utm_campaign=rss_partner_inbound,Bitcoin,2025-11-22T18:35:57.086969+00:00,2025-11-21T14:50:28+00:00,2025-11-23T12:50:03.144642+00:00,0.8568032197654247,0.897422194480896,0.04061897471547127,0.06195884197950363,positive,negative,neutral,0.897422194480896,0.04061897471547127,0.06195884197950363,cointelegraph.com,"Japan’s stimulus package has rocked markets and Bitcoin. Meanwhile, Canada’s 2025 budget has been approved, bringing clearer guidelines for stablecoin issuers.","Bitcoin drops as yen falls, Canada approves stablecoin rules: Global Express",rss
6922028e82c05455042c30ed,https://cointelegraph.com/news/bitcoin-realized-losses-reach-ftx-crash-levels?utm_source=rss_feed&utm_medium=rss&utm_campaign=rss_partner_inbound,Bitcoin,2025-11-22T18:35:59.127734+00:00,2025-11-21T13:59:55+00:00,2025-11-23T11:40:23.575916+00:00,0.6010831743478775,0.7826943397521973,0.18161116540431976,0.03569447621703148,positive,negative,neutral,0.7826943397521973,0.18161116540431976,0.03569447621703148,cointelegraph.com,"Realized losses on Bitcoin have risen to levels last seen during the FTX crash, with short-term holders driving the capitulation, according to Glassnode.",Bitcoin realized losses rise to FTX crash levels: Where is the bottom?,rss
6922028f82c05455042c30ee,https://cointelegraph.com/news/solana-xrp-etfs-defy-outflows?utm_source=rss_feed&utm_medium=rss&utm_campaign=rss_partner_inbound,Bitcoin,2025-11-22T18:36:00.129518+00:00,2025-11-21T13:16:26+00:00,2025-11-23T08:22:44.480102+00:00,0.9181709382683039,0.9422025084495544,0.024031570181250572,0.03376584127545357,positive,negative,neutral,0.9422025084495544,0.024031570181250572,0.03376584127545357,cointelegraph.com,"Solana and XRP ETFs continue to attract steady inflows with no outflow days since launch, even as Bitcoin and Ether products trend deep into redemptions.","ETF altseason? Solana, XRP funds buck crypto’s market sell-off",rss
6922029082c05455042c30ef,https://cointelegraph.com/news/can-bitcoin-really-be-a-store-of-value-what-pension-funds-are-starting-to-discover?utm_source=rss_feed&utm_medium=rss&utm_campaign=rss_partner_inbound,Bitcoin,2025-11-22T18:36:01.110346+00:00,2025-11-21T13:09:33+00:00,2025-11-23T04:56:29.285629+00:00,0.09126069955527782,0.10952991247177124,0.018269212916493416,0.8722008466720581,positive,negative,neutral,0.10952991247177124,0.018269212916493416,0.8722008466720581,cointelegraph.com,"Discover why pension funds are reassessing Bitcoin as a potential store of value as they compare it with gold, inflation hedges and long-term portfolio needs.",Can Bitcoin really be a store of value? What pension funds are starting to discover,rss
6922029582c05455042c30f0,https://cointelegraph.com/news/bitcoin-volatility-binance-ceo-market-comparison?utm_source=rss_feed&utm_medium=rss&utm_campaign=rss_partner_inbound,Bitcoin,2025-11-22T18:36:05.501377+00:00,2025-11-21T10:57:57+00:00,2025-11-22T19:46:38.375751+00:00,0.793699212372303,0.8756296038627625,0.08193039149045944,0.042439986020326614,positive,negative,neutral,0.8756296038627625,0.08193039149045944,0.042439986020326614,cointelegraph.com,"Binance chief Richard Teng maintained that Bitcoin’s pullback stems from a broad risk-off unwinding, and that its volatility sits in line with major traditional assets.",Binance CEO says Bitcoin volatility matches broader markets amid 35% decline,rss
6922029982c05455042c30f2,https://decrypt.co/349681/bitcoin-etfs-worst-weeks-bleeding-1-2-billion,Bitcoin,2025-11-22T18:36:09.865216+00:00,2025-11-22T18:26:17+00:00,2025-11-23T13:59:58.206386+00:00,-0.952500187791884,0.014405644498765469,0.9669058322906494,0.01868860051035881,positive,negative,neutral,0.014405644498765469,0.9669058322906494,0.01868860051035881,decrypt.co,"Spot Bitcoin funds are closing in on $4 billion of outflows so far in November, with investors cashing out as the price of BTC dives.","Bitcoin ETFs Just Had One of Their Worst Weeks on Record, Bleeding $1.2 Billion",rss
692202eb82c05455042c3105,https://www.forbes.com/sites/martinacastellanos/2025/11/21/robinhood-shares-are-down-11-this-week-heres-why/,Bitcoin,2025-11-22T18:37:31.594485+00:00,2025-11-21T18:27:46+00:00,2025-11-23T05:00:18.365758+00:00,-0.9637450575828552,0.007933616638183594,0.9716786742210388,0.02038765512406826,positive,negative,neutral,0.007933616638183594,0.9716786742210388,0.02038765512406826,www.forbes.com,"Bitcoin’s slump, among other factors, has helped drag the stock down this week.",Robinhood Shares Are Down 11% This Week—Here’s Why,newsapi
692202ec82c05455042c3106,https://cryptobriefing.com/bitcoin-sentiment-lowest-since-dec-2023/,Bitcoin,2025-11-22T18:37:32.703709+00:00,2025-11-21T18:26:06+00:00,2025-11-23T05:00:19.285571+00:00,-0.9528667526319623,0.007949153892695904,0.9608159065246582,0.031234942376613617,positive,negative,neutral,0.007949153892695904,0.9608159065246582,0.031234942376613617,cryptobriefing.com,Bitcoin sentiment lowest since December 2023 as panic and bearish views surge on social media during recent market decline.,Bitcoin sentiment hits lowest point since December 2023,newsapi
692202ee82c05455042c3107,https://slashdot.org/firehose.pl?op=view&amp;id=180169239,Bitcoin,2025-11-22T18:37:35.017318+00:00,2025-11-21T18:12:57+00:00,2025-11-23T05:00:22.938882+00:00,-0.8870366774499416,0.01237589493393898,0.8994125723838806,0.08821149170398712,positive,negative,neutral,0.01237589493393898,0.8994125723838806,0.08821149170398712,slashdot.org,"Bitcoin, XRP and Dogecoin Pummeled as Crypto Liquidations Top $2.2 BillionDecrypt  Bitcoin continues slide that's roiling markets, threatens to break below $80,000CNBC  It Was Supposed to Be Crypto&rsquo;s Year. Then Came the Crash.The Wall Street Journal  Crypto plunge wipes out nearly $400 billi...","Bitcoin, XRP and Dogecoin Pummeled as Crypto Liquidations Top $2.2 Billion - Decrypt",newsapi
692202ef82c05455042c3108,https://biztoc.com/x/f446dc24e1158474,Bitcoin,2025-11-22T18:37:35.926542+00:00,2025-11-21T18:10:10+00:00,2025-11-23T03:51:16.472309+00:00,-0.9084331803023815,0.016776222735643387,0.9252094030380249,0.058014366775751114,positive,negative,neutral,0.016776222735643387,0.9252094030380249,0.058014366775751114,biztoc.com,"In brief\n- Bitcoin dove to a price of nearly $81,000 on Friday morning, and briefly returned above $85,000 before falling again.\n- Crypto market liquidations…","Bitcoin, XRP and Dogecoin Pummeled as Crypto Liquidations Top $2.2 Billion",newsapi
692202f082c05455042c3109,https://biztoc.com/x/b582aa89f2b7848e,Bitcoin,2025-11-22T18:37:36.924144+00:00,2025-11-21T18:09:34+00:00,2025-11-23T03:51:17.236447+00:00,-0.6151921451091766,0.09447106719017029,0.7096632122993469,0.195865660905838,positive,negative,neutral,0.09447106719017029,0.7096632122993469,0.195865660905838,biztoc.com,"Bitcoin (CRYPTO: BTC) isn't failing as a hedge — it was never meant to be one, argues industry veteran Samson Mow, who says the market still misunderstands…","Bitcoin Can't Fail Since It's Not 'A Protective Hedge', Industry Veteran Argues",newsapi
692202f282c05455042c310a,https://cointelegraph.com/news/price-predictions-11-21-btc-eth-xrp-bnb-sol-doge-ada-hype-zec-bch,Bitcoin,2025-11-22T18:37:39.056419+00:00,2025-11-21T18:04:55+00:00,2025-11-23T12:58:11.102886+00:00,-0.9540400896221399,0.011584421619772911,0.9656245112419128,0.02279096655547619,positive,negative,neutral,0.011584421619772911,0.9656245112419128,0.02279096655547619,cointelegraph.com,"Bitcoin’s weakness has accelerated selling in several major altcoins, causing them to fall below their support levels. Is the worst of the selling over?","Price predictions 11/21: BTC, ETH, XRP, BNB, SOL, DOGE, ADA, HYPE, ZEC, BCH",newsapi
692202fc82c05455042c310d,https://consent.yahoo.com/v2/collectConsent?sessionId=1_cc-session_6eb4cbaa-4467-44b6-b6e8-4650e99a6a38,Bitcoin,2025-11-22T18:37:48.474351+00:00,2025-11-21T18:00:00+00:00,2025-11-23T03:51:24.966322+00:00,-0.7828200329095125,0.030115915462374687,0.8129359483718872,0.15694816410541534,positive,negative,neutral,0.030115915462374687,0.8129359483718872,0.15694816410541534,consent.yahoo.com,,Is bitcoin nearing a bottom? Why its price decline could be near,newsapi
692202fd82c05455042c310e,https://biztoc.com/x/07c74954b399cb6c,Bitcoin,2025-11-22T18:37:49.817072+00:00,2025-11-21T17:58:21+00:00,2025-11-23T03:51:25.820895+00:00,-0.9508337741717696,0.011865817941725254,0.9626995921134949,0.025434585288167,positive,negative,neutral,0.011865817941725254,0.9626995921134949,0.025434585288167,biztoc.com,"Crypto market turmoil intensified this week, with bitcoin shedding more than 10% and over $10,000 in value.",It Was Supposed to Be Crypto’s Year. Then Came the Crash,newsapi
692202fe82c05455042c310f,https://biztoc.com/x/51019636ee6c543d,Bitcoin,2025-11-22T18:37:50.853722+00:00,2025-11-21T17:48:02+00:00,2025-11-23T03:51:26.941351+00:00,-0.40824085660278797,0.022745219990611076,0.43098607659339905,0.5462687015533447,positive,negative,neutral,0.022745219990611076,0.43098607659339905,0.5462687015533447,biztoc.com,Strategy's 'Entire Business Model Is A Fraud': Gold Bug Peter Schiff Challenges Michael Saylor To A Debate\nBitcoin treasury company Strategy (NASDAQ:MSTR) is…,Strategy's 'Entire Business Model Is A Fraud': Gold Bug Peter Schiff Challenges Michael Saylor To A Debate,newsapi
692202ff82c05455042c3110,https://biztoc.com/x/a30f13c72b36dc30,Bitcoin,2025-11-22T18:37:52.394162+00:00,2025-11-21T17:47:47+00:00,2025-11-23T03:51:27.742732+00:00,-0.9623879576101899,0.009450695477426052,0.971838653087616,0.018710656091570854,positive,negative,neutral,0.009450695477426052,0.971838653087616,0.018710656091570854,biztoc.com,The total crypto market cap fell more than 10% in the last 24 hours to $2.8 trillion at the time of writing.\nBitcoin (BTC) similarly fell 9% in a day to trade…,"Explained: Why is Bitcoin, XRP down today?",newsapi
6922030082c05455042c3111,https://biztoc.com/x/ae943ed2d564c28a,Bitcoin,2025-11-22T18:37:53.391773+00:00,2025-11-21T17:47:25+00:00,2025-11-23T03:51:28.676025+00:00,-0.9410079438239336,0.022721556946635246,0.9637295007705688,0.013548963703215122,positive,negative,neutral,0.022721556946635246,0.9637295007705688,0.013548963703215122,biztoc.com,"The stock market broke below key levels as an Nvidia earnings bounce flopped, despite Friday's bounce. Bitcoin dived. Walmart, TJX and Google were…","Stock Market Tumbles On Nvidia, Bitcoin; Walmart, Google Strong: Weekly Review",newsapi
6922030282c05455042c3112,https://www.newser.com/story/379149/bitcoin-slide-has-potential-to-get-really-really-ugly.html,Bitcoin,2025-11-22T18:37:54.539955+00:00,2025-11-21T17:47:00+00:00,2025-11-23T03:51:29.743273+00:00,-0.9162187799811363,0.02788231521844864,0.944101095199585,0.02801668830215931,positive,negative,neutral,0.02788231521844864,0.944101095199585,0.02801668830215931,www.newser.com,"Bitcoin has been in freefall this week, and the worst may not be over. The world's largest cryptocurrency dipped below $86,000 for the first time in seven months on Friday,...","Bitcoin Keeps Sliding, May Get 'Really, Really Ugly'",newsapi
6922030582c05455042c3116,https://nypost.com/2025/11/21/business/bitcoin-plunges-to-lowest-level-in-seven-months-as-digital-asset-falls-to-80k-range/,Bitcoin,2025-11-22T18:37:57.627227+00:00,2025-11-21T17:44:42+00:00,2025-11-23T03:51:30.526979+00:00,-0.9607600877061486,0.008310704492032528,0.9690707921981812,0.022618578746914864,positive,negative,neutral,0.008310704492032528,0.9690707921981812,0.022618578746914864,nypost.com,"Bitcoin plummeted to its lowest level in seven months on Friday, extending a brutal November selloff that has wiped out more than a fifth of its value and knocked the world’s biggest cryptocurrency down to the $80,000 range.",Bitcoin plunges to lowest level in seven months as digital asset falls to $80K range,newsapi
6922030782c05455042c3117,https://cointelegraph.com/news/bitmine-2026-eth-staking-market-meltdown,Ethereum,2025-11-22T18:37:59.953410+00:00,2025-11-21T17:40:56+00:00,2025-11-23T12:56:29.095735+00:00,0.8015463529154658,0.8137311339378357,0.012184781022369862,0.17408408224582672,positive,negative,neutral,0.8137311339378357,0.012184781022369862,0.17408408224582672,cointelegraph.com,"Crypto treasury company BitMine announced plans to develop infrastructure to stake its ETH holdings and generate revenue, targeting a Q1 2026 launch.",BitMine announces 2026 ETH staking plans as market melts down,newsapi
6922030882c05455042c3118,https://biztoc.com/x/068adf6c7602d61c,Bitcoin,2025-11-22T18:38:01.012587+00:00,2025-11-21T17:36:11+00:00,2025-11-23T02:42:55.500159+00:00,-0.9398221038281918,0.009360585361719131,0.9491826891899109,0.04145677015185356,positive,negative,neutral,0.009360585361719131,0.9491826891899109,0.04145677015185356,biztoc.com,"Jim Cramer says traders clinging to Fed-driven optimism are delusional as Bitcoin (CRYPTO: BTC) traded as low as $81,000 on Friday.\nCramer Says Fed Optimism…",Jim Cramer Says Market Bounce Makes 'No Sense' As Bitcoin Reels From $1B Liquidation Wave,newsapi
6922030b82c05455042c3119,https://finance.yahoo.com/news/strategys-entire-business-model-fraud-173116017.html,Bitcoin,2025-11-22T18:38:04.329756+00:00,2025-11-21T17:31:16+00:00,2025-11-23T02:42:58.467414+00:00,-0.519523873925209,0.03248201310634613,0.5520058870315552,0.4155120849609375,positive,negative,neutral,0.03248201310634613,0.5520058870315552,0.4155120849609375,finance.yahoo.com,"Bitcoin treasury company Strategy (NASDAQ:MSTR) is operating a fraudulent business model, economist Peter Schiff has alleged. “MSTR’s entire business model is a fraud,” the Euro Pacific Asset Management global strategist said Sunday on X, challenging Strategy Chair Michael Saylor to a debate at the cryptocurrency conference Binance Blockchain Week scheduled for early December in Dubai. “Regardless of what happens to Bitcoin, I believe $MSTR will eventually go bankrupt,” Schiff added. Don't Miss:",Strategy's 'Entire Business Model Is A Fraud': Gold Bug Peter Schiff Challenges Michael Saylor To A Debate,newsapi
6922030d82c05455042c311a,https://cryptoslate.com/xrps-price-struggle-reflects-crypto-market-woes-amid-bitcoin-sell-off/,Bitcoin,2025-11-22T18:38:05.464230+00:00,2025-11-21T17:30:07+00:00,2025-11-23T12:56:29.867825+00:00,-0.08467650413513184,0.37121930718421936,0.4558958113193512,0.17288488149642944,positive,negative,neutral,0.37121930718421936,0.4558958113193512,0.17288488149642944,cryptoslate.com,"Altcoin markets like XRP and Ethereum amplify Bitcoin's liquidity woes, showing systemic shock absorption failure.",Why XRP holders are suddenly feeling the full force of Bitcoin’s liquidity crunch,newsapi
6922038c82c05455042c3133,https://www.coindesk.com/business/2025/11/21/bitmine-immersion-sitting-on-usd4b-unrealized-loss-on-ether-bet-as-analyst-warns-of-structural-issues,Ethereum,2025-11-22T18:40:12.612925+00:00,2025-11-21T18:06:51+00:00,2025-11-23T12:56:15.931443+00:00,-0.9610972041264176,0.011414981447160244,0.9725121855735779,0.016072893515229225,positive,negative,neutral,0.011414981447160244,0.9725121855735779,0.016072893515229225,www.coindesk.com,"BitMine could trap shareholders amid low staking yields, hefty embedded fees and vanishing NAV premium, 10x Research founder Markus Thielen warns.",BitMine Immersion Sitting on $4B Loss on Ether Bet as Analyst Warns of Structural issues,newsapi
6922038d82c05455042c3134,https://cryptobriefing.com/hyperliquid-trader-profits-ethereum-xrp/,Ethereum,2025-11-22T18:40:13.816352+00:00,2025-11-21T18:05:07+00:00,2025-11-23T12:56:17.460501+00:00,-0.967511878348887,0.00813616719096899,0.975648045539856,0.01621573604643345,positive,negative,neutral,0.00813616719096899,0.975648045539856,0.01621573604643345,cryptobriefing.com,Hyperliquid trader profits fall to $38.4M after long positions in Ethereum and XRP suffer losses amid a broader market decline.,Hyperliquid whale sees profit fall from $100M to $38.4M as ETH and XRP longs sink,newsapi
6922044782c05455042c3152,https://www.fluxblog.org/2025/11/the-warmth-that-i-needed/,Solana,2025-11-22T18:43:20.285617+00:00,2025-11-21T18:16:41+00:00,2025-11-23T12:58:07.424834+00:00,0.4102826602756977,0.4259850084781647,0.015702348202466965,0.5583126544952393,positive,negative,neutral,0.4259850084781647,0.015702348202466965,0.5583126544952393,www.fluxblog.org,"Olivia Dean sold out four nights at Madison Square Garden this week, an extremely impressive feat for a singer who just recently played four shows there as the opening act for Sabrina Carpenter. It’s a real perspective-shifter – Dean is substantially more popular than she seemed, and the market for lovelorn classic-style R&B is clearly stronger than ever. (Also take note of Giveon’s show at MSG, and Cleo Sol selling out three nights at Radio City Music Hall.)",The Warmth That I Needed,newsapi
6922044882c05455042c3153,https://www.globenewswire.com/news-release/2025/11/21/3192954/0/en/Wojak-WOJAK-Launches-on-Solana-Bringing-Internet-s-Most-Recognized-Meme-to-a-High-Performance-Blockchain.html,Solana,2025-11-22T18:43:21.429810+00:00,2025-11-21T18:11:00+00:00,2025-11-23T12:58:08.629902+00:00,0.5194784384220839,0.5339339375495911,0.01445549912750721,0.45161059498786926,positive,negative,neutral,0.5339339375495911,0.01445549912750721,0.45161059498786926,www.globenewswire.com,"TORONTO, Nov.  21, 2025  (GLOBE NEWSWIRE) -- Wojak ($WOJAK), one of the most iconic and widely recognized memes in internet culture, has officially...","Wojak ($WOJAK) Launches on Solana, Bringing Internet’s Most Recognized Meme to a High-Performance Blockchain",newsapi
6922044d82c05455042c315b,http://comicbook.com/comics/list/every-absolute-hero-ranked-by-their-threat-level/,Solana,2025-11-22T18:43:25.735704+00:00,2025-11-21T18:00:00+00:00,2025-11-23T12:58:13.025356+00:00,-0.07812779396772385,0.029752254486083984,0.10788004845380783,0.8623677492141724,positive,negative,neutral,0.029752254486083984,0.10788004845380783,0.8623677492141724,comicbook.com,"The Absolute Universe has completely reimagined these heroes, but which one would pose the biggest threat if they ever turned evil?","Every Absolute Hero, Ranked By Their Threat Level",newsapi
6922044e82c05455042c315c,https://www.borderlandbeat.com/2025/11/enforcers-from-edomex-chiapas-veracruz.html,Solana,2025-11-22T18:43:27.042044+00:00,2025-11-21T17:39:00+00:00,2025-11-23T12:58:14.792003+00:00,-0.3618779331445694,0.03685609996318817,0.39873403310775757,0.5644098520278931,positive,negative,neutral,0.03685609996318817,0.39873403310775757,0.5644098520278931,www.borderlandbeat.com,"“Sol Prendido” for Borderland Beat  Following an armed attack on security forces, suspects were pursued by land and air; weapons, tactical e...","Enforcers From Edomex, Chiapas, Veracruz and Jalisco, Arrested in Villanueva",newsapi
6922044f82c05455042c315d,https://biztoc.com/x/482bd8dc999a855f,Solana,2025-11-22T18:43:28.167488+00:00,2025-11-21T17:36:22+00:00,2025-11-23T12:58:15.933359+00:00,0.21311830123886466,0.22070451080799103,0.007586209569126368,0.7717092633247375,positive,negative,neutral,0.22070451080799103,0.007586209569126368,0.7717092633247375,biztoc.com,"Vector’s tech will plug into Coinbase’s DEX integration, while Tensor Labs shifts its NFT marketplace and TNSR token to Tensor Foundation.","Coinbase to acquire Vector.fun, the Tensor-built Solana trading platform, to advance ‘everything exchange’ vision",newsapi
6922132382c05455042c34f3,https://decrypt.co/349729/crypto-treasuries-fading-staking-etfs-eat-their-lunch-sol-strategies-ceo,Solana,2025-11-22T19:46:43.915562+00:00,2025-11-22T19:01:12+00:00,2025-11-23T13:59:56.951682+00:00,-0.032468464225530624,0.045075807720422745,0.07754427194595337,0.8773798942565918,positive,negative,neutral,0.045075807720422745,0.07754427194595337,0.8773798942565918,decrypt.co,"SOL Strategies Interim CEO Michael Hubbard believes that there's ""there's no sustainable market"" for pure crypto treasuries. Here's why.",Crypto Treasuries Are Fading—And Staking ETFs Will 'Eat Their Lunch': SOL Strategies CEO,rss
6922139182c05455042c350f,https://cryptobriefing.com/rumble-bitcoin-wallet-integration-streaming-tips/,Bitcoin,2025-11-22T19:48:34.135496+00:00,2025-11-21T19:45:00+00:00,2025-11-23T06:08:43.939297+00:00,0.2438210966065526,0.2517472803592682,0.007926183752715588,0.7403265237808228,positive,negative,neutral,0.2517472803592682,0.007926183752715588,0.7403265237808228,cryptobriefing.com,Rumble begins testing a non custodial wallet that lets Android users send Bitcoin and stablecoin tips to creators.,Rumble adds Bitcoin wallet integration for streaming tips,newsapi
6922139682c05455042c3512,https://biztoc.com/x/39e7fc0930ac0c5d,Bitcoin,2025-11-22T19:48:39.234831+00:00,2025-11-21T19:39:06+00:00,2025-11-23T06:08:58.179830+00:00,-0.09828855283558369,0.02678273431956768,0.12507128715515137,0.8481459617614746,positive,negative,neutral,0.02678273431956768,0.12507128715515137,0.8481459617614746,biztoc.com,"If you want to see a scary bitcoin chart, check this out.",Watch out: Bitcoin isn’t what you think it is,newsapi
6922139b82c05455042c3517,https://cryptoslate.com/only-13-of-the-public-find-web3-wallets-intuitive-could-9-returns-on-holding-crypto-change-that/,Ethereum,2025-11-22T19:48:43.651645+00:00,2025-11-21T19:30:27+00:00,2025-11-23T12:56:07.244604+00:00,0.7233489844948053,0.7462469339370728,0.022897949442267418,0.23085516691207886,positive,negative,neutral,0.7462469339370728,0.022897949442267418,0.23085516691207886,cryptoslate.com,"US data shows wallets lag far behind digital wallets, and this week’s Aave app and Mastercard alias rollout test whether better UX can finally move retail.",People prefer digital banks over crypto wallets: Can a 9% return on holdings change reality?,newsapi
6922139c82c05455042c3518,https://biztoc.com/x/2e30dd91dca60e86,Bitcoin,2025-11-22T19:48:44.732990+00:00,2025-11-21T19:16:43+00:00,2025-11-23T06:09:08.733151+00:00,-0.9588249009102583,0.01014825887978077,0.9689731597900391,0.02087850496172905,positive,negative,neutral,0.01014825887978077,0.9689731597900391,0.02087850496172905,biztoc.com,"Crypto and tech indices close out a rough week\nThe S&P 500 fell -2.4% yesterday, and BTC plunged -5.2% to $80K today\nJHVEPhoto/Shutterstock and Adobe modified…",Crypto and tech indices close out a rough week,newsapi
6922139d82c05455042c3519,https://biztoc.com/x/5316033866e4c2e4,Bitcoin,2025-11-22T19:48:45.673031+00:00,2025-11-21T19:05:50+00:00,2025-11-23T06:09:09.599648+00:00,0.449428454041481,0.6249119639396667,0.17548350989818573,0.19960448145866394,positive,negative,neutral,0.6249119639396667,0.17548350989818573,0.19960448145866394,biztoc.com,Bitcoin's (CRYPTO: BTC) slide through key support levels has brought long-time critic and gold advocate Peter Schiff back into the spotlight—and he's not…,Peter Schiff Says Bitcoin Buyers Have Only One (Unlikely) Hope To Bail Them Out,newsapi
6922139e82c05455042c351a,https://biztoc.com/x/a9d8572caa8611c7,Bitcoin,2025-11-22T19:48:46.572367+00:00,2025-11-21T19:05:19+00:00,2025-11-23T12:56:10.186521+00:00,-0.43459831550717354,0.017210256308317184,0.4518085718154907,0.5309812426567078,positive,negative,neutral,0.017210256308317184,0.4518085718154907,0.5309812426567078,biztoc.com,"The following article is adapted from The Block’s newsletter, The Daily, which comes out on weekday afternoons.","The Daily: Crypto selloff deepens, JPMorgan blames retail BTC and ETH ETF outflows, 24-hour liquidations top $2 billion, and more",newsapi
692213a082c05455042c351b,https://ambcrypto.com/heres-why-110b-stimulus-in-japan-is-affecting-bitcoin-and-the-crypto-market/,Bitcoin,2025-11-22T19:48:48.550508+00:00,2025-11-21T19:00:50+00:00,2025-11-23T05:00:02.594636+00:00,-0.930775236338377,0.014907408505678177,0.9456826448440552,0.039410002529621124,positive,negative,neutral,0.014907408505678177,0.9456826448440552,0.039410002529621124,ambcrypto.com,Crypto market is facing mounting macro headwinds as rising debt and sticky inflation in the U.S and Japan create pressure heading...,Here’s why $110B stimulus in Japan is affecting Bitcoin and the crypto market,newsapi
692213a282c05455042c351c,https://bitcoinist.com/nasdaq-shake-up-michael-saylors-strategy-faces-possible-removal/,Bitcoin,2025-11-22T19:48:51.065135+00:00,2025-11-21T19:00:23+00:00,2025-11-23T05:00:03.345909+00:00,-0.9532373612746596,0.00869929138571024,0.9619366526603699,0.029363974928855896,positive,negative,neutral,0.00869929138571024,0.9619366526603699,0.029363974928855896,bitcoinist.com,"Strategy Inc., the company long associated with Michael Saylor’s big Bitcoin bets, is facing the real risk of being dropped from major stock indexes — a move",Nasdaq Shake-Up? Michael Saylor’s Strategy Faces Possible Removal,newsapi
692213a482c05455042c351d,https://cointelegraph.com/news/bitcoin-rout-crypto-treasuries-reckoning-finance-redefined,Bitcoin,2025-11-22T19:48:52.782072+00:00,2025-11-21T19:00:00+00:00,2025-11-23T12:56:12.040562+00:00,-0.9563699029386044,0.013869140297174454,0.9702390432357788,0.015891890972852707,positive,negative,neutral,0.013869140297174454,0.9702390432357788,0.015891890972852707,cointelegraph.com,"Bitmine’s $3.7 billion paper loss and falling NAV are raising concerns for crypto treasury firms, making it difficult for DATs to raise new capital for digital asset acquisitions.",Bitcoin rout continues as crypto treasuries face reckoning: Finance Redefined,newsapi
692213a582c05455042c351e,https://biztoc.com/x/552ce18599af8735,Bitcoin,2025-11-22T19:48:53.995933+00:00,2025-11-21T18:58:23+00:00,2025-11-23T05:00:06.287314+00:00,-0.9566760994493961,0.01185997948050499,0.9685360789299011,0.019603954628109932,positive,negative,neutral,0.01185997948050499,0.9685360789299011,0.019603954628109932,biztoc.com,Bitcoin is on track for its worst monthly performance since a string of corporate collapses rocked the wider crypto sector in 2022.,Bitcoin Heads for Worst Month Since Crypto Collapse of 2022,newsapi
692213a682c05455042c351f,https://cointelegraph.com/news/bitcoin-s-fastest-bear-market-hides-potentially-positive-year-end-outcome-for-btc,Bitcoin,2025-11-22T19:48:55.354432+00:00,2025-11-21T18:55:37+00:00,2025-11-23T12:56:13.206210+00:00,-0.6199595332145691,0.17867857217788696,0.798638105392456,0.022683238610625267,positive,negative,neutral,0.17867857217788696,0.798638105392456,0.022683238610625267,cointelegraph.com,"BTC’s steepest drawdown since 2022 triggered $1 billion in liquidations, but a rare macroeconomic liquidity signal now hints at a four-to-six week bullish reversal window.",Bitcoin’s ‘fastest bear market’ hides potentially positive year-end outcome for BTC,newsapi
6922142c82c05455042c353a,https://biztoc.com/x/77e6fad392d27d77,Bitcoin,2025-11-22T19:51:09.213420+00:00,2025-11-21T19:49:39+00:00,2025-11-23T12:57:57.931255+00:00,-0.8248880580067635,0.07875268906354904,0.9036407470703125,0.017606524750590324,positive,negative,neutral,0.07875268906354904,0.9036407470703125,0.017606524750590324,biztoc.com,"Bitcoin clawed back some of its steep weekly losses, reclaiming the $84,000 level despite elevated liquidations and a market still gripped by extreme…","Bitcoin, Ethereum, XRP, Dogecoin Trim Losses Ahead As 'Extreme Fear' Continues",newsapi
6922143882c05455042c353e,https://biztoc.com/x/2ef40b2669541021,Ethereum,2025-11-22T19:51:21.158955+00:00,2025-11-21T19:16:29+00:00,2025-11-23T12:56:08.298339+00:00,-0.9656852623447776,0.008178220130503178,0.9738634824752808,0.01795830950140953,positive,negative,neutral,0.008178220130503178,0.9738634824752808,0.01795830950140953,biztoc.com,BitMine Immersion Inc. (NASDAQ:BMNR) is staring at a $4.21 billion Ethereum (CRYPTO: ETH) portfolio loss — a blow so large that BMNR has crashed back into its…,Tom Lee's BitMine Is Down $4.2 Billion On Its ETH — And BMNR Down 85% From Its Peak,newsapi
6922143982c05455042c353f,https://biztoc.com/x/773171ae16408d46,Ethereum,2025-11-22T19:51:22.304102+00:00,2025-11-21T19:05:37+00:00,2025-11-23T12:56:09.242104+00:00,0.5548241250216961,0.6144869923591614,0.059662867337465286,0.32585006952285767,positive,negative,neutral,0.6144869923591614,0.059662867337465286,0.32585006952285767,biztoc.com,"Tom Lee's BitMine to begin offering annual dividend as ETH treasury mNAV dips\nQuick Take\n- BitMine posted its fiscal year results on Friday, showing $328…",Tom Lee’s BitMine to begin offering annual dividend as ETH treasury mNAV dips,newsapi
6922241c82c05455042c37ae,https://cryptobriefing.com/cardone-capital-acquires-185-bitcoin-for-15-5m/,Bitcoin,2025-11-22T20:59:08.789072+00:00,2025-11-21T20:45:26+00:00,2025-11-23T06:08:24.911983+00:00,-0.8597266199067235,0.013014781288802624,0.8727414011955261,0.11424386501312256,positive,negative,neutral,0.013014781288802624,0.8727414011955261,0.11424386501312256,cryptobriefing.com,Cardone Capital announced that it acquired 185 Bitcoin for approximately $15.3 million amid the broader crypto market downturn.,Cardone Capital acquires 185 Bitcoin for $15.3M,newsapi
6922241e82c05455042c37af,https://www.techradar.com/pro/is-ai-more-appealing-than-crypto-now-a-major-bitcoin-miner-has-decided-to-pivot-to-ai-data-centers-heres-why,Bitcoin,2025-11-22T20:59:11.305715+00:00,2025-11-21T20:37:00+00:00,2025-11-23T06:08:25.412044+00:00,0.04731101170182228,0.06399678438901901,0.01668577268719673,0.9193174242973328,positive,negative,neutral,0.06399678438901901,0.01668577268719673,0.9193174242973328,www.techradar.com,Former crypto heavyweight pivots to AI infrastructure,Is AI more appealing than crypto now? A major Bitcoin miner has decided to pivot to AI data centers - here's why,newsapi
6922242182c05455042c37b0,https://biztoc.com/x/1f3fe06b42c8f37f,Bitcoin,2025-11-22T20:59:13.847040+00:00,2025-11-21T20:12:03+00:00,2025-11-23T06:08:28.371389+00:00,-0.954010440967977,0.008876905776560307,0.9628873467445374,0.028235740959644318,positive,negative,neutral,0.008876905776560307,0.9628873467445374,0.028235740959644318,biztoc.com,Bitcoin has erased all of its 2025 gains and is on track for its worst monthly performance since 2022. Here's what experts say about the decline.,Here's what experts say is behind bitcoin's $800 billion drop,newsapi
6922242282c05455042c37b2,https://www.cbsnews.com/news/bitcoin-btc-price-decline/,Bitcoin,2025-11-22T20:59:14.792176+00:00,2025-11-21T20:07:52+00:00,2025-11-23T06:08:29.552406+00:00,-0.9484546249732375,0.008751803077757359,0.9572064280509949,0.034041643142700195,positive,negative,neutral,0.008751803077757359,0.9572064280509949,0.034041643142700195,www.cbsnews.com,Bitcoin has erased all of its 2025 gains and is on track for its worst monthly performance since 2022. Here&#039;s what experts say about the decline.,Here's what experts say is behind bitcoin's $800 billion drop,newsapi
6922242282c05455042c37b4,https://www.thestreet.com/crypto/markets/whales-millions-bitcoin-dip-buy,Bitcoin,2025-11-22T20:59:15.099116+00:00,2025-11-21T20:05:31+00:00,2025-11-23T06:08:30.244037+00:00,-0.9591740882024169,0.01004315260797739,0.9692172408103943,0.02073962427675724,positive,negative,neutral,0.01004315260797739,0.9692172408103943,0.02073962427675724,www.thestreet.com,"The crypto market continued to reel as the total market cap fell below $3 trillion on Nov. 21 — the worst since early May. Within the last 24 hours, $2.2...",Massive whales drop millions on Bitcoin in aggressive dip buy,newsapi
6922242482c05455042c37b7,https://cointelegraph.com/news/btc-etf-outflows-rebalancing-not-institutional-flight,Bitcoin,2025-11-22T20:59:16.848471+00:00,2025-11-21T20:05:26+00:00,2025-11-23T12:55:57.876836+00:00,-0.9183297920972109,0.022298498079180717,0.9406282901763916,0.03707320988178253,positive,negative,neutral,0.022298498079180717,0.9406282901763916,0.03707320988178253,cointelegraph.com,The record outflows from Bitcoin exchange-traded funds (ETFs) in November reflect a short-term downtrend and not a long-term decline or shift in demand.,"BTC ETF outflows are 'tactical rebalancing,' not institutional flight: Analysts",newsapi
6922242782c05455042c37b8,https://finance.yahoo.com/video/grant-cardones-real-estate-bitcoin-200051355.html,Bitcoin,2025-11-22T20:59:20.157198+00:00,2025-11-21T20:00:51+00:00,2025-11-23T06:08:35.374924+00:00,0.11058428045362234,0.12162681668996811,0.011042536236345768,0.8673306703567505,positive,negative,neutral,0.12162681668996811,0.011042536236345768,0.8673306703567505,finance.yahoo.com,"Is a new real estate-bitcoin hybrid the key to building real wealth? Host Ross Mac speaks with Grant Cardone, CEO of Cardone Capital. Cardone breaks down his new company, which is combining real estate with bitcoin to create an entirely new industry. If you want to learn how to become an early adopter and multiply your money, check out this episode of Financial Freestyle. Listen and subscribe to Financial Freestyle on Apple Podcasts, Spotify, or wherever you find your favorite podcasts. https://finance.yahoo.com/videos/seri... Financial Freestyle with Ross Mac on Yahoo Finance is dedicated to promoting economic prosperity for all. Through expert insights, practical advice, and inspiring success stories, we empower you to build and grow wealth. Join us on this transformative journey toward financial freedom and inclusive economic growth.",Grant Cardone's real estate-bitcoin hybrid might disrupt the REIT industry,newsapi
6922242882c05455042c37b9,http://www.newsbtc.com/bitcoin-news/sth-panic-emerges-as-bitcoin-crashes-to-81k-realized-p-l-turns-negative-for-the-first-time-this-cycle/,Bitcoin,2025-11-22T20:59:21.142205+00:00,2025-11-21T20:00:38+00:00,2025-11-23T06:08:36.325736+00:00,-0.9443441703915596,0.019077830016613007,0.9634220004081726,0.017500165849924088,positive,negative,neutral,0.019077830016613007,0.9634220004081726,0.017500165849924088,www.newsbtc.com,"Bitcoin plunges to $81,000, sparking panic. Short-Term Holders (STH) are in broad loss realization, signaling accelerating capitulation",STH Panic Emerges as Bitcoin Crashes To $81K: Realized P/L Turns Negative For The First Time This Cycle,newsapi
6922242b82c05455042c37ba,https://slashdot.org/firehose.pl?op=view&amp;id=180171353,Bitcoin,2025-11-22T20:59:23.610972+00:00,2025-11-21T19:52:45+00:00,2025-11-23T06:08:38.853791+00:00,-0.08056661486625671,0.13581301271915436,0.21637962758541107,0.6478073596954346,positive,negative,neutral,0.13581301271915436,0.21637962758541107,0.6478073596954346,slashdot.org,"Stock market rebounds day after Wall Street witnessed a volatile session (DJI:)Seeking Alpha  What on Earth just happened to the stock market?CNN  More swings rock Wall Street, except stocks are jumping this timeAP News  Stock market today: Dow, S&amp;P 500, Nasdaq futures rise, bitcoin sinks as r...",Stock market rebounds day after Wall Street witnessed a volatile session (DJI:) - Seeking Alpha,newsapi
6922242d82c05455042c37bb,https://cointelegraph.com/news/bitcoin-s-death-cross-confirmation-signals-start-of-btc-bear-market,Bitcoin,2025-11-22T20:59:26.173932+00:00,2025-11-21T19:49:25+00:00,2025-11-23T06:08:41.917188+00:00,-0.7821012511849403,0.04045822471380234,0.8225594758987427,0.136982262134552,positive,negative,neutral,0.04045822471380234,0.8225594758987427,0.136982262134552,cointelegraph.com,"Bitcoin’s death cross is complete, suggesting that the market may be at the start of a bear market if other BTC price metrics also indicate a bearish confluence.",Bitcoin’s death cross confirmation could mean BTC is officially in a bear market,newsapi
6922249a82c05455042c37cf,https://bitcoinist.com/bitcoin-price-crash-to-40000/,Bitcoin,2025-11-22T21:01:14.422036+00:00,2025-11-21T21:00:01+00:00,2025-11-23T12:55:53.293638+00:00,-0.679676465690136,0.0899348333477974,0.7696112990379333,0.14045380055904388,positive,negative,neutral,0.0899348333477974,0.7696112990379333,0.14045380055904388,bitcoinist.com,"The latest Bitcoin price crash has brought renewed focus to alarming forecasts, including one from pseudonymous crypto market expert Symbiote.","Analyst Who Sold Bitcoin At $102,000 Predicts Crash To $40,000, But There’s Something Else",newsapi
6922249c82c05455042c37d2,https://cointelegraph.com/news/coinbase-solana-dex-vector,Solana,2025-11-22T21:01:17.399995+00:00,2025-11-21T20:24:40+00:00,2025-11-23T12:57:55.341364+00:00,0.559338266029954,0.5849997997283936,0.025661533698439598,0.3893387019634247,positive,negative,neutral,0.5849997997283936,0.025661533698439598,0.3893387019634247,cointelegraph.com,"Following other significant purchases in 2025, Coinbase said the acquisition of Vector was part of its strategy to become an  “everything exchange.”",Coinbase ’doubles down’ on Solana with latest DEX acquisition,newsapi
6922249f82c05455042c37d4,https://bitcoinist.com/ethereum-staking-at-record-levels/,Ethereum,2025-11-22T21:01:20.397899+00:00,2025-11-21T20:00:35+00:00,2025-11-23T12:55:58.571055+00:00,0.9310059603303671,0.951956033706665,0.02095007337629795,0.02709389291703701,positive,negative,neutral,0.951956033706665,0.02095007337629795,0.02709389291703701,bitcoinist.com,"Despite the prolonged bearish movement, one thing is certain: there has been a steady increase in the amount of Ethereum being staked.",Ethereum Staking Plateau Persists At Record levels As Participation Holds Steady,newsapi
6922251282c05455042c37e7,https://prtimes.jp/main/html/rd/p/000000314.000105962.html,Solana,2025-11-22T21:03:14.681666+00:00,2025-11-21T21:01:28+00:00,2025-11-23T12:57:48.387983+00:00,0.06325161829590797,0.09463386982679367,0.031382251530885696,0.8739838600158691,positive,negative,neutral,0.09463386982679367,0.031382251530885696,0.8739838600158691,prtimes.jp,ELSOUL LABO B.V.のプレスリリース（2025年11月22日 06時01分）ERPC、Solana RPC HTTP/WebSocket エンドポイント全リージョンを大規模アップグレード。ネットワーク効率化と負荷対策によりパフォーマンスと安定性を向上,ERPC、Solana RPC HTTP/WebSocket エンドポイント全リージョンを大規模アップグレード。ネットワーク効率化と負荷対策によりパフォーマンスと安定性を向上,newsapi
6922251382c05455042c37ea,https://biztoc.com/x/1527a5ff1ea08e88,Solana,2025-11-22T21:03:15.599040+00:00,2025-11-21T20:56:27+00:00,2025-11-23T12:57:49.338053+00:00,0.18794104224070907,0.19558346271514893,0.007642420474439859,0.7967740893363953,positive,negative,neutral,0.19558346271514893,0.007642420474439859,0.7967740893363953,biztoc.com,"Cryptocurrency exchange Coinbase plans to acquire onchain trading platform Vector.\n \n \n \n \nBecause Vector’s platform is built on Solana, the acquisition will…",Coinbase Plans to Acquire Vector to Help Build ‘Everything Exchange’,newsapi
6922251782c05455042c37eb,https://www.pymnts.com/acquisitions/2025/coinbase-plans-to-acquire-vector-to-help-build-everything-exchange/,Solana,2025-11-22T21:03:19.704934+00:00,2025-11-21T20:39:16+00:00,2025-11-23T12:57:53.598448+00:00,0.8709811037406325,0.8768849968910217,0.0059038931503891945,0.11721108853816986,positive,negative,neutral,0.8768849968910217,0.0059038931503891945,0.11721108853816986,www.pymnts.com,"Coinbase plans to acquire onchain trading platform Vector, which will expand Coinbase’s support for the Solana trading ecosystem.",Coinbase Plans to Acquire Vector to Help Build ‘Everything Exchange’,newsapi
6922251982c05455042c37ec,https://www.fourfourtwo.com/person/player/wounded-animals-have-nothing-to-lose-sol-campbell-on-why-tottenham-could-cause-an-upset-against-arsenal-in-sundays-north-london-derby,Solana,2025-11-22T21:03:21.839807+00:00,2025-11-21T20:00:00+00:00,2025-11-23T12:57:56.408983+00:00,-0.021587662398815155,0.08780965954065323,0.10939732193946838,0.802793025970459,positive,negative,neutral,0.08780965954065323,0.10939732193946838,0.802793025970459,www.fourfourtwo.com,Campbell is one of the few players to have experienced a North London Derby for both teams,‘Wounded animals have nothing to lose’ Sol Campbell on why Tottenham could cause an upset against Arsenal in Sunday’s North London Derby,newsapi
6922339282c05455042c39f7,https://cointelegraph.com/news/what-happened-in-crypto-today?utm_source=rss_feed&utm_medium=rss%3Fr%3D9xv6rh%26_%3D1763849028384%26noCache%3Dtrue&utm_campaign=rss_partner_inbound,Bitcoin,2025-11-22T22:05:07.148474+00:00,2025-11-22T13:06:28+00:00,2025-11-22T22:05:07.148474+00:00,0.11558641120791435,0.16993866860866547,0.054352257400751114,0.7757090926170349,positive,negative,neutral,0.16993866860866547,0.054352257400751114,0.7757090926170349,cointelegraph.com,"Today in crypto: Solo Bitcoin miner wins $266,000, the odds of a US Fed rate cut in December have surged, and Ex-Coinbase lawyer launches NY AG bid",Here’s what happened in crypto today,rss
6922339382c05455042c39f8,https://cointelegraph.com/news/spot-crypto-etfs-rebound-as-bitcoin-pulls-238m-and-ether-snaps-outflow-streak?utm_source=rss_feed&utm_medium=rss%3Fr%3D9xv6rh%26_%3D1763849028384%26noCache%3Dtrue&utm_campaign=rss_partner_inbound,Bitcoin,2025-11-22T22:05:08.046039+00:00,2025-11-22T12:46:32+00:00,2025-11-22T22:05:08.046039+00:00,0.7189920991659164,0.8413471579551697,0.12235505878925323,0.0362977497279644,positive,negative,neutral,0.8413471579551697,0.12235505878925323,0.0362977497279644,cointelegraph.com,"Spot Bitcoin ETFs saw $238 million in inflows on Friday after a major sell-off, while Ether funds snapped an eight-day outflow streak and Solana ETFs extended their inflow run to ten days.",Spot Bitcoin ETFs pull $238M as Ether funds snap 8-day outflow streak,rss
6922339482c05455042c39f9,https://cointelegraph.com/news/solo-bitcoin-miner-wins-266k-after-beating-million-to-one-odds?utm_source=rss_feed&utm_medium=rss%3Fr%3D9xv6rh%26_%3D1763849028384%26noCache%3Dtrue&utm_campaign=rss_partner_inbound,Bitcoin,2025-11-22T22:05:08.950909+00:00,2025-11-22T10:27:36+00:00,2025-11-22T22:05:08.950909+00:00,0.897397743538022,0.9169237613677979,0.01952601782977581,0.06355021893978119,positive,negative,neutral,0.9169237613677979,0.01952601782977581,0.06355021893978119,cointelegraph.com,"A hobbyist miner with just 1.2 TH/s beat million-to-one odds to earn 3.146 BTC, worth roughly $266,000, as solo mining wins continue to rise in 2025.",‘Extremely lucky’ solo Bitcoin miner beats massive odds to win $266K,rss
6922339682c05455042c39fa,https://cointelegraph.com/news/ark-invest-boosts-bullish-bitmine-circle-btc-etfs?utm_source=rss_feed&utm_medium=rss%3Fr%3D9xv6rh%26_%3D1763849028384%26noCache%3Dtrue&utm_campaign=rss_partner_inbound,Bitcoin,2025-11-22T22:05:10.486864+00:00,2025-11-22T07:31:35+00:00,2025-11-22T22:05:10.486864+00:00,0.8813210912048817,0.9133500456809998,0.03202895447611809,0.05462099239230156,positive,negative,neutral,0.9133500456809998,0.03202895447611809,0.05462099239230156,cointelegraph.com,"ARK Invest closed the week with fresh buys across Bullish, BitMine, Circle, Robinhood and Bitcoin ETFs, even as spot BTC ETFs posted nearly $1 billion in outflows.","ARK Invest wraps up week with Bitcoin ETF, Bullish, Circle, BitMine buys",rss
6922339682c05455042c39fb,https://cointelegraph.com/news/bitcoin-sovereign-adoption-upside-candle-catalyst-jeff-park?utm_source=rss_feed&utm_medium=rss%3Fr%3D9xv6rh%26_%3D1763849028384%26noCache%3Dtrue&utm_campaign=rss_partner_inbound,Bitcoin,2025-11-22T22:05:11.321352+00:00,2025-11-22T02:14:35+00:00,2025-11-22T22:05:11.321352+00:00,0.3316666018217802,0.3416951894760132,0.010028587654232979,0.6482762694358826,positive,negative,neutral,0.3416951894760132,0.010028587654232979,0.6482762694358826,cointelegraph.com,"ProCap’s Jeff Park said during a podcast interview published to YouTube on Thursday that sovereign adoption would be the catalyst that pushes Bitcoin to $150,000 overnight.",Sovereign Bitcoin adoption would be the ultimate upside catalyst: Jeff Park,rss
6922339782c05455042c39fc,https://cointelegraph.com/news/bitcoiners-us-federal-reserve-rate-cut-odds-surge-december-btc-price?utm_source=rss_feed&utm_medium=rss%3Fr%3D9xv6rh%26_%3D1763849028384%26noCache%3Dtrue&utm_campaign=rss_partner_inbound,Bitcoin,2025-11-22T22:05:12.152800+00:00,2025-11-22T00:01:07+00:00,2025-11-22T22:05:12.152800+00:00,0.9191466923803091,0.9469860792160034,0.027839386835694313,0.025174617767333984,positive,negative,neutral,0.9469860792160034,0.027839386835694313,0.025174617767333984,cointelegraph.com,"On Friday, the odds of an interest rate cut at the December FOMC meeting nearly doubled to 71.5%, prompting Bitcoiners to anticipate a potentially positive impact on the asset’s price.",Bitcoiners perk up as odds of a December Fed rate cut almost double,rss
6922339882c05455042c39fd,https://cointelegraph.com/news/rich-dad-poor-dad-robert-kiyosaki-sells-btc?utm_source=rss_feed&utm_medium=rss%3Fr%3D9xv6rh%26_%3D1763849028384%26noCache%3Dtrue&utm_campaign=rss_partner_inbound,Bitcoin,2025-11-22T22:05:12.995040+00:00,2025-11-21T22:01:51+00:00,2025-11-22T22:05:12.995040+00:00,0.033883729949593544,0.05309499427676201,0.019211264327168465,0.927693784236908,positive,negative,neutral,0.05309499427676201,0.019211264327168465,0.927693784236908,cointelegraph.com,"Robert Kiyosaki, investor and author of ""Rich Dad, Poor Dad,"" announced on Friday that he sold his BTC and will invest the profits in cash-flowing businesses.","‘Rich Dad, Poor Dad’ author and Bitcoin bull Robert Kiyosaki sells his BTC",rss
6922339982c05455042c39fe,https://cointelegraph.com/news/eth-futures-data-forecasts-bounce-to-dollar3-2k?utm_source=rss_feed&utm_medium=rss%3Fr%3D9xv6rh%26_%3D1763849028384%26noCache%3Dtrue&utm_campaign=rss_partner_inbound,Ethereum,2025-11-22T22:05:13.812044+00:00,2025-11-21T22:00:00+00:00,2025-11-22T22:05:13.812044+00:00,-0.9111920222640038,0.035483457148075104,0.9466754794120789,0.017841121181845665,positive,negative,neutral,0.035483457148075104,0.9466754794120789,0.017841121181845665,cointelegraph.com,"ETH derivatives positioning shows pro traders adding long exposure, despite the ongoing weakness and 4-month low in Ether price.","ETH price drops to 4-month low, but Ether futures data hints at $3.2K bounce",rss
6922339b82c05455042c39ff,https://cointelegraph.com/news/coinbase-solana-dex-vector?utm_source=rss_feed&utm_medium=rss%3Fr%3D9xv6rh%26_%3D1763849028384%26noCache%3Dtrue&utm_campaign=rss_partner_inbound,Solana,2025-11-22T22:05:15.897909+00:00,2025-11-21T20:24:40+00:00,2025-11-22T22:05:15.897909+00:00,0.559338266029954,0.5849997997283936,0.025661533698439598,0.3893387019634247,positive,negative,neutral,0.5849997997283936,0.025661533698439598,0.3893387019634247,cointelegraph.com,"Following other significant purchases in 2025, Coinbase said the acquisition of Vector was part of its strategy to become an  “everything exchange.”",Coinbase ’doubles down’ on Solana with latest DEX acquisition,rss
6922339c82c05455042c3a00,https://cointelegraph.com/news/btc-etf-outflows-rebalancing-not-institutional-flight?utm_source=rss_feed&utm_medium=rss%3Fr%3D9xv6rh%26_%3D1763849028384%26noCache%3Dtrue&utm_campaign=rss_partner_inbound,Bitcoin,2025-11-22T22:05:16.651949+00:00,2025-11-21T20:05:26+00:00,2025-11-22T22:05:16.651949+00:00,-0.9183297920972109,0.022298498079180717,0.9406282901763916,0.03707320988178253,positive,negative,neutral,0.022298498079180717,0.9406282901763916,0.03707320988178253,cointelegraph.com,The record outflows from Bitcoin exchange-traded funds (ETFs) in November reflect a short-term downtrend and not a long-term decline or shift in demand.,"BTC ETF outflows are 'tactical rebalancing,' not institutional flight: Analysts",rss
6922339d82c05455042c3a02,https://cointelegraph.com/news/bitcoin-s-death-cross-confirmation-signals-start-of-btc-bear-market?utm_source=rss_feed&utm_medium=rss%3Fr%3D9xv6rh%26_%3D1763849028384%26noCache%3Dtrue&utm_campaign=rss_partner_inbound,Bitcoin,2025-11-22T22:05:17.439938+00:00,2025-11-21T19:49:25+00:00,2025-11-22T22:05:17.439938+00:00,-0.7485342472791672,0.04667963087558746,0.7952138781547546,0.15810655057430267,positive,negative,neutral,0.04667963087558746,0.7952138781547546,0.15810655057430267,cointelegraph.com,"Bitcoin’s death cross is complete, suggesting that the market may be at the start of a bear market if other BTC price metrics also indicate a bearish confluence.",Bitcoin’s death cross confirmation may mean BTC is officially in a bear market,rss
6922339e82c05455042c3a04,https://cointelegraph.com/news/bitcoin-rout-crypto-treasuries-reckoning-finance-redefined?utm_source=rss_feed&utm_medium=rss%3Fr%3D9xv6rh%26_%3D1763849028384%26noCache%3Dtrue&utm_campaign=rss_partner_inbound,Bitcoin,2025-11-22T22:05:18.867883+00:00,2025-11-21T19:00:00+00:00,2025-11-22T22:05:18.867883+00:00,-0.9563699029386044,0.013869140297174454,0.9702390432357788,0.015891890972852707,positive,negative,neutral,0.013869140297174454,0.9702390432357788,0.015891890972852707,cointelegraph.com,"Bitmine’s $3.7 billion paper loss and falling NAV are raising concerns for crypto treasury firms, making it difficult for DATs to raise new capital for digital asset acquisitions.",Bitcoin rout continues as crypto treasuries face reckoning: Finance Redefined,rss
6922339f82c05455042c3a05,https://cointelegraph.com/news/bitcoin-s-fastest-bear-market-hides-potentially-positive-year-end-outcome-for-btc?utm_source=rss_feed&utm_medium=rss%3Fr%3D9xv6rh%26_%3D1763849028384%26noCache%3Dtrue&utm_campaign=rss_partner_inbound,Bitcoin,2025-11-22T22:05:19.637778+00:00,2025-11-21T18:55:37+00:00,2025-11-22T22:05:19.637778+00:00,-0.6199595332145691,0.17867857217788696,0.798638105392456,0.022683238610625267,positive,negative,neutral,0.17867857217788696,0.798638105392456,0.022683238610625267,cointelegraph.com,"BTC’s steepest drawdown since 2022 triggered $1 billion in liquidations, but a rare macroeconomic liquidity signal now hints at a four-to-six week bullish reversal window.",Bitcoin’s ‘fastest bear market’ hides potentially positive year-end outcome for BTC,rss
692233a082c05455042c3a06,https://cointelegraph.com/news/price-predictions-11-21-btc-eth-xrp-bnb-sol-doge-ada-hype-zec-bch?utm_source=rss_feed&utm_medium=rss%3Fr%3D9xv6rh%26_%3D1763849028384%26noCache%3Dtrue&utm_campaign=rss_partner_inbound,Bitcoin,2025-11-22T22:05:20.997356+00:00,2025-11-21T18:04:55+00:00,2025-11-22T22:05:20.997356+00:00,-0.9540400896221399,0.011584421619772911,0.9656245112419128,0.02279096655547619,positive,negative,neutral,0.011584421619772911,0.9656245112419128,0.02279096655547619,cointelegraph.com,"Bitcoin’s weakness has accelerated selling in several major altcoins, causing them to fall below their support levels. Is the worst of the selling over?","Price predictions 11/21: BTC, ETH, XRP, BNB, SOL, DOGE, ADA, HYPE, ZEC, BCH",rss
692233a282c05455042c3a07,https://cointelegraph.com/news/bitmine-2026-eth-staking-market-meltdown?utm_source=rss_feed&utm_medium=rss%3Fr%3D9xv6rh%26_%3D1763849028384%26noCache%3Dtrue&utm_campaign=rss_partner_inbound,Ethereum,2025-11-22T22:05:22.792002+00:00,2025-11-21T17:40:56+00:00,2025-11-22T22:05:22.792002+00:00,0.8015463529154658,0.8137311339378357,0.012184781022369862,0.17408408224582672,positive,negative,neutral,0.8137311339378357,0.012184781022369862,0.17408408224582672,cointelegraph.com,"Crypto treasury company BitMine announced plans to develop infrastructure to stake its ETH holdings and generate revenue, targeting a Q1 2026 launch.",BitMine announces 2026 ETH staking plans as market melts down,rss
692233a482c05455042c3a08,https://cointelegraph.com/news/crypto-biz-is-this-bear-market-spoiler-no?utm_source=rss_feed&utm_medium=rss%3Fr%3D9xv6rh%26_%3D1763849028384%26noCache%3Dtrue&utm_campaign=rss_partner_inbound,Bitcoin,2025-11-22T22:05:24.517114+00:00,2025-11-21T16:13:08+00:00,2025-11-22T22:05:24.517114+00:00,0.07274991646409035,0.11252664774656296,0.03977673128247261,0.8476966023445129,positive,negative,neutral,0.11252664774656296,0.03977673128247261,0.8476966023445129,cointelegraph.com,"As Bitcoin tumbles below $90,000, Republic bets $100 million on Ether, Strategy buys 8,178 BTC, Tether pushes into trade finance and Kraken files for an IPO.",Crypto Biz: Is this what a bear market looks like? (Spoiler: No),rss
692233a482c05455042c3a09,https://cointelegraph.com/news/bitcoin-asic-producer-bitmain-faces-us-probe-over-national-security-risks-bloomberg?utm_source=rss_feed&utm_medium=rss%3Fr%3D9xv6rh%26_%3D1763849028384%26noCache%3Dtrue&utm_campaign=rss_partner_inbound,Bitcoin,2025-11-22T22:05:25.372123+00:00,2025-11-21T14:55:46+00:00,2025-11-22T22:05:25.372123+00:00,-0.45457470417022705,0.11689788103103638,0.5714725852012634,0.3116295337677002,positive,negative,neutral,0.11689788103103638,0.5714725852012634,0.3116295337677002,cointelegraph.com,"US authorities have reportedly launched an investigation into Bitmain, examining whether the Chinese ASIC manufacturer’s equipment contains remote-control features that could pose security risks.",Bitcoin ASIC producer Bitmain under US investigation over national security risks: Report,rss
692233a682c05455042c3a0a,https://cointelegraph.com/news/bitcoin-yen-canada-stablecoin-global-express?utm_source=rss_feed&utm_medium=rss%3Fr%3D9xv6rh%26_%3D1763849028384%26noCache%3Dtrue&utm_campaign=rss_partner_inbound,Bitcoin,2025-11-22T22:05:26.631713+00:00,2025-11-21T14:50:28+00:00,2025-11-22T22:05:26.631713+00:00,0.8568032197654247,0.897422194480896,0.04061897471547127,0.06195884197950363,positive,negative,neutral,0.897422194480896,0.04061897471547127,0.06195884197950363,cointelegraph.com,"Japan’s stimulus package has rocked markets and Bitcoin. Meanwhile, Canada’s 2025 budget has been approved, bringing clearer guidelines for stablecoin issuers.","Bitcoin drops as yen falls, Canada approves stablecoin rules: Global Express",rss
692233a782c05455042c3a0b,https://cointelegraph.com/news/bitcoin-realized-losses-reach-ftx-crash-levels?utm_source=rss_feed&utm_medium=rss%3Fr%3D9xv6rh%26_%3D1763849028384%26noCache%3Dtrue&utm_campaign=rss_partner_inbound,Bitcoin,2025-11-22T22:05:27.492463+00:00,2025-11-21T13:59:55+00:00,2025-11-22T22:05:27.491463+00:00,0.6010831743478775,0.7826943397521973,0.18161116540431976,0.03569447621703148,positive,negative,neutral,0.7826943397521973,0.18161116540431976,0.03569447621703148,cointelegraph.com,"Realized losses on Bitcoin have risen to levels last seen during the FTX crash, with short-term holders driving the capitulation, according to Glassnode.",Bitcoin realized losses rise to FTX crash levels: Where is the bottom?,rss
692233a782c05455042c3a0c,https://cointelegraph.com/news/solana-xrp-etfs-defy-outflows?utm_source=rss_feed&utm_medium=rss%3Fr%3D9xv6rh%26_%3D1763849028384%26noCache%3Dtrue&utm_campaign=rss_partner_inbound,Bitcoin,2025-11-22T22:05:28.359595+00:00,2025-11-21T13:16:26+00:00,2025-11-22T22:05:28.359595+00:00,0.9181709382683039,0.9422025084495544,0.024031570181250572,0.03376584127545357,positive,negative,neutral,0.9422025084495544,0.024031570181250572,0.03376584127545357,cointelegraph.com,"Solana and XRP ETFs continue to attract steady inflows with no outflow days since launch, even as Bitcoin and Ether products trend deep into redemptions.","ETF altseason? Solana, XRP funds buck crypto’s market sell-off",rss
692233a882c05455042c3a0d,https://cointelegraph.com/news/can-bitcoin-really-be-a-store-of-value-what-pension-funds-are-starting-to-discover?utm_source=rss_feed&utm_medium=rss%3Fr%3D9xv6rh%26_%3D1763849028384%26noCache%3Dtrue&utm_campaign=rss_partner_inbound,Bitcoin,2025-11-22T22:05:29.230629+00:00,2025-11-21T13:09:33+00:00,2025-11-22T22:05:29.230629+00:00,0.09126069955527782,0.10952991247177124,0.018269212916493416,0.8722008466720581,positive,negative,neutral,0.10952991247177124,0.018269212916493416,0.8722008466720581,cointelegraph.com,"Discover why pension funds are reassessing Bitcoin as a potential store of value as they compare it with gold, inflation hedges and long-term portfolio needs.",Can Bitcoin really be a store of value? What pension funds are starting to discover,rss
692233af82c05455042c3a10,https://decrypt.co/349639/bitcoin-atm-firm-weighing-100-million-sale-money-laundering-charges,Bitcoin,2025-11-22T22:05:35.896099+00:00,2025-11-22T22:01:02+00:00,2025-11-23T13:59:54.178092+00:00,0.09560901112854481,0.12618614733219147,0.03057713620364666,0.8432366847991943,positive,negative,neutral,0.12618614733219147,0.03057713620364666,0.8432366847991943,decrypt.co,"Chicago-based Crypto Dispensers says it’s considering a $100 million sale, just days after the firm and its founder were hit with money laundering charges.",Bitcoin ATM Firm Weighing $100 Million Sale Following Money Laundering Charges,rss
692233ff82c05455042c3a21,https://cointelegraph.com/news/rich-dad-poor-dad-robert-kiyosaki-sells-btc,Bitcoin,2025-11-22T22:06:55.435028+00:00,2025-11-21T22:01:51+00:00,2025-11-23T08:26:52.864530+00:00,0.033883729949593544,0.05309499427676201,0.019211264327168465,0.927693784236908,positive,negative,neutral,0.05309499427676201,0.019211264327168465,0.927693784236908,cointelegraph.com,"Robert Kiyosaki, investor and author of ""Rich Dad, Poor Dad,"" announced on Friday that he sold his BTC and will invest the profits in cash-flowing businesses.","‘Rich Dad, Poor Dad’ author and Bitcoin bull Robert Kiyosaki sells his BTC",newsapi
692233ff82c05455042c3a24,http://www.newsbtc.com/news/bitcoin/bitcoin-clear-momentum-reset/,Bitcoin,2025-11-22T22:06:56.368763+00:00,2025-11-21T22:00:41+00:00,2025-11-23T08:26:53.882077+00:00,-0.49636610597372055,0.04812894016504288,0.5444950461387634,0.4073759913444519,positive,negative,neutral,0.04812894016504288,0.5444950461387634,0.4073759913444519,www.newsbtc.com,"In an X post, Swissblock has mentioned that Bitcoin momentum is clearly in a reset phase, and the question now is how long until it flips.",Bitcoin Shows A Clear Momentum Reset — Is A Trend Reversal Coming?,newsapi
6922340182c05455042c3a25,https://biztoc.com/x/f03ba52bfe906074,Bitcoin,2025-11-22T22:06:57.921736+00:00,2025-11-21T21:52:17+00:00,2025-11-23T08:26:54.860756+00:00,0.5686757564544678,0.5862126350402832,0.01753687858581543,0.3962504267692566,positive,negative,neutral,0.5862126350402832,0.01753687858581543,0.3962504267692566,biztoc.com,A Solo CKpool miner contributing approximately 0.0000007% of the total Bitcoin network hashpower discovered a block on Friday.,"Solo bitcoin miner beats 1-in-180-million odds to land $265,000 block",newsapi
6922340382c05455042c3a26,https://zycrypto.com/why-this-chart-expert-says-bitcoin-will-not-hit-the-coveted-200000-mark-until-2029/,Bitcoin,2025-11-22T22:06:59.790758+00:00,2025-11-21T21:45:51+00:00,2025-11-23T08:26:57.393529+00:00,0.06388754397630692,0.16163527965545654,0.09774773567914963,0.7406169772148132,positive,negative,neutral,0.16163527965545654,0.09774773567914963,0.7406169772148132,zycrypto.com,"While some industry experts believe Bitcoin is poised to smash $200,000 before the end of 2025, veteran analyst Peter Brandt believes that figure is now unlikely.","Why This Chart Expert Says Bitcoin Will Not Hit The Coveted $200,000 Mark Until 2029",newsapi
6922340482c05455042c3a27,https://zycrypto.com/legendary-bitcoin-whale-dumps-his-entire-1-3-billion-stack-after-hodling-btc-since-2011/,Bitcoin,2025-11-22T22:07:01.340602+00:00,2025-11-21T21:41:18+00:00,2025-11-23T08:26:59.176381+00:00,-0.7835519332438707,0.014291105791926384,0.7978430390357971,0.18786586821079254,positive,negative,neutral,0.014291105791926384,0.7978430390357971,0.18786586821079254,zycrypto.com,A Bitcoin (BTC) whale who first purchased the apex crypto in 2011 has sold off his entire Bitcoin stockpile as retail investors flee the market.,Legendary Bitcoin Whale Dumps His Entire $1.3 Billion Stack After HODLing BTC Since 2011,newsapi
6922340782c05455042c3a2a,https://cryptoslate.com/new-bitcoin-top-signal-is-in-the-bear-market-indicator-you-hate-to-see/,Bitcoin,2025-11-22T22:07:03.600573+00:00,2025-11-21T21:35:12+00:00,2025-11-23T08:27:03.277993+00:00,0.18007830902934074,0.23963385820388794,0.059555549174547195,0.7008105516433716,positive,negative,neutral,0.23963385820388794,0.059555549174547195,0.7008105516433716,cryptoslate.com,"Crypto IPOs are clustering again, echoing prior market-top timing patterns.",New Bitcoin ‘top signal’ is in – The bear market indicator you hate to see,newsapi
6922340882c05455042c3a2b,https://biztoc.com/x/81ab6fdcd2e56326,Bitcoin,2025-11-22T22:07:04.457958+00:00,2025-11-21T21:30:23+00:00,2025-11-23T07:17:52.357597+00:00,-0.06971562467515469,0.024592692032456398,0.09430831670761108,0.8810989856719971,positive,negative,neutral,0.024592692032456398,0.09430831670761108,0.8810989856719971,biztoc.com,The Entire Business World on a Single Page with the Web's Most Comprehensive One-Stop Finance News Hub.,Bitcoin Price: Why Cryptos Keep Dropping—and Whether the Crash Will Continue,newsapi
6922340a82c05455042c3a2c,https://biztoc.com/x/ef3ac95c8416da62,Bitcoin,2025-11-22T22:07:06.960608+00:00,2025-11-21T21:19:17+00:00,2025-11-23T07:17:55.245016+00:00,-0.6761292666196823,0.13934506475925446,0.8154743313789368,0.0451805517077446,positive,negative,neutral,0.13934506475925446,0.8154743313789368,0.0451805517077446,biztoc.com,"shares are in focus today after the enterprise software firm, best known for its massive crypto holdings, said it has 71 years of dividend coverage even if…","Bitcoin Prices Are Falling, But MicroStrategy Is Not Sweating the Selloff. MSTR Stock Has a 71-Year Runway, According to Management",newsapi
6922340b82c05455042c3a2d,https://biztoc.com/x/79ecd7a2dda0d113,Bitcoin,2025-11-22T22:07:07.823091+00:00,2025-11-21T21:19:16+00:00,2025-11-23T07:17:56.153652+00:00,-0.8105175709351897,0.01304022315889597,0.8235577940940857,0.1634020060300827,positive,negative,neutral,0.01304022315889597,0.8235577940940857,0.1634020060300827,biztoc.com,Access to this page has been denied because we believe you are using automation tools to browse the website.\nThis may happen as a result of the following:\n-…,"Stock Market Tumbles On Nvidia, Bitcoin; Walmart, Google Strong: Weekly Review",newsapi
6922340d82c05455042c3a2e,https://slashdot.org/firehose.pl?op=view&amp;id=180172505,Bitcoin,2025-11-22T22:07:09.435431+00:00,2025-11-21T21:12:51+00:00,2025-11-23T07:17:58.520970+00:00,-0.7233642265200615,0.06444073468446732,0.7878049612045288,0.14775428175926208,positive,negative,neutral,0.06444073468446732,0.7878049612045288,0.14775428175926208,slashdot.org,"Stock Market Tumbles On Nvidia, Bitcoin; Walmart, Google Strong: Weekly ReviewInvestor's Business Daily  Stocks rise to cap wild week on Wall StreetNBC News  Stock market today: Dow, S&amp;P 500, Nasdaq wipe out gains in sharp reversal lower as Nvidia slidesYahoo Finance  CNBC Daily Open: From AI ...","Stock Market Tumbles On Nvidia, Bitcoin; Walmart, Google Strong: Weekly Review - Investor's Business Daily",newsapi
6922341582c05455042c3a31,https://finance.yahoo.com/video/two-catalysts-bitcoin-investors-watch-210035172.html,Bitcoin,2025-11-22T22:07:17.971811+00:00,2025-11-21T21:00:35+00:00,2025-11-23T07:18:08.063939+00:00,-0.315391194075346,0.056462038308382034,0.371853232383728,0.571684718132019,positive,negative,neutral,0.056462038308382034,0.371853232383728,0.571684718132019,finance.yahoo.com,"Bitcoin (BTC-USD) has seen its price fall sharply over the last two weeks. Grayscale managing director of research Zach Pandl shares two catalysts that he's watching that could power the cryptocurrency higher. Find out why in the video above. To watch more expert insights and analysis on the latest market action, check out more Market Catalysts.",Two catalysts bitcoin investors should watch,newsapi
6922349182c05455042c3a4d,https://cointelegraph.com/news/eth-futures-data-forecasts-bounce-to-dollar3-2k,Ethereum,2025-11-22T22:09:22.288785+00:00,2025-11-21T22:00:00+00:00,2025-11-23T12:55:50.645982+00:00,-0.9111920222640038,0.035483457148075104,0.9466754794120789,0.017841121181845665,positive,negative,neutral,0.035483457148075104,0.9466754794120789,0.017841121181845665,cointelegraph.com,"ETH derivatives positioning shows pro traders adding long exposure, despite the ongoing weakness and 4-month low in Ether price.","ETH price drops to 4-month low, but Ether futures data hints at $3.2K bounce",newsapi
6922439a82c05455042c3c6e,https://cointelegraph.com/news/what-happened-in-crypto-today?utm_source=rss_feed&utm_medium=rss%3F_ts%3D1763852975883%26__%3D1763852975883%26nc%3D1763852975883%26ttt%3D1763852975883&utm_campaign=rss_partner_inbound,Bitcoin,2025-11-22T23:13:31.309125+00:00,2025-11-22T22:31:21+00:00,2025-11-22T23:13:31.309125+00:00,0.20309381186962128,0.4096185564994812,0.20652474462985992,0.3838566839694977,positive,negative,neutral,0.4096185564994812,0.20652474462985992,0.3838566839694977,cointelegraph.com,"Today in crypto: Peter Schiff says OG's selling to weak hands will worsen future crashes, a Solo Bitcoin miner wins $266,000, the odds of a US Fed rate cut in December have surged.",Here’s what happened in crypto today,rss
6922439b82c05455042c3c6f,https://cointelegraph.com/news/bitcoin-og-selling-weak-hand-deep-selloff-schiff?utm_source=rss_feed&utm_medium=rss%3F_ts%3D1763852975883%26__%3D1763852975883%26nc%3D1763852975883%26ttt%3D1763852975883&utm_campaign=rss_partner_inbound,Bitcoin,2025-11-22T23:13:32.139940+00:00,2025-11-22T22:15:52+00:00,2025-11-22T23:13:32.139940+00:00,-0.9115657266229391,0.01747184433043003,0.9290375709533691,0.053490642458200455,positive,negative,neutral,0.01747184433043003,0.9290375709533691,0.053490642458200455,cointelegraph.com,Long-time Bitcoin critic and gold advocate Peter Schiff says Bitcoin rotating from long-term holders to new investors will make future crashes worse.,Bitcoin OG's selling to 'weak' hands will deepen selloffs: Peter Schiff,rss
6922439d82c05455042c3c70,https://cointelegraph.com/news/spot-crypto-etfs-rebound-as-bitcoin-pulls-238m-and-ether-snaps-outflow-streak?utm_source=rss_feed&utm_medium=rss%3F_ts%3D1763852975883%26__%3D1763852975883%26nc%3D1763852975883%26ttt%3D1763852975883&utm_campaign=rss_partner_inbound,Bitcoin,2025-11-22T23:13:34.245936+00:00,2025-11-22T12:46:32+00:00,2025-11-22T23:13:34.245936+00:00,0.7189920991659164,0.8413471579551697,0.12235505878925323,0.0362977497279644,positive,negative,neutral,0.8413471579551697,0.12235505878925323,0.0362977497279644,cointelegraph.com,"Spot Bitcoin ETFs saw $238 million in inflows on Friday after a major sell-off, while Ether funds snapped an eight-day outflow streak and Solana ETFs extended their inflow run to ten days.",Spot Bitcoin ETFs pull $238M as Ether funds snap 8-day outflow streak,rss
6922439e82c05455042c3c73,https://cointelegraph.com/news/solo-bitcoin-miner-wins-266k-after-beating-million-to-one-odds?utm_source=rss_feed&utm_medium=rss%3F_ts%3D1763852975883%26__%3D1763852975883%26nc%3D1763852975883%26ttt%3D1763852975883&utm_campaign=rss_partner_inbound,Bitcoin,2025-11-22T23:13:35.060980+00:00,2025-11-22T10:27:36+00:00,2025-11-22T23:13:35.060980+00:00,0.897397743538022,0.9169237613677979,0.01952601782977581,0.06355021893978119,positive,negative,neutral,0.9169237613677979,0.01952601782977581,0.06355021893978119,cointelegraph.com,"A hobbyist miner with just 1.2 TH/s beat million-to-one odds to earn 3.146 BTC, worth roughly $266,000, as solo mining wins continue to rise in 2025.",‘Extremely lucky’ solo Bitcoin miner beats massive odds to win $266K,rss
692243a082c05455042c3c74,https://cointelegraph.com/news/ark-invest-boosts-bullish-bitmine-circle-btc-etfs?utm_source=rss_feed&utm_medium=rss%3F_ts%3D1763852975883%26__%3D1763852975883%26nc%3D1763852975883%26ttt%3D1763852975883&utm_campaign=rss_partner_inbound,Bitcoin,2025-11-22T23:13:36.637105+00:00,2025-11-22T07:31:35+00:00,2025-11-22T23:13:36.637105+00:00,0.8813210912048817,0.9133500456809998,0.03202895447611809,0.05462099239230156,positive,negative,neutral,0.9133500456809998,0.03202895447611809,0.05462099239230156,cointelegraph.com,"ARK Invest closed the week with fresh buys across Bullish, BitMine, Circle, Robinhood and Bitcoin ETFs, even as spot BTC ETFs posted nearly $1 billion in outflows.","ARK Invest wraps up week with Bitcoin ETF, Bullish, Circle, BitMine buys",rss
692243a182c05455042c3c75,https://cointelegraph.com/news/bitcoin-sovereign-adoption-upside-candle-catalyst-jeff-park?utm_source=rss_feed&utm_medium=rss%3F_ts%3D1763852975883%26__%3D1763852975883%26nc%3D1763852975883%26ttt%3D1763852975883&utm_campaign=rss_partner_inbound,Bitcoin,2025-11-22T23:13:37.560087+00:00,2025-11-22T02:14:35+00:00,2025-11-22T23:13:37.560087+00:00,0.3316666018217802,0.3416951894760132,0.010028587654232979,0.6482762694358826,positive,negative,neutral,0.3416951894760132,0.010028587654232979,0.6482762694358826,cointelegraph.com,"ProCap’s Jeff Park said during a podcast interview published to YouTube on Thursday that sovereign adoption would be the catalyst that pushes Bitcoin to $150,000 overnight.",Sovereign Bitcoin adoption would be the ultimate upside catalyst: Jeff Park,rss
692243a282c05455042c3c76,https://cointelegraph.com/news/bitcoiners-us-federal-reserve-rate-cut-odds-surge-december-btc-price?utm_source=rss_feed&utm_medium=rss%3F_ts%3D1763852975883%26__%3D1763852975883%26nc%3D1763852975883%26ttt%3D1763852975883&utm_campaign=rss_partner_inbound,Bitcoin,2025-11-22T23:13:38.466944+00:00,2025-11-22T00:01:07+00:00,2025-11-22T23:13:38.466944+00:00,0.9191466923803091,0.9469860792160034,0.027839386835694313,0.025174617767333984,positive,negative,neutral,0.9469860792160034,0.027839386835694313,0.025174617767333984,cointelegraph.com,"On Friday, the odds of an interest rate cut at the December FOMC meeting nearly doubled to 71.5%, prompting Bitcoiners to anticipate a potentially positive impact on the asset’s price.",Bitcoiners perk up as odds of a December Fed rate cut almost double,rss
692243a282c05455042c3c77,https://cointelegraph.com/news/rich-dad-poor-dad-robert-kiyosaki-sells-btc?utm_source=rss_feed&utm_medium=rss%3F_ts%3D1763852975883%26__%3D1763852975883%26nc%3D1763852975883%26ttt%3D1763852975883&utm_campaign=rss_partner_inbound,Bitcoin,2025-11-22T23:13:39.396213+00:00,2025-11-21T22:01:51+00:00,2025-11-22T23:13:39.396213+00:00,0.033883729949593544,0.05309499427676201,0.019211264327168465,0.927693784236908,positive,negative,neutral,0.05309499427676201,0.019211264327168465,0.927693784236908,cointelegraph.com,"Robert Kiyosaki, investor and author of ""Rich Dad, Poor Dad,"" announced on Friday that he sold his BTC and will invest the profits in cash-flowing businesses.","‘Rich Dad, Poor Dad’ author and Bitcoin bull Robert Kiyosaki sells his BTC",rss
692243a382c05455042c3c78,https://cointelegraph.com/news/eth-futures-data-forecasts-bounce-to-dollar3-2k?utm_source=rss_feed&utm_medium=rss%3F_ts%3D1763852975883%26__%3D1763852975883%26nc%3D1763852975883%26ttt%3D1763852975883&utm_campaign=rss_partner_inbound,Ethereum,2025-11-22T23:13:40.232720+00:00,2025-11-21T22:00:00+00:00,2025-11-22T23:13:40.232720+00:00,-0.9111920222640038,0.035483457148075104,0.9466754794120789,0.017841121181845665,positive,negative,neutral,0.035483457148075104,0.9466754794120789,0.017841121181845665,cointelegraph.com,"ETH derivatives positioning shows pro traders adding long exposure, despite the ongoing weakness and 4-month low in Ether price.","ETH price drops to 4-month low, but Ether futures data hints at $3.2K bounce",rss
692243a582c05455042c3c79,https://cointelegraph.com/news/coinbase-solana-dex-vector?utm_source=rss_feed&utm_medium=rss%3F_ts%3D1763852975883%26__%3D1763852975883%26nc%3D1763852975883%26ttt%3D1763852975883&utm_campaign=rss_partner_inbound,Solana,2025-11-22T23:13:42.071963+00:00,2025-11-21T20:24:40+00:00,2025-11-22T23:13:42.071963+00:00,0.559338266029954,0.5849997997283936,0.025661533698439598,0.3893387019634247,positive,negative,neutral,0.5849997997283936,0.025661533698439598,0.3893387019634247,cointelegraph.com,"Following other significant purchases in 2025, Coinbase said the acquisition of Vector was part of its strategy to become an  “everything exchange.”",Coinbase ’doubles down’ on Solana with latest DEX acquisition,rss
692243a682c05455042c3c7a,https://cointelegraph.com/news/btc-etf-outflows-rebalancing-not-institutional-flight?utm_source=rss_feed&utm_medium=rss%3F_ts%3D1763852975883%26__%3D1763852975883%26nc%3D1763852975883%26ttt%3D1763852975883&utm_campaign=rss_partner_inbound,Bitcoin,2025-11-22T23:13:42.896545+00:00,2025-11-21T20:05:26+00:00,2025-11-22T23:13:42.896545+00:00,-0.9183297920972109,0.022298498079180717,0.9406282901763916,0.03707320988178253,positive,negative,neutral,0.022298498079180717,0.9406282901763916,0.03707320988178253,cointelegraph.com,The record outflows from Bitcoin exchange-traded funds (ETFs) in November reflect a short-term downtrend and not a long-term decline or shift in demand.,"BTC ETF outflows are 'tactical rebalancing,' not institutional flight: Analysts",rss
692243a782c05455042c3c7b,https://cointelegraph.com/news/bitcoin-s-death-cross-confirmation-signals-start-of-btc-bear-market?utm_source=rss_feed&utm_medium=rss%3F_ts%3D1763852975883%26__%3D1763852975883%26nc%3D1763852975883%26ttt%3D1763852975883&utm_campaign=rss_partner_inbound,Bitcoin,2025-11-22T23:13:43.692211+00:00,2025-11-21T19:49:25+00:00,2025-11-22T23:13:43.692211+00:00,-0.7485342472791672,0.04667963087558746,0.7952138781547546,0.15810655057430267,positive,negative,neutral,0.04667963087558746,0.7952138781547546,0.15810655057430267,cointelegraph.com,"Bitcoin’s death cross is complete, suggesting that the market may be at the start of a bear market if other BTC price metrics also indicate a bearish confluence.",Bitcoin’s death cross confirmation may mean BTC is officially in a bear market,rss
692243a882c05455042c3c7c,https://cointelegraph.com/news/bitcoin-rout-crypto-treasuries-reckoning-finance-redefined?utm_source=rss_feed&utm_medium=rss%3F_ts%3D1763852975883%26__%3D1763852975883%26nc%3D1763852975883%26ttt%3D1763852975883&utm_campaign=rss_partner_inbound,Bitcoin,2025-11-22T23:13:45.125762+00:00,2025-11-21T19:00:00+00:00,2025-11-22T23:13:45.125762+00:00,-0.9563699029386044,0.013869140297174454,0.9702390432357788,0.015891890972852707,positive,negative,neutral,0.013869140297174454,0.9702390432357788,0.015891890972852707,cointelegraph.com,"Bitmine’s $3.7 billion paper loss and falling NAV are raising concerns for crypto treasury firms, making it difficult for DATs to raise new capital for digital asset acquisitions.",Bitcoin rout continues as crypto treasuries face reckoning: Finance Redefined,rss
692243a982c05455042c3c7d,https://cointelegraph.com/news/bitcoin-s-fastest-bear-market-hides-potentially-positive-year-end-outcome-for-btc?utm_source=rss_feed&utm_medium=rss%3F_ts%3D1763852975883%26__%3D1763852975883%26nc%3D1763852975883%26ttt%3D1763852975883&utm_campaign=rss_partner_inbound,Bitcoin,2025-11-22T23:13:45.878806+00:00,2025-11-21T18:55:37+00:00,2025-11-22T23:13:45.878806+00:00,-0.6199595332145691,0.17867857217788696,0.798638105392456,0.022683238610625267,positive,negative,neutral,0.17867857217788696,0.798638105392456,0.022683238610625267,cointelegraph.com,"BTC’s steepest drawdown since 2022 triggered $1 billion in liquidations, but a rare macroeconomic liquidity signal now hints at a four-to-six week bullish reversal window.",Bitcoin’s ‘fastest bear market’ hides potentially positive year-end outcome for BTC,rss
692243ab82c05455042c3c7e,https://cointelegraph.com/news/price-predictions-11-21-btc-eth-xrp-bnb-sol-doge-ada-hype-zec-bch?utm_source=rss_feed&utm_medium=rss%3F_ts%3D1763852975883%26__%3D1763852975883%26nc%3D1763852975883%26ttt%3D1763852975883&utm_campaign=rss_partner_inbound,Bitcoin,2025-11-22T23:13:47.573664+00:00,2025-11-21T18:04:55+00:00,2025-11-22T23:13:47.573664+00:00,-0.9540400896221399,0.011584421619772911,0.9656245112419128,0.02279096655547619,positive,negative,neutral,0.011584421619772911,0.9656245112419128,0.02279096655547619,cointelegraph.com,"Bitcoin’s weakness has accelerated selling in several major altcoins, causing them to fall below their support levels. Is the worst of the selling over?","Price predictions 11/21: BTC, ETH, XRP, BNB, SOL, DOGE, ADA, HYPE, ZEC, BCH",rss
692243ac82c05455042c3c7f,https://cointelegraph.com/news/bitmine-2026-eth-staking-market-meltdown?utm_source=rss_feed&utm_medium=rss%3F_ts%3D1763852975883%26__%3D1763852975883%26nc%3D1763852975883%26ttt%3D1763852975883&utm_campaign=rss_partner_inbound,Ethereum,2025-11-22T23:13:49.109266+00:00,2025-11-21T17:40:56+00:00,2025-11-22T23:13:49.109266+00:00,0.8015463529154658,0.8137311339378357,0.012184781022369862,0.17408408224582672,positive,negative,neutral,0.8137311339378357,0.012184781022369862,0.17408408224582672,cointelegraph.com,"Crypto treasury company BitMine announced plans to develop infrastructure to stake its ETH holdings and generate revenue, targeting a Q1 2026 launch.",BitMine announces 2026 ETH staking plans as market melts down,rss
692243ae82c05455042c3c82,https://cointelegraph.com/news/crypto-biz-is-this-bear-market-spoiler-no?utm_source=rss_feed&utm_medium=rss%3F_ts%3D1763852975883%26__%3D1763852975883%26nc%3D1763852975883%26ttt%3D1763852975883&utm_campaign=rss_partner_inbound,Bitcoin,2025-11-22T23:13:50.705835+00:00,2025-11-21T16:13:08+00:00,2025-11-22T23:13:50.705835+00:00,0.07274991646409035,0.11252664774656296,0.03977673128247261,0.8476966023445129,positive,negative,neutral,0.11252664774656296,0.03977673128247261,0.8476966023445129,cointelegraph.com,"As Bitcoin tumbles below $90,000, Republic bets $100 million on Ether, Strategy buys 8,178 BTC, Tether pushes into trade finance and Kraken files for an IPO.",Crypto Biz: Is this what a bear market looks like? (Spoiler: No),rss
692243af82c05455042c3c83,https://cointelegraph.com/news/bitcoin-asic-producer-bitmain-faces-us-probe-over-national-security-risks-bloomberg?utm_source=rss_feed&utm_medium=rss%3F_ts%3D1763852975883%26__%3D1763852975883%26nc%3D1763852975883%26ttt%3D1763852975883&utm_campaign=rss_partner_inbound,Bitcoin,2025-11-22T23:13:51.500264+00:00,2025-11-21T14:55:46+00:00,2025-11-22T23:13:51.500264+00:00,-0.45457470417022705,0.11689788103103638,0.5714725852012634,0.3116295337677002,positive,negative,neutral,0.11689788103103638,0.5714725852012634,0.3116295337677002,cointelegraph.com,"US authorities have reportedly launched an investigation into Bitmain, examining whether the Chinese ASIC manufacturer’s equipment contains remote-control features that could pose security risks.",Bitcoin ASIC producer Bitmain under US investigation over national security risks: Report,rss
692243b082c05455042c3c84,https://cointelegraph.com/news/bitcoin-yen-canada-stablecoin-global-express?utm_source=rss_feed&utm_medium=rss%3F_ts%3D1763852975883%26__%3D1763852975883%26nc%3D1763852975883%26ttt%3D1763852975883&utm_campaign=rss_partner_inbound,Bitcoin,2025-11-22T23:13:53.102229+00:00,2025-11-21T14:50:28+00:00,2025-11-22T23:13:53.102229+00:00,0.8568032197654247,0.897422194480896,0.04061897471547127,0.06195884197950363,positive,negative,neutral,0.897422194480896,0.04061897471547127,0.06195884197950363,cointelegraph.com,"Japan’s stimulus package has rocked markets and Bitcoin. Meanwhile, Canada’s 2025 budget has been approved, bringing clearer guidelines for stablecoin issuers.","Bitcoin drops as yen falls, Canada approves stablecoin rules: Global Express",rss
692243b182c05455042c3c85,https://cointelegraph.com/news/bitcoin-realized-losses-reach-ftx-crash-levels?utm_source=rss_feed&utm_medium=rss%3F_ts%3D1763852975883%26__%3D1763852975883%26nc%3D1763852975883%26ttt%3D1763852975883&utm_campaign=rss_partner_inbound,Bitcoin,2025-11-22T23:13:53.990200+00:00,2025-11-21T13:59:55+00:00,2025-11-22T23:13:53.990200+00:00,0.6010831743478775,0.7826943397521973,0.18161116540431976,0.03569447621703148,positive,negative,neutral,0.7826943397521973,0.18161116540431976,0.03569447621703148,cointelegraph.com,"Realized losses on Bitcoin have risen to levels last seen during the FTX crash, with short-term holders driving the capitulation, according to Glassnode.",Bitcoin realized losses rise to FTX crash levels: Where is the bottom?,rss
692243b282c05455042c3c86,https://cointelegraph.com/news/solana-xrp-etfs-defy-outflows?utm_source=rss_feed&utm_medium=rss%3F_ts%3D1763852975883%26__%3D1763852975883%26nc%3D1763852975883%26ttt%3D1763852975883&utm_campaign=rss_partner_inbound,Bitcoin,2025-11-22T23:13:54.896460+00:00,2025-11-21T13:16:26+00:00,2025-11-22T23:13:54.896460+00:00,0.9181709382683039,0.9422025084495544,0.024031570181250572,0.03376584127545357,positive,negative,neutral,0.9422025084495544,0.024031570181250572,0.03376584127545357,cointelegraph.com,"Solana and XRP ETFs continue to attract steady inflows with no outflow days since launch, even as Bitcoin and Ether products trend deep into redemptions.","ETF altseason? Solana, XRP funds buck crypto’s market sell-off",rss
692243b382c05455042c3c87,https://cointelegraph.com/news/can-bitcoin-really-be-a-store-of-value-what-pension-funds-are-starting-to-discover?utm_source=rss_feed&utm_medium=rss%3F_ts%3D1763852975883%26__%3D1763852975883%26nc%3D1763852975883%26ttt%3D1763852975883&utm_campaign=rss_partner_inbound,Bitcoin,2025-11-22T23:13:55.740444+00:00,2025-11-21T13:09:33+00:00,2025-11-22T23:13:55.740444+00:00,0.09126069955527782,0.10952991247177124,0.018269212916493416,0.8722008466720581,positive,negative,neutral,0.10952991247177124,0.018269212916493416,0.8722008466720581,cointelegraph.com,"Discover why pension funds are reassessing Bitcoin as a potential store of value as they compare it with gold, inflation hedges and long-term portfolio needs.",Can Bitcoin really be a store of value? What pension funds are starting to discover,rss
6922442882c05455042c3c98,https://biztoc.com/x/0113647d3ee17d4c,Bitcoin,2025-11-22T23:15:52.753683+00:00,2025-11-21T22:48:34+00:00,2025-11-23T08:26:46.453383+00:00,-0.25627048313617706,0.07477281987667084,0.3310433030128479,0.5941838622093201,positive,negative,neutral,0.07477281987667084,0.3310433030128479,0.5941838622093201,biztoc.com,Leveraged ETFs bring even more risk to volatile assets like crypto.,The first-ever 3x levered bitcoin funds are launching in Europe next week. The timing couldn’t be worse,newsapi
6922442982c05455042c3c99,https://biztoc.com/x/3ad50ed48a7ffbd3,Bitcoin,2025-11-22T23:15:53.622264+00:00,2025-11-21T22:48:09+00:00,2025-11-23T08:26:47.277762+00:00,-0.704792682081461,0.017412718385457993,0.722205400466919,0.26038190722465515,positive,negative,neutral,0.017412718385457993,0.722205400466919,0.26038190722465515,biztoc.com,The Entire Business World on a Single Page with the Web's Most Comprehensive One-Stop Finance News Hub.,Bitcoin has shed almost $800 billion since its October peak. What's behind the plunge?,newsapi
6922442b82c05455042c3c9a,https://www.cbc.ca/news/canada/british-columbia/bitcoin-hostage-millions-cryptocurrency-9.6987994,Bitcoin,2025-11-22T23:15:55.812714+00:00,2025-11-21T22:24:56+00:00,2025-11-23T08:26:48.715999+00:00,-0.48891197703778744,0.029853353276848793,0.5187653303146362,0.45138129591941833,positive,negative,neutral,0.029853353276848793,0.5187653303146362,0.45138129591941833,www.cbc.ca,"The family of a B.C. bitcoin investor known for boasting of his cryptocurrency successes online was robbed of $2 million in a terrifying overnight hostage-taking involving waterboarding, sexual assault and death threats from four intruders they knew only as ""One,"" ""Two,"" ""Three"" and ""Four.""","Waterboarding, sexual assault, disguises: Details of terrifying $2M B.C. bitcoin hostage-taking revealed",newsapi
692244bb82c05455042c3cb7,https://ambcrypto.com/ethereum-whales-buy-the-dip-but-is-2-5k-or-3k-next-for-eth/,Ethereum,2025-11-22T23:18:20.350414+00:00,2025-11-21T23:00:02+00:00,2025-11-23T12:55:46.909119+00:00,-0.45808687806129456,0.15867850184440613,0.6167653799057007,0.2245560884475708,positive,negative,neutral,0.15867850184440613,0.6167653799057007,0.2245560884475708,ambcrypto.com,"Ethereum trading at a 5-month low, whales have piled in to buy the altcoin at a discount. While Ethereum has fallen...","Ethereum whales ‘buy the dip,’ but is $2.5K or $3K next for ETH?",newsapi
692244bd82c05455042c3cb8,https://pypi.org/project/eth-portfolio/0.4.0/,Ethereum,2025-11-22T23:18:21.726277+00:00,2025-11-21T22:18:06+00:00,2025-11-23T12:55:48.260694+00:00,-0.48187142238020897,0.018209997564554214,0.5000814199447632,0.4817085862159729,positive,negative,neutral,0.018209997564554214,0.5000814199447632,0.4817085862159729,pypi.org,"Client Challenge JavaScript is disabled in your browser. Please enable JavaScript to proceed. A required part of this site couldn’t load. This may be due to a browser\n      extension, network issues, or browser settings. Please check your\n      connection, disable any ad blockers, or try using a different browser.",eth-portfolio 0.4.0,newsapi
692253be82c05455042c3edf,https://cointelegraph.com/news/what-happened-in-crypto-today?utm_source=rss_feed&utm_medium=rss%3Frand%3Dx8276_1763857184368%26_q%3D1763857184368&utm_campaign=rss_partner_inbound,Bitcoin,2025-11-23T00:22:23.038109+00:00,2025-11-22T22:31:21+00:00,2025-11-23T00:22:23.038109+00:00,0.20309381186962128,0.4096185564994812,0.20652474462985992,0.3838566839694977,positive,negative,neutral,0.4096185564994812,0.20652474462985992,0.3838566839694977,cointelegraph.com,"Today in crypto: Peter Schiff says OG's selling to weak hands will worsen future crashes, a Solo Bitcoin miner wins $266,000, the odds of a US Fed rate cut in December have surged.",Here’s what happened in crypto today,rss
692253bf82c05455042c3ee0,https://cointelegraph.com/news/bitcoin-og-selling-weak-hand-deep-selloff-schiff?utm_source=rss_feed&utm_medium=rss%3Frand%3Dx8276_1763857184368%26_q%3D1763857184368&utm_campaign=rss_partner_inbound,Bitcoin,2025-11-23T00:22:23.823664+00:00,2025-11-22T22:15:52+00:00,2025-11-23T00:22:23.823664+00:00,-0.9115657266229391,0.01747184433043003,0.9290375709533691,0.053490642458200455,positive,negative,neutral,0.01747184433043003,0.9290375709533691,0.053490642458200455,cointelegraph.com,Long-time Bitcoin critic and gold advocate Peter Schiff says Bitcoin rotating from long-term holders to new investors will make future crashes worse.,Bitcoin OG's selling to 'weak' hands will deepen selloffs: Peter Schiff,rss
692253c182c05455042c3ee1,https://cointelegraph.com/news/spot-crypto-etfs-rebound-as-bitcoin-pulls-238m-and-ether-snaps-outflow-streak?utm_source=rss_feed&utm_medium=rss%3Frand%3Dx8276_1763857184368%26_q%3D1763857184368&utm_campaign=rss_partner_inbound,Bitcoin,2025-11-23T00:22:25.973854+00:00,2025-11-22T12:46:32+00:00,2025-11-23T00:22:25.973854+00:00,0.7189920991659164,0.8413471579551697,0.12235505878925323,0.0362977497279644,positive,negative,neutral,0.8413471579551697,0.12235505878925323,0.0362977497279644,cointelegraph.com,"Spot Bitcoin ETFs saw $238 million in inflows on Friday after a major sell-off, while Ether funds snapped an eight-day outflow streak and Solana ETFs extended their inflow run to ten days.",Spot Bitcoin ETFs pull $238M as Ether funds snap 8-day outflow streak,rss
692253c282c05455042c3ee2,https://cointelegraph.com/news/solo-bitcoin-miner-wins-266k-after-beating-million-to-one-odds?utm_source=rss_feed&utm_medium=rss%3Frand%3Dx8276_1763857184368%26_q%3D1763857184368&utm_campaign=rss_partner_inbound,Bitcoin,2025-11-23T00:22:26.775034+00:00,2025-11-22T10:27:36+00:00,2025-11-23T00:22:26.775034+00:00,0.897397743538022,0.9169237613677979,0.01952601782977581,0.06355021893978119,positive,negative,neutral,0.9169237613677979,0.01952601782977581,0.06355021893978119,cointelegraph.com,"A hobbyist miner with just 1.2 TH/s beat million-to-one odds to earn 3.146 BTC, worth roughly $266,000, as solo mining wins continue to rise in 2025.",‘Extremely lucky’ solo Bitcoin miner beats massive odds to win $266K,rss
692253c382c05455042c3ee3,https://cointelegraph.com/news/ark-invest-boosts-bullish-bitmine-circle-btc-etfs?utm_source=rss_feed&utm_medium=rss%3Frand%3Dx8276_1763857184368%26_q%3D1763857184368&utm_campaign=rss_partner_inbound,Bitcoin,2025-11-23T00:22:28.376958+00:00,2025-11-22T07:31:35+00:00,2025-11-23T00:22:28.376958+00:00,0.8813210912048817,0.9133500456809998,0.03202895447611809,0.05462099239230156,positive,negative,neutral,0.9133500456809998,0.03202895447611809,0.05462099239230156,cointelegraph.com,"ARK Invest closed the week with fresh buys across Bullish, BitMine, Circle, Robinhood and Bitcoin ETFs, even as spot BTC ETFs posted nearly $1 billion in outflows.","ARK Invest wraps up week with Bitcoin ETF, Bullish, Circle, BitMine buys",rss
692253c482c05455042c3ee4,https://cointelegraph.com/news/bitcoin-sovereign-adoption-upside-candle-catalyst-jeff-park?utm_source=rss_feed&utm_medium=rss%3Frand%3Dx8276_1763857184368%26_q%3D1763857184368&utm_campaign=rss_partner_inbound,Bitcoin,2025-11-23T00:22:29.318654+00:00,2025-11-22T02:14:35+00:00,2025-11-23T00:22:29.318654+00:00,0.3316666018217802,0.3416951894760132,0.010028587654232979,0.6482762694358826,positive,negative,neutral,0.3416951894760132,0.010028587654232979,0.6482762694358826,cointelegraph.com,"ProCap’s Jeff Park said during a podcast interview published to YouTube on Thursday that sovereign adoption would be the catalyst that pushes Bitcoin to $150,000 overnight.",Sovereign Bitcoin adoption would be the ultimate upside catalyst: Jeff Park,rss
692253c582c05455042c3ee5,https://cointelegraph.com/news/bitcoiners-us-federal-reserve-rate-cut-odds-surge-december-btc-price?utm_source=rss_feed&utm_medium=rss%3Frand%3Dx8276_1763857184368%26_q%3D1763857184368&utm_campaign=rss_partner_inbound,Bitcoin,2025-11-23T00:22:30.242759+00:00,2025-11-22T00:01:07+00:00,2025-11-23T00:22:30.242759+00:00,0.9191466923803091,0.9469860792160034,0.027839386835694313,0.025174617767333984,positive,negative,neutral,0.9469860792160034,0.027839386835694313,0.025174617767333984,cointelegraph.com,"On Friday, the odds of an interest rate cut at the December FOMC meeting nearly doubled to 71.5%, prompting Bitcoiners to anticipate a potentially positive impact on the asset’s price.",Bitcoiners perk up as odds of a December Fed rate cut almost double,rss
692253c782c05455042c3ee6,https://cointelegraph.com/news/rich-dad-poor-dad-robert-kiyosaki-sells-btc?utm_source=rss_feed&utm_medium=rss%3Frand%3Dx8276_1763857184368%26_q%3D1763857184368&utm_campaign=rss_partner_inbound,Bitcoin,2025-11-23T00:22:31.794832+00:00,2025-11-21T22:01:51+00:00,2025-11-23T00:22:31.794832+00:00,0.033883729949593544,0.05309499427676201,0.019211264327168465,0.927693784236908,positive,negative,neutral,0.05309499427676201,0.019211264327168465,0.927693784236908,cointelegraph.com,"Robert Kiyosaki, investor and author of ""Rich Dad, Poor Dad,"" announced on Friday that he sold his BTC and will invest the profits in cash-flowing businesses.","‘Rich Dad, Poor Dad’ author and Bitcoin bull Robert Kiyosaki sells his BTC",rss
692253c882c05455042c3ee7,https://cointelegraph.com/news/eth-futures-data-forecasts-bounce-to-dollar3-2k?utm_source=rss_feed&utm_medium=rss%3Frand%3Dx8276_1763857184368%26_q%3D1763857184368&utm_campaign=rss_partner_inbound,Ethereum,2025-11-23T00:22:32.882507+00:00,2025-11-21T22:00:00+00:00,2025-11-23T00:22:32.882507+00:00,-0.9111920222640038,0.035483457148075104,0.9466754794120789,0.017841121181845665,positive,negative,neutral,0.035483457148075104,0.9466754794120789,0.017841121181845665,cointelegraph.com,"ETH derivatives positioning shows pro traders adding long exposure, despite the ongoing weakness and 4-month low in Ether price.","ETH price drops to 4-month low, but Ether futures data hints at $3.2K bounce",rss
692253ca82c05455042c3ee8,https://cointelegraph.com/news/coinbase-solana-dex-vector?utm_source=rss_feed&utm_medium=rss%3Frand%3Dx8276_1763857184368%26_q%3D1763857184368&utm_campaign=rss_partner_inbound,Solana,2025-11-23T00:22:35.099322+00:00,2025-11-21T20:24:40+00:00,2025-11-23T00:22:35.099322+00:00,0.559338266029954,0.5849997997283936,0.025661533698439598,0.3893387019634247,positive,negative,neutral,0.5849997997283936,0.025661533698439598,0.3893387019634247,cointelegraph.com,"Following other significant purchases in 2025, Coinbase said the acquisition of Vector was part of its strategy to become an  “everything exchange.”",Coinbase ’doubles down’ on Solana with latest DEX acquisition,rss
692253cb82c05455042c3ee9,https://cointelegraph.com/news/btc-etf-outflows-rebalancing-not-institutional-flight?utm_source=rss_feed&utm_medium=rss%3Frand%3Dx8276_1763857184368%26_q%3D1763857184368&utm_campaign=rss_partner_inbound,Bitcoin,2025-11-23T00:22:35.881883+00:00,2025-11-21T20:05:26+00:00,2025-11-23T00:22:35.881883+00:00,-0.9183297920972109,0.022298498079180717,0.9406282901763916,0.03707320988178253,positive,negative,neutral,0.022298498079180717,0.9406282901763916,0.03707320988178253,cointelegraph.com,The record outflows from Bitcoin exchange-traded funds (ETFs) in November reflect a short-term downtrend and not a long-term decline or shift in demand.,"BTC ETF outflows are 'tactical rebalancing,' not institutional flight: Analysts",rss
692253cc82c05455042c3eea,https://cointelegraph.com/news/bitcoin-s-death-cross-confirmation-signals-start-of-btc-bear-market?utm_source=rss_feed&utm_medium=rss%3Frand%3Dx8276_1763857184368%26_q%3D1763857184368&utm_campaign=rss_partner_inbound,Bitcoin,2025-11-23T00:22:36.711183+00:00,2025-11-21T19:49:25+00:00,2025-11-23T00:22:36.711183+00:00,-0.7485342472791672,0.04667963087558746,0.7952138781547546,0.15810655057430267,positive,negative,neutral,0.04667963087558746,0.7952138781547546,0.15810655057430267,cointelegraph.com,"Bitcoin’s death cross is complete, suggesting that the market may be at the start of a bear market if other BTC price metrics also indicate a bearish confluence.",Bitcoin’s death cross confirmation may mean BTC is officially in a bear market,rss
692253cd82c05455042c3eed,https://cointelegraph.com/news/bitcoin-rout-crypto-treasuries-reckoning-finance-redefined?utm_source=rss_feed&utm_medium=rss%3Frand%3Dx8276_1763857184368%26_q%3D1763857184368&utm_campaign=rss_partner_inbound,Bitcoin,2025-11-23T00:22:38.194282+00:00,2025-11-21T19:00:00+00:00,2025-11-23T00:22:38.194282+00:00,-0.9563699029386044,0.013869140297174454,0.9702390432357788,0.015891890972852707,positive,negative,neutral,0.013869140297174454,0.9702390432357788,0.015891890972852707,cointelegraph.com,"Bitmine’s $3.7 billion paper loss and falling NAV are raising concerns for crypto treasury firms, making it difficult for DATs to raise new capital for digital asset acquisitions.",Bitcoin rout continues as crypto treasuries face reckoning: Finance Redefined,rss
692253ce82c05455042c3eee,https://cointelegraph.com/news/bitcoin-s-fastest-bear-market-hides-potentially-positive-year-end-outcome-for-btc?utm_source=rss_feed&utm_medium=rss%3Frand%3Dx8276_1763857184368%26_q%3D1763857184368&utm_campaign=rss_partner_inbound,Bitcoin,2025-11-23T00:22:38.867114+00:00,2025-11-21T18:55:37+00:00,2025-11-23T00:22:38.867114+00:00,-0.6199595332145691,0.17867857217788696,0.798638105392456,0.022683238610625267,positive,negative,neutral,0.17867857217788696,0.798638105392456,0.022683238610625267,cointelegraph.com,"BTC’s steepest drawdown since 2022 triggered $1 billion in liquidations, but a rare macroeconomic liquidity signal now hints at a four-to-six week bullish reversal window.",Bitcoin’s ‘fastest bear market’ hides potentially positive year-end outcome for BTC,rss
692253cf82c05455042c3eef,https://cointelegraph.com/news/price-predictions-11-21-btc-eth-xrp-bnb-sol-doge-ada-hype-zec-bch?utm_source=rss_feed&utm_medium=rss%3Frand%3Dx8276_1763857184368%26_q%3D1763857184368&utm_campaign=rss_partner_inbound,Bitcoin,2025-11-23T00:22:39.680076+00:00,2025-11-21T18:04:55+00:00,2025-11-23T00:22:39.680076+00:00,-0.9540400896221399,0.011584421619772911,0.9656245112419128,0.02279096655547619,positive,negative,neutral,0.011584421619772911,0.9656245112419128,0.02279096655547619,cointelegraph.com,"Bitcoin’s weakness has accelerated selling in several major altcoins, causing them to fall below their support levels. Is the worst of the selling over?","Price predictions 11/21: BTC, ETH, XRP, BNB, SOL, DOGE, ADA, HYPE, ZEC, BCH",rss
692253d082c05455042c3ef0,https://cointelegraph.com/news/bitmine-2026-eth-staking-market-meltdown?utm_source=rss_feed&utm_medium=rss%3Frand%3Dx8276_1763857184368%26_q%3D1763857184368&utm_campaign=rss_partner_inbound,Ethereum,2025-11-23T00:22:40.923741+00:00,2025-11-21T17:40:56+00:00,2025-11-23T00:22:40.923741+00:00,0.8015463529154658,0.8137311339378357,0.012184781022369862,0.17408408224582672,positive,negative,neutral,0.8137311339378357,0.012184781022369862,0.17408408224582672,cointelegraph.com,"Crypto treasury company BitMine announced plans to develop infrastructure to stake its ETH holdings and generate revenue, targeting a Q1 2026 launch.",BitMine announces 2026 ETH staking plans as market melts down,rss
692253d182c05455042c3ef1,https://cointelegraph.com/news/crypto-biz-is-this-bear-market-spoiler-no?utm_source=rss_feed&utm_medium=rss%3Frand%3Dx8276_1763857184368%26_q%3D1763857184368&utm_campaign=rss_partner_inbound,Bitcoin,2025-11-23T00:22:42.347684+00:00,2025-11-21T16:13:08+00:00,2025-11-23T00:22:42.347684+00:00,0.07274991646409035,0.11252664774656296,0.03977673128247261,0.8476966023445129,positive,negative,neutral,0.11252664774656296,0.03977673128247261,0.8476966023445129,cointelegraph.com,"As Bitcoin tumbles below $90,000, Republic bets $100 million on Ether, Strategy buys 8,178 BTC, Tether pushes into trade finance and Kraken files for an IPO.",Crypto Biz: Is this what a bear market looks like? (Spoiler: No),rss
692253d282c05455042c3ef2,https://cointelegraph.com/news/bitcoin-asic-producer-bitmain-faces-us-probe-over-national-security-risks-bloomberg?utm_source=rss_feed&utm_medium=rss%3Frand%3Dx8276_1763857184368%26_q%3D1763857184368&utm_campaign=rss_partner_inbound,Bitcoin,2025-11-23T00:22:43.107897+00:00,2025-11-21T14:55:46+00:00,2025-11-23T00:22:43.107897+00:00,-0.45457470417022705,0.11689788103103638,0.5714725852012634,0.3116295337677002,positive,negative,neutral,0.11689788103103638,0.5714725852012634,0.3116295337677002,cointelegraph.com,"US authorities have reportedly launched an investigation into Bitmain, examining whether the Chinese ASIC manufacturer’s equipment contains remote-control features that could pose security risks.",Bitcoin ASIC producer Bitmain under US investigation over national security risks: Report,rss
692253d382c05455042c3ef3,https://cointelegraph.com/news/bitcoin-yen-canada-stablecoin-global-express?utm_source=rss_feed&utm_medium=rss%3Frand%3Dx8276_1763857184368%26_q%3D1763857184368&utm_campaign=rss_partner_inbound,Bitcoin,2025-11-23T00:22:43.928108+00:00,2025-11-21T14:50:28+00:00,2025-11-23T00:22:43.928108+00:00,0.8568032197654247,0.897422194480896,0.04061897471547127,0.06195884197950363,positive,negative,neutral,0.897422194480896,0.04061897471547127,0.06195884197950363,cointelegraph.com,"Japan’s stimulus package has rocked markets and Bitcoin. Meanwhile, Canada’s 2025 budget has been approved, bringing clearer guidelines for stablecoin issuers.","Bitcoin drops as yen falls, Canada approves stablecoin rules: Global Express",rss
692253d582c05455042c3ef4,https://cointelegraph.com/news/bitcoin-realized-losses-reach-ftx-crash-levels?utm_source=rss_feed&utm_medium=rss%3Frand%3Dx8276_1763857184368%26_q%3D1763857184368&utm_campaign=rss_partner_inbound,Bitcoin,2025-11-23T00:22:45.496647+00:00,2025-11-21T13:59:55+00:00,2025-11-23T00:22:45.496647+00:00,0.6010831743478775,0.7826943397521973,0.18161116540431976,0.03569447621703148,positive,negative,neutral,0.7826943397521973,0.18161116540431976,0.03569447621703148,cointelegraph.com,"Realized losses on Bitcoin have risen to levels last seen during the FTX crash, with short-term holders driving the capitulation, according to Glassnode.",Bitcoin realized losses rise to FTX crash levels: Where is the bottom?,rss
692253d582c05455042c3ef5,https://cointelegraph.com/news/solana-xrp-etfs-defy-outflows?utm_source=rss_feed&utm_medium=rss%3Frand%3Dx8276_1763857184368%26_q%3D1763857184368&utm_campaign=rss_partner_inbound,Bitcoin,2025-11-23T00:22:46.357485+00:00,2025-11-21T13:16:26+00:00,2025-11-23T00:22:46.357485+00:00,0.9181709382683039,0.9422025084495544,0.024031570181250572,0.03376584127545357,positive,negative,neutral,0.9422025084495544,0.024031570181250572,0.03376584127545357,cointelegraph.com,"Solana and XRP ETFs continue to attract steady inflows with no outflow days since launch, even as Bitcoin and Ether products trend deep into redemptions.","ETF altseason? Solana, XRP funds buck crypto’s market sell-off",rss
692253d682c05455042c3ef6,https://cointelegraph.com/news/can-bitcoin-really-be-a-store-of-value-what-pension-funds-are-starting-to-discover?utm_source=rss_feed&utm_medium=rss%3Frand%3Dx8276_1763857184368%26_q%3D1763857184368&utm_campaign=rss_partner_inbound,Bitcoin,2025-11-23T00:22:47.224896+00:00,2025-11-21T13:09:33+00:00,2025-11-23T00:22:47.224896+00:00,0.09126069955527782,0.10952991247177124,0.018269212916493416,0.8722008466720581,positive,negative,neutral,0.10952991247177124,0.018269212916493416,0.8722008466720581,cointelegraph.com,"Discover why pension funds are reassessing Bitcoin as a potential store of value as they compare it with gold, inflation hedges and long-term portfolio needs.",Can Bitcoin really be a store of value? What pension funds are starting to discover,rss
6922544782c05455042c3f07,https://biztoc.com/x/729a16da5b2cab97,Bitcoin,2025-11-23T00:24:40.185949+00:00,2025-11-22T00:17:42+00:00,2025-11-23T08:26:38.639911+00:00,0.14828164037317038,0.1628779172897339,0.014596276916563511,0.8225257396697998,positive,negative,neutral,0.1628779172897339,0.014596276916563511,0.8225257396697998,biztoc.com,The Entire Business World on a Single Page with the Web's Most Comprehensive One-Stop Finance News Hub.,First-ever 3x levered bitcoin funds are launching in Europe amid crypto selloff,newsapi
6922544982c05455042c3f08,https://cointelegraph.com/news/bitcoiners-us-federal-reserve-rate-cut-odds-surge-december-btc-price,Bitcoin,2025-11-23T00:24:41.773824+00:00,2025-11-22T00:01:07+00:00,2025-11-23T08:26:40.210941+00:00,0.9191466923803091,0.9469860792160034,0.027839386835694313,0.025174617767333984,positive,negative,neutral,0.9469860792160034,0.027839386835694313,0.025174617767333984,cointelegraph.com,"On Friday, the odds of an interest rate cut at the December FOMC meeting nearly doubled to 71.5%, prompting Bitcoiners to anticipate a potentially positive impact on the asset’s price.",Bitcoiners perk up as odds of a December Fed rate cut almost double,newsapi
6922544f82c05455042c3f09,https://www.pymnts.com/blockchain/bitcoin/2025/house-bill-would-allow-bitcoin-payments-for-federal-taxes/,Bitcoin,2025-11-23T00:24:47.848093+00:00,2025-11-21T23:54:47+00:00,2025-11-23T08:26:41.491332+00:00,0.41716977395117283,0.43564438819885254,0.01847461424767971,0.5458809733390808,positive,negative,neutral,0.43564438819885254,0.01847461424767971,0.5458809733390808,www.pymnts.com,A bill introduced Thursday (Nov. 20) in the U.S. House would allow Americans to use Bitcoin to pay federal taxes.,House Bill Would Allow Bitcoin Payments for Federal Taxes,newsapi
692254a482c05455042c3f16,https://cryptonews.com/news/crypto-market-crashes-strategy-bitcoin-profit/,Bitcoin,2025-11-23T00:26:12.806903+00:00,2025-11-21T17:51:25+00:00,2025-11-23T12:58:13.357573+00:00,-0.9538241401314735,0.012787781655788422,0.966611921787262,0.020600365474820137,positive,negative,neutral,0.012787781655788422,0.966611921787262,0.020600365474820137,cryptonews.com,"The crypto market suffered a severe pullback this week, wiping nearly $100 billion from global capitalization in 24 hours and sending digital-asset treasury ...","Crypto Market Melts Down – Yet One DAT Is Still in Profit as BTC, ETH, and SOL Treasuries Diverge Sharply",newsapi
692254aa82c05455042c3f17,https://www.dlnews.com/articles/markets/why-bitcoin-price-may-cause-mayhem-across-the-crypto-industry/,Bitcoin,2025-11-23T00:26:19.412048+00:00,2025-11-21T17:44:13+00:00,2025-11-23T12:56:26.645919+00:00,-0.9523649839684367,0.009486732073128223,0.9618517160415649,0.028661536052823067,positive,negative,neutral,0.009486732073128223,0.9618517160415649,0.028661536052823067,www.dlnews.com,"Bitcoin fell below $82,000 on Friday. This risks unearthing systemic weaknesses in the industry. Molly White warns it may trigger a cascade of collapses.","Why Bitcoin price’s fall below $82,000 threatens to trigger ‘another crypto apocalypse’",newsapi
6922554882c05455042c3f37,https://ambcrypto.com/all-about-nears-14-downtick-and-whether-traders-should-expect-more-losses/,Ethereum,2025-11-23T00:28:56.506502+00:00,2025-11-22T00:00:50+00:00,2025-11-23T12:57:39.558038+00:00,-0.09162646532058716,0.3110158443450928,0.40264230966567993,0.2863418459892273,positive,negative,neutral,0.3110158443450928,0.40264230966567993,0.2863418459892273,ambcrypto.com,NEAR fell by 14% even as Intent volume hit $5B and active users surged to 17% of L1 share. Can strong on-chain demand trigger a price...,All about NEAR’s 14% downtick and whether traders should expect more losses,newsapi
6922554a82c05455042c3f38,https://www.nature.com/articles/s41598-025-29293-8,Ethereum,2025-11-23T00:28:58.421507+00:00,2025-11-22T00:00:00+00:00,2025-11-23T12:57:41.414316+00:00,0.34194455202668905,0.3521248698234558,0.010180317796766758,0.637694776058197,positive,negative,neutral,0.3521248698234558,0.010180317796766758,0.637694776058197,www.nature.com,"The mechanical torsion drive mode used in existing looms results in high energy consumption and low efficiency during the weft insertion process due to mechanical impact, making it unsuitable for the weaving requirements of high-speed and ultra-wide fabrics. Based on the “zero loss” concept of magnetic suspension, this article proposes a magnetic suspension non-contact coupling method for weft insertion. It introduces a new magnetic suspension gripper configuration and clamping drive device, increasing the weft insertion speed to 40.0&nbsp;m/s and reducing energy consumption to 7.2% of that of mechanical drives. The article explains the fundamental working principle of magnetic suspension weft insertion, establishes a dynamic model of projectile weft insertion, and conducts a systematic magneto-mechanical analysis. To enhance weft insertion performance and mitigate adverse effects caused",Study on working mechanism and control method of new magnetic suspension gripper,newsapi
6922556482c05455042c3f3e,https://www.coinspeaker.com/coinbase-acquires-vector-solana-dex-trading-expansion/,Solana,2025-11-23T00:29:24.932183+00:00,2025-11-21T18:01:29+00:00,2025-11-23T12:58:11.655059+00:00,0.9287671772763133,0.9373239874839783,0.008556810207664967,0.054119259119033813,positive,negative,neutral,0.9373239874839783,0.008556810207664967,0.054119259119033813,www.coinspeaker.com,Coinbase acquires Solana-based Vector platform to expand DEX trading capabilities amid $1T+ SOL DEX volumes year-to-date.,"Coinbase Acquires Solana Social Trading Platform, Vector",newsapi
692263c782c05455042c4142,https://cointelegraph.com/news/blackrock-bitcoin-clients-global-payment-case-digital-gold?utm_source=rss_feed&utm_medium=rss%3Fttl%3D0%26vfff%3D1763861410%26_%3D1763861410363%26r%3Dm75zzt&utm_campaign=rss_partner_inbound,Bitcoin,2025-11-23T01:30:47.522187+00:00,2025-11-23T01:06:43+00:00,2025-11-23T01:30:47.522187+00:00,-0.16613943874835968,0.175053671002388,0.3411931097507477,0.4837532341480255,positive,negative,neutral,0.175053671002388,0.3411931097507477,0.4837532341480255,cointelegraph.com,"BlackRock’s head of digital assets, Robbie Mitchnick, said in a podcast published on Friday that Bitcoin’s global payment network case is “out-of-the-money-option-value upside” for the firm’s clients.",BlackRock’s Bitcoin clients aren’t ‘underwriting’ the case for global payments,rss
692263c782c05455042c4143,https://cointelegraph.com/news/what-happened-in-crypto-today?utm_source=rss_feed&utm_medium=rss%3Fttl%3D0%26vfff%3D1763861410%26_%3D1763861410363%26r%3Dm75zzt&utm_campaign=rss_partner_inbound,Bitcoin,2025-11-23T01:30:48.317379+00:00,2025-11-22T22:31:21+00:00,2025-11-23T01:30:48.317379+00:00,0.20309381186962128,0.4096185564994812,0.20652474462985992,0.3838566839694977,positive,negative,neutral,0.4096185564994812,0.20652474462985992,0.3838566839694977,cointelegraph.com,"Today in crypto: Peter Schiff says OG's selling to weak hands will worsen future crashes, a Solo Bitcoin miner wins $266,000, the odds of a US Fed rate cut in December have surged.",Here’s what happened in crypto today,rss
692263c882c05455042c4144,https://cointelegraph.com/news/bitcoin-og-selling-weak-hand-deep-selloff-schiff?utm_source=rss_feed&utm_medium=rss%3Fttl%3D0%26vfff%3D1763861410%26_%3D1763861410363%26r%3Dm75zzt&utm_campaign=rss_partner_inbound,Bitcoin,2025-11-23T01:30:49.129949+00:00,2025-11-22T22:15:52+00:00,2025-11-23T01:30:49.129949+00:00,-0.9115657266229391,0.01747184433043003,0.9290375709533691,0.053490642458200455,positive,negative,neutral,0.01747184433043003,0.9290375709533691,0.053490642458200455,cointelegraph.com,Long-time Bitcoin critic and gold advocate Peter Schiff says Bitcoin rotating from long-term holders to new investors will make future crashes worse.,Bitcoin OG's selling to 'weak' hands will deepen selloffs: Peter Schiff,rss
692263ca82c05455042c4145,https://cointelegraph.com/news/spot-crypto-etfs-rebound-as-bitcoin-pulls-238m-and-ether-snaps-outflow-streak?utm_source=rss_feed&utm_medium=rss%3Fttl%3D0%26vfff%3D1763861410%26_%3D1763861410363%26r%3Dm75zzt&utm_campaign=rss_partner_inbound,Bitcoin,2025-11-23T01:30:50.783733+00:00,2025-11-22T12:46:32+00:00,2025-11-23T01:30:50.783733+00:00,0.7189920991659164,0.8413471579551697,0.12235505878925323,0.0362977497279644,positive,negative,neutral,0.8413471579551697,0.12235505878925323,0.0362977497279644,cointelegraph.com,"Spot Bitcoin ETFs saw $238 million in inflows on Friday after a major sell-off, while Ether funds snapped an eight-day outflow streak and Solana ETFs extended their inflow run to ten days.",Spot Bitcoin ETFs pull $238M as Ether funds snap 8-day outflow streak,rss
692263cb82c05455042c4146,https://cointelegraph.com/news/solo-bitcoin-miner-wins-266k-after-beating-million-to-one-odds?utm_source=rss_feed&utm_medium=rss%3Fttl%3D0%26vfff%3D1763861410%26_%3D1763861410363%26r%3Dm75zzt&utm_campaign=rss_partner_inbound,Bitcoin,2025-11-23T01:30:51.570571+00:00,2025-11-22T10:27:36+00:00,2025-11-23T01:30:51.570571+00:00,0.897397743538022,0.9169237613677979,0.01952601782977581,0.06355021893978119,positive,negative,neutral,0.9169237613677979,0.01952601782977581,0.06355021893978119,cointelegraph.com,"A hobbyist miner with just 1.2 TH/s beat million-to-one odds to earn 3.146 BTC, worth roughly $266,000, as solo mining wins continue to rise in 2025.",‘Extremely lucky’ solo Bitcoin miner beats massive odds to win $266K,rss
692263cc82c05455042c4147,https://cointelegraph.com/news/ark-invest-boosts-bullish-bitmine-circle-btc-etfs?utm_source=rss_feed&utm_medium=rss%3Fttl%3D0%26vfff%3D1763861410%26_%3D1763861410363%26r%3Dm75zzt&utm_campaign=rss_partner_inbound,Bitcoin,2025-11-23T01:30:53.077394+00:00,2025-11-22T07:31:35+00:00,2025-11-23T01:30:53.077394+00:00,0.8813210912048817,0.9133500456809998,0.03202895447611809,0.05462099239230156,positive,negative,neutral,0.9133500456809998,0.03202895447611809,0.05462099239230156,cointelegraph.com,"ARK Invest closed the week with fresh buys across Bullish, BitMine, Circle, Robinhood and Bitcoin ETFs, even as spot BTC ETFs posted nearly $1 billion in outflows.","ARK Invest wraps up week with Bitcoin ETF, Bullish, Circle, BitMine buys",rss
692263cd82c05455042c4148,https://cointelegraph.com/news/bitcoin-sovereign-adoption-upside-candle-catalyst-jeff-park?utm_source=rss_feed&utm_medium=rss%3Fttl%3D0%26vfff%3D1763861410%26_%3D1763861410363%26r%3Dm75zzt&utm_campaign=rss_partner_inbound,Bitcoin,2025-11-23T01:30:53.920025+00:00,2025-11-22T02:14:35+00:00,2025-11-23T01:30:53.920025+00:00,0.3316666018217802,0.3416951894760132,0.010028587654232979,0.6482762694358826,positive,negative,neutral,0.3416951894760132,0.010028587654232979,0.6482762694358826,cointelegraph.com,"ProCap’s Jeff Park said during a podcast interview published to YouTube on Thursday that sovereign adoption would be the catalyst that pushes Bitcoin to $150,000 overnight.",Sovereign Bitcoin adoption would be the ultimate upside catalyst: Jeff Park,rss
692263ce82c05455042c4149,https://cointelegraph.com/news/bitcoiners-us-federal-reserve-rate-cut-odds-surge-december-btc-price?utm_source=rss_feed&utm_medium=rss%3Fttl%3D0%26vfff%3D1763861410%26_%3D1763861410363%26r%3Dm75zzt&utm_campaign=rss_partner_inbound,Bitcoin,2025-11-23T01:30:54.732551+00:00,2025-11-22T00:01:07+00:00,2025-11-23T01:30:54.732551+00:00,0.9191466923803091,0.9469860792160034,0.027839386835694313,0.025174617767333984,positive,negative,neutral,0.9469860792160034,0.027839386835694313,0.025174617767333984,cointelegraph.com,"On Friday, the odds of an interest rate cut at the December FOMC meeting nearly doubled to 71.5%, prompting Bitcoiners to anticipate a potentially positive impact on the asset’s price.",Bitcoiners perk up as odds of a December Fed rate cut almost double,rss
692263cf82c05455042c414c,https://cointelegraph.com/news/rich-dad-poor-dad-robert-kiyosaki-sells-btc?utm_source=rss_feed&utm_medium=rss%3Fttl%3D0%26vfff%3D1763861410%26_%3D1763861410363%26r%3Dm75zzt&utm_campaign=rss_partner_inbound,Bitcoin,2025-11-23T01:30:55.554206+00:00,2025-11-21T22:01:51+00:00,2025-11-23T01:30:55.554206+00:00,0.033883729949593544,0.05309499427676201,0.019211264327168465,0.927693784236908,positive,negative,neutral,0.05309499427676201,0.019211264327168465,0.927693784236908,cointelegraph.com,"Robert Kiyosaki, investor and author of ""Rich Dad, Poor Dad,"" announced on Friday that he sold his BTC and will invest the profits in cash-flowing businesses.","‘Rich Dad, Poor Dad’ author and Bitcoin bull Robert Kiyosaki sells his BTC",rss
692263cf82c05455042c414d,https://cointelegraph.com/news/eth-futures-data-forecasts-bounce-to-dollar3-2k?utm_source=rss_feed&utm_medium=rss%3Fttl%3D0%26vfff%3D1763861410%26_%3D1763861410363%26r%3Dm75zzt&utm_campaign=rss_partner_inbound,Ethereum,2025-11-23T01:30:56.353386+00:00,2025-11-21T22:00:00+00:00,2025-11-23T01:30:56.353386+00:00,-0.9111920222640038,0.035483457148075104,0.9466754794120789,0.017841121181845665,positive,negative,neutral,0.035483457148075104,0.9466754794120789,0.017841121181845665,cointelegraph.com,"ETH derivatives positioning shows pro traders adding long exposure, despite the ongoing weakness and 4-month low in Ether price.","ETH price drops to 4-month low, but Ether futures data hints at $3.2K bounce",rss
692263d182c05455042c414e,https://cointelegraph.com/news/coinbase-solana-dex-vector?utm_source=rss_feed&utm_medium=rss%3Fttl%3D0%26vfff%3D1763861410%26_%3D1763861410363%26r%3Dm75zzt&utm_campaign=rss_partner_inbound,Solana,2025-11-23T01:30:57.668821+00:00,2025-11-21T20:24:40+00:00,2025-11-23T01:30:57.668821+00:00,0.559338266029954,0.5849997997283936,0.025661533698439598,0.3893387019634247,positive,negative,neutral,0.5849997997283936,0.025661533698439598,0.3893387019634247,cointelegraph.com,"Following other significant purchases in 2025, Coinbase said the acquisition of Vector was part of its strategy to become an  “everything exchange.”",Coinbase ’doubles down’ on Solana with latest DEX acquisition,rss
692263d282c05455042c414f,https://cointelegraph.com/news/btc-etf-outflows-rebalancing-not-institutional-flight?utm_source=rss_feed&utm_medium=rss%3Fttl%3D0%26vfff%3D1763861410%26_%3D1763861410363%26r%3Dm75zzt&utm_campaign=rss_partner_inbound,Bitcoin,2025-11-23T01:30:58.444039+00:00,2025-11-21T20:05:26+00:00,2025-11-23T01:30:58.444039+00:00,-0.9183297920972109,0.022298498079180717,0.9406282901763916,0.03707320988178253,positive,negative,neutral,0.022298498079180717,0.9406282901763916,0.03707320988178253,cointelegraph.com,The record outflows from Bitcoin exchange-traded funds (ETFs) in November reflect a short-term downtrend and not a long-term decline or shift in demand.,"BTC ETF outflows are 'tactical rebalancing,' not institutional flight: Analysts",rss
692263d282c05455042c4150,https://cointelegraph.com/news/bitcoin-s-death-cross-confirmation-signals-start-of-btc-bear-market?utm_source=rss_feed&utm_medium=rss%3Fttl%3D0%26vfff%3D1763861410%26_%3D1763861410363%26r%3Dm75zzt&utm_campaign=rss_partner_inbound,Bitcoin,2025-11-23T01:30:59.296706+00:00,2025-11-21T19:49:25+00:00,2025-11-23T01:30:59.296706+00:00,-0.7485342472791672,0.04667963087558746,0.7952138781547546,0.15810655057430267,positive,negative,neutral,0.04667963087558746,0.7952138781547546,0.15810655057430267,cointelegraph.com,"Bitcoin’s death cross is complete, suggesting that the market may be at the start of a bear market if other BTC price metrics also indicate a bearish confluence.",Bitcoin’s death cross confirmation may mean BTC is officially in a bear market,rss
692263d482c05455042c4151,https://cointelegraph.com/news/bitcoin-rout-crypto-treasuries-reckoning-finance-redefined?utm_source=rss_feed&utm_medium=rss%3Fttl%3D0%26vfff%3D1763861410%26_%3D1763861410363%26r%3Dm75zzt&utm_campaign=rss_partner_inbound,Bitcoin,2025-11-23T01:31:00.703138+00:00,2025-11-21T19:00:00+00:00,2025-11-23T01:31:00.703138+00:00,-0.9563699029386044,0.013869140297174454,0.9702390432357788,0.015891890972852707,positive,negative,neutral,0.013869140297174454,0.9702390432357788,0.015891890972852707,cointelegraph.com,"Bitmine’s $3.7 billion paper loss and falling NAV are raising concerns for crypto treasury firms, making it difficult for DATs to raise new capital for digital asset acquisitions.",Bitcoin rout continues as crypto treasuries face reckoning: Finance Redefined,rss
692263d482c05455042c4152,https://cointelegraph.com/news/bitcoin-s-fastest-bear-market-hides-potentially-positive-year-end-outcome-for-btc?utm_source=rss_feed&utm_medium=rss%3Fttl%3D0%26vfff%3D1763861410%26_%3D1763861410363%26r%3Dm75zzt&utm_campaign=rss_partner_inbound,Bitcoin,2025-11-23T01:31:01.325541+00:00,2025-11-21T18:55:37+00:00,2025-11-23T01:31:01.324542+00:00,-0.6199595332145691,0.17867857217788696,0.798638105392456,0.022683238610625267,positive,negative,neutral,0.17867857217788696,0.798638105392456,0.022683238610625267,cointelegraph.com,"BTC’s steepest drawdown since 2022 triggered $1 billion in liquidations, but a rare macroeconomic liquidity signal now hints at a four-to-six week bullish reversal window.",Bitcoin’s ‘fastest bear market’ hides potentially positive year-end outcome for BTC,rss
692263d582c05455042c4153,https://cointelegraph.com/news/price-predictions-11-21-btc-eth-xrp-bnb-sol-doge-ada-hype-zec-bch?utm_source=rss_feed&utm_medium=rss%3Fttl%3D0%26vfff%3D1763861410%26_%3D1763861410363%26r%3Dm75zzt&utm_campaign=rss_partner_inbound,Bitcoin,2025-11-23T01:31:02.164797+00:00,2025-11-21T18:04:55+00:00,2025-11-23T01:31:02.164797+00:00,-0.9540400896221399,0.011584421619772911,0.9656245112419128,0.02279096655547619,positive,negative,neutral,0.011584421619772911,0.9656245112419128,0.02279096655547619,cointelegraph.com,"Bitcoin’s weakness has accelerated selling in several major altcoins, causing them to fall below their support levels. Is the worst of the selling over?","Price predictions 11/21: BTC, ETH, XRP, BNB, SOL, DOGE, ADA, HYPE, ZEC, BCH",rss
692263d782c05455042c4154,https://cointelegraph.com/news/bitmine-2026-eth-staking-market-meltdown?utm_source=rss_feed&utm_medium=rss%3Fttl%3D0%26vfff%3D1763861410%26_%3D1763861410363%26r%3Dm75zzt&utm_campaign=rss_partner_inbound,Ethereum,2025-11-23T01:31:04.317284+00:00,2025-11-21T17:40:56+00:00,2025-11-23T01:31:04.317284+00:00,0.8015463529154658,0.8137311339378357,0.012184781022369862,0.17408408224582672,positive,negative,neutral,0.8137311339378357,0.012184781022369862,0.17408408224582672,cointelegraph.com,"Crypto treasury company BitMine announced plans to develop infrastructure to stake its ETH holdings and generate revenue, targeting a Q1 2026 launch.",BitMine announces 2026 ETH staking plans as market melts down,rss
692263d982c05455042c4155,https://cointelegraph.com/news/crypto-biz-is-this-bear-market-spoiler-no?utm_source=rss_feed&utm_medium=rss%3Fttl%3D0%26vfff%3D1763861410%26_%3D1763861410363%26r%3Dm75zzt&utm_campaign=rss_partner_inbound,Bitcoin,2025-11-23T01:31:05.791565+00:00,2025-11-21T16:13:08+00:00,2025-11-23T01:31:05.791565+00:00,0.07274991646409035,0.11252664774656296,0.03977673128247261,0.8476966023445129,positive,negative,neutral,0.11252664774656296,0.03977673128247261,0.8476966023445129,cointelegraph.com,"As Bitcoin tumbles below $90,000, Republic bets $100 million on Ether, Strategy buys 8,178 BTC, Tether pushes into trade finance and Kraken files for an IPO.",Crypto Biz: Is this what a bear market looks like? (Spoiler: No),rss
692263da82c05455042c4156,https://cointelegraph.com/news/bitcoin-asic-producer-bitmain-faces-us-probe-over-national-security-risks-bloomberg?utm_source=rss_feed&utm_medium=rss%3Fttl%3D0%26vfff%3D1763861410%26_%3D1763861410363%26r%3Dm75zzt&utm_campaign=rss_partner_inbound,Bitcoin,2025-11-23T01:31:06.605968+00:00,2025-11-21T14:55:46+00:00,2025-11-23T01:31:06.605968+00:00,-0.45457470417022705,0.11689788103103638,0.5714725852012634,0.3116295337677002,positive,negative,neutral,0.11689788103103638,0.5714725852012634,0.3116295337677002,cointelegraph.com,"US authorities have reportedly launched an investigation into Bitmain, examining whether the Chinese ASIC manufacturer’s equipment contains remote-control features that could pose security risks.",Bitcoin ASIC producer Bitmain under US investigation over national security risks: Report,rss
692263da82c05455042c4157,https://cointelegraph.com/news/bitcoin-yen-canada-stablecoin-global-express?utm_source=rss_feed&utm_medium=rss%3Fttl%3D0%26vfff%3D1763861410%26_%3D1763861410363%26r%3Dm75zzt&utm_campaign=rss_partner_inbound,Bitcoin,2025-11-23T01:31:07.385685+00:00,2025-11-21T14:50:28+00:00,2025-11-23T01:31:07.385685+00:00,0.8568032197654247,0.897422194480896,0.04061897471547127,0.06195884197950363,positive,negative,neutral,0.897422194480896,0.04061897471547127,0.06195884197950363,cointelegraph.com,"Japan’s stimulus package has rocked markets and Bitcoin. Meanwhile, Canada’s 2025 budget has been approved, bringing clearer guidelines for stablecoin issuers.","Bitcoin drops as yen falls, Canada approves stablecoin rules: Global Express",rss
692263dc82c05455042c4158,https://cointelegraph.com/news/bitcoin-realized-losses-reach-ftx-crash-levels?utm_source=rss_feed&utm_medium=rss%3Fttl%3D0%26vfff%3D1763861410%26_%3D1763861410363%26r%3Dm75zzt&utm_campaign=rss_partner_inbound,Bitcoin,2025-11-23T01:31:08.799624+00:00,2025-11-21T13:59:55+00:00,2025-11-23T01:31:08.799624+00:00,0.6010831743478775,0.7826943397521973,0.18161116540431976,0.03569447621703148,positive,negative,neutral,0.7826943397521973,0.18161116540431976,0.03569447621703148,cointelegraph.com,"Realized losses on Bitcoin have risen to levels last seen during the FTX crash, with short-term holders driving the capitulation, according to Glassnode.",Bitcoin realized losses rise to FTX crash levels: Where is the bottom?,rss
692263dd82c05455042c4159,https://cointelegraph.com/news/solana-xrp-etfs-defy-outflows?utm_source=rss_feed&utm_medium=rss%3Fttl%3D0%26vfff%3D1763861410%26_%3D1763861410363%26r%3Dm75zzt&utm_campaign=rss_partner_inbound,Bitcoin,2025-11-23T01:31:09.583192+00:00,2025-11-21T13:16:26+00:00,2025-11-23T01:31:09.583192+00:00,0.9181709382683039,0.9422025084495544,0.024031570181250572,0.03376584127545357,positive,negative,neutral,0.9422025084495544,0.024031570181250572,0.03376584127545357,cointelegraph.com,"Solana and XRP ETFs continue to attract steady inflows with no outflow days since launch, even as Bitcoin and Ether products trend deep into redemptions.","ETF altseason? Solana, XRP funds buck crypto’s market sell-off",rss
692263dd82c05455042c415c,https://cointelegraph.com/news/can-bitcoin-really-be-a-store-of-value-what-pension-funds-are-starting-to-discover?utm_source=rss_feed&utm_medium=rss%3Fttl%3D0%26vfff%3D1763861410%26_%3D1763861410363%26r%3Dm75zzt&utm_campaign=rss_partner_inbound,Bitcoin,2025-11-23T01:31:10.343693+00:00,2025-11-21T13:09:33+00:00,2025-11-23T01:31:10.343693+00:00,0.09126069955527782,0.10952991247177124,0.018269212916493416,0.8722008466720581,positive,negative,neutral,0.10952991247177124,0.018269212916493416,0.8722008466720581,cointelegraph.com,"Discover why pension funds are reassessing Bitcoin as a potential store of value as they compare it with gold, inflation hedges and long-term portfolio needs.",Can Bitcoin really be a store of value? What pension funds are starting to discover,rss
6922643382c05455042c4167,https://ambcrypto.com/chaos-is-coming-for-bitcoin-in-the-next-few-months-claims-ceo/,Bitcoin,2025-11-23T01:32:35.488829+00:00,2025-11-22T01:00:35+00:00,2025-11-23T10:34:35.136846+00:00,-0.9074757751077414,0.021563703194260597,0.929039478302002,0.04939680173993111,positive,negative,neutral,0.021563703194260597,0.929039478302002,0.04939680173993111,ambcrypto.com,"Bitcoin mining has entered a worrying phase, raising fresh concerns across the crypto market. This means that what's happening right...","‘Chaos is coming for Bitcoin in the next few months,’ claims CEO",newsapi
6922647682c05455042c4172,https://finance.yahoo.com/news/jim-cramer-asserts-again-strategy-192059515.html,Bitcoin,2025-11-23T01:33:43.322780+00:00,2025-11-21T19:20:59+00:00,2025-11-23T06:09:07.745724+00:00,-0.9612706284970045,0.0095635075122118,0.9708341360092163,0.019602317363023758,positive,negative,neutral,0.0095635075122118,0.9708341360092163,0.019602317363023758,finance.yahoo.com,"We recently published 13 Stocks That Crossed Jim Cramer’s Radar. Strategy Incorporated (NASDAQ:MSTR) is one of the stocks Jim Cramer discussed. Strategy Incorporated (NASDAQ:MSTR) has popped up on Cramer’s radar as Bitcoin struggles in a market driven by risk-off sentiment. Mid-November has seen Bitcoin price drop not only below the $100,000 level but also below […]",Jim Cramer Asserts Again That Strategy (MSTR)’s CEO is Like Houdini,newsapi
6922648282c05455042c4173,https://www.usatoday.com/story/money/markets/2025/11/21/bitcoin-crypto-market-news/87395390007/,Bitcoin,2025-11-23T01:33:54.646427+00:00,2025-11-21T18:53:58+00:00,2025-11-23T05:00:12.715202+00:00,-0.9414346693083644,0.009806287474930286,0.9512409567832947,0.03895268589258194,positive,negative,neutral,0.009806287474930286,0.9512409567832947,0.03895268589258194,www.usatoday.com,"Bitcoin and other crypto have dropped more than 30%, putting them firmly into bear markets. What's happening and what it means for investors.","Why crypto's having a terrible, horrible, no good, very bad month",newsapi
6922648682c05455042c4176,https://consent.yahoo.com/v2/collectConsent?sessionId=1_cc-session_1cf35e1d-0e2f-4304-9ea3-f54a68ae4129,Bitcoin,2025-11-23T01:33:59.298548+00:00,2025-11-21T18:31:16+00:00,2025-11-23T05:00:16.134970+00:00,-0.6057398431003094,0.06014840677380562,0.665888249874115,0.2739633321762085,positive,negative,neutral,0.06014840677380562,0.665888249874115,0.2739633321762085,consent.yahoo.com,,"Standard Chartered Declares Bitcoin Sell-Off Over, Eyes Year-End Rally",newsapi
6922648882c05455042c4177,https://www.thestreet.com/crypto/trading/jim-cramer-indirectly-mocks-cathie-woods-1m-bitcoin-prediction,Bitcoin,2025-11-23T01:34:00.938540+00:00,2025-11-21T18:30:00+00:00,2025-11-23T05:00:17.887096+00:00,-0.9051240673288703,0.015039444901049137,0.9201635122299194,0.06479702889919281,positive,negative,neutral,0.015039444901049137,0.9201635122299194,0.06479702889919281,www.thestreet.com,CNBC TV host Jim Cramer has taken an indirect jab at Ark Invest founder Cathie Wood as Bitcoin’s (BTC) brutal November downturn shows no signs of easing. At ...,Jim Cramer seemingly mocks Cathie Wood's $1M Bitcoin prediction,newsapi
6922648e82c05455042c4178,https://www.coinspeaker.com/arkham-exchange-moonpay-fiat-crypto-integration/,Ethereum,2025-11-23T01:34:06.574292+00:00,2025-11-21T18:13:32+00:00,2025-11-23T05:00:21.923425+00:00,0.3247994985431433,0.3330652117729187,0.008265713229775429,0.658669114112854,positive,negative,neutral,0.3330652117729187,0.008265713229775429,0.658669114112854,www.coinspeaker.com,Arkham Exchange partners with MoonPay to integrate fiat-to-crypto on/offramps for simplified funding methods.,Arkham Exchange Partners with MoonPay to Simplify Crypto Trading Access,newsapi
6922649082c05455042c4179,https://www.thestreet.com/crypto/markets/michael-saylor-responds-to-jpmorgans-msci-delisting-warning,Bitcoin,2025-11-23T01:34:09.257551+00:00,2025-11-21T18:05:49+00:00,2025-11-23T03:51:17.524381+00:00,0.370477594435215,0.43771833181381226,0.06724073737859726,0.49504098296165466,positive,negative,neutral,0.43771833181381226,0.06724073737859726,0.49504098296165466,www.thestreet.com,"Michael Saylor, the billionaire founder and executive chairman of Strategy (Nasdaq: MSTR), the world's largest Bitcoin (BTC) treasury company, has responded ...",Michael Saylor responds to JPMorgan’s MSCI delisting warning,newsapi
692264b482c05455042c4180,https://bitcoinist.com/ethereum-whale-strikes-again-65562-eth-added/,Ethereum,2025-11-23T01:34:45.408638+00:00,2025-11-22T01:00:39+00:00,2025-11-23T12:55:43.694113+00:00,-0.04222935438156128,0.45670285820961,0.49893221259117126,0.04436492174863815,positive,negative,neutral,0.45670285820961,0.49893221259117126,0.04436492174863815,bitcoinist.com,"Ethereum hits $2,660 amid deep fear. The massive ETH whale “66kETHBorrow” doubled down, signaling a high-conviction bet on a market rebound","Ethereum Whale Strikes Again: 65,562 ETH Added, Pushing Holdings To 440,558 ETH ($1.23B)",newsapi
692264b682c05455042c4181,https://biztoc.com/x/af821db031856759,Ethereum,2025-11-23T01:34:46.752681+00:00,2025-11-22T00:45:01+00:00,2025-11-23T12:55:44.701722+00:00,-0.02186696231365204,0.022255882620811462,0.0441228449344635,0.9336212873458862,positive,negative,neutral,0.022255882620811462,0.0441228449344635,0.9336212873458862,biztoc.com,The final trades of the day with the 'Fast Money' traders.,"Final Trade: WMS, AMZN, META, ETH",newsapi
692264f182c05455042c418a,https://consent.yahoo.com/v2/collectConsent?sessionId=1_cc-session_e0c9c36c-7fb9-4e96-86c3-5ebf656bcd24,Ethereum,2025-11-23T01:35:45.917155+00:00,2025-11-21T14:21:27+00:00,2025-11-23T12:56:55.551859+00:00,-0.2855483964085579,0.03186868876218796,0.31741708517074585,0.6507142186164856,positive,negative,neutral,0.03186868876218796,0.31741708517074585,0.6507142186164856,consent.yahoo.com,,Ethereum Price Prediction After $3K Lost: What Happens to ETH DATs Now Paper Gains Are Gone?,newsapi
6922652682c05455042c4195,http://www.newsbtc.com/news/solana/solanas-next-major-wave/,Solana,2025-11-23T01:36:38.680694+00:00,2025-11-22T01:00:42+00:00,2025-11-23T12:57:38.941477+00:00,0.8705216012895107,0.882461428642273,0.011939827352762222,0.10559870302677155,positive,negative,neutral,0.882461428642273,0.011939827352762222,0.10559870302677155,www.newsbtc.com,"According to a recent update by More Crypto Online, Solana still maintains the chance to begin a larger upward move in this current cycle.",Solana’s Next Major Wave Depends On How The Price Behaves Inside This Support,newsapi
692273a082c05455042c43a6,https://cointelegraph.com/news/blackrock-bitcoin-clients-global-payment-case-digital-gold?utm_source=rss_feed&utm_medium=rss%3F__%3D1763865341615%26sid%3D098d01ca73acffd9%26timestamp%3D1763865341615&utm_campaign=rss_partner_inbound,Bitcoin,2025-11-23T02:38:24.803210+00:00,2025-11-23T01:06:43+00:00,2025-11-23T02:38:24.803210+00:00,-0.16613943874835968,0.175053671002388,0.3411931097507477,0.4837532341480255,positive,negative,neutral,0.175053671002388,0.3411931097507477,0.4837532341480255,cointelegraph.com,"BlackRock’s head of digital assets, Robbie Mitchnick, said in a podcast published on Friday that Bitcoin’s global payment network case is “out-of-the-money-option-value upside” for the firm’s clients.",BlackRock’s Bitcoin clients aren’t ‘underwriting’ the case for global payments,rss
692273a182c05455042c43a7,https://cointelegraph.com/news/what-happened-in-crypto-today?utm_source=rss_feed&utm_medium=rss%3F__%3D1763865341615%26sid%3D098d01ca73acffd9%26timestamp%3D1763865341615&utm_campaign=rss_partner_inbound,Bitcoin,2025-11-23T02:38:25.648412+00:00,2025-11-22T22:31:21+00:00,2025-11-23T02:38:25.648412+00:00,-0.20459673553705215,0.09190105646848679,0.29649779200553894,0.6116011738777161,positive,negative,neutral,0.09190105646848679,0.29649779200553894,0.6116011738777161,cointelegraph.com,"Today in crypto: BlackRock's clients are not factoring Bitcoin as a payment network, Peter Schiff says OG's selling to weak hands will worsen future crashes, a Solo Bitcoin miner wins $266,000.",Here’s what happened in crypto today,rss
692273a282c05455042c43a8,https://cointelegraph.com/news/bitcoin-og-selling-weak-hand-deep-selloff-schiff?utm_source=rss_feed&utm_medium=rss%3F__%3D1763865341615%26sid%3D098d01ca73acffd9%26timestamp%3D1763865341615&utm_campaign=rss_partner_inbound,Bitcoin,2025-11-23T02:38:26.504259+00:00,2025-11-22T22:15:52+00:00,2025-11-23T02:38:26.504259+00:00,-0.9115657266229391,0.01747184433043003,0.9290375709533691,0.053490642458200455,positive,negative,neutral,0.01747184433043003,0.9290375709533691,0.053490642458200455,cointelegraph.com,Long-time Bitcoin critic and gold advocate Peter Schiff says Bitcoin rotating from long-term holders to new investors will make future crashes worse.,Bitcoin OG's selling to 'weak' hands will deepen selloffs: Peter Schiff,rss
692273a482c05455042c43ab,https://cointelegraph.com/news/spot-crypto-etfs-rebound-as-bitcoin-pulls-238m-and-ether-snaps-outflow-streak?utm_source=rss_feed&utm_medium=rss%3F__%3D1763865341615%26sid%3D098d01ca73acffd9%26timestamp%3D1763865341615&utm_campaign=rss_partner_inbound,Bitcoin,2025-11-23T02:38:28.788798+00:00,2025-11-22T12:46:32+00:00,2025-11-23T02:38:28.788798+00:00,0.7189920991659164,0.8413471579551697,0.12235505878925323,0.0362977497279644,positive,negative,neutral,0.8413471579551697,0.12235505878925323,0.0362977497279644,cointelegraph.com,"Spot Bitcoin ETFs saw $238 million in inflows on Friday after a major sell-off, while Ether funds snapped an eight-day outflow streak and Solana ETFs extended their inflow run to ten days.",Spot Bitcoin ETFs pull $238M as Ether funds snap 8-day outflow streak,rss
692273a582c05455042c43ac,https://cointelegraph.com/news/solo-bitcoin-miner-wins-266k-after-beating-million-to-one-odds?utm_source=rss_feed&utm_medium=rss%3F__%3D1763865341615%26sid%3D098d01ca73acffd9%26timestamp%3D1763865341615&utm_campaign=rss_partner_inbound,Bitcoin,2025-11-23T02:38:29.597390+00:00,2025-11-22T10:27:36+00:00,2025-11-23T02:38:29.597390+00:00,0.897397743538022,0.9169237613677979,0.01952601782977581,0.06355021893978119,positive,negative,neutral,0.9169237613677979,0.01952601782977581,0.06355021893978119,cointelegraph.com,"A hobbyist miner with just 1.2 TH/s beat million-to-one odds to earn 3.146 BTC, worth roughly $266,000, as solo mining wins continue to rise in 2025.",‘Extremely lucky’ solo Bitcoin miner beats massive odds to win $266K,rss
692273a582c05455042c43ad,https://cointelegraph.com/news/ark-invest-boosts-bullish-bitmine-circle-btc-etfs?utm_source=rss_feed&utm_medium=rss%3F__%3D1763865341615%26sid%3D098d01ca73acffd9%26timestamp%3D1763865341615&utm_campaign=rss_partner_inbound,Bitcoin,2025-11-23T02:38:30.252505+00:00,2025-11-22T07:31:35+00:00,2025-11-23T02:38:30.252505+00:00,0.8813210912048817,0.9133500456809998,0.03202895447611809,0.05462099239230156,positive,negative,neutral,0.9133500456809998,0.03202895447611809,0.05462099239230156,cointelegraph.com,"ARK Invest closed the week with fresh buys across Bullish, BitMine, Circle, Robinhood and Bitcoin ETFs, even as spot BTC ETFs posted nearly $1 billion in outflows.","ARK Invest wraps up week with Bitcoin ETF, Bullish, Circle, BitMine buys",rss
692273a682c05455042c43ae,https://cointelegraph.com/news/bitcoin-sovereign-adoption-upside-candle-catalyst-jeff-park?utm_source=rss_feed&utm_medium=rss%3F__%3D1763865341615%26sid%3D098d01ca73acffd9%26timestamp%3D1763865341615&utm_campaign=rss_partner_inbound,Bitcoin,2025-11-23T02:38:31.125227+00:00,2025-11-22T02:14:35+00:00,2025-11-23T02:38:31.125227+00:00,0.3316666018217802,0.3416951894760132,0.010028587654232979,0.6482762694358826,positive,negative,neutral,0.3416951894760132,0.010028587654232979,0.6482762694358826,cointelegraph.com,"ProCap’s Jeff Park said during a podcast interview published to YouTube on Thursday that sovereign adoption would be the catalyst that pushes Bitcoin to $150,000 overnight.",Sovereign Bitcoin adoption would be the ultimate upside catalyst: Jeff Park,rss
692273a782c05455042c43af,https://cointelegraph.com/news/bitcoiners-us-federal-reserve-rate-cut-odds-surge-december-btc-price?utm_source=rss_feed&utm_medium=rss%3F__%3D1763865341615%26sid%3D098d01ca73acffd9%26timestamp%3D1763865341615&utm_campaign=rss_partner_inbound,Bitcoin,2025-11-23T02:38:31.885663+00:00,2025-11-22T00:01:07+00:00,2025-11-23T02:38:31.885663+00:00,0.9191466923803091,0.9469860792160034,0.027839386835694313,0.025174617767333984,positive,negative,neutral,0.9469860792160034,0.027839386835694313,0.025174617767333984,cointelegraph.com,"On Friday, the odds of an interest rate cut at the December FOMC meeting nearly doubled to 71.5%, prompting Bitcoiners to anticipate a potentially positive impact on the asset’s price.",Bitcoiners perk up as odds of a December Fed rate cut almost double,rss
692273a882c05455042c43b0,https://cointelegraph.com/news/rich-dad-poor-dad-robert-kiyosaki-sells-btc?utm_source=rss_feed&utm_medium=rss%3F__%3D1763865341615%26sid%3D098d01ca73acffd9%26timestamp%3D1763865341615&utm_campaign=rss_partner_inbound,Bitcoin,2025-11-23T02:38:32.668976+00:00,2025-11-21T22:01:51+00:00,2025-11-23T02:38:32.668976+00:00,0.033883729949593544,0.05309499427676201,0.019211264327168465,0.927693784236908,positive,negative,neutral,0.05309499427676201,0.019211264327168465,0.927693784236908,cointelegraph.com,"Robert Kiyosaki, investor and author of ""Rich Dad, Poor Dad,"" announced on Friday that he sold his BTC and will invest the profits in cash-flowing businesses.","‘Rich Dad, Poor Dad’ author and Bitcoin bull Robert Kiyosaki sells his BTC",rss
692273a982c05455042c43b1,https://cointelegraph.com/news/eth-futures-data-forecasts-bounce-to-dollar3-2k?utm_source=rss_feed&utm_medium=rss%3F__%3D1763865341615%26sid%3D098d01ca73acffd9%26timestamp%3D1763865341615&utm_campaign=rss_partner_inbound,Ethereum,2025-11-23T02:38:33.514075+00:00,2025-11-21T22:00:00+00:00,2025-11-23T02:38:33.514075+00:00,-0.9111920222640038,0.035483457148075104,0.9466754794120789,0.017841121181845665,positive,negative,neutral,0.035483457148075104,0.9466754794120789,0.017841121181845665,cointelegraph.com,"ETH derivatives positioning shows pro traders adding long exposure, despite the ongoing weakness and 4-month low in Ether price.","ETH price drops to 4-month low, but Ether futures data hints at $3.2K bounce",rss
692273ab82c05455042c43b2,https://cointelegraph.com/news/coinbase-solana-dex-vector?utm_source=rss_feed&utm_medium=rss%3F__%3D1763865341615%26sid%3D098d01ca73acffd9%26timestamp%3D1763865341615&utm_campaign=rss_partner_inbound,Solana,2025-11-23T02:38:35.614954+00:00,2025-11-21T20:24:40+00:00,2025-11-23T02:38:35.614954+00:00,0.559338266029954,0.5849997997283936,0.025661533698439598,0.3893387019634247,positive,negative,neutral,0.5849997997283936,0.025661533698439598,0.3893387019634247,cointelegraph.com,"Following other significant purchases in 2025, Coinbase said the acquisition of Vector was part of its strategy to become an  “everything exchange.”",Coinbase ’doubles down’ on Solana with latest DEX acquisition,rss
692273ac82c05455042c43b3,https://cointelegraph.com/news/btc-etf-outflows-rebalancing-not-institutional-flight?utm_source=rss_feed&utm_medium=rss%3F__%3D1763865341615%26sid%3D098d01ca73acffd9%26timestamp%3D1763865341615&utm_campaign=rss_partner_inbound,Bitcoin,2025-11-23T02:38:36.500137+00:00,2025-11-21T20:05:26+00:00,2025-11-23T02:38:36.500137+00:00,-0.9183297920972109,0.022298498079180717,0.9406282901763916,0.03707320988178253,positive,negative,neutral,0.022298498079180717,0.9406282901763916,0.03707320988178253,cointelegraph.com,The record outflows from Bitcoin exchange-traded funds (ETFs) in November reflect a short-term downtrend and not a long-term decline or shift in demand.,"BTC ETF outflows are 'tactical rebalancing,' not institutional flight: Analysts",rss
692273ac82c05455042c43b4,https://cointelegraph.com/news/bitcoin-s-death-cross-confirmation-signals-start-of-btc-bear-market?utm_source=rss_feed&utm_medium=rss%3F__%3D1763865341615%26sid%3D098d01ca73acffd9%26timestamp%3D1763865341615&utm_campaign=rss_partner_inbound,Bitcoin,2025-11-23T02:38:37.332968+00:00,2025-11-21T19:49:25+00:00,2025-11-23T02:38:37.332968+00:00,-0.7485342472791672,0.04667963087558746,0.7952138781547546,0.15810655057430267,positive,negative,neutral,0.04667963087558746,0.7952138781547546,0.15810655057430267,cointelegraph.com,"Bitcoin’s death cross is complete, suggesting that the market may be at the start of a bear market if other BTC price metrics also indicate a bearish confluence.",Bitcoin’s death cross confirmation may mean BTC is officially in a bear market,rss
692273ae82c05455042c43b5,https://cointelegraph.com/news/bitcoin-rout-crypto-treasuries-reckoning-finance-redefined?utm_source=rss_feed&utm_medium=rss%3F__%3D1763865341615%26sid%3D098d01ca73acffd9%26timestamp%3D1763865341615&utm_campaign=rss_partner_inbound,Bitcoin,2025-11-23T02:38:38.699444+00:00,2025-11-21T19:00:00+00:00,2025-11-23T02:38:38.699444+00:00,-0.9563699029386044,0.013869140297174454,0.9702390432357788,0.015891890972852707,positive,negative,neutral,0.013869140297174454,0.9702390432357788,0.015891890972852707,cointelegraph.com,"Bitmine’s $3.7 billion paper loss and falling NAV are raising concerns for crypto treasury firms, making it difficult for DATs to raise new capital for digital asset acquisitions.",Bitcoin rout continues as crypto treasuries face reckoning: Finance Redefined,rss
692273ae82c05455042c43b6,https://cointelegraph.com/news/bitcoin-s-fastest-bear-market-hides-potentially-positive-year-end-outcome-for-btc?utm_source=rss_feed&utm_medium=rss%3F__%3D1763865341615%26sid%3D098d01ca73acffd9%26timestamp%3D1763865341615&utm_campaign=rss_partner_inbound,Bitcoin,2025-11-23T02:38:39.364563+00:00,2025-11-21T18:55:37+00:00,2025-11-23T02:38:39.364563+00:00,-0.6199595332145691,0.17867857217788696,0.798638105392456,0.022683238610625267,positive,negative,neutral,0.17867857217788696,0.798638105392456,0.022683238610625267,cointelegraph.com,"BTC’s steepest drawdown since 2022 triggered $1 billion in liquidations, but a rare macroeconomic liquidity signal now hints at a four-to-six week bullish reversal window.",Bitcoin’s ‘fastest bear market’ hides potentially positive year-end outcome for BTC,rss
692273b082c05455042c43b7,https://cointelegraph.com/news/price-predictions-11-21-btc-eth-xrp-bnb-sol-doge-ada-hype-zec-bch?utm_source=rss_feed&utm_medium=rss%3F__%3D1763865341615%26sid%3D098d01ca73acffd9%26timestamp%3D1763865341615&utm_campaign=rss_partner_inbound,Bitcoin,2025-11-23T02:38:40.938046+00:00,2025-11-21T18:04:55+00:00,2025-11-23T02:38:40.938046+00:00,-0.9540400896221399,0.011584421619772911,0.9656245112419128,0.02279096655547619,positive,negative,neutral,0.011584421619772911,0.9656245112419128,0.02279096655547619,cointelegraph.com,"Bitcoin’s weakness has accelerated selling in several major altcoins, causing them to fall below their support levels. Is the worst of the selling over?","Price predictions 11/21: BTC, ETH, XRP, BNB, SOL, DOGE, ADA, HYPE, ZEC, BCH",rss
692273b182c05455042c43b8,https://cointelegraph.com/news/bitmine-2026-eth-staking-market-meltdown?utm_source=rss_feed&utm_medium=rss%3F__%3D1763865341615%26sid%3D098d01ca73acffd9%26timestamp%3D1763865341615&utm_campaign=rss_partner_inbound,Ethereum,2025-11-23T02:38:42.413938+00:00,2025-11-21T17:40:56+00:00,2025-11-23T02:38:42.413938+00:00,0.8015463529154658,0.8137311339378357,0.012184781022369862,0.17408408224582672,positive,negative,neutral,0.8137311339378357,0.012184781022369862,0.17408408224582672,cointelegraph.com,"Crypto treasury company BitMine announced plans to develop infrastructure to stake its ETH holdings and generate revenue, targeting a Q1 2026 launch.",BitMine announces 2026 ETH staking plans as market melts down,rss
692273b382c05455042c43bb,https://cointelegraph.com/news/crypto-biz-is-this-bear-market-spoiler-no?utm_source=rss_feed&utm_medium=rss%3F__%3D1763865341615%26sid%3D098d01ca73acffd9%26timestamp%3D1763865341615&utm_campaign=rss_partner_inbound,Bitcoin,2025-11-23T02:38:43.828285+00:00,2025-11-21T16:13:08+00:00,2025-11-23T02:38:43.828285+00:00,0.07274991646409035,0.11252664774656296,0.03977673128247261,0.8476966023445129,positive,negative,neutral,0.11252664774656296,0.03977673128247261,0.8476966023445129,cointelegraph.com,"As Bitcoin tumbles below $90,000, Republic bets $100 million on Ether, Strategy buys 8,178 BTC, Tether pushes into trade finance and Kraken files for an IPO.",Crypto Biz: Is this what a bear market looks like? (Spoiler: No),rss
692273b482c05455042c43bc,https://cointelegraph.com/news/bitcoin-asic-producer-bitmain-faces-us-probe-over-national-security-risks-bloomberg?utm_source=rss_feed&utm_medium=rss%3F__%3D1763865341615%26sid%3D098d01ca73acffd9%26timestamp%3D1763865341615&utm_campaign=rss_partner_inbound,Bitcoin,2025-11-23T02:38:44.593148+00:00,2025-11-21T14:55:46+00:00,2025-11-23T02:38:44.593148+00:00,-0.45457470417022705,0.11689788103103638,0.5714725852012634,0.3116295337677002,positive,negative,neutral,0.11689788103103638,0.5714725852012634,0.3116295337677002,cointelegraph.com,"US authorities have reportedly launched an investigation into Bitmain, examining whether the Chinese ASIC manufacturer’s equipment contains remote-control features that could pose security risks.",Bitcoin ASIC producer Bitmain under US investigation over national security risks: Report,rss
692273b582c05455042c43bd,https://cointelegraph.com/news/bitcoin-yen-canada-stablecoin-global-express?utm_source=rss_feed&utm_medium=rss%3F__%3D1763865341615%26sid%3D098d01ca73acffd9%26timestamp%3D1763865341615&utm_campaign=rss_partner_inbound,Bitcoin,2025-11-23T02:38:45.844067+00:00,2025-11-21T14:50:28+00:00,2025-11-23T02:38:45.844067+00:00,0.8568032197654247,0.897422194480896,0.04061897471547127,0.06195884197950363,positive,negative,neutral,0.897422194480896,0.04061897471547127,0.06195884197950363,cointelegraph.com,"Japan’s stimulus package has rocked markets and Bitcoin. Meanwhile, Canada’s 2025 budget has been approved, bringing clearer guidelines for stablecoin issuers.","Bitcoin drops as yen falls, Canada approves stablecoin rules: Global Express",rss
692273b682c05455042c43be,https://cointelegraph.com/news/bitcoin-realized-losses-reach-ftx-crash-levels?utm_source=rss_feed&utm_medium=rss%3F__%3D1763865341615%26sid%3D098d01ca73acffd9%26timestamp%3D1763865341615&utm_campaign=rss_partner_inbound,Bitcoin,2025-11-23T02:38:46.663962+00:00,2025-11-21T13:59:55+00:00,2025-11-23T02:38:46.663962+00:00,0.6010831743478775,0.7826943397521973,0.18161116540431976,0.03569447621703148,positive,negative,neutral,0.7826943397521973,0.18161116540431976,0.03569447621703148,cointelegraph.com,"Realized losses on Bitcoin have risen to levels last seen during the FTX crash, with short-term holders driving the capitulation, according to Glassnode.",Bitcoin realized losses rise to FTX crash levels: Where is the bottom?,rss
692273b782c05455042c43bf,https://cointelegraph.com/news/solana-xrp-etfs-defy-outflows?utm_source=rss_feed&utm_medium=rss%3F__%3D1763865341615%26sid%3D098d01ca73acffd9%26timestamp%3D1763865341615&utm_campaign=rss_partner_inbound,Bitcoin,2025-11-23T02:38:47.429543+00:00,2025-11-21T13:16:26+00:00,2025-11-23T02:38:47.429543+00:00,0.9181709382683039,0.9422025084495544,0.024031570181250572,0.03376584127545357,positive,negative,neutral,0.9422025084495544,0.024031570181250572,0.03376584127545357,cointelegraph.com,"Solana and XRP ETFs continue to attract steady inflows with no outflow days since launch, even as Bitcoin and Ether products trend deep into redemptions.","ETF altseason? Solana, XRP funds buck crypto’s market sell-off",rss
692273b782c05455042c43c0,https://cointelegraph.com/news/can-bitcoin-really-be-a-store-of-value-what-pension-funds-are-starting-to-discover?utm_source=rss_feed&utm_medium=rss%3F__%3D1763865341615%26sid%3D098d01ca73acffd9%26timestamp%3D1763865341615&utm_campaign=rss_partner_inbound,Bitcoin,2025-11-23T02:38:48.254617+00:00,2025-11-21T13:09:33+00:00,2025-11-23T02:38:48.253619+00:00,0.09126069955527782,0.10952991247177124,0.018269212916493416,0.8722008466720581,positive,negative,neutral,0.10952991247177124,0.018269212916493416,0.8722008466720581,cointelegraph.com,"Discover why pension funds are reassessing Bitcoin as a potential store of value as they compare it with gold, inflation hedges and long-term portfolio needs.",Can Bitcoin really be a store of value? What pension funds are starting to discover,rss
6922742982c05455042c43cf,https://cointelegraph.com/news/bitcoin-sovereign-adoption-upside-candle-catalyst-jeff-park,Bitcoin,2025-11-23T02:40:41.933509+00:00,2025-11-22T02:14:35+00:00,2025-11-23T10:34:29.759050+00:00,0.3316666018217802,0.3416951894760132,0.010028587654232979,0.6482762694358826,positive,negative,neutral,0.3416951894760132,0.010028587654232979,0.6482762694358826,cointelegraph.com,"ProCap’s Jeff Park said during a podcast interview published to YouTube on Thursday that sovereign adoption would be the catalyst that pushes Bitcoin to $150,000 overnight.",Sovereign Bitcoin adoption would be the ultimate upside catalyst: Jeff Park,newsapi
6922742b82c05455042c43d2,https://bitcoinist.com/bitcoin-price-top-at-125000/,Bitcoin,2025-11-23T02:40:43.537733+00:00,2025-11-22T02:00:48+00:00,2025-11-23T10:34:31.744009+00:00,-0.938266146928072,0.014764916151762009,0.953031063079834,0.032203998416662216,positive,negative,neutral,0.014764916151762009,0.953031063079834,0.032203998416662216,bitcoinist.com,"Bitcoin price action has shifted into a high-volatility zone, and a well-known crypto trader is reinforcing a bearish outlook.","Crypto Trader Who Correctly Predicted The Bitcoin price Top At $125,000 Reveals Where It’s Headed Next",newsapi
6922742f82c05455042c43d3,https://biztoc.com/x/e2d235cca0cf57e5,Bitcoin,2025-11-23T02:40:47.459094+00:00,2025-11-22T01:46:50+00:00,2025-11-23T10:34:33.850754+00:00,0.1778866034001112,0.19221177697181702,0.014325173571705818,0.7934630513191223,positive,negative,neutral,0.19221177697181702,0.014325173571705818,0.7934630513191223,biztoc.com,A bill introduced Thursday (Nov. 20) in the U.S. House would allow Americans to use Bitcoin to pay federal taxes and would direct those payments into the…,House Bill Would Allow Bitcoin Payments for Federal Taxes,newsapi
6922743582c05455042c43d4,https://economictimes.indiatimes.com/news/international/us/bitcoin-faces-its-worst-monthly-drop-since-2022-as-crypto-market-plunges-amid-fear-and-massive-sell-offs/articleshow/125497744.cms,Bitcoin,2025-11-23T02:40:53.594258+00:00,2025-11-22T01:42:07+00:00,2025-11-23T10:34:34.402903+00:00,-0.9648652374744415,0.008531421422958374,0.9733966588973999,0.018071921542286873,positive,negative,neutral,0.008531421422958374,0.9733966588973999,0.018071921542286873,economictimes.indiatimes.com,Bitcoin faces its sharpest monthly decline since 2022. Forced liquidations and institutional selling are driving down prices. Bitcoin has fallen significantly since its October peak. Smaller tokens are also experiencing steep drops. The total crypto market ca…,Bitcoin faces its worst monthly drop since 2022 as crypto market plunges amid fear and massive sell-offs,newsapi
6922752d82c05455042c43f7,https://www.phillyburbs.com/story/sports/high-school/football/2025/11/21/pa-high-school-football-pennridge-north-penn-piaa-district-one-6a-championship-perkasie-lansdale/87320823007/,Solana,2025-11-23T02:45:01.864690+00:00,2025-11-22T02:22:09+00:00,2025-11-23T12:57:35.733433+00:00,0.830433301627636,0.8687247633934021,0.038291461765766144,0.09298382699489594,positive,negative,neutral,0.8687247633934021,0.038291461765766144,0.09298382699489594,www.phillyburbs.com,"In the PIAA District One 6A championship football game, North Penn upends SOL National rival Pennridge",North Penn beats Pennridge in district 6A football championship game,newsapi
6922752e82c05455042c43f8,https://post.rlsbb.to/jasmine-harmans-renovation-in-the-sun-s01e15-1080p-web-dl-h264-7vfr33104d/,Solana,2025-11-23T02:45:03.325408+00:00,2025-11-22T02:14:56+00:00,2025-11-23T12:57:36.703950+00:00,0.0687160212546587,0.08464360237121582,0.01592758111655712,0.8994287848472595,positive,negative,neutral,0.08464360237121582,0.01592758111655712,0.8994287848472595,post.rlsbb.to,"Season 1, Episode 15 – Jasmine Harman’s no stranger to helping others find their perfect place in the sun. Now she and her family take the plunge and transform a run-down villa into their new home on the Costa del Sol.",Jasmine Harmans Renovation In The Sun S01E15 1080p WEB-DL H264-7VFr33104D,newsapi
692283b282c05455042c4602,https://cointelegraph.com/news/blackrock-bitcoin-clients-global-payment-case-digital-gold?utm_source=rss_feed&utm_medium=rss%3Frand%3Dx77mx_1763869582115%26vfff%3D1763869582%26nc%3D1763869582115%26_rnd%3Dbmbekh&utm_campaign=rss_partner_inbound,Bitcoin,2025-11-23T03:46:58.754614+00:00,2025-11-23T01:06:43+00:00,2025-11-23T03:46:58.754614+00:00,-0.16613943874835968,0.175053671002388,0.3411931097507477,0.4837532341480255,positive,negative,neutral,0.175053671002388,0.3411931097507477,0.4837532341480255,cointelegraph.com,"BlackRock’s head of digital assets, Robbie Mitchnick, said in a podcast published on Friday that Bitcoin’s global payment network case is “out-of-the-money-option-value upside” for the firm’s clients.",BlackRock’s Bitcoin clients aren’t ‘underwriting’ the case for global payments,rss
692283b382c05455042c4603,https://cointelegraph.com/news/what-happened-in-crypto-today?utm_source=rss_feed&utm_medium=rss%3Frand%3Dx77mx_1763869582115%26vfff%3D1763869582%26nc%3D1763869582115%26_rnd%3Dbmbekh&utm_campaign=rss_partner_inbound,Bitcoin,2025-11-23T03:46:59.621205+00:00,2025-11-22T22:31:21+00:00,2025-11-23T03:46:59.621205+00:00,-0.20459673553705215,0.09190105646848679,0.29649779200553894,0.6116011738777161,positive,negative,neutral,0.09190105646848679,0.29649779200553894,0.6116011738777161,cointelegraph.com,"Today in crypto: BlackRock's clients are not factoring Bitcoin as a payment network, Peter Schiff says OG's selling to weak hands will worsen future crashes, a Solo Bitcoin miner wins $266,000.",Here’s what happened in crypto today,rss
692283b482c05455042c4606,https://cointelegraph.com/news/bitcoin-og-selling-weak-hand-deep-selloff-schiff?utm_source=rss_feed&utm_medium=rss%3Frand%3Dx77mx_1763869582115%26vfff%3D1763869582%26nc%3D1763869582115%26_rnd%3Dbmbekh&utm_campaign=rss_partner_inbound,Bitcoin,2025-11-23T03:47:00.457462+00:00,2025-11-22T22:15:52+00:00,2025-11-23T03:47:00.457462+00:00,-0.9115657266229391,0.01747184433043003,0.9290375709533691,0.053490642458200455,positive,negative,neutral,0.01747184433043003,0.9290375709533691,0.053490642458200455,cointelegraph.com,Long-time Bitcoin critic and gold advocate Peter Schiff says Bitcoin rotating from long-term holders to new investors will make future crashes worse.,Bitcoin OG's selling to 'weak' hands will deepen selloffs: Peter Schiff,rss
692283b682c05455042c4607,https://cointelegraph.com/news/spot-crypto-etfs-rebound-as-bitcoin-pulls-238m-and-ether-snaps-outflow-streak?utm_source=rss_feed&utm_medium=rss%3Frand%3Dx77mx_1763869582115%26vfff%3D1763869582%26nc%3D1763869582115%26_rnd%3Dbmbekh&utm_campaign=rss_partner_inbound,Bitcoin,2025-11-23T03:47:02.789861+00:00,2025-11-22T12:46:32+00:00,2025-11-23T03:47:02.789861+00:00,0.7189920991659164,0.8413471579551697,0.12235505878925323,0.0362977497279644,positive,negative,neutral,0.8413471579551697,0.12235505878925323,0.0362977497279644,cointelegraph.com,"Spot Bitcoin ETFs saw $238 million in inflows on Friday after a major sell-off, while Ether funds snapped an eight-day outflow streak and Solana ETFs extended their inflow run to ten days.",Spot Bitcoin ETFs pull $238M as Ether funds snap 8-day outflow streak,rss
692283b782c05455042c4608,https://cointelegraph.com/news/solo-bitcoin-miner-wins-266k-after-beating-million-to-one-odds?utm_source=rss_feed&utm_medium=rss%3Frand%3Dx77mx_1763869582115%26vfff%3D1763869582%26nc%3D1763869582115%26_rnd%3Dbmbekh&utm_campaign=rss_partner_inbound,Bitcoin,2025-11-23T03:47:04.242192+00:00,2025-11-22T10:27:36+00:00,2025-11-23T03:47:04.242192+00:00,0.897397743538022,0.9169237613677979,0.01952601782977581,0.06355021893978119,positive,negative,neutral,0.9169237613677979,0.01952601782977581,0.06355021893978119,cointelegraph.com,"A hobbyist miner with just 1.2 TH/s beat million-to-one odds to earn 3.146 BTC, worth roughly $266,000, as solo mining wins continue to rise in 2025.",‘Extremely lucky’ solo Bitcoin miner beats massive odds to win $266K,rss
692283b882c05455042c4609,https://cointelegraph.com/news/ark-invest-boosts-bullish-bitmine-circle-btc-etfs?utm_source=rss_feed&utm_medium=rss%3Frand%3Dx77mx_1763869582115%26vfff%3D1763869582%26nc%3D1763869582115%26_rnd%3Dbmbekh&utm_campaign=rss_partner_inbound,Bitcoin,2025-11-23T03:47:05.072404+00:00,2025-11-22T07:31:35+00:00,2025-11-23T03:47:05.072404+00:00,0.8813210912048817,0.9133500456809998,0.03202895447611809,0.05462099239230156,positive,negative,neutral,0.9133500456809998,0.03202895447611809,0.05462099239230156,cointelegraph.com,"ARK Invest closed the week with fresh buys across Bullish, BitMine, Circle, Robinhood and Bitcoin ETFs, even as spot BTC ETFs posted nearly $1 billion in outflows.","ARK Invest wraps up week with Bitcoin ETF, Bullish, Circle, BitMine buys",rss
692283b982c05455042c460a,https://cointelegraph.com/news/bitcoin-sovereign-adoption-upside-candle-catalyst-jeff-park?utm_source=rss_feed&utm_medium=rss%3Frand%3Dx77mx_1763869582115%26vfff%3D1763869582%26nc%3D1763869582115%26_rnd%3Dbmbekh&utm_campaign=rss_partner_inbound,Bitcoin,2025-11-23T03:47:05.829025+00:00,2025-11-22T02:14:35+00:00,2025-11-23T03:47:05.829025+00:00,0.3316666018217802,0.3416951894760132,0.010028587654232979,0.6482762694358826,positive,negative,neutral,0.3416951894760132,0.010028587654232979,0.6482762694358826,cointelegraph.com,"ProCap’s Jeff Park said during a podcast interview published to YouTube on Thursday that sovereign adoption would be the catalyst that pushes Bitcoin to $150,000 overnight.",Sovereign Bitcoin adoption would be the ultimate upside catalyst: Jeff Park,rss
692283ba82c05455042c460b,https://cointelegraph.com/news/bitcoiners-us-federal-reserve-rate-cut-odds-surge-december-btc-price?utm_source=rss_feed&utm_medium=rss%3Frand%3Dx77mx_1763869582115%26vfff%3D1763869582%26nc%3D1763869582115%26_rnd%3Dbmbekh&utm_campaign=rss_partner_inbound,Bitcoin,2025-11-23T03:47:06.623185+00:00,2025-11-22T00:01:07+00:00,2025-11-23T03:47:06.623185+00:00,0.9191466923803091,0.9469860792160034,0.027839386835694313,0.025174617767333984,positive,negative,neutral,0.9469860792160034,0.027839386835694313,0.025174617767333984,cointelegraph.com,"On Friday, the odds of an interest rate cut at the December FOMC meeting nearly doubled to 71.5%, prompting Bitcoiners to anticipate a potentially positive impact on the asset’s price.",Bitcoiners perk up as odds of a December Fed rate cut almost double,rss
692283ba82c05455042c460c,https://cointelegraph.com/news/rich-dad-poor-dad-robert-kiyosaki-sells-btc?utm_source=rss_feed&utm_medium=rss%3Frand%3Dx77mx_1763869582115%26vfff%3D1763869582%26nc%3D1763869582115%26_rnd%3Dbmbekh&utm_campaign=rss_partner_inbound,Bitcoin,2025-11-23T03:47:07.398818+00:00,2025-11-21T22:01:51+00:00,2025-11-23T03:47:07.398818+00:00,0.033883729949593544,0.05309499427676201,0.019211264327168465,0.927693784236908,positive,negative,neutral,0.05309499427676201,0.019211264327168465,0.927693784236908,cointelegraph.com,"Robert Kiyosaki, investor and author of ""Rich Dad, Poor Dad,"" announced on Friday that he sold his BTC and will invest the profits in cash-flowing businesses.","‘Rich Dad, Poor Dad’ author and Bitcoin bull Robert Kiyosaki sells his BTC",rss
692283bb82c05455042c460d,https://cointelegraph.com/news/eth-futures-data-forecasts-bounce-to-dollar3-2k?utm_source=rss_feed&utm_medium=rss%3Frand%3Dx77mx_1763869582115%26vfff%3D1763869582%26nc%3D1763869582115%26_rnd%3Dbmbekh&utm_campaign=rss_partner_inbound,Ethereum,2025-11-23T03:47:08.205504+00:00,2025-11-21T22:00:00+00:00,2025-11-23T03:47:08.205504+00:00,-0.9111920222640038,0.035483457148075104,0.9466754794120789,0.017841121181845665,positive,negative,neutral,0.035483457148075104,0.9466754794120789,0.017841121181845665,cointelegraph.com,"ETH derivatives positioning shows pro traders adding long exposure, despite the ongoing weakness and 4-month low in Ether price.","ETH price drops to 4-month low, but Ether futures data hints at $3.2K bounce",rss
692283be82c05455042c460e,https://cointelegraph.com/news/coinbase-solana-dex-vector?utm_source=rss_feed&utm_medium=rss%3Frand%3Dx77mx_1763869582115%26vfff%3D1763869582%26nc%3D1763869582115%26_rnd%3Dbmbekh&utm_campaign=rss_partner_inbound,Solana,2025-11-23T03:47:10.421903+00:00,2025-11-21T20:24:40+00:00,2025-11-23T03:47:10.421903+00:00,0.559338266029954,0.5849997997283936,0.025661533698439598,0.3893387019634247,positive,negative,neutral,0.5849997997283936,0.025661533698439598,0.3893387019634247,cointelegraph.com,"Following other significant purchases in 2025, Coinbase said the acquisition of Vector was part of its strategy to become an  “everything exchange.”",Coinbase ’doubles down’ on Solana with latest DEX acquisition,rss
692283be82c05455042c460f,https://cointelegraph.com/news/btc-etf-outflows-rebalancing-not-institutional-flight?utm_source=rss_feed&utm_medium=rss%3Frand%3Dx77mx_1763869582115%26vfff%3D1763869582%26nc%3D1763869582115%26_rnd%3Dbmbekh&utm_campaign=rss_partner_inbound,Bitcoin,2025-11-23T03:47:11.261498+00:00,2025-11-21T20:05:26+00:00,2025-11-23T03:47:11.261498+00:00,-0.9183297920972109,0.022298498079180717,0.9406282901763916,0.03707320988178253,positive,negative,neutral,0.022298498079180717,0.9406282901763916,0.03707320988178253,cointelegraph.com,The record outflows from Bitcoin exchange-traded funds (ETFs) in November reflect a short-term downtrend and not a long-term decline or shift in demand.,"BTC ETF outflows are 'tactical rebalancing,' not institutional flight: Analysts",rss
692283bf82c05455042c4610,https://cointelegraph.com/news/bitcoin-s-death-cross-confirmation-signals-start-of-btc-bear-market?utm_source=rss_feed&utm_medium=rss%3Frand%3Dx77mx_1763869582115%26vfff%3D1763869582%26nc%3D1763869582115%26_rnd%3Dbmbekh&utm_campaign=rss_partner_inbound,Bitcoin,2025-11-23T03:47:12.110839+00:00,2025-11-21T19:49:25+00:00,2025-11-23T03:47:12.110839+00:00,-0.7485342472791672,0.04667963087558746,0.7952138781547546,0.15810655057430267,positive,negative,neutral,0.04667963087558746,0.7952138781547546,0.15810655057430267,cointelegraph.com,"Bitcoin’s death cross is complete, suggesting that the market may be at the start of a bear market if other BTC price metrics also indicate a bearish confluence.",Bitcoin’s death cross confirmation may mean BTC is officially in a bear market,rss
692283c182c05455042c4611,https://cointelegraph.com/news/bitcoin-rout-crypto-treasuries-reckoning-finance-redefined?utm_source=rss_feed&utm_medium=rss%3Frand%3Dx77mx_1763869582115%26vfff%3D1763869582%26nc%3D1763869582115%26_rnd%3Dbmbekh&utm_campaign=rss_partner_inbound,Bitcoin,2025-11-23T03:47:13.714838+00:00,2025-11-21T19:00:00+00:00,2025-11-23T03:47:13.714838+00:00,-0.9563699029386044,0.013869140297174454,0.9702390432357788,0.015891890972852707,positive,negative,neutral,0.013869140297174454,0.9702390432357788,0.015891890972852707,cointelegraph.com,"Bitmine’s $3.7 billion paper loss and falling NAV are raising concerns for crypto treasury firms, making it difficult for DATs to raise new capital for digital asset acquisitions.",Bitcoin rout continues as crypto treasuries face reckoning: Finance Redefined,rss
692283c282c05455042c4613,https://cointelegraph.com/news/bitcoin-s-fastest-bear-market-hides-potentially-positive-year-end-outcome-for-btc?utm_source=rss_feed&utm_medium=rss%3Frand%3Dx77mx_1763869582115%26vfff%3D1763869582%26nc%3D1763869582115%26_rnd%3Dbmbekh&utm_campaign=rss_partner_inbound,Bitcoin,2025-11-23T03:47:14.895466+00:00,2025-11-21T18:55:37+00:00,2025-11-23T03:47:14.895466+00:00,-0.6199595332145691,0.17867857217788696,0.798638105392456,0.022683238610625267,positive,negative,neutral,0.17867857217788696,0.798638105392456,0.022683238610625267,cointelegraph.com,"BTC’s steepest drawdown since 2022 triggered $1 billion in liquidations, but a rare macroeconomic liquidity signal now hints at a four-to-six week bullish reversal window.",Bitcoin’s ‘fastest bear market’ hides potentially positive year-end outcome for BTC,rss
692283c382c05455042c4615,https://cointelegraph.com/news/price-predictions-11-21-btc-eth-xrp-bnb-sol-doge-ada-hype-zec-bch?utm_source=rss_feed&utm_medium=rss%3Frand%3Dx77mx_1763869582115%26vfff%3D1763869582%26nc%3D1763869582115%26_rnd%3Dbmbekh&utm_campaign=rss_partner_inbound,Bitcoin,2025-11-23T03:47:15.662354+00:00,2025-11-21T18:04:55+00:00,2025-11-23T03:47:15.662354+00:00,-0.9540400896221399,0.011584421619772911,0.9656245112419128,0.02279096655547619,positive,negative,neutral,0.011584421619772911,0.9656245112419128,0.02279096655547619,cointelegraph.com,"Bitcoin’s weakness has accelerated selling in several major altcoins, causing them to fall below their support levels. Is the worst of the selling over?","Price predictions 11/21: BTC, ETH, XRP, BNB, SOL, DOGE, ADA, HYPE, ZEC, BCH",rss
692283c482c05455042c4616,https://cointelegraph.com/news/bitmine-2026-eth-staking-market-meltdown?utm_source=rss_feed&utm_medium=rss%3Frand%3Dx77mx_1763869582115%26vfff%3D1763869582%26nc%3D1763869582115%26_rnd%3Dbmbekh&utm_campaign=rss_partner_inbound,Ethereum,2025-11-23T03:47:17.081484+00:00,2025-11-21T17:40:56+00:00,2025-11-23T03:47:17.081484+00:00,0.8015463529154658,0.8137311339378357,0.012184781022369862,0.17408408224582672,positive,negative,neutral,0.8137311339378357,0.012184781022369862,0.17408408224582672,cointelegraph.com,"Crypto treasury company BitMine announced plans to develop infrastructure to stake its ETH holdings and generate revenue, targeting a Q1 2026 launch.",BitMine announces 2026 ETH staking plans as market melts down,rss
692283c682c05455042c4617,https://cointelegraph.com/news/crypto-biz-is-this-bear-market-spoiler-no?utm_source=rss_feed&utm_medium=rss%3Frand%3Dx77mx_1763869582115%26vfff%3D1763869582%26nc%3D1763869582115%26_rnd%3Dbmbekh&utm_campaign=rss_partner_inbound,Bitcoin,2025-11-23T03:47:18.558836+00:00,2025-11-21T16:13:08+00:00,2025-11-23T03:47:18.558836+00:00,0.07274991646409035,0.11252664774656296,0.03977673128247261,0.8476966023445129,positive,negative,neutral,0.11252664774656296,0.03977673128247261,0.8476966023445129,cointelegraph.com,"As Bitcoin tumbles below $90,000, Republic bets $100 million on Ether, Strategy buys 8,178 BTC, Tether pushes into trade finance and Kraken files for an IPO.",Crypto Biz: Is this what a bear market looks like? (Spoiler: No),rss
692283c682c05455042c4618,https://cointelegraph.com/news/bitcoin-asic-producer-bitmain-faces-us-probe-over-national-security-risks-bloomberg?utm_source=rss_feed&utm_medium=rss%3Frand%3Dx77mx_1763869582115%26vfff%3D1763869582%26nc%3D1763869582115%26_rnd%3Dbmbekh&utm_campaign=rss_partner_inbound,Bitcoin,2025-11-23T03:47:19.341141+00:00,2025-11-21T14:55:46+00:00,2025-11-23T03:47:19.341141+00:00,-0.45457470417022705,0.11689788103103638,0.5714725852012634,0.3116295337677002,positive,negative,neutral,0.11689788103103638,0.5714725852012634,0.3116295337677002,cointelegraph.com,"US authorities have reportedly launched an investigation into Bitmain, examining whether the Chinese ASIC manufacturer’s equipment contains remote-control features that could pose security risks.",Bitcoin ASIC producer Bitmain under US investigation over national security risks: Report,rss
692283c882c05455042c4619,https://cointelegraph.com/news/bitcoin-yen-canada-stablecoin-global-express?utm_source=rss_feed&utm_medium=rss%3Frand%3Dx77mx_1763869582115%26vfff%3D1763869582%26nc%3D1763869582115%26_rnd%3Dbmbekh&utm_campaign=rss_partner_inbound,Bitcoin,2025-11-23T03:47:20.626352+00:00,2025-11-21T14:50:28+00:00,2025-11-23T03:47:20.626352+00:00,0.8568032197654247,0.897422194480896,0.04061897471547127,0.06195884197950363,positive,negative,neutral,0.897422194480896,0.04061897471547127,0.06195884197950363,cointelegraph.com,"Japan’s stimulus package has rocked markets and Bitcoin. Meanwhile, Canada’s 2025 budget has been approved, bringing clearer guidelines for stablecoin issuers.","Bitcoin drops as yen falls, Canada approves stablecoin rules: Global Express",rss
692283c982c05455042c461a,https://cointelegraph.com/news/bitcoin-realized-losses-reach-ftx-crash-levels?utm_source=rss_feed&utm_medium=rss%3Frand%3Dx77mx_1763869582115%26vfff%3D1763869582%26nc%3D1763869582115%26_rnd%3Dbmbekh&utm_campaign=rss_partner_inbound,Bitcoin,2025-11-23T03:47:21.686448+00:00,2025-11-21T13:59:55+00:00,2025-11-23T03:47:21.686448+00:00,0.6010831743478775,0.7826943397521973,0.18161116540431976,0.03569447621703148,positive,negative,neutral,0.7826943397521973,0.18161116540431976,0.03569447621703148,cointelegraph.com,"Realized losses on Bitcoin have risen to levels last seen during the FTX crash, with short-term holders driving the capitulation, according to Glassnode.",Bitcoin realized losses rise to FTX crash levels: Where is the bottom?,rss
692283ca82c05455042c461b,https://cointelegraph.com/news/solana-xrp-etfs-defy-outflows?utm_source=rss_feed&utm_medium=rss%3Frand%3Dx77mx_1763869582115%26vfff%3D1763869582%26nc%3D1763869582115%26_rnd%3Dbmbekh&utm_campaign=rss_partner_inbound,Bitcoin,2025-11-23T03:47:22.518590+00:00,2025-11-21T13:16:26+00:00,2025-11-23T03:47:22.518590+00:00,0.9181709382683039,0.9422025084495544,0.024031570181250572,0.03376584127545357,positive,negative,neutral,0.9422025084495544,0.024031570181250572,0.03376584127545357,cointelegraph.com,"Solana and XRP ETFs continue to attract steady inflows with no outflow days since launch, even as Bitcoin and Ether products trend deep into redemptions.","ETF altseason? Solana, XRP funds buck crypto’s market sell-off",rss
692283ca82c05455042c461c,https://cointelegraph.com/news/can-bitcoin-really-be-a-store-of-value-what-pension-funds-are-starting-to-discover?utm_source=rss_feed&utm_medium=rss%3Frand%3Dx77mx_1763869582115%26vfff%3D1763869582%26nc%3D1763869582115%26_rnd%3Dbmbekh&utm_campaign=rss_partner_inbound,Bitcoin,2025-11-23T03:47:23.346969+00:00,2025-11-21T13:09:33+00:00,2025-11-23T03:47:23.346969+00:00,0.09126069955527782,0.10952991247177124,0.018269212916493416,0.8722008466720581,positive,negative,neutral,0.10952991247177124,0.018269212916493416,0.8722008466720581,cointelegraph.com,"Discover why pension funds are reassessing Bitcoin as a potential store of value as they compare it with gold, inflation hedges and long-term portfolio needs.",Can Bitcoin really be a store of value? What pension funds are starting to discover,rss
6922843d82c05455042c462d,https://finance.yahoo.com/news/peter-schiff-says-michael-saylor-033049703.html,Bitcoin,2025-11-23T03:49:17.984838+00:00,2025-11-22T03:30:49+00:00,2025-11-23T11:45:03.165874+00:00,-0.2837616354227066,0.08868159353733063,0.37244322896003723,0.5388752222061157,positive,negative,neutral,0.08868159353733063,0.37244322896003723,0.5388752222061157,finance.yahoo.com,"Economist Peter Schiff slammed Strategy Inc.’s (NASDAQ:MSTR) Bitcoin (CRYPTO: BTC) investment approach on Thursday, arguing that the company would have been better placed had it chosen any other asset. Schiff Sees Problems For Strategy In an X post, ...",Peter Schiff Says Michael Saylor-Led Strategy 'Would Have Been Better Off' Buying Anything Other Than Bitcoin',newsapi
6922843e82c05455042c462e,https://www.bloomberg.com/news/articles/2025-11-21/bitcoin-plunge-hits-market-makers-in-a-fragile-trading-landscape,Bitcoin,2025-11-23T03:49:19.178401+00:00,2025-11-22T03:26:36+00:00,2025-11-23T11:45:04.546064+00:00,-0.936618885025382,0.020245293155312538,0.9568641781806946,0.022890504449605942,positive,negative,neutral,0.020245293155312538,0.9568641781806946,0.022890504449605942,www.bloomberg.com,Bitcoin is crashing into dangerous territory — and options-fueled selling is adding to the volatility.,"Bitcoin falls to $80,000 as market makers navigate rising volatility",newsapi
6922844082c05455042c462f,https://bitcoinist.com/bitcoin-loses-85k-coinbase-premium-stays-negative/,Bitcoin,2025-11-23T03:49:21.034504+00:00,2025-11-22T03:00:43+00:00,2025-11-23T11:45:14.358479+00:00,-0.948610058054328,0.016930529847741127,0.9655405879020691,0.017528899013996124,positive,negative,neutral,0.016930529847741127,0.9655405879020691,0.017528899013996124,bitcoinist.com,"The Coinbase Bitcoin Premium Index is negative for 21 days, the longest streak this cycle. BTC hits $81K, confirming a deep late-stage correction",Bitcoin Loses $85K as Coinbase Premium Stays Negative for 21 Straight Days – Details,newsapi
6922844182c05455042c4630,http://www.newsbtc.com/news/ethereum/anti-cz-whale-loses-big-61m-in-profit-wiped-out-as-ethereum-and-xrp-longs-collapse/,Ethereum,2025-11-23T03:49:22.318853+00:00,2025-11-22T03:00:41+00:00,2025-11-23T12:55:42.186883+00:00,-0.9516132278367877,0.014978607185184956,0.9665918350219727,0.018429623916745186,positive,negative,neutral,0.014978607185184956,0.9665918350219727,0.018429623916745186,www.newsbtc.com,Anti-CZ Whale's profits collapse 60% as his oversized Ethereum and XRP longs bleed out. This signals the pressure weighing on Ethereum,Anti-CZ Whale Loses Big: $61M in Profit Wiped Out As Ethereum and XRP Longs Collapse,newsapi
6922848082c05455042c4639,https://www.barchart.com/story/news/36259810/bitcoin-prices-are-falling-but-microstrategy-is-not-sweating-the-selloff-mstr-stock-has-a-71-year-runway-according-to-management,Bitcoin,2025-11-23T03:50:24.772010+00:00,2025-11-21T20:58:21+00:00,2025-11-23T07:18:11.334151+00:00,-0.019077278673648834,0.07126369327306747,0.09034097194671631,0.8383952975273132,positive,negative,neutral,0.07126369327306747,0.09034097194671631,0.8383952975273132,www.barchart.com,MicroStrategy stock is in focus as management says it has 71 years of dividend coverage even if BTC prices remain flat. Here’s what it means for MSTR shares heading into 2026.,"Bitcoin Prices Are Falling, But MicroStrategy Is Not Sweating the Selloff. MSTR Stock Has a 71-Year Runway, According to Management.",newsapi
692293d982c05455042c4874,https://cointelegraph.com/news/blackrock-bitcoin-clients-global-payment-case-digital-gold?utm_source=rss_feed&utm_medium=rss&utm_campaign=rss_partner_inbound,Bitcoin,2025-11-23T04:55:53.768220+00:00,2025-11-23T01:06:43+00:00,2025-11-23T12:49:38.528104+00:00,-0.16613943874835968,0.175053671002388,0.3411931097507477,0.4837532341480255,positive,negative,neutral,0.175053671002388,0.3411931097507477,0.4837532341480255,cointelegraph.com,"BlackRock’s head of digital assets, Robbie Mitchnick, said in a podcast published on Friday that Bitcoin’s global payment network case is “out-of-the-money-option-value upside” for the firm’s clients.",BlackRock’s Bitcoin clients aren’t ‘underwriting’ the case for global payments,rss
692293db82c05455042c4875,https://cointelegraph.com/news/bitcoin-og-selling-weak-hand-deep-selloff-schiff?utm_source=rss_feed&utm_medium=rss&utm_campaign=rss_partner_inbound,Bitcoin,2025-11-23T04:55:56.375565+00:00,2025-11-22T22:15:52+00:00,2025-11-23T12:49:40.365002+00:00,-0.9115657266229391,0.01747184433043003,0.9290375709533691,0.053490642458200455,positive,negative,neutral,0.01747184433043003,0.9290375709533691,0.053490642458200455,cointelegraph.com,Long-time Bitcoin critic and gold advocate Peter Schiff says Bitcoin rotating from long-term holders to new investors will make future crashes worse.,Bitcoin OG's selling to 'weak' hands will deepen selloffs: Peter Schiff,rss
6922946782c05455042c4888,https://economictimes.indiatimes.com/markets/stocks/news/5-world-market-themes-for-the-week-ahead/articleshow/125499023.cms,Bitcoin,2025-11-23T04:58:15.916248+00:00,2025-11-22T04:08:43+00:00,2025-11-23T12:54:37.481158+00:00,-0.9004333540797234,0.04261506348848343,0.9430484175682068,0.014336515218019485,positive,negative,neutral,0.04261506348848343,0.9430484175682068,0.014336515218019485,economictimes.indiatimes.com,"Global markets face a busy week with key events including the G20 summit, the UK budget announcement, and Alibaba's earnings report. U.S. consumer spending will be under scrutiny with Black Friday sales, while Bitcoin's recent decline and a technical 'death c…",5 world market themes for the week ahead,newsapi
6922946982c05455042c4889,https://bitcoinist.com/ethereum-falls-10-sudden-sell-off-breakdown-coming/,Ethereum,2025-11-23T04:58:17.702383+00:00,2025-11-22T04:00:56+00:00,2025-11-23T12:55:37.325943+00:00,-0.9632874401286244,0.010960492305457592,0.974247932434082,0.014791509136557579,positive,negative,neutral,0.010960492305457592,0.974247932434082,0.014791509136557579,bitcoinist.com,"Ethereum has plunged sharply in the past 24 hours, falling more than 10% and slipping below the crucial $3,000 mark for the first time in months.","Ethereum Falls 10% in Sudden Sell-Off, Is a Bigger Breakdown Coming?",newsapi
6922946a82c05455042c488c,http://www.newsbtc.com/news/bitcoin/2-billion-gone-in-minutes-bitcoin-slide-shakes-crypto-world/,Bitcoin,2025-11-23T04:58:18.743135+00:00,2025-11-22T04:00:52+00:00,2025-11-23T12:57:33.979508+00:00,-0.9577822489663959,0.012102861888706684,0.9698851108551025,0.018012018874287605,positive,negative,neutral,0.012102861888706684,0.9698851108551025,0.018012018874287605,www.newsbtc.com,"According to exchange and on-chain data, global crypto markets plunged Friday as prices slid and forced a widespread sell-off. Bitcoin fell under $83,000,",$2 Billion Gone In Minutes: Bitcoin Slide Shakes Crypto World,newsapi
6922946c82c05455042c488d,https://biztoc.com/x/ed4a28544d33ab51,Bitcoin,2025-11-23T04:58:20.963039+00:00,2025-11-22T03:59:32+00:00,2025-11-23T12:54:40.938316+00:00,-0.9326026001945138,0.01474504079669714,0.9473476409912109,0.03790725767612457,positive,negative,neutral,0.01474504079669714,0.9473476409912109,0.03790725767612457,biztoc.com,"What to know:\n- Bitcoin's Greed & Fear Index has plummeted to extreme pessimism, according to 10x Research.\n- Peak fear suggests a tactical low may be…","Bitcoin Greed & Fear Index Shows Extreme Pessimism, Tactical Bottom May Be Near: Analyst",newsapi
6922947082c05455042c488e,https://www.coindesk.com/markets/2025/11/22/bitcoin-greed-and-fear-index-shows-extreme-pessimism-tactical-bottom-may-be-near,Bitcoin,2025-11-23T04:58:24.640218+00:00,2025-11-22T03:57:56+00:00,2025-11-23T12:54:43.438462+00:00,-0.9412642326205969,0.013004938140511513,0.9542691707611084,0.032725971192121506,positive,negative,neutral,0.013004938140511513,0.9542691707611084,0.032725971192121506,www.coindesk.com,Peak fear suggests a tactical low may be near.,"Bitcoin Greed & Fear Index Shows Extreme Pessimism, Tactical Bottom May Be Near: Analyst",newsapi
6922947082c05455042c488f,https://economictimes.indiatimes.com/markets/cryptocurrency/bitcoin-on-thin-ice-after-sinking-in-flight-from-risk/articleshow/125498865.cms,Bitcoin,2025-11-23T04:58:25.249185+00:00,2025-11-22T03:52:44+00:00,2025-11-23T12:54:43.910582+00:00,-0.9648948842659593,0.008911854587495327,0.9738067388534546,0.017281413078308105,positive,negative,neutral,0.008911854587495327,0.9738067388534546,0.017281413078308105,economictimes.indiatimes.com,"Bitcoin has fallen to a seven-month low, nearing the $80,000 mark. This decline mirrors a wider sell-off in cryptocurrencies, driven by investor concerns over tech valuations and US interest rates. The market sentiment has turned fragile, impacting high-flyin…",Bitcoin on thin ice after sinking in flight from risk,newsapi
6922a3e382c05455042c4ac9,https://cointelegraph.com/news/crypto-market-euphoria-lacking-major-capitulation-lyn-alden-economist?utm_source=rss_feed&utm_medium=rss%3Fcb%3D4m753x%26__%3D1763877734373&utm_campaign=rss_partner_inbound,Bitcoin,2025-11-23T06:04:20.112959+00:00,2025-11-23T04:58:34+00:00,2025-11-23T06:04:20.112959+00:00,-0.15755699574947357,0.06995254755020142,0.227509543299675,0.7025379538536072,positive,negative,neutral,0.06995254755020142,0.227509543299675,0.7025379538536072,cointelegraph.com,Macroeconomist Lyn Alden said during a podcast interview on What Bitcoin Did that conditions suggest a less likely chance of a “major capitulation.”,Crypto conditions signal unlikely chance of ‘major capitulation’: Lyn Alden,rss
6922a3e482c05455042c4aca,https://cointelegraph.com/news/blackrock-bitcoin-clients-global-payment-case-digital-gold?utm_source=rss_feed&utm_medium=rss%3Fcb%3D4m753x%26__%3D1763877734373&utm_campaign=rss_partner_inbound,Bitcoin,2025-11-23T06:04:21.003582+00:00,2025-11-23T01:06:43+00:00,2025-11-23T06:04:21.003582+00:00,-0.16613943874835968,0.175053671002388,0.3411931097507477,0.4837532341480255,positive,negative,neutral,0.175053671002388,0.3411931097507477,0.4837532341480255,cointelegraph.com,"BlackRock’s head of digital assets, Robbie Mitchnick, said in a podcast published on Friday that Bitcoin’s global payment network case is “out-of-the-money-option-value upside” for the firm’s clients.",BlackRock’s Bitcoin clients aren’t ‘underwriting’ the case for global payments,rss
6922a3e582c05455042c4acb,https://cointelegraph.com/news/what-happened-in-crypto-today?utm_source=rss_feed&utm_medium=rss%3Fcb%3D4m753x%26__%3D1763877734373&utm_campaign=rss_partner_inbound,Bitcoin,2025-11-23T06:04:21.911427+00:00,2025-11-22T22:31:21+00:00,2025-11-23T06:04:21.911427+00:00,-0.20459673553705215,0.09190105646848679,0.29649779200553894,0.6116011738777161,positive,negative,neutral,0.09190105646848679,0.29649779200553894,0.6116011738777161,cointelegraph.com,"Today in crypto: BlackRock's clients are not factoring Bitcoin as a payment network, Peter Schiff says OG's selling to weak hands will worsen future crashes, a Solo Bitcoin miner wins $266,000.",Here’s what happened in crypto today,rss
6922a3e682c05455042c4acc,https://cointelegraph.com/news/bitcoin-og-selling-weak-hand-deep-selloff-schiff?utm_source=rss_feed&utm_medium=rss%3Fcb%3D4m753x%26__%3D1763877734373&utm_campaign=rss_partner_inbound,Bitcoin,2025-11-23T06:04:22.799348+00:00,2025-11-22T22:15:52+00:00,2025-11-23T06:04:22.799348+00:00,-0.9115657266229391,0.01747184433043003,0.9290375709533691,0.053490642458200455,positive,negative,neutral,0.01747184433043003,0.9290375709533691,0.053490642458200455,cointelegraph.com,Long-time Bitcoin critic and gold advocate Peter Schiff says Bitcoin rotating from long-term holders to new investors will make future crashes worse.,Bitcoin OG's selling to 'weak' hands will deepen selloffs: Peter Schiff,rss
6922a3e882c05455042c4acd,https://cointelegraph.com/news/spot-crypto-etfs-rebound-as-bitcoin-pulls-238m-and-ether-snaps-outflow-streak?utm_source=rss_feed&utm_medium=rss%3Fcb%3D4m753x%26__%3D1763877734373&utm_campaign=rss_partner_inbound,Bitcoin,2025-11-23T06:04:25.342470+00:00,2025-11-22T12:46:32+00:00,2025-11-23T06:04:25.342470+00:00,0.7189920991659164,0.8413471579551697,0.12235505878925323,0.0362977497279644,positive,negative,neutral,0.8413471579551697,0.12235505878925323,0.0362977497279644,cointelegraph.com,"Spot Bitcoin ETFs saw $238 million in inflows on Friday after a major sell-off, while Ether funds snapped an eight-day outflow streak and Solana ETFs extended their inflow run to ten days.",Spot Bitcoin ETFs pull $238M as Ether funds snap 8-day outflow streak,rss
6922a3e982c05455042c4ace,https://cointelegraph.com/news/solo-bitcoin-miner-wins-266k-after-beating-million-to-one-odds?utm_source=rss_feed&utm_medium=rss%3Fcb%3D4m753x%26__%3D1763877734373&utm_campaign=rss_partner_inbound,Bitcoin,2025-11-23T06:04:26.227652+00:00,2025-11-22T10:27:36+00:00,2025-11-23T06:04:26.227652+00:00,0.897397743538022,0.9169237613677979,0.01952601782977581,0.06355021893978119,positive,negative,neutral,0.9169237613677979,0.01952601782977581,0.06355021893978119,cointelegraph.com,"A hobbyist miner with just 1.2 TH/s beat million-to-one odds to earn 3.146 BTC, worth roughly $266,000, as solo mining wins continue to rise in 2025.",‘Extremely lucky’ solo Bitcoin miner beats massive odds to win $266K,rss
6922a3ea82c05455042c4acf,https://cointelegraph.com/news/ark-invest-boosts-bullish-bitmine-circle-btc-etfs?utm_source=rss_feed&utm_medium=rss%3Fcb%3D4m753x%26__%3D1763877734373&utm_campaign=rss_partner_inbound,Bitcoin,2025-11-23T06:04:27.137824+00:00,2025-11-22T07:31:35+00:00,2025-11-23T06:04:27.137824+00:00,0.8813210912048817,0.9133500456809998,0.03202895447611809,0.05462099239230156,positive,negative,neutral,0.9133500456809998,0.03202895447611809,0.05462099239230156,cointelegraph.com,"ARK Invest closed the week with fresh buys across Bullish, BitMine, Circle, Robinhood and Bitcoin ETFs, even as spot BTC ETFs posted nearly $1 billion in outflows.","ARK Invest wraps up week with Bitcoin ETF, Bullish, Circle, BitMine buys",rss
6922a3eb82c05455042c4ad0,https://cointelegraph.com/news/bitcoin-sovereign-adoption-upside-candle-catalyst-jeff-park?utm_source=rss_feed&utm_medium=rss%3Fcb%3D4m753x%26__%3D1763877734373&utm_campaign=rss_partner_inbound,Bitcoin,2025-11-23T06:04:28.068617+00:00,2025-11-22T02:14:35+00:00,2025-11-23T06:04:28.068617+00:00,0.3316666018217802,0.3416951894760132,0.010028587654232979,0.6482762694358826,positive,negative,neutral,0.3416951894760132,0.010028587654232979,0.6482762694358826,cointelegraph.com,"ProCap’s Jeff Park said during a podcast interview published to YouTube on Thursday that sovereign adoption would be the catalyst that pushes Bitcoin to $150,000 overnight.",Sovereign Bitcoin adoption would be the ultimate upside catalyst: Jeff Park,rss
6922a3ec82c05455042c4ad1,https://cointelegraph.com/news/bitcoiners-us-federal-reserve-rate-cut-odds-surge-december-btc-price?utm_source=rss_feed&utm_medium=rss%3Fcb%3D4m753x%26__%3D1763877734373&utm_campaign=rss_partner_inbound,Bitcoin,2025-11-23T06:04:28.947922+00:00,2025-11-22T00:01:07+00:00,2025-11-23T06:04:28.947922+00:00,0.9191466923803091,0.9469860792160034,0.027839386835694313,0.025174617767333984,positive,negative,neutral,0.9469860792160034,0.027839386835694313,0.025174617767333984,cointelegraph.com,"On Friday, the odds of an interest rate cut at the December FOMC meeting nearly doubled to 71.5%, prompting Bitcoiners to anticipate a potentially positive impact on the asset’s price.",Bitcoiners perk up as odds of a December Fed rate cut almost double,rss
6922a3ee82c05455042c4ad2,https://cointelegraph.com/news/rich-dad-poor-dad-robert-kiyosaki-sells-btc?utm_source=rss_feed&utm_medium=rss%3Fcb%3D4m753x%26__%3D1763877734373&utm_campaign=rss_partner_inbound,Bitcoin,2025-11-23T06:04:31.354154+00:00,2025-11-21T22:01:51+00:00,2025-11-23T06:04:31.353158+00:00,0.033883729949593544,0.05309499427676201,0.019211264327168465,0.927693784236908,positive,negative,neutral,0.05309499427676201,0.019211264327168465,0.927693784236908,cointelegraph.com,"Robert Kiyosaki, investor and author of ""Rich Dad, Poor Dad,"" announced on Friday that he sold his BTC and will invest the profits in cash-flowing businesses.","‘Rich Dad, Poor Dad’ author and Bitcoin bull Robert Kiyosaki sells his BTC",rss
6922a3f082c05455042c4ad3,https://cointelegraph.com/news/eth-futures-data-forecasts-bounce-to-dollar3-2k?utm_source=rss_feed&utm_medium=rss%3Fcb%3D4m753x%26__%3D1763877734373&utm_campaign=rss_partner_inbound,Ethereum,2025-11-23T06:04:32.482535+00:00,2025-11-21T22:00:00+00:00,2025-11-23T06:04:32.482535+00:00,-0.9111920222640038,0.035483457148075104,0.9466754794120789,0.017841121181845665,positive,negative,neutral,0.035483457148075104,0.9466754794120789,0.017841121181845665,cointelegraph.com,"ETH derivatives positioning shows pro traders adding long exposure, despite the ongoing weakness and 4-month low in Ether price.","ETH price drops to 4-month low, but Ether futures data hints at $3.2K bounce",rss
6922a3f282c05455042c4ad6,https://cointelegraph.com/news/coinbase-solana-dex-vector?utm_source=rss_feed&utm_medium=rss%3Fcb%3D4m753x%26__%3D1763877734373&utm_campaign=rss_partner_inbound,Solana,2025-11-23T06:04:34.442012+00:00,2025-11-21T20:24:40+00:00,2025-11-23T06:04:34.442012+00:00,0.559338266029954,0.5849997997283936,0.025661533698439598,0.3893387019634247,positive,negative,neutral,0.5849997997283936,0.025661533698439598,0.3893387019634247,cointelegraph.com,"Following other significant purchases in 2025, Coinbase said the acquisition of Vector was part of its strategy to become an  “everything exchange.”",Coinbase ’doubles down’ on Solana with latest DEX acquisition,rss
6922a3f482c05455042c4ad7,https://cointelegraph.com/news/btc-etf-outflows-rebalancing-not-institutional-flight?utm_source=rss_feed&utm_medium=rss%3Fcb%3D4m753x%26__%3D1763877734373&utm_campaign=rss_partner_inbound,Bitcoin,2025-11-23T06:04:36.466312+00:00,2025-11-21T20:05:26+00:00,2025-11-23T06:04:36.466312+00:00,-0.9183297920972109,0.022298498079180717,0.9406282901763916,0.03707320988178253,positive,negative,neutral,0.022298498079180717,0.9406282901763916,0.03707320988178253,cointelegraph.com,The record outflows from Bitcoin exchange-traded funds (ETFs) in November reflect a short-term downtrend and not a long-term decline or shift in demand.,"BTC ETF outflows are 'tactical rebalancing,' not institutional flight: Analysts",rss
6922a3f582c05455042c4ad8,https://cointelegraph.com/news/bitcoin-s-death-cross-confirmation-signals-start-of-btc-bear-market?utm_source=rss_feed&utm_medium=rss%3Fcb%3D4m753x%26__%3D1763877734373&utm_campaign=rss_partner_inbound,Bitcoin,2025-11-23T06:04:37.550463+00:00,2025-11-21T19:49:25+00:00,2025-11-23T06:04:37.550463+00:00,-0.7485342472791672,0.04667963087558746,0.7952138781547546,0.15810655057430267,positive,negative,neutral,0.04667963087558746,0.7952138781547546,0.15810655057430267,cointelegraph.com,"Bitcoin’s death cross is complete, suggesting that the market may be at the start of a bear market if other BTC price metrics also indicate a bearish confluence.",Bitcoin’s death cross confirmation may mean BTC is officially in a bear market,rss
6922a3f782c05455042c4ad9,https://cointelegraph.com/news/bitcoin-rout-crypto-treasuries-reckoning-finance-redefined?utm_source=rss_feed&utm_medium=rss%3Fcb%3D4m753x%26__%3D1763877734373&utm_campaign=rss_partner_inbound,Bitcoin,2025-11-23T06:04:39.599347+00:00,2025-11-21T19:00:00+00:00,2025-11-23T06:04:39.599347+00:00,-0.9563699029386044,0.013869140297174454,0.9702390432357788,0.015891890972852707,positive,negative,neutral,0.013869140297174454,0.9702390432357788,0.015891890972852707,cointelegraph.com,"Bitmine’s $3.7 billion paper loss and falling NAV are raising concerns for crypto treasury firms, making it difficult for DATs to raise new capital for digital asset acquisitions.",Bitcoin rout continues as crypto treasuries face reckoning: Finance Redefined,rss
6922a3f882c05455042c4ada,https://cointelegraph.com/news/bitcoin-s-fastest-bear-market-hides-potentially-positive-year-end-outcome-for-btc?utm_source=rss_feed&utm_medium=rss%3Fcb%3D4m753x%26__%3D1763877734373&utm_campaign=rss_partner_inbound,Bitcoin,2025-11-23T06:04:41.245130+00:00,2025-11-21T18:55:37+00:00,2025-11-23T06:04:41.245130+00:00,-0.6199595332145691,0.17867857217788696,0.798638105392456,0.022683238610625267,positive,negative,neutral,0.17867857217788696,0.798638105392456,0.022683238610625267,cointelegraph.com,"BTC’s steepest drawdown since 2022 triggered $1 billion in liquidations, but a rare macroeconomic liquidity signal now hints at a four-to-six week bullish reversal window.",Bitcoin’s ‘fastest bear market’ hides potentially positive year-end outcome for BTC,rss
6922a3f982c05455042c4adb,https://cointelegraph.com/news/price-predictions-11-21-btc-eth-xrp-bnb-sol-doge-ada-hype-zec-bch?utm_source=rss_feed&utm_medium=rss%3Fcb%3D4m753x%26__%3D1763877734373&utm_campaign=rss_partner_inbound,Bitcoin,2025-11-23T06:04:42.369857+00:00,2025-11-21T18:04:55+00:00,2025-11-23T06:04:42.369857+00:00,-0.9540400896221399,0.011584421619772911,0.9656245112419128,0.02279096655547619,positive,negative,neutral,0.011584421619772911,0.9656245112419128,0.02279096655547619,cointelegraph.com,"Bitcoin’s weakness has accelerated selling in several major altcoins, causing them to fall below their support levels. Is the worst of the selling over?","Price predictions 11/21: BTC, ETH, XRP, BNB, SOL, DOGE, ADA, HYPE, ZEC, BCH",rss
6922a3fc82c05455042c4adc,https://cointelegraph.com/news/bitmine-2026-eth-staking-market-meltdown?utm_source=rss_feed&utm_medium=rss%3Fcb%3D4m753x%26__%3D1763877734373&utm_campaign=rss_partner_inbound,Ethereum,2025-11-23T06:04:44.593300+00:00,2025-11-21T17:40:56+00:00,2025-11-23T06:04:44.593300+00:00,0.8015463529154658,0.8137311339378357,0.012184781022369862,0.17408408224582672,positive,negative,neutral,0.8137311339378357,0.012184781022369862,0.17408408224582672,cointelegraph.com,"Crypto treasury company BitMine announced plans to develop infrastructure to stake its ETH holdings and generate revenue, targeting a Q1 2026 launch.",BitMine announces 2026 ETH staking plans as market melts down,rss
6922a3fe82c05455042c4add,https://cointelegraph.com/news/crypto-biz-is-this-bear-market-spoiler-no?utm_source=rss_feed&utm_medium=rss%3Fcb%3D4m753x%26__%3D1763877734373&utm_campaign=rss_partner_inbound,Bitcoin,2025-11-23T06:04:47.045621+00:00,2025-11-21T16:13:08+00:00,2025-11-23T06:04:47.045621+00:00,0.07274991646409035,0.11252664774656296,0.03977673128247261,0.8476966023445129,positive,negative,neutral,0.11252664774656296,0.03977673128247261,0.8476966023445129,cointelegraph.com,"As Bitcoin tumbles below $90,000, Republic bets $100 million on Ether, Strategy buys 8,178 BTC, Tether pushes into trade finance and Kraken files for an IPO.",Crypto Biz: Is this what a bear market looks like? (Spoiler: No),rss
6922a3ff82c05455042c4ade,https://cointelegraph.com/news/bitcoin-asic-producer-bitmain-faces-us-probe-over-national-security-risks-bloomberg?utm_source=rss_feed&utm_medium=rss%3Fcb%3D4m753x%26__%3D1763877734373&utm_campaign=rss_partner_inbound,Bitcoin,2025-11-23T06:04:48.188115+00:00,2025-11-21T14:55:46+00:00,2025-11-23T06:04:48.188115+00:00,-0.45457470417022705,0.11689788103103638,0.5714725852012634,0.3116295337677002,positive,negative,neutral,0.11689788103103638,0.5714725852012634,0.3116295337677002,cointelegraph.com,"US authorities have reportedly launched an investigation into Bitmain, examining whether the Chinese ASIC manufacturer’s equipment contains remote-control features that could pose security risks.",Bitcoin ASIC producer Bitmain under US investigation over national security risks: Report,rss
6922a40082c05455042c4ae1,https://cointelegraph.com/news/bitcoin-yen-canada-stablecoin-global-express?utm_source=rss_feed&utm_medium=rss%3Fcb%3D4m753x%26__%3D1763877734373&utm_campaign=rss_partner_inbound,Bitcoin,2025-11-23T06:04:49.168839+00:00,2025-11-21T14:50:28+00:00,2025-11-23T06:04:49.168839+00:00,0.8568032197654247,0.897422194480896,0.04061897471547127,0.06195884197950363,positive,negative,neutral,0.897422194480896,0.04061897471547127,0.06195884197950363,cointelegraph.com,"Japan’s stimulus package has rocked markets and Bitcoin. Meanwhile, Canada’s 2025 budget has been approved, bringing clearer guidelines for stablecoin issuers.","Bitcoin drops as yen falls, Canada approves stablecoin rules: Global Express",rss
6922a40182c05455042c4ae2,https://cointelegraph.com/news/bitcoin-realized-losses-reach-ftx-crash-levels?utm_source=rss_feed&utm_medium=rss%3Fcb%3D4m753x%26__%3D1763877734373&utm_campaign=rss_partner_inbound,Bitcoin,2025-11-23T06:04:50.044631+00:00,2025-11-21T13:59:55+00:00,2025-11-23T06:04:50.044631+00:00,0.6010831743478775,0.7826943397521973,0.18161116540431976,0.03569447621703148,positive,negative,neutral,0.7826943397521973,0.18161116540431976,0.03569447621703148,cointelegraph.com,"Realized losses on Bitcoin have risen to levels last seen during the FTX crash, with short-term holders driving the capitulation, according to Glassnode.",Bitcoin realized losses rise to FTX crash levels: Where is the bottom?,rss
6922a40282c05455042c4ae3,https://cointelegraph.com/news/solana-xrp-etfs-defy-outflows?utm_source=rss_feed&utm_medium=rss%3Fcb%3D4m753x%26__%3D1763877734373&utm_campaign=rss_partner_inbound,Bitcoin,2025-11-23T06:04:50.949771+00:00,2025-11-21T13:16:26+00:00,2025-11-23T06:04:50.949771+00:00,0.9181709382683039,0.9422025084495544,0.024031570181250572,0.03376584127545357,positive,negative,neutral,0.9422025084495544,0.024031570181250572,0.03376584127545357,cointelegraph.com,"Solana and XRP ETFs continue to attract steady inflows with no outflow days since launch, even as Bitcoin and Ether products trend deep into redemptions.","ETF altseason? Solana, XRP funds buck crypto’s market sell-off",rss
6922a40382c05455042c4ae4,https://cointelegraph.com/news/can-bitcoin-really-be-a-store-of-value-what-pension-funds-are-starting-to-discover?utm_source=rss_feed&utm_medium=rss%3Fcb%3D4m753x%26__%3D1763877734373&utm_campaign=rss_partner_inbound,Bitcoin,2025-11-23T06:04:51.816817+00:00,2025-11-21T13:09:33+00:00,2025-11-23T06:04:51.816817+00:00,0.09126069955527782,0.10952991247177124,0.018269212916493416,0.8722008466720581,positive,negative,neutral,0.10952991247177124,0.018269212916493416,0.8722008466720581,cointelegraph.com,"Discover why pension funds are reassessing Bitcoin as a potential store of value as they compare it with gold, inflation hedges and long-term portfolio needs.",Can Bitcoin really be a store of value? What pension funds are starting to discover,rss
6922a46a82c05455042c4af3,https://bitcoinist.com/bitcoin-nosedives-below-85k-critics-warn-of-chaos/,Bitcoin,2025-11-23T06:06:34.788624+00:00,2025-11-22T06:00:38+00:00,2025-11-23T12:55:33.904923+00:00,-0.9598439196124673,0.009964956901967525,0.9698088765144348,0.020226232707500458,positive,negative,neutral,0.009964956901967525,0.9698088765144348,0.020226232707500458,bitcoinist.com,"Bitcoin is back in the danger zone after plunging below $85,000, marking its lowest level since April and intensifying fears that the crypto market’s",Bitcoin Nosedives Below $85K: Critics Warn of Incoming ‘Chaos’,newsapi
6922a46d82c05455042c4af4,http://www.newsbtc.com/bitcoin-news/usdc-floods-exchanges-buying-bitcoin-crash/,Bitcoin,2025-11-23T06:06:37.472077+00:00,2025-11-22T06:00:35+00:00,2025-11-23T12:54:17.335764+00:00,-0.1850617378950119,0.2455221563577652,0.4305838942527771,0.3238939642906189,positive,negative,neutral,0.2455221563577652,0.4305838942527771,0.3238939642906189,www.newsbtc.com,"Data shows a large amount of USDC inflows have just hit exchanges, a potential sign that investors are looking to buy the Bitcoin dip.",USDC Floods Exchanges: Are Traders Buying The Bitcoin Crash?,newsapi
6922a46f82c05455042c4af5,https://slashdot.org/firehose.pl?op=view&amp;id=180175397,Bitcoin,2025-11-23T06:06:40.216777+00:00,2025-11-22T05:52:37+00:00,2025-11-23T12:54:26.624079+00:00,-0.9543010778725147,0.008697669953107834,0.9629987478256226,0.02830357290804386,positive,negative,neutral,0.008697669953107834,0.9629987478256226,0.02830357290804386,slashdot.org,"Bitcoin Price Plummets Over $40,000 in Just Six Weeks as Market Faces Growing UncertaintyInvestopedia  Bitcoin Heading for Worst Month Since Crypto Collapse of 2022Yahoo Finance  Bitcoin Plunge Hits Market Makers in a Fragile Trading LandscapeBloomberg.com  Crypto plunge wipes out nearly $400 bill...","Bitcoin Price Plummets Over $40,000 in Just Six Weeks as Market Faces Growing Uncertainty - Investopedia",newsapi
6922a47082c05455042c4af6,https://biztoc.com/x/12bafef0471cad3e,Bitcoin,2025-11-23T06:06:41.024142+00:00,2025-11-22T05:50:52+00:00,2025-11-23T12:54:28.034635+00:00,-0.9413957353681326,0.009837055578827858,0.9512327909469604,0.03893017768859863,positive,negative,neutral,0.009837055578827858,0.9512327909469604,0.03893017768859863,biztoc.com,The Entire Business World on a Single Page with the Web's Most Comprehensive One-Stop Finance News Hub.,"Bitcoin Price Plummets Over $40,000 in Just Six Weeks as Market Faces Growing Uncertainty",newsapi
6922a47682c05455042c4af7,https://bitcoinist.com/bitcoins-200k-runway-extended-to-2029-analyst-says/,Bitcoin,2025-11-23T06:06:47.092526+00:00,2025-11-22T05:00:58+00:00,2025-11-23T12:54:31.816671+00:00,-0.9043211229145527,0.018594395369291306,0.922915518283844,0.058490049093961716,positive,negative,neutral,0.018594395369291306,0.922915518283844,0.058490049093961716,bitcoinist.com,"Veteran trader Peter Brandt on Thursday offered a much slower timetable for Bitcoin’s next big rally, saying the cryptocurrency may not hit $200,000 until","Bitcoin’s $200K Runway Extended To 2029, Analyst Says",newsapi
6922a47982c05455042c4afa,http://www.newsbtc.com/crypto/risks-to-crypto-market-ahead-of-key-msci-ruling-will-it-spark-a-new-bitcoin-sell-off/,Bitcoin,2025-11-23T06:06:49.500302+00:00,2025-11-22T05:00:21+00:00,2025-11-23T12:54:33.236477+00:00,-0.9648358188569546,0.009616855531930923,0.9744526743888855,0.015930501744151115,positive,negative,neutral,0.009616855531930923,0.9744526743888855,0.015930501744151115,www.newsbtc.com,"The market’s leading crypto, Bitcoin (BTC), experienced a significant downturn on Friday, plummeting to an eight-month low of $80,000.",Risks To Crypto Market Ahead Of Key MSCI Ruling: Will It Spark A New Bitcoin Sell-Off?,newsapi
6922a47a82c05455042c4afb,https://ambcrypto.com/3b-outflows-hit-bitcoin-etfs-is-the-sell-off-driven-by-more-than-price/,Bitcoin,2025-11-23T06:06:51.203436+00:00,2025-11-22T05:00:16+00:00,2025-11-23T12:54:33.948836+00:00,-0.8739371560513973,0.055719826370477676,0.929656982421875,0.014623239636421204,positive,negative,neutral,0.055719826370477676,0.929656982421875,0.014623239636421204,ambcrypto.com,"After record inflows pushed Bitcoin to $126K in Q3, Q4 flipped sharply, marking sustained outflows and fading bullish momentum.",$3B outflows hit Bitcoin ETFs: Is the sell-off driven by more than price?,newsapi
6922a4a382c05455042c4b00,https://www.dlnews.com/articles/markets/fire-sale-valuations-for-btc-price-says-bitwise/,Bitcoin,2025-11-23T06:07:32.049866+00:00,2025-11-21T22:20:59+00:00,2025-11-23T08:26:50.835222+00:00,-0.9556648284196854,0.011632129549980164,0.9672969579696655,0.021071024239063263,positive,negative,neutral,0.011632129549980164,0.9672969579696655,0.021071024239063263,www.dlnews.com,"Bitcoin has lost more than one-third of its price since October.  Macro conditions have worsened for risk assets and equities. Prices sit at “fire sale valuations,” said André Dragosch of Bitwise.","‘Fire sale valuations’ on offer as Bitcoin price tumbles to $82,000, says Bitwise",newsapi
6922a4b182c05455042c4b03,https://consent.yahoo.com/v2/collectConsent?sessionId=1_cc-session_75ca0ec9-b5ba-4871-bdf7-fa5a6872f081,Bitcoin,2025-11-23T06:07:46.314802+00:00,2025-11-21T21:31:07+00:00,2025-11-23T07:17:50.931637+00:00,-0.004214972257614136,0.04335897043347359,0.04757394269108772,0.9090671539306641,positive,negative,neutral,0.04335897043347359,0.04757394269108772,0.9090671539306641,consent.yahoo.com,,"Jim Cramer Says He Likes Bitcoin, But Isn't Fond Of The 'Cabal' Trying To Keep BTC Above $90,000",newsapi
6922b41b82c05455042c4d35,https://cointelegraph.com/news/crypto-dispensers-explores-100m-sale-after-ceo-indictment?utm_source=rss_feed&utm_medium=rss%3FnoCache%3Dtrue%26_dc%3D1763881936123%26_refresh%3Dkzthz2%26_%3D1763881936123&utm_campaign=rss_partner_inbound,Bitcoin,2025-11-23T07:13:32.078621+00:00,2025-11-23T07:11:12+00:00,2025-11-23T07:13:32.078621+00:00,0.21394812129437923,0.24020078778266907,0.026252666488289833,0.7335465550422668,positive,negative,neutral,0.24020078778266907,0.026252666488289833,0.7335465550422668,cointelegraph.com,Crypto Dispensers is exploring a $100 million sale as CEO Firas Isa faces federal charges alleging a $10M money laundering scheme through the company’s Bitcoin ATMs.,Bitcoin ATM firm explores $100M sale following CEO’s federal indictment,rss
6922b41c82c05455042c4d36,https://cointelegraph.com/news/crypto-market-euphoria-lacking-major-capitulation-lyn-alden-economist?utm_source=rss_feed&utm_medium=rss%3FnoCache%3Dtrue%26_dc%3D1763881936123%26_refresh%3Dkzthz2%26_%3D1763881936123&utm_campaign=rss_partner_inbound,Bitcoin,2025-11-23T07:13:33.229042+00:00,2025-11-23T04:58:34+00:00,2025-11-23T07:13:33.229042+00:00,-0.15755699574947357,0.06995254755020142,0.227509543299675,0.7025379538536072,positive,negative,neutral,0.06995254755020142,0.227509543299675,0.7025379538536072,cointelegraph.com,Macroeconomist Lyn Alden said during a podcast interview on What Bitcoin Did that conditions suggest a less likely chance of a “major capitulation.”,Crypto conditions signal unlikely chance of ‘major capitulation’: Lyn Alden,rss
6922b41d82c05455042c4d37,https://cointelegraph.com/news/blackrock-bitcoin-clients-global-payment-case-digital-gold?utm_source=rss_feed&utm_medium=rss%3FnoCache%3Dtrue%26_dc%3D1763881936123%26_refresh%3Dkzthz2%26_%3D1763881936123&utm_campaign=rss_partner_inbound,Bitcoin,2025-11-23T07:13:34.159799+00:00,2025-11-23T01:06:43+00:00,2025-11-23T07:13:34.158797+00:00,-0.16613943874835968,0.175053671002388,0.3411931097507477,0.4837532341480255,positive,negative,neutral,0.175053671002388,0.3411931097507477,0.4837532341480255,cointelegraph.com,"BlackRock’s head of digital assets, Robbie Mitchnick, said in a podcast published on Friday that Bitcoin’s global payment network case is “out-of-the-money-option-value upside” for the firm’s clients.",BlackRock’s Bitcoin clients aren’t ‘underwriting’ the case for global payments,rss
6922b41e82c05455042c4d38,https://cointelegraph.com/news/what-happened-in-crypto-today?utm_source=rss_feed&utm_medium=rss%3FnoCache%3Dtrue%26_dc%3D1763881936123%26_refresh%3Dkzthz2%26_%3D1763881936123&utm_campaign=rss_partner_inbound,Bitcoin,2025-11-23T07:13:35.131580+00:00,2025-11-22T22:31:21+00:00,2025-11-23T07:13:35.131580+00:00,-0.20459673553705215,0.09190105646848679,0.29649779200553894,0.6116011738777161,positive,negative,neutral,0.09190105646848679,0.29649779200553894,0.6116011738777161,cointelegraph.com,"Today in crypto: BlackRock's clients are not factoring Bitcoin as a payment network, Peter Schiff says OG's selling to weak hands will worsen future crashes, a Solo Bitcoin miner wins $266,000.",Here’s what happened in crypto today,rss
6922b42082c05455042c4d3b,https://cointelegraph.com/news/bitcoin-og-selling-weak-hand-deep-selloff-schiff?utm_source=rss_feed&utm_medium=rss%3FnoCache%3Dtrue%26_dc%3D1763881936123%26_refresh%3Dkzthz2%26_%3D1763881936123&utm_campaign=rss_partner_inbound,Bitcoin,2025-11-23T07:13:36.729246+00:00,2025-11-22T22:15:52+00:00,2025-11-23T07:13:36.729246+00:00,-0.9115657266229391,0.01747184433043003,0.9290375709533691,0.053490642458200455,positive,negative,neutral,0.01747184433043003,0.9290375709533691,0.053490642458200455,cointelegraph.com,Long-time Bitcoin critic and gold advocate Peter Schiff says Bitcoin rotating from long-term holders to new investors will make future crashes worse.,Bitcoin OG's selling to 'weak' hands will deepen selloffs: Peter Schiff,rss
6922b42282c05455042c4d3c,https://cointelegraph.com/news/spot-crypto-etfs-rebound-as-bitcoin-pulls-238m-and-ether-snaps-outflow-streak?utm_source=rss_feed&utm_medium=rss%3FnoCache%3Dtrue%26_dc%3D1763881936123%26_refresh%3Dkzthz2%26_%3D1763881936123&utm_campaign=rss_partner_inbound,Bitcoin,2025-11-23T07:13:39.019674+00:00,2025-11-22T12:46:32+00:00,2025-11-23T07:13:39.019674+00:00,0.7189920991659164,0.8413471579551697,0.12235505878925323,0.0362977497279644,positive,negative,neutral,0.8413471579551697,0.12235505878925323,0.0362977497279644,cointelegraph.com,"Spot Bitcoin ETFs saw $238 million in inflows on Friday after a major sell-off, while Ether funds snapped an eight-day outflow streak and Solana ETFs extended their inflow run to ten days.",Spot Bitcoin ETFs pull $238M as Ether funds snap 8-day outflow streak,rss
6922b42382c05455042c4d3d,https://cointelegraph.com/news/solo-bitcoin-miner-wins-266k-after-beating-million-to-one-odds?utm_source=rss_feed&utm_medium=rss%3FnoCache%3Dtrue%26_dc%3D1763881936123%26_refresh%3Dkzthz2%26_%3D1763881936123&utm_campaign=rss_partner_inbound,Bitcoin,2025-11-23T07:13:39.922999+00:00,2025-11-22T10:27:36+00:00,2025-11-23T07:13:39.922999+00:00,0.897397743538022,0.9169237613677979,0.01952601782977581,0.06355021893978119,positive,negative,neutral,0.9169237613677979,0.01952601782977581,0.06355021893978119,cointelegraph.com,"A hobbyist miner with just 1.2 TH/s beat million-to-one odds to earn 3.146 BTC, worth roughly $266,000, as solo mining wins continue to rise in 2025.",‘Extremely lucky’ solo Bitcoin miner beats massive odds to win $266K,rss
6922b42482c05455042c4d3e,https://cointelegraph.com/news/ark-invest-boosts-bullish-bitmine-circle-btc-etfs?utm_source=rss_feed&utm_medium=rss%3FnoCache%3Dtrue%26_dc%3D1763881936123%26_refresh%3Dkzthz2%26_%3D1763881936123&utm_campaign=rss_partner_inbound,Bitcoin,2025-11-23T07:13:40.786396+00:00,2025-11-22T07:31:35+00:00,2025-11-23T07:13:40.786396+00:00,0.8813210912048817,0.9133500456809998,0.03202895447611809,0.05462099239230156,positive,negative,neutral,0.9133500456809998,0.03202895447611809,0.05462099239230156,cointelegraph.com,"ARK Invest closed the week with fresh buys across Bullish, BitMine, Circle, Robinhood and Bitcoin ETFs, even as spot BTC ETFs posted nearly $1 billion in outflows.","ARK Invest wraps up week with Bitcoin ETF, Bullish, Circle, BitMine buys",rss
6922b42782c05455042c4d3f,https://cointelegraph.com/news/bitcoin-sovereign-adoption-upside-candle-catalyst-jeff-park?utm_source=rss_feed&utm_medium=rss%3FnoCache%3Dtrue%26_dc%3D1763881936123%26_refresh%3Dkzthz2%26_%3D1763881936123&utm_campaign=rss_partner_inbound,Bitcoin,2025-11-23T07:13:43.766095+00:00,2025-11-22T02:14:35+00:00,2025-11-23T07:13:43.766095+00:00,0.3316666018217802,0.3416951894760132,0.010028587654232979,0.6482762694358826,positive,negative,neutral,0.3416951894760132,0.010028587654232979,0.6482762694358826,cointelegraph.com,"ProCap’s Jeff Park said during a podcast interview published to YouTube on Thursday that sovereign adoption would be the catalyst that pushes Bitcoin to $150,000 overnight.",Sovereign Bitcoin adoption would be the ultimate upside catalyst: Jeff Park,rss
6922b42882c05455042c4d40,https://cointelegraph.com/news/bitcoiners-us-federal-reserve-rate-cut-odds-surge-december-btc-price?utm_source=rss_feed&utm_medium=rss%3FnoCache%3Dtrue%26_dc%3D1763881936123%26_refresh%3Dkzthz2%26_%3D1763881936123&utm_campaign=rss_partner_inbound,Bitcoin,2025-11-23T07:13:45.152896+00:00,2025-11-22T00:01:07+00:00,2025-11-23T07:13:45.152896+00:00,0.9191466923803091,0.9469860792160034,0.027839386835694313,0.025174617767333984,positive,negative,neutral,0.9469860792160034,0.027839386835694313,0.025174617767333984,cointelegraph.com,"On Friday, the odds of an interest rate cut at the December FOMC meeting nearly doubled to 71.5%, prompting Bitcoiners to anticipate a potentially positive impact on the asset’s price.",Bitcoiners perk up as odds of a December Fed rate cut almost double,rss
6922b42a82c05455042c4d41,https://cointelegraph.com/news/rich-dad-poor-dad-robert-kiyosaki-sells-btc?utm_source=rss_feed&utm_medium=rss%3FnoCache%3Dtrue%26_dc%3D1763881936123%26_refresh%3Dkzthz2%26_%3D1763881936123&utm_campaign=rss_partner_inbound,Bitcoin,2025-11-23T07:13:46.511339+00:00,2025-11-21T22:01:51+00:00,2025-11-23T07:13:46.511339+00:00,0.033883729949593544,0.05309499427676201,0.019211264327168465,0.927693784236908,positive,negative,neutral,0.05309499427676201,0.019211264327168465,0.927693784236908,cointelegraph.com,"Robert Kiyosaki, investor and author of ""Rich Dad, Poor Dad,"" announced on Friday that he sold his BTC and will invest the profits in cash-flowing businesses.","‘Rich Dad, Poor Dad’ author and Bitcoin bull Robert Kiyosaki sells his BTC",rss
6922b42c82c05455042c4d42,https://cointelegraph.com/news/eth-futures-data-forecasts-bounce-to-dollar3-2k?utm_source=rss_feed&utm_medium=rss%3FnoCache%3Dtrue%26_dc%3D1763881936123%26_refresh%3Dkzthz2%26_%3D1763881936123&utm_campaign=rss_partner_inbound,Ethereum,2025-11-23T07:13:48.497323+00:00,2025-11-21T22:00:00+00:00,2025-11-23T07:13:48.497323+00:00,-0.9111920222640038,0.035483457148075104,0.9466754794120789,0.017841121181845665,positive,negative,neutral,0.035483457148075104,0.9466754794120789,0.017841121181845665,cointelegraph.com,"ETH derivatives positioning shows pro traders adding long exposure, despite the ongoing weakness and 4-month low in Ether price.","ETH price drops to 4-month low, but Ether futures data hints at $3.2K bounce",rss
6922b42d82c05455042c4d43,https://cointelegraph.com/news/coinbase-solana-dex-vector?utm_source=rss_feed&utm_medium=rss%3FnoCache%3Dtrue%26_dc%3D1763881936123%26_refresh%3Dkzthz2%26_%3D1763881936123&utm_campaign=rss_partner_inbound,Solana,2025-11-23T07:13:50.279730+00:00,2025-11-21T20:24:40+00:00,2025-11-23T07:13:50.279730+00:00,0.559338266029954,0.5849997997283936,0.025661533698439598,0.3893387019634247,positive,negative,neutral,0.5849997997283936,0.025661533698439598,0.3893387019634247,cointelegraph.com,"Following other significant purchases in 2025, Coinbase said the acquisition of Vector was part of its strategy to become an  “everything exchange.”",Coinbase ’doubles down’ on Solana with latest DEX acquisition,rss
6922b42f82c05455042c4d44,https://cointelegraph.com/news/btc-etf-outflows-rebalancing-not-institutional-flight?utm_source=rss_feed&utm_medium=rss%3FnoCache%3Dtrue%26_dc%3D1763881936123%26_refresh%3Dkzthz2%26_%3D1763881936123&utm_campaign=rss_partner_inbound,Bitcoin,2025-11-23T07:13:51.278846+00:00,2025-11-21T20:05:26+00:00,2025-11-23T07:13:51.278846+00:00,-0.9183297920972109,0.022298498079180717,0.9406282901763916,0.03707320988178253,positive,negative,neutral,0.022298498079180717,0.9406282901763916,0.03707320988178253,cointelegraph.com,The record outflows from Bitcoin exchange-traded funds (ETFs) in November reflect a short-term downtrend and not a long-term decline or shift in demand.,"BTC ETF outflows are 'tactical rebalancing,' not institutional flight: Analysts",rss
6922b43082c05455042c4d47,https://cointelegraph.com/news/bitcoin-s-death-cross-confirmation-signals-start-of-btc-bear-market?utm_source=rss_feed&utm_medium=rss%3FnoCache%3Dtrue%26_dc%3D1763881936123%26_refresh%3Dkzthz2%26_%3D1763881936123&utm_campaign=rss_partner_inbound,Bitcoin,2025-11-23T07:13:52.478722+00:00,2025-11-21T19:49:25+00:00,2025-11-23T07:13:52.478722+00:00,-0.7485342472791672,0.04667963087558746,0.7952138781547546,0.15810655057430267,positive,negative,neutral,0.04667963087558746,0.7952138781547546,0.15810655057430267,cointelegraph.com,"Bitcoin’s death cross is complete, suggesting that the market may be at the start of a bear market if other BTC price metrics also indicate a bearish confluence.",Bitcoin’s death cross confirmation may mean BTC is officially in a bear market,rss
6922b43282c05455042c4d48,https://cointelegraph.com/news/bitcoin-rout-crypto-treasuries-reckoning-finance-redefined?utm_source=rss_feed&utm_medium=rss%3FnoCache%3Dtrue%26_dc%3D1763881936123%26_refresh%3Dkzthz2%26_%3D1763881936123&utm_campaign=rss_partner_inbound,Bitcoin,2025-11-23T07:13:54.937145+00:00,2025-11-21T19:00:00+00:00,2025-11-23T07:13:54.937145+00:00,-0.9563699029386044,0.013869140297174454,0.9702390432357788,0.015891890972852707,positive,negative,neutral,0.013869140297174454,0.9702390432357788,0.015891890972852707,cointelegraph.com,"Bitmine’s $3.7 billion paper loss and falling NAV are raising concerns for crypto treasury firms, making it difficult for DATs to raise new capital for digital asset acquisitions.",Bitcoin rout continues as crypto treasuries face reckoning: Finance Redefined,rss
6922b43382c05455042c4d49,https://cointelegraph.com/news/bitcoin-s-fastest-bear-market-hides-potentially-positive-year-end-outcome-for-btc?utm_source=rss_feed&utm_medium=rss%3FnoCache%3Dtrue%26_dc%3D1763881936123%26_refresh%3Dkzthz2%26_%3D1763881936123&utm_campaign=rss_partner_inbound,Bitcoin,2025-11-23T07:13:55.944582+00:00,2025-11-21T18:55:37+00:00,2025-11-23T07:13:55.944582+00:00,-0.6199595332145691,0.17867857217788696,0.798638105392456,0.022683238610625267,positive,negative,neutral,0.17867857217788696,0.798638105392456,0.022683238610625267,cointelegraph.com,"BTC’s steepest drawdown since 2022 triggered $1 billion in liquidations, but a rare macroeconomic liquidity signal now hints at a four-to-six week bullish reversal window.",Bitcoin’s ‘fastest bear market’ hides potentially positive year-end outcome for BTC,rss
6922b43482c05455042c4d4a,https://cointelegraph.com/news/price-predictions-11-21-btc-eth-xrp-bnb-sol-doge-ada-hype-zec-bch?utm_source=rss_feed&utm_medium=rss%3FnoCache%3Dtrue%26_dc%3D1763881936123%26_refresh%3Dkzthz2%26_%3D1763881936123&utm_campaign=rss_partner_inbound,Bitcoin,2025-11-23T07:13:56.974337+00:00,2025-11-21T18:04:55+00:00,2025-11-23T07:13:56.974337+00:00,-0.9540400896221399,0.011584421619772911,0.9656245112419128,0.02279096655547619,positive,negative,neutral,0.011584421619772911,0.9656245112419128,0.02279096655547619,cointelegraph.com,"Bitcoin’s weakness has accelerated selling in several major altcoins, causing them to fall below their support levels. Is the worst of the selling over?","Price predictions 11/21: BTC, ETH, XRP, BNB, SOL, DOGE, ADA, HYPE, ZEC, BCH",rss
6922b43682c05455042c4d4b,https://cointelegraph.com/news/bitmine-2026-eth-staking-market-meltdown?utm_source=rss_feed&utm_medium=rss%3FnoCache%3Dtrue%26_dc%3D1763881936123%26_refresh%3Dkzthz2%26_%3D1763881936123&utm_campaign=rss_partner_inbound,Ethereum,2025-11-23T07:13:59.119842+00:00,2025-11-21T17:40:56+00:00,2025-11-23T07:13:59.119842+00:00,0.8015463529154658,0.8137311339378357,0.012184781022369862,0.17408408224582672,positive,negative,neutral,0.8137311339378357,0.012184781022369862,0.17408408224582672,cointelegraph.com,"Crypto treasury company BitMine announced plans to develop infrastructure to stake its ETH holdings and generate revenue, targeting a Q1 2026 launch.",BitMine announces 2026 ETH staking plans as market melts down,rss
6922b43882c05455042c4d4c,https://cointelegraph.com/news/crypto-biz-is-this-bear-market-spoiler-no?utm_source=rss_feed&utm_medium=rss%3FnoCache%3Dtrue%26_dc%3D1763881936123%26_refresh%3Dkzthz2%26_%3D1763881936123&utm_campaign=rss_partner_inbound,Bitcoin,2025-11-23T07:14:00.972944+00:00,2025-11-21T16:13:08+00:00,2025-11-23T07:14:00.972944+00:00,0.07274991646409035,0.11252664774656296,0.03977673128247261,0.8476966023445129,positive,negative,neutral,0.11252664774656296,0.03977673128247261,0.8476966023445129,cointelegraph.com,"As Bitcoin tumbles below $90,000, Republic bets $100 million on Ether, Strategy buys 8,178 BTC, Tether pushes into trade finance and Kraken files for an IPO.",Crypto Biz: Is this what a bear market looks like? (Spoiler: No),rss
6922b43982c05455042c4d4d,https://cointelegraph.com/news/bitcoin-asic-producer-bitmain-faces-us-probe-over-national-security-risks-bloomberg?utm_source=rss_feed&utm_medium=rss%3FnoCache%3Dtrue%26_dc%3D1763881936123%26_refresh%3Dkzthz2%26_%3D1763881936123&utm_campaign=rss_partner_inbound,Bitcoin,2025-11-23T07:14:01.982690+00:00,2025-11-21T14:55:46+00:00,2025-11-23T07:14:01.982690+00:00,-0.45457470417022705,0.11689788103103638,0.5714725852012634,0.3116295337677002,positive,negative,neutral,0.11689788103103638,0.5714725852012634,0.3116295337677002,cointelegraph.com,"US authorities have reportedly launched an investigation into Bitmain, examining whether the Chinese ASIC manufacturer’s equipment contains remote-control features that could pose security risks.",Bitcoin ASIC producer Bitmain under US investigation over national security risks: Report,rss
6922b43a82c05455042c4d4e,https://cointelegraph.com/news/bitcoin-yen-canada-stablecoin-global-express?utm_source=rss_feed&utm_medium=rss%3FnoCache%3Dtrue%26_dc%3D1763881936123%26_refresh%3Dkzthz2%26_%3D1763881936123&utm_campaign=rss_partner_inbound,Bitcoin,2025-11-23T07:14:03.056555+00:00,2025-11-21T14:50:28+00:00,2025-11-23T07:14:03.056555+00:00,0.8568032197654247,0.897422194480896,0.04061897471547127,0.06195884197950363,positive,negative,neutral,0.897422194480896,0.04061897471547127,0.06195884197950363,cointelegraph.com,"Japan’s stimulus package has rocked markets and Bitcoin. Meanwhile, Canada’s 2025 budget has been approved, bringing clearer guidelines for stablecoin issuers.","Bitcoin drops as yen falls, Canada approves stablecoin rules: Global Express",rss
6922b43c82c05455042c4d4f,https://cointelegraph.com/news/bitcoin-realized-losses-reach-ftx-crash-levels?utm_source=rss_feed&utm_medium=rss%3FnoCache%3Dtrue%26_dc%3D1763881936123%26_refresh%3Dkzthz2%26_%3D1763881936123&utm_campaign=rss_partner_inbound,Bitcoin,2025-11-23T07:14:04.456612+00:00,2025-11-21T13:59:55+00:00,2025-11-23T07:14:04.456612+00:00,0.6010831743478775,0.7826943397521973,0.18161116540431976,0.03569447621703148,positive,negative,neutral,0.7826943397521973,0.18161116540431976,0.03569447621703148,cointelegraph.com,"Realized losses on Bitcoin have risen to levels last seen during the FTX crash, with short-term holders driving the capitulation, according to Glassnode.",Bitcoin realized losses rise to FTX crash levels: Where is the bottom?,rss
6922b43d82c05455042c4d50,https://cointelegraph.com/news/solana-xrp-etfs-defy-outflows?utm_source=rss_feed&utm_medium=rss%3FnoCache%3Dtrue%26_dc%3D1763881936123%26_refresh%3Dkzthz2%26_%3D1763881936123&utm_campaign=rss_partner_inbound,Bitcoin,2025-11-23T07:14:05.824092+00:00,2025-11-21T13:16:26+00:00,2025-11-23T07:14:05.824092+00:00,0.9181709382683039,0.9422025084495544,0.024031570181250572,0.03376584127545357,positive,negative,neutral,0.9422025084495544,0.024031570181250572,0.03376584127545357,cointelegraph.com,"Solana and XRP ETFs continue to attract steady inflows with no outflow days since launch, even as Bitcoin and Ether products trend deep into redemptions.","ETF altseason? Solana, XRP funds buck crypto’s market sell-off",rss
6922b4c882c05455042c4d66,https://freerepublic.com/focus/f-chat/4353980/posts,Bitcoin,2025-11-23T07:16:24.657695+00:00,2025-11-22T06:46:20+00:00,2025-11-23T12:54:00.030071+00:00,-0.005651995539665222,0.04071792587637901,0.046369921416044235,0.912912130355835,positive,negative,neutral,0.04071792587637901,0.046369921416044235,0.912912130355835,freerepublic.com,"Bridgewater founder Ray Dalio joins 'Squawk Box' to discuss concerns over an AI bubble, the history of economic bubbles, what investors can do in response to bubble fears, state of private credit market, problems around debt, his thoughts on bitcoin, and more…","Bridgewater founder Ray Dalio: We are definitely in a bubble, but that doesn't mean you should sell [9:10]",newsapi
6922b4cf82c05455042c4d67,https://biztoc.com/x/99554ed947dd8114,Bitcoin,2025-11-23T07:16:32.401017+00:00,2025-11-22T06:34:55+00:00,2025-11-23T12:54:06.609081+00:00,-0.26101624220609665,0.032833077013492584,0.29384931921958923,0.6733176112174988,positive,negative,neutral,0.032833077013492584,0.29384931921958923,0.6733176112174988,biztoc.com,"Bitcoin Greed & Fear Index Shows Extreme Pessimism, Tactical Bottom May Be Near: Analyst\nPeak fear suggests a tactical low may be near.\nWhat to know:\n-…","Price News: Tactical Bottom May Be Near, Greed & Fear Index Suggests",newsapi
6922b4d082c05455042c4d68,https://economictimes.indiatimes.com/markets/cryptocurrency/rich-dad-poor-dad-author-rober-kiyosakis-latest-wealth-move-involves-selling-bitcoin-whats-your-get-rich-plan/articleshow/125500697.cms,Bitcoin,2025-11-23T07:16:32.972338+00:00,2025-11-22T06:29:37+00:00,2025-11-23T12:54:07.153573+00:00,0.08882550243288279,0.10124687850475311,0.012421376071870327,0.8863317370414734,positive,negative,neutral,0.10124687850475311,0.012421376071870327,0.8863317370414734,economictimes.indiatimes.com,"Rich Dad Poor Dad author Robert Kiyosaki sold $2.25 million in Bitcoin, bought at $6,000 per coin, for approximately $90,000. He's reinvesting this into two surgery centers and a billboard business, expecting significant monthly income. Kiyosaki views this as…",Rich Dad Poor Dad author Rober Kiyosaki’s latest wealth move involves selling Bitcoin. What’s your ‘Get Rich’ plan?,newsapi
6922b50d82c05455042c4d71,https://www.thestreet.com/crypto/markets/crypto-stock-jumps-during-bitcoin-sell-off,Bitcoin,2025-11-23T07:17:33.798957+00:00,2025-11-21T22:53:07+00:00,2025-11-23T08:26:45.527993+00:00,-0.9609105121344328,0.014021443203091621,0.9749319553375244,0.01104661449790001,positive,negative,neutral,0.014021443203091621,0.9749319553375244,0.01104661449790001,www.thestreet.com,"Crypto-related equities remained under heavy pressure as Bitcoin (BTC) extended its November slide. Falling to a seven-month low near $85,065, down 2.2% over...","Mysterious stock surged 2,600% despite Bitcoin’s crash",newsapi
6922b53982c05455042c4d78,https://economictimes.indiatimes.com/markets/cryptocurrency/bitcoin-hits-seven-month-low-tumbles-below-82000-whats-next-for-investors/articleshow/125501349.cms,Bitcoin,2025-11-23T07:18:17.993415+00:00,2025-11-22T07:17:55+00:00,2025-11-23T12:55:08.323076+00:00,-0.954958283342421,0.01297453697770834,0.9679328203201294,0.019092708826065063,positive,negative,neutral,0.01297453697770834,0.9679328203201294,0.019092708826065063,economictimes.indiatimes.com,"Bitcoin plunged to a seven-month low near $80,000, mirroring a broader market retreat from riskier assets due to stretched tech valuations and interest rate uncertainty. Analysts warn of steeper losses if the $82,000 support breaks, though some see signs of d…","Bitcoin hits seven-month low, tumbles below $82,000. What’s next for investors?",newsapi
6922c43882c05455042c4faf,https://cointelegraph.com/news/crypto-dispensers-explores-100m-sale-after-ceo-indictment?utm_source=rss_feed&utm_medium=rss&utm_campaign=rss_partner_inbound,Bitcoin,2025-11-23T08:22:17.017769+00:00,2025-11-23T07:11:12+00:00,2025-11-23T12:49:36.981312+00:00,0.21394812129437923,0.24020078778266907,0.026252666488289833,0.7335465550422668,positive,negative,neutral,0.24020078778266907,0.026252666488289833,0.7335465550422668,cointelegraph.com,Crypto Dispensers is exploring a $100 million sale as CEO Firas Isa faces federal charges alleging a $10M money laundering scheme through the company’s Bitcoin ATMs.,Bitcoin ATM firm explores $100M sale following CEO’s federal indictment,rss
6922c43982c05455042c4fb0,https://cointelegraph.com/news/crypto-market-euphoria-lacking-major-capitulation-lyn-alden-economist?utm_source=rss_feed&utm_medium=rss&utm_campaign=rss_partner_inbound,Bitcoin,2025-11-23T08:22:18.138018+00:00,2025-11-23T04:58:34+00:00,2025-11-23T12:49:37.749099+00:00,-0.15755699574947357,0.06995254755020142,0.227509543299675,0.7025379538536072,positive,negative,neutral,0.06995254755020142,0.227509543299675,0.7025379538536072,cointelegraph.com,Macroeconomist Lyn Alden said during a podcast interview on What Bitcoin Did that conditions suggest a less likely chance of a “major capitulation.”,Crypto conditions signal unlikely chance of ‘major capitulation’: Lyn Alden,rss
6922c4dd82c05455042c4fc7,https://community.wolfram.com/groups/-/m/t/3579903,Bitcoin,2025-11-23T08:25:01.660643+00:00,2025-11-22T07:47:42+00:00,2025-11-23T12:52:40.254032+00:00,0.2684529619291425,0.27666857838630676,0.008215616457164288,0.7151158452033997,positive,negative,neutral,0.27666857838630676,0.008215616457164288,0.7151158452033997,community.wolfram.com,"Email: autopsymainnetrecovery@autopsy.co.site\r\nWebsite: https://autospyrec.site\r\nWhatsApp (24/7 Support): +44 758 601 9698\r\nAutopsy Mainnet Recovery [AMR]: The Best, Most Legitimate, Verified, Legalized, and Reliable Crypto Recovery Company in the World\r\nAs d…",HOW TO RETRIEVE STOLEN BITCOIN - RECOVER MONEY FROM BINARY TRADING VISIT AUTOPSY MAINNET RECOVERY,newsapi
6922c4e982c05455042c4fca,https://cointelegraph.com/news/ark-invest-boosts-bullish-bitmine-circle-btc-etfs,Bitcoin,2025-11-23T08:25:14.256816+00:00,2025-11-22T07:31:35+00:00,2025-11-23T12:52:56.748021+00:00,0.8813210912048817,0.9133500456809998,0.03202895447611809,0.05462099239230156,positive,negative,neutral,0.9133500456809998,0.03202895447611809,0.05462099239230156,cointelegraph.com,"ARK Invest closed the week with fresh buys across Bullish, BitMine, Circle, Robinhood and Bitcoin ETFs, even as spot BTC ETFs posted nearly $1 billion in outflows.","ARK Invest wraps up week with Bitcoin ETF, Bullish, Circle, BitMine buys",newsapi
6922c55c82c05455042c4fda,http://www.newsbtc.com/news/analyst-says-its-time-to-rethink-altcoins-and-alt-season-expectations-heres-why/,Ethereum,2025-11-23T08:27:09.184307+00:00,2025-11-22T08:00:48+00:00,2025-11-23T12:57:27.577365+00:00,-0.73572613671422,0.051431458443403244,0.7871575951576233,0.16141101717948914,positive,negative,neutral,0.051431458443403244,0.7871575951576233,0.16141101717948914,www.newsbtc.com,"As most altcoins lose crucial levels, some have suggested that investors must reshape their expectations of the crypto market this cycle.",Analyst Says It’s Time To Rethink Altcoins And Alt Season Expectations – Here’s Why,newsapi
6922c55e82c05455042c4fdc,https://www.sciencedaily.com/releases/2025/11/251122020204.htm,Ethereum,2025-11-23T08:27:10.771637+00:00,2025-11-22T07:37:56+00:00,2025-11-23T12:55:02.055123+00:00,0.0021263770759105682,0.051530495285987854,0.049404118210077286,0.899065375328064,positive,negative,neutral,0.051530495285987854,0.049404118210077286,0.899065375328064,www.sciencedaily.com,"Scientists discovered that deep earthquake faults can heal far faster than expected, sometimes within hours. Slow slip events in Cascadia reveal repeated fault movements that only make sense if the fault quickly regains strength. Lab experiments show that mineral grains can weld together under intense heat and pressure, acting like a natural glue. This rapid cohesion may be a missing factor in earthquake modeling.",Rapid fault healing could rewrite earthquake physics,newsapi
6922e1fc82c05455042c554c,https://cointelegraph.com/news/zcash-splitting-the-vote-bitcoin-balchunas-warning?utm_source=rss_feed&utm_medium=rss%3F_refresh%3D4qvgtj%26timestamp%3D1763893458373%26noCache%3Dtrue&utm_campaign=rss_partner_inbound,Bitcoin,2025-11-23T10:29:15.983500+00:00,2025-11-23T10:14:33+00:00,2025-11-23T10:29:15.983500+00:00,-0.9103477299213409,0.022652417421340942,0.9330001473426819,0.044347476214170456,positive,negative,neutral,0.022652417421340942,0.9330001473426819,0.044347476214170456,cointelegraph.com,"Bloomberg analyst Eric Balchunas warns Zcash could split support away from Bitcoin as critics claim artificial hype, while the Winklevoss twins launch a Zcash treasury venture.","Zcash risks ‘splitting the vote’ against Bitcoin, Bloomberg ETF analyst warns",rss
6922e1fd82c05455042c554d,https://cointelegraph.com/news/crypto-dispensers-explores-100m-sale-after-ceo-indictment?utm_source=rss_feed&utm_medium=rss%3F_refresh%3D4qvgtj%26timestamp%3D1763893458373%26noCache%3Dtrue&utm_campaign=rss_partner_inbound,Bitcoin,2025-11-23T10:29:17.130605+00:00,2025-11-23T07:11:12+00:00,2025-11-23T10:29:17.130605+00:00,0.21394812129437923,0.24020078778266907,0.026252666488289833,0.7335465550422668,positive,negative,neutral,0.24020078778266907,0.026252666488289833,0.7335465550422668,cointelegraph.com,Crypto Dispensers is exploring a $100 million sale as CEO Firas Isa faces federal charges alleging a $10M money laundering scheme through the company’s Bitcoin ATMs.,Bitcoin ATM firm explores $100M sale following CEO’s federal indictment,rss
6922e1fe82c05455042c554e,https://cointelegraph.com/news/crypto-market-euphoria-lacking-major-capitulation-lyn-alden-economist?utm_source=rss_feed&utm_medium=rss%3F_refresh%3D4qvgtj%26timestamp%3D1763893458373%26noCache%3Dtrue&utm_campaign=rss_partner_inbound,Bitcoin,2025-11-23T10:29:18.167930+00:00,2025-11-23T04:58:34+00:00,2025-11-23T10:29:18.167930+00:00,-0.15755699574947357,0.06995254755020142,0.227509543299675,0.7025379538536072,positive,negative,neutral,0.06995254755020142,0.227509543299675,0.7025379538536072,cointelegraph.com,Macroeconomist Lyn Alden said during a podcast interview on What Bitcoin Did that conditions suggest a less likely chance of a “major capitulation.”,Crypto conditions signal unlikely chance of ‘major capitulation’: Lyn Alden,rss
6922e20082c05455042c554f,https://cointelegraph.com/news/blackrock-bitcoin-clients-global-payment-case-digital-gold?utm_source=rss_feed&utm_medium=rss%3F_refresh%3D4qvgtj%26timestamp%3D1763893458373%26noCache%3Dtrue&utm_campaign=rss_partner_inbound,Bitcoin,2025-11-23T10:29:19.314155+00:00,2025-11-23T01:06:43+00:00,2025-11-23T10:29:19.314155+00:00,-0.16613943874835968,0.175053671002388,0.3411931097507477,0.4837532341480255,positive,negative,neutral,0.175053671002388,0.3411931097507477,0.4837532341480255,cointelegraph.com,"BlackRock’s head of digital assets, Robbie Mitchnick, said in a podcast published on Friday that Bitcoin’s global payment network case is “out-of-the-money-option-value upside” for the firm’s clients.",BlackRock’s Bitcoin clients aren’t ‘underwriting’ the case for global payments,rss
6922e20182c05455042c5550,https://cointelegraph.com/news/what-happened-in-crypto-today?utm_source=rss_feed&utm_medium=rss%3F_refresh%3D4qvgtj%26timestamp%3D1763893458373%26noCache%3Dtrue&utm_campaign=rss_partner_inbound,Bitcoin,2025-11-23T10:29:20.947939+00:00,2025-11-22T22:31:21+00:00,2025-11-23T10:29:20.947939+00:00,-0.20459673553705215,0.09190105646848679,0.29649779200553894,0.6116011738777161,positive,negative,neutral,0.09190105646848679,0.29649779200553894,0.6116011738777161,cointelegraph.com,"Today in crypto: BlackRock's clients are not factoring Bitcoin as a payment network, Peter Schiff says OG's selling to weak hands will worsen future crashes, a Solo Bitcoin miner wins $266,000.",Here’s what happened in crypto today,rss
6922e20282c05455042c5551,https://cointelegraph.com/news/bitcoin-og-selling-weak-hand-deep-selloff-schiff?utm_source=rss_feed&utm_medium=rss%3F_refresh%3D4qvgtj%26timestamp%3D1763893458373%26noCache%3Dtrue&utm_campaign=rss_partner_inbound,Bitcoin,2025-11-23T10:29:21.830562+00:00,2025-11-22T22:15:52+00:00,2025-11-23T10:29:21.830562+00:00,-0.9115657266229391,0.01747184433043003,0.9290375709533691,0.053490642458200455,positive,negative,neutral,0.01747184433043003,0.9290375709533691,0.053490642458200455,cointelegraph.com,Long-time Bitcoin critic and gold advocate Peter Schiff says Bitcoin rotating from long-term holders to new investors will make future crashes worse.,Bitcoin OG's selling to 'weak' hands will deepen selloffs: Peter Schiff,rss
6922e20582c05455042c5552,https://cointelegraph.com/news/spot-crypto-etfs-rebound-as-bitcoin-pulls-238m-and-ether-snaps-outflow-streak?utm_source=rss_feed&utm_medium=rss%3F_refresh%3D4qvgtj%26timestamp%3D1763893458373%26noCache%3Dtrue&utm_campaign=rss_partner_inbound,Bitcoin,2025-11-23T10:29:24.314826+00:00,2025-11-22T12:46:32+00:00,2025-11-23T10:29:24.314826+00:00,0.7189920991659164,0.8413471579551697,0.12235505878925323,0.0362977497279644,positive,negative,neutral,0.8413471579551697,0.12235505878925323,0.0362977497279644,cointelegraph.com,"Spot Bitcoin ETFs saw $238 million in inflows on Friday after a major sell-off, while Ether funds snapped an eight-day outflow streak and Solana ETFs extended their inflow run to ten days.",Spot Bitcoin ETFs pull $238M as Ether funds snap 8-day outflow streak,rss
6922e20582c05455042c5553,https://cointelegraph.com/news/solo-bitcoin-miner-wins-266k-after-beating-million-to-one-odds?utm_source=rss_feed&utm_medium=rss%3F_refresh%3D4qvgtj%26timestamp%3D1763893458373%26noCache%3Dtrue&utm_campaign=rss_partner_inbound,Bitcoin,2025-11-23T10:29:25.224832+00:00,2025-11-22T10:27:36+00:00,2025-11-23T10:29:25.224832+00:00,0.897397743538022,0.9169237613677979,0.01952601782977581,0.06355021893978119,positive,negative,neutral,0.9169237613677979,0.01952601782977581,0.06355021893978119,cointelegraph.com,"A hobbyist miner with just 1.2 TH/s beat million-to-one odds to earn 3.146 BTC, worth roughly $266,000, as solo mining wins continue to rise in 2025.",‘Extremely lucky’ solo Bitcoin miner beats massive odds to win $266K,rss
6922e20782c05455042c5554,https://cointelegraph.com/news/ark-invest-boosts-bullish-bitmine-circle-btc-etfs?utm_source=rss_feed&utm_medium=rss%3F_refresh%3D4qvgtj%26timestamp%3D1763893458373%26noCache%3Dtrue&utm_campaign=rss_partner_inbound,Bitcoin,2025-11-23T10:29:26.959128+00:00,2025-11-22T07:31:35+00:00,2025-11-23T10:29:26.959128+00:00,0.8813210912048817,0.9133500456809998,0.03202895447611809,0.05462099239230156,positive,negative,neutral,0.9133500456809998,0.03202895447611809,0.05462099239230156,cointelegraph.com,"ARK Invest closed the week with fresh buys across Bullish, BitMine, Circle, Robinhood and Bitcoin ETFs, even as spot BTC ETFs posted nearly $1 billion in outflows.","ARK Invest wraps up week with Bitcoin ETF, Bullish, Circle, BitMine buys",rss
6922e20882c05455042c5557,https://cointelegraph.com/news/bitcoin-sovereign-adoption-upside-candle-catalyst-jeff-park?utm_source=rss_feed&utm_medium=rss%3F_refresh%3D4qvgtj%26timestamp%3D1763893458373%26noCache%3Dtrue&utm_campaign=rss_partner_inbound,Bitcoin,2025-11-23T10:29:28.031202+00:00,2025-11-22T02:14:35+00:00,2025-11-23T10:29:28.031202+00:00,0.3316666018217802,0.3416951894760132,0.010028587654232979,0.6482762694358826,positive,negative,neutral,0.3416951894760132,0.010028587654232979,0.6482762694358826,cointelegraph.com,"ProCap’s Jeff Park said during a podcast interview published to YouTube on Thursday that sovereign adoption would be the catalyst that pushes Bitcoin to $150,000 overnight.",Sovereign Bitcoin adoption would be the ultimate upside catalyst: Jeff Park,rss
6922e20982c05455042c5558,https://cointelegraph.com/news/bitcoiners-us-federal-reserve-rate-cut-odds-surge-december-btc-price?utm_source=rss_feed&utm_medium=rss%3F_refresh%3D4qvgtj%26timestamp%3D1763893458373%26noCache%3Dtrue&utm_campaign=rss_partner_inbound,Bitcoin,2025-11-23T10:29:29.118469+00:00,2025-11-22T00:01:07+00:00,2025-11-23T10:29:29.118469+00:00,0.9191466923803091,0.9469860792160034,0.027839386835694313,0.025174617767333984,positive,negative,neutral,0.9469860792160034,0.027839386835694313,0.025174617767333984,cointelegraph.com,"On Friday, the odds of an interest rate cut at the December FOMC meeting nearly doubled to 71.5%, prompting Bitcoiners to anticipate a potentially positive impact on the asset’s price.",Bitcoiners perk up as odds of a December Fed rate cut almost double,rss
6922e20a82c05455042c5559,https://cointelegraph.com/news/rich-dad-poor-dad-robert-kiyosaki-sells-btc?utm_source=rss_feed&utm_medium=rss%3F_refresh%3D4qvgtj%26timestamp%3D1763893458373%26noCache%3Dtrue&utm_campaign=rss_partner_inbound,Bitcoin,2025-11-23T10:29:30.144604+00:00,2025-11-21T22:01:51+00:00,2025-11-23T10:29:30.136583+00:00,0.033883729949593544,0.05309499427676201,0.019211264327168465,0.927693784236908,positive,negative,neutral,0.05309499427676201,0.019211264327168465,0.927693784236908,cointelegraph.com,"Robert Kiyosaki, investor and author of ""Rich Dad, Poor Dad,"" announced on Friday that he sold his BTC and will invest the profits in cash-flowing businesses.","‘Rich Dad, Poor Dad’ author and Bitcoin bull Robert Kiyosaki sells his BTC",rss
6922e20b82c05455042c555b,https://cointelegraph.com/news/eth-futures-data-forecasts-bounce-to-dollar3-2k?utm_source=rss_feed&utm_medium=rss%3F_refresh%3D4qvgtj%26timestamp%3D1763893458373%26noCache%3Dtrue&utm_campaign=rss_partner_inbound,Ethereum,2025-11-23T10:29:31.253339+00:00,2025-11-21T22:00:00+00:00,2025-11-23T10:29:31.253339+00:00,-0.9111920222640038,0.035483457148075104,0.9466754794120789,0.017841121181845665,positive,negative,neutral,0.035483457148075104,0.9466754794120789,0.017841121181845665,cointelegraph.com,"ETH derivatives positioning shows pro traders adding long exposure, despite the ongoing weakness and 4-month low in Ether price.","ETH price drops to 4-month low, but Ether futures data hints at $3.2K bounce",rss
6922e20d82c05455042c555c,https://cointelegraph.com/news/coinbase-solana-dex-vector?utm_source=rss_feed&utm_medium=rss%3F_refresh%3D4qvgtj%26timestamp%3D1763893458373%26noCache%3Dtrue&utm_campaign=rss_partner_inbound,Solana,2025-11-23T10:29:33.009830+00:00,2025-11-21T20:24:40+00:00,2025-11-23T10:29:33.009830+00:00,0.559338266029954,0.5849997997283936,0.025661533698439598,0.3893387019634247,positive,negative,neutral,0.5849997997283936,0.025661533698439598,0.3893387019634247,cointelegraph.com,"Following other significant purchases in 2025, Coinbase said the acquisition of Vector was part of its strategy to become an  “everything exchange.”",Coinbase ’doubles down’ on Solana with latest DEX acquisition,rss
6922e20e82c05455042c555d,https://cointelegraph.com/news/btc-etf-outflows-rebalancing-not-institutional-flight?utm_source=rss_feed&utm_medium=rss%3F_refresh%3D4qvgtj%26timestamp%3D1763893458373%26noCache%3Dtrue&utm_campaign=rss_partner_inbound,Bitcoin,2025-11-23T10:29:34.151954+00:00,2025-11-21T20:05:26+00:00,2025-11-23T10:29:34.151954+00:00,-0.9183297920972109,0.022298498079180717,0.9406282901763916,0.03707320988178253,positive,negative,neutral,0.022298498079180717,0.9406282901763916,0.03707320988178253,cointelegraph.com,The record outflows from Bitcoin exchange-traded funds (ETFs) in November reflect a short-term downtrend and not a long-term decline or shift in demand.,"BTC ETF outflows are 'tactical rebalancing,' not institutional flight: Analysts",rss
6922e20f82c05455042c555e,https://cointelegraph.com/news/bitcoin-s-death-cross-confirmation-signals-start-of-btc-bear-market?utm_source=rss_feed&utm_medium=rss%3F_refresh%3D4qvgtj%26timestamp%3D1763893458373%26noCache%3Dtrue&utm_campaign=rss_partner_inbound,Bitcoin,2025-11-23T10:29:35.172488+00:00,2025-11-21T19:49:25+00:00,2025-11-23T10:29:35.172488+00:00,-0.7485342472791672,0.04667963087558746,0.7952138781547546,0.15810655057430267,positive,negative,neutral,0.04667963087558746,0.7952138781547546,0.15810655057430267,cointelegraph.com,"Bitcoin’s death cross is complete, suggesting that the market may be at the start of a bear market if other BTC price metrics also indicate a bearish confluence.",Bitcoin’s death cross confirmation may mean BTC is officially in a bear market,rss
6922e21182c05455042c555f,https://cointelegraph.com/news/bitcoin-rout-crypto-treasuries-reckoning-finance-redefined?utm_source=rss_feed&utm_medium=rss%3F_refresh%3D4qvgtj%26timestamp%3D1763893458373%26noCache%3Dtrue&utm_campaign=rss_partner_inbound,Bitcoin,2025-11-23T10:29:36.916328+00:00,2025-11-21T19:00:00+00:00,2025-11-23T10:29:36.916328+00:00,-0.9563699029386044,0.013869140297174454,0.9702390432357788,0.015891890972852707,positive,negative,neutral,0.013869140297174454,0.9702390432357788,0.015891890972852707,cointelegraph.com,"Bitmine’s $3.7 billion paper loss and falling NAV are raising concerns for crypto treasury firms, making it difficult for DATs to raise new capital for digital asset acquisitions.",Bitcoin rout continues as crypto treasuries face reckoning: Finance Redefined,rss
6922e21382c05455042c5560,https://cointelegraph.com/news/bitcoin-s-fastest-bear-market-hides-potentially-positive-year-end-outcome-for-btc?utm_source=rss_feed&utm_medium=rss%3F_refresh%3D4qvgtj%26timestamp%3D1763893458373%26noCache%3Dtrue&utm_campaign=rss_partner_inbound,Bitcoin,2025-11-23T10:29:38.981670+00:00,2025-11-21T18:55:37+00:00,2025-11-23T10:29:38.981670+00:00,-0.6199595332145691,0.17867857217788696,0.798638105392456,0.022683238610625267,positive,negative,neutral,0.17867857217788696,0.798638105392456,0.022683238610625267,cointelegraph.com,"BTC’s steepest drawdown since 2022 triggered $1 billion in liquidations, but a rare macroeconomic liquidity signal now hints at a four-to-six week bullish reversal window.",Bitcoin’s ‘fastest bear market’ hides potentially positive year-end outcome for BTC,rss
6922e21482c05455042c5561,https://cointelegraph.com/news/price-predictions-11-21-btc-eth-xrp-bnb-sol-doge-ada-hype-zec-bch?utm_source=rss_feed&utm_medium=rss%3F_refresh%3D4qvgtj%26timestamp%3D1763893458373%26noCache%3Dtrue&utm_campaign=rss_partner_inbound,Bitcoin,2025-11-23T10:29:40.130985+00:00,2025-11-21T18:04:55+00:00,2025-11-23T10:29:40.130985+00:00,-0.9540400896221399,0.011584421619772911,0.9656245112419128,0.02279096655547619,positive,negative,neutral,0.011584421619772911,0.9656245112419128,0.02279096655547619,cointelegraph.com,"Bitcoin’s weakness has accelerated selling in several major altcoins, causing them to fall below their support levels. Is the worst of the selling over?","Price predictions 11/21: BTC, ETH, XRP, BNB, SOL, DOGE, ADA, HYPE, ZEC, BCH",rss
6922e21682c05455042c5562,https://cointelegraph.com/news/bitmine-2026-eth-staking-market-meltdown?utm_source=rss_feed&utm_medium=rss%3F_refresh%3D4qvgtj%26timestamp%3D1763893458373%26noCache%3Dtrue&utm_campaign=rss_partner_inbound,Ethereum,2025-11-23T10:29:42.114759+00:00,2025-11-21T17:40:56+00:00,2025-11-23T10:29:42.114759+00:00,0.8015463529154658,0.8137311339378357,0.012184781022369862,0.17408408224582672,positive,negative,neutral,0.8137311339378357,0.012184781022369862,0.17408408224582672,cointelegraph.com,"Crypto treasury company BitMine announced plans to develop infrastructure to stake its ETH holdings and generate revenue, targeting a Q1 2026 launch.",BitMine announces 2026 ETH staking plans as market melts down,rss
6922e21982c05455042c5565,https://cointelegraph.com/news/crypto-biz-is-this-bear-market-spoiler-no?utm_source=rss_feed&utm_medium=rss%3F_refresh%3D4qvgtj%26timestamp%3D1763893458373%26noCache%3Dtrue&utm_campaign=rss_partner_inbound,Bitcoin,2025-11-23T10:29:44.735298+00:00,2025-11-21T16:13:08+00:00,2025-11-23T10:29:44.735298+00:00,0.07274991646409035,0.11252664774656296,0.03977673128247261,0.8476966023445129,positive,negative,neutral,0.11252664774656296,0.03977673128247261,0.8476966023445129,cointelegraph.com,"As Bitcoin tumbles below $90,000, Republic bets $100 million on Ether, Strategy buys 8,178 BTC, Tether pushes into trade finance and Kraken files for an IPO.",Crypto Biz: Is this what a bear market looks like? (Spoiler: No),rss
6922e21a82c05455042c5566,https://cointelegraph.com/news/bitcoin-asic-producer-bitmain-faces-us-probe-over-national-security-risks-bloomberg?utm_source=rss_feed&utm_medium=rss%3F_refresh%3D4qvgtj%26timestamp%3D1763893458373%26noCache%3Dtrue&utm_campaign=rss_partner_inbound,Bitcoin,2025-11-23T10:29:45.764030+00:00,2025-11-21T14:55:46+00:00,2025-11-23T10:29:45.764030+00:00,-0.45457470417022705,0.11689788103103638,0.5714725852012634,0.3116295337677002,positive,negative,neutral,0.11689788103103638,0.5714725852012634,0.3116295337677002,cointelegraph.com,"US authorities have reportedly launched an investigation into Bitmain, examining whether the Chinese ASIC manufacturer’s equipment contains remote-control features that could pose security risks.",Bitcoin ASIC producer Bitmain under US investigation over national security risks: Report,rss
6922e21b82c05455042c5567,https://cointelegraph.com/news/bitcoin-yen-canada-stablecoin-global-express?utm_source=rss_feed&utm_medium=rss%3F_refresh%3D4qvgtj%26timestamp%3D1763893458373%26noCache%3Dtrue&utm_campaign=rss_partner_inbound,Bitcoin,2025-11-23T10:29:46.831969+00:00,2025-11-21T14:50:28+00:00,2025-11-23T10:29:46.831969+00:00,0.8568032197654247,0.897422194480896,0.04061897471547127,0.06195884197950363,positive,negative,neutral,0.897422194480896,0.04061897471547127,0.06195884197950363,cointelegraph.com,"Japan’s stimulus package has rocked markets and Bitcoin. Meanwhile, Canada’s 2025 budget has been approved, bringing clearer guidelines for stablecoin issuers.","Bitcoin drops as yen falls, Canada approves stablecoin rules: Global Express",rss
6922e21c82c05455042c5568,https://cointelegraph.com/news/bitcoin-realized-losses-reach-ftx-crash-levels?utm_source=rss_feed&utm_medium=rss%3F_refresh%3D4qvgtj%26timestamp%3D1763893458373%26noCache%3Dtrue&utm_campaign=rss_partner_inbound,Bitcoin,2025-11-23T10:29:48.011747+00:00,2025-11-21T13:59:55+00:00,2025-11-23T10:29:48.011747+00:00,0.6010831743478775,0.7826943397521973,0.18161116540431976,0.03569447621703148,positive,negative,neutral,0.7826943397521973,0.18161116540431976,0.03569447621703148,cointelegraph.com,"Realized losses on Bitcoin have risen to levels last seen during the FTX crash, with short-term holders driving the capitulation, according to Glassnode.",Bitcoin realized losses rise to FTX crash levels: Where is the bottom?,rss
6922e27f82c05455042c557c,https://cryptoslate.com/no-new-corporate-btc-treasuries-since-sep-18-buyers-vanish-as-miners-sell/,Bitcoin,2025-11-23T10:31:26.712381+00:00,2025-11-22T10:30:58+00:00,2025-11-23T12:51:57.866300+00:00,-0.08583611249923706,0.045792609453201294,0.13162872195243835,0.8225786685943604,positive,negative,neutral,0.045792609453201294,0.13162872195243835,0.8225786685943604,cryptoslate.com,The treasuries pipeline is quiet. We unpack Strategy’s big add and miner balance moves to explain the market signal.,We’ve had 2 months without a single new company buying Bitcoin – Why is it so quiet?,newsapi
6922e28182c05455042c557f,https://cointelegraph.com/news/solo-bitcoin-miner-wins-266k-after-beating-million-to-one-odds,Bitcoin,2025-11-23T10:31:28.367100+00:00,2025-11-22T10:27:36+00:00,2025-11-23T12:51:59.704000+00:00,0.897397743538022,0.9169237613677979,0.01952601782977581,0.06355021893978119,positive,negative,neutral,0.9169237613677979,0.01952601782977581,0.06355021893978119,cointelegraph.com,"A hobbyist miner with just 1.2 TH/s beat million-to-one odds to earn 3.146 BTC, worth roughly $266,000, as solo mining wins continue to rise in 2025.",‘Extremely lucky’ solo Bitcoin miner beats massive odds to win $266K,newsapi
6922e28282c05455042c5580,https://ahouseinthehills.com/best-solana-betting-site-2025-why-toshi-bet-dominates/,Solana,2025-11-23T10:31:29.807489+00:00,2025-11-22T10:17:49+00:00,2025-11-23T12:57:23.149219+00:00,0.08169562742114067,0.09834941476583481,0.016653787344694138,0.8849968314170837,positive,negative,neutral,0.09834941476583481,0.016653787344694138,0.8849968314170837,ahouseinthehills.com,"Hey Solana stakers and crypto betters – if you’re searching for the best Solana betting site in 2025, then you found it. Welcome to the Toshi.bet dojo. We here at Toshi.bet are Solana specialists with years in crypto betting experience. Back in 2023, we had our first SOL deposit and people have been hooked since....",Best Solana Betting Site 2025: Why Toshi.bet Dominates,newsapi
6922e28682c05455042c5581,http://www.newsbtc.com/news/bitcoin/kiyosaki-dumps-bitcoin-at-90k-after-predicting-a-250k-moonshot-heres-why/,Bitcoin,2025-11-23T10:31:33.564892+00:00,2025-11-22T09:30:58+00:00,2025-11-23T12:52:02.803651+00:00,-0.0047493502497673035,0.048777736723423004,0.05352708697319031,0.8976951837539673,positive,negative,neutral,0.048777736723423004,0.05352708697319031,0.8976951837539673,www.newsbtc.com,"Robert Kiyosaki has moved a chunk of his Bitcoin into businesses that pay him now. Reports have disclosed he sold roughly $2.25 million worth of Bitcoin,",Kiyosaki Dumps Bitcoin At $90K After Predicting A $250K Moonshot – Here’s Why,newsapi
6922e28982c05455042c5582,https://bitcoinist.com/saylor-responds-strategy-exclusion-from-key-indices/,Bitcoin,2025-11-23T10:31:37.132922+00:00,2025-11-22T09:00:38+00:00,2025-11-23T12:52:03.609225+00:00,-0.9031405132263899,0.016629131510853767,0.9197696447372437,0.0636013001203537,positive,negative,neutral,0.016629131510853767,0.9197696447372437,0.0636013001203537,bitcoinist.com,Strategy is facing heightened scrutiny regarding its potential exclusion from major indices such as MSCI USA and the Nasdaq 100.,Saylor Responds To Strategy’s Potential Exclusion From Key Indices Amid Bitcoin’s 30% Plunge,newsapi
6922e28b82c05455042c5583,https://ambcrypto.com/this-strategic-move-by-bitmines-bmnr-can-put-ethereum-dats-over-bitcoin/,Bitcoin,2025-11-23T10:31:39.059742+00:00,2025-11-22T09:00:03+00:00,2025-11-23T12:54:58.453917+00:00,0.9233501926064491,0.935192883014679,0.011842690408229828,0.05296441167593002,positive,negative,neutral,0.935192883014679,0.011842690408229828,0.05296441167593002,ambcrypto.com,"BMNR leads the way in crypto with a $0.01 dividend, strategic ETH staking plans, and positioning for institutional capital amid MSCI review.",THIS strategic move by BitMine’s BMNR can put Ethereum DATs over Bitcoin,newsapi
6922e28d82c05455042c5584,https://blockspace.media/insight/bitcoin-mining-news-hashprice-plunges-to-new-low-166-gw-load-forecast-and-ciphers-830m-fluidstack-extension/,Bitcoin,2025-11-23T10:31:41.208518+00:00,2025-11-22T09:00:00+00:00,2025-11-23T12:52:08.051896+00:00,-0.9327350910753012,0.02118193544447422,0.9539170265197754,0.024900969117879868,positive,negative,neutral,0.02118193544447422,0.9539170265197754,0.024900969117879868,blockspace.media,"This week in bitcoin mining news, hashprice hits an all-time low and Cipher extends its Fluidstack AI deal.","Bitcoin mining news: Hashprice plunges to new low, 166 GW load forecast, and Cipher’s $830M Fluidstack extension",newsapi
6922e28e82c05455042c5585,https://cryptonews.com/news/bitcoin-eyes-rebound-as-december-fed-cut-odds-soar-analyst/,Bitcoin,2025-11-23T10:31:41.568174+00:00,2025-11-22T08:23:25+00:00,2025-11-23T12:52:08.360825+00:00,0.8006396293640137,0.8882241249084473,0.0875844955444336,0.024191366508603096,positive,negative,neutral,0.8882241249084473,0.0875844955444336,0.024191366508603096,cryptonews.com,Bitcoin traders turned noticeably more optimistic on Friday after the probability of a US Federal Reserve rate cut in December nearly doubled within 24 hours...,Bitcoin Eyes Rebound as December Fed Cut Odds Soar: Analyst,newsapi
6922e2b682c05455042c5595,https://finance.yahoo.com/news/mixed-analyst-calls-highlight-coinbase-073012385.html,Bitcoin,2025-11-23T10:32:21.740198+00:00,2025-11-22T07:30:12+00:00,2025-11-23T12:55:04.912648+00:00,-0.9566879197955132,0.009111352264881134,0.9657992720603943,0.025089383125305176,positive,negative,neutral,0.009111352264881134,0.9657992720603943,0.025089383125305176,finance.yahoo.com,"Coinbase Global Inc. (NASDAQ:COIN) is one of the best cryptocurrency stocks to buy for the long term. On November 20, Erste Group cut its rating on Coinbase Global Inc. (NASDAQ:COIN) from Buy to Hold, arguing that the growing popularity of low-fee Bitcoin ETFs could chip away at one of the company’s most important revenue sources. […]",Mixed Analyst Calls Highlight Coinbase’s (COIN) Challenges and Opportunities,newsapi
6922e2c082c05455042c5599,https://finance.yahoo.com/news/riot-platforms-inc-riot-shifts-073007389.html,Bitcoin,2025-11-23T10:32:31.317286+00:00,2025-11-22T07:30:07+00:00,2025-11-23T12:53:10.460518+00:00,0.8036707947030663,0.8126354813575745,0.008964686654508114,0.17839983105659485,positive,negative,neutral,0.8126354813575745,0.008964686654508114,0.17839983105659485,finance.yahoo.com,"Riot Platforms, Inc. (NASDAQ:RIOT) is one of the best cryptocurrency stocks to buy for the long term. On November 19, Citizens initiated coverage on Riot Platforms (NASDAQ:RIOT) with a Market Outperform rating and a $25 price target. The firm pointed to Riot’s shift from pure bitcoin mining to a broader data-center model, supported by third-quarter […]","Riot Platforms, Inc. (RIOT) Shifts Toward HPC Growth, Analysts Stay Bullish",newsapi
6922e2c282c05455042c559a,https://finance.yahoo.com/news/mara-holdings-inc-mara-bounces-073005629.html,Bitcoin,2025-11-23T10:32:34.239814+00:00,2025-11-22T07:30:05+00:00,2025-11-23T12:53:13.366930+00:00,0.9358901008963585,0.9530863761901855,0.017196275293827057,0.029717372730374336,positive,negative,neutral,0.9530863761901855,0.017196275293827057,0.029717372730374336,finance.yahoo.com,"MARA Holdings Inc. (NASDAQ:MARA) is one of the best cryptocurrency stocks to buy for the long term. On November 17, Bernstein maintained a Hold rating on MARA Holdings Inc. (NASDAQ:MARA) with a $23 price target. Earlier on November 4, MARA Holdings Inc. delivered solid third-quarter results, characterized by a 92% year-over-year increase in revenue to […]","MARA Holdings, Inc. (MARA) Bounces to Profitability on Bitcoin Surge and Expansion into AI Market",newsapi
6922e2c982c05455042c559b,https://finance.yahoo.com/news/bit-digital-inc-btbt-posts-073002946.html,Ethereum,2025-11-23T10:32:40.789661+00:00,2025-11-22T07:30:02+00:00,2025-11-23T12:55:07.860137+00:00,0.9338135588914156,0.9509372115135193,0.01712365262210369,0.03193911164999008,positive,negative,neutral,0.9509372115135193,0.01712365262210369,0.03193911164999008,finance.yahoo.com,"Bit Digital Inc. (NASDAQ:BTBT) is one of the best cryptocurrency stocks to buy for the long term. On November 17, analysts at H.C. Wainwright reiterated a Buy rating on Bit Digital Inc. (NASDAQ:BTBT) and set a $7 price target, impressed by the company’s third-quarter results. The company posted a 33% increase in revenue to $30.5 million, […]","Bit Digital, Inc. (BTBT) Posts Solid Q3 Results amid ETH Staking Milestone",newsapi
6922e2cc82c05455042c559e,https://finance.yahoo.com/news/strategy-inc-mstr-eyes-more-073001647.html,Bitcoin,2025-11-23T10:32:43.862798+00:00,2025-11-22T07:30:01+00:00,2025-11-23T12:53:21.592822+00:00,0.7689649499952793,0.7798442840576172,0.010879334062337875,0.20927634835243225,positive,negative,neutral,0.7798442840576172,0.010879334062337875,0.20927634835243225,finance.yahoo.com,"Strategy Inc. (NASDAQ:MSTR) is one of the best cryptocurrency stocks to buy for the long term. On November 11, TD Cowen analyst Lance Vitanza reiterated a Buy rating on Strategy Inc. (NASDAQ:MSTR) and a $535 price target. The positive stance follows the company’s successful IPO of Euro-denominated preferred stock. The public offering, which exceeded expectations, […]",Strategy Inc. (MSTR) Eyes More Bitcoin Purchase on €620 million Injection,newsapi
6922e30082c05455042c55ae,https://www.dlnews.com/articles/markets/citadel-securities-fuels-kraken-as-crypto-firms-raise-253-million-usd/,Ethereum,2025-11-23T10:33:35.677123+00:00,2025-11-22T05:56:00+00:00,2025-11-23T12:55:36.658068+00:00,0.19461851008236408,0.2093653380870819,0.014746828004717827,0.7758879065513611,positive,negative,neutral,0.2093653380870819,0.014746828004717827,0.7758879065513611,www.dlnews.com,"Seven crypto firms raised $253 million in the third week of November. Citadel Securities, Coinbase Ventures, and Tether were among this week’s investors. Total 2025 funding now sits at over $23 billion.",Citadel Securities fuels Kraken as crypto firms pull $253m this week,newsapi
6922e3f082c05455042c55e0,https://bitcoinist.com/coinbase-acquire-solana-trading-platform-vector-fun/,Solana,2025-11-23T10:37:35.584290+00:00,2025-11-22T10:00:37+00:00,2025-11-23T12:57:24.333563+00:00,0.8299934882670641,0.8386765718460083,0.008683083578944206,0.15264035761356354,positive,negative,neutral,0.8386765718460083,0.008683083578944206,0.15264035761356354,bitcoinist.com,"Coinbase is maintaining an aggressive acquisition strategy, recently committing to acquire the Solana-based trading platform Vector.fun.",Crypto Giant Coinbase To Acquire Solana Trading Platform Vector.fun In Latest Move,newsapi
6922f28982c05455042c5814,https://cointelegraph.com/news/zcash-splitting-the-vote-bitcoin-balchunas-warning?utm_source=rss_feed&utm_medium=rss&utm_campaign=rss_partner_inbound,Bitcoin,2025-11-23T11:39:52.838768+00:00,2025-11-23T10:14:33+00:00,2025-11-23T12:49:36.079586+00:00,-0.9103477299213409,0.022652417421340942,0.9330001473426819,0.044347476214170456,positive,negative,neutral,0.022652417421340942,0.9330001473426819,0.044347476214170456,cointelegraph.com,"Bloomberg analyst Eric Balchunas warns Zcash could split support away from Bitcoin as critics claim artificial hype, while the Winklevoss twins launch a Zcash treasury venture.","Zcash risks ‘splitting the vote’ against Bitcoin, Bloomberg ETF analyst warns",rss
6922f2f282c05455042c582c,https://punchng.com/how-your-bitcoin-to-naira-is-protected-with-monica-cash/,Bitcoin,2025-11-23T11:41:38.168179+00:00,2025-11-22T11:37:29+00:00,2025-11-23T12:51:36.791367+00:00,0.052708420902490616,0.06630904227495193,0.013600621372461319,0.9200903177261353,positive,negative,neutral,0.06630904227495193,0.013600621372461319,0.9200903177261353,punchng.com,"Learn how to safely convert your Bitcoin to Naira in Nigeria. Monica Cash offers secure transactions, instant payouts, and transparent rates. Start today!\n\nRead More: https://punchng.com/how-your-bitcoin-to-naira-is-protected-with-monica-cash/",How Your Bitcoin to Naira Is Protected with Monica Cash,newsapi
6922f2f382c05455042c582d,https://www.globenewswire.com/news-release/2025/11/22/3193094/0/en/GeekStake-Releases-Market-Stability-Feature-Highlighting-How-AI-Driven-Staking-Adjusts-to-BTC-ETH-Crash-Cycles.html,Bitcoin,2025-11-23T11:41:38.953052+00:00,2025-11-22T11:28:00+00:00,2025-11-23T12:57:21.692328+00:00,0.491816820576787,0.5026138424873352,0.01079702191054821,0.48658910393714905,positive,negative,neutral,0.5026138424873352,0.01079702191054821,0.48658910393714905,www.globenewswire.com,"New York, USA, Nov.  22, 2025  (GLOBE NEWSWIRE) --     GeekStake today released its latest Market Stability & Staking Resilience Feature, a data-driven...",GeekStake Releases Market Stability Feature Highlighting How AI-Driven Staking Adjusts to BTC/ETH Crash Cycles,newsapi
6922f2f482c05455042c582e,https://ambcrypto.com/with-bitcoin-at-84k-robert-kiyosaki-cashes-out-should-you-be-concerned/,Bitcoin,2025-11-23T11:41:39.914849+00:00,2025-11-22T11:00:56+00:00,2025-11-23T12:57:22.319105+00:00,0.16500459611415863,0.24400724470615387,0.07900264859199524,0.6769900918006897,positive,negative,neutral,0.24400724470615387,0.07900264859199524,0.6769900918006897,ambcrypto.com,"The sale reveals a bigger strategic shift rather than a loss of confidence, one that ties back to his core wealth philosophy.","With Bitcoin at $84K, Robert Kiyosaki cashes out – Should you be concerned?",newsapi
6922f2f682c05455042c582f,https://bitcoinist.com/chinese-bitcoin-mining-giant-bitmain-faces-us-probe/,Bitcoin,2025-11-23T11:41:41.931721+00:00,2025-11-22T11:00:46+00:00,2025-11-23T12:51:44.883095+00:00,-0.9311745930463076,0.01722673885524273,0.9484013319015503,0.03437196835875511,positive,negative,neutral,0.01722673885524273,0.9484013319015503,0.03437196835875511,bitcoinist.com,Chinese Bitcoin mining giant Bitmain has reportedly been at the center of a months-long federal investigation over national security concerns.,Chinese Bitcoin Mining Giant Bitmain Faces US Probe Over National Security Concerns – Report,newsapi
6922f2f882c05455042c5830,http://www.newsbtc.com/news/buckle-up-bitcoin-etf-79k-might-be-your-first-real-test/,Bitcoin,2025-11-23T11:41:44.180491+00:00,2025-11-22T11:00:37+00:00,2025-11-23T12:54:56.002234+00:00,-0.9340116661041975,0.026075633242726326,0.9600872993469238,0.013836994767189026,positive,negative,neutral,0.026075633242726326,0.9600872993469238,0.013836994767189026,www.newsbtc.com,"The crypto market has been under severe bearish pressure in the past week, with the price of Bitcoin falling below this year’s opening price.","Buckle Up, Bitcoin ETF Buyers, $79K Might Be Your First Real Test",newsapi
6922f2fe82c05455042c5833,https://beincrypto.com/bitcoin-slide-usd-investment-loss/,Bitcoin,2025-11-23T11:41:49.326080+00:00,2025-11-22T10:21:49+00:00,2025-11-23T12:52:00.344078+00:00,-0.9631287651136518,0.010176639072597027,0.9733054041862488,0.0165180005133152,positive,negative,neutral,0.010176639072597027,0.9733054041862488,0.0165180005133152,beincrypto.com,"Bitcoin’s drop from its $126,000 peak to around $80,000 has pushed more than 70% of the capital invested in the asset into unrealized losses.",Bitcoin Slide Leaves Over 70% of Active capital in Losses as Sentiment Collapses,newsapi
6923035482c05455042c5adb,https://cointelegraph.com/news/spot-crypto-etfs-rebound-as-bitcoin-pulls-238m-and-ether-snaps-outflow-streak,Bitcoin,2025-11-23T12:51:31.884051+00:00,2025-11-22T12:46:32+00:00,2025-11-23T12:57:16.226950+00:00,0.7189920991659164,0.8413471579551697,0.12235505878925323,0.0362977497279644,positive,negative,neutral,0.8413471579551697,0.12235505878925323,0.0362977497279644,cointelegraph.com,"Spot Bitcoin ETFs saw $238 million in inflows on Friday after a major sell-off, while Ether funds snapped an eight-day outflow streak and Solana ETFs extended their inflow run to ten days.",Spot Bitcoin ETFs pull $238M as Ether funds snap 8-day outflow streak,newsapi
6923035582c05455042c5add,https://www.globenewswire.com/news-release/2025/11/22/3193096/0/en/Bitcoin-Munari-Breaks-Barriers-With-Solana-Based-Launch-and-0-10-Initial-Round-Price.html,Bitcoin,2025-11-23T12:51:33.110532+00:00,2025-11-22T12:00:00+00:00,2025-11-23T12:57:20.490674+00:00,0.8940581362694502,0.9020804166793823,0.008022280409932137,0.0898972749710083,positive,negative,neutral,0.9020804166793823,0.008022280409932137,0.0898972749710083,www.globenewswire.com,Bitcoin Munari’s public presale is underway at a $0.10 initial round price as the project activates its Solana-based launch framework and advances its...,Bitcoin Munari Breaks Barriers With Solana-Based Launch and $0.10 Initial Round Price,newsapi
6923035682c05455042c5adf,https://cryptonews.com/news/saylor-dismisses-stablecoin-threat-to-bitcoins-1-2m-path/,Bitcoin,2025-11-23T12:51:33.397060+00:00,2025-11-22T11:56:29+00:00,2025-11-23T12:57:20.747291+00:00,-0.7412091456353664,0.04344731941819191,0.7846564650535583,0.17189614474773407,positive,negative,neutral,0.04344731941819191,0.7846564650535583,0.17189614474773407,cryptonews.com,"Strategy founder Michael Saylor rejected the premise that stablecoins pose a competitive threat to Bitcoin’s long-term trajectory, challenging ARK Invest CEO...",Saylor Dismisses Stablecoin Threat to Bitcoin’s $1.2M Path,newsapi
6923035882c05455042c5ae0,https://finance.yahoo.com/news/tom-lee-says-bitcoin-ethereum-114625645.html,Bitcoin,2025-11-23T12:51:36.183704+00:00,2025-11-22T11:46:25+00:00,2025-11-23T12:54:53.434018+00:00,-0.6197607945650816,0.02869059331715107,0.6484513878822327,0.3228580951690674,positive,negative,neutral,0.02869059331715107,0.6484513878822327,0.3228580951690674,finance.yahoo.com,Bitcoin (CRYPTO: BTC) and Ethereum (CRYPTO: ETH) breaking below key support levels has sparked debate over whether fundamentals are to blame — but Fundstrat's Tom Lee argues the real culprit is far more mechanical. What Happened: In an interview with ...,"Tom Lee Says Bitcoin, Ethereum Crash Wasn't Macro But A 'Software Bug'",newsapi
6923035e82c05455042c5ae1,https://finance.yahoo.com/news/bitcoin-ai-citizens-jmp-sees-111556730.html,Bitcoin,2025-11-23T12:51:41.276252+00:00,2025-11-22T11:15:56+00:00,2025-11-23T12:51:41.276252+00:00,0.380817161872983,0.39108285307884216,0.010265691205859184,0.5986514091491699,positive,negative,neutral,0.39108285307884216,0.010265691205859184,0.5986514091491699,finance.yahoo.com,"Bitcoin miners are sitting on some of the most powerful data centers in the world, built during years of heavy investment in high-end servers and energy-intensive infrastructure. Yet, as mining becomes tougher and less lucrative, those same facilities are proving far more valuable for something else. AI, high-performance computing, and cloud workloads thrive on exactly the kind of hardware miners already operate at scale. Grand View Research estimates that the global market for AI-driven high-pe",From Bitcoin to AI: Citizens JMP Sees ‘Significant Value’ for 3 Stocks Pivoting Into the AI Boom,newsapi
6923035f82c05455042c5ae2,https://consent.yahoo.com/v2/collectConsent?sessionId=1_cc-session_04918c3b-25ed-44a3-b936-944948e177c8,Bitcoin,2025-11-23T12:51:42.914515+00:00,2025-11-22T11:08:50+00:00,2025-11-23T12:51:42.914515+00:00,0.1938388142734766,0.22244147956371307,0.028602665290236473,0.7489558458328247,positive,negative,neutral,0.22244147956371307,0.028602665290236473,0.7489558458328247,consent.yahoo.com,"Yahoo is part of the Yahoo family of brands The sites and apps that we own and operate, including Yahoo, AOL, Engadget, In The Know and Makers. Yahoo family of brands.",Bitcoin ETFs Hit Record $11.5 Billion Volume as Most Investors Slip Into Losses,newsapi
6923036d82c05455042c5ae7,https://finance.yahoo.com/news/peter-schiff-says-bitcoin-buyers-104641827.html,Bitcoin,2025-11-23T12:51:56.946749+00:00,2025-11-22T10:46:41+00:00,2025-11-23T12:51:56.946749+00:00,0.7009616903960705,0.7479662299156189,0.047004539519548416,0.20502924919128418,positive,negative,neutral,0.7479662299156189,0.047004539519548416,0.20502924919128418,finance.yahoo.com,Bitcoin's (CRYPTO: BTC) slide through key support levels has brought long-time critic and gold advocate Peter Schiff back into the spotlight—and he's not mincing words. What Happened: Economist and prominent gold advocate Schiff argued on X that ...,Peter Schiff Says Bitcoin Buyers Have Only One (Unlikely) Hope To Bail Them Out,newsapi
6923132d82c05455042c5d70,https://cointelegraph.com/news/what-happened-in-crypto-today?utm_source=rss_feed&utm_medium=rss%3F_%3D1763906131025&utm_campaign=rss_partner_inbound,Bitcoin,2025-11-23T13:59:09.074482+00:00,2025-11-23T13:22:29+00:00,2025-11-23T13:59:09.074482+00:00,-0.8673124518245459,0.029367724433541298,0.8966801762580872,0.07395216822624207,positive,negative,neutral,0.029367724433541298,0.8966801762580872,0.07395216822624207,cointelegraph.com,"Today in crypto: Zcash ‘splitting the vote’ against Bitcoin, BlackRock's clients not factoring Bitcoin as a payment network, Peter Schiff says OG's selling to weak hands will worsen future crashes.",Here’s what happened in crypto today,rss
6923132f82c05455042c5d71,https://cointelegraph.com/news/zcash-splitting-the-vote-bitcoin-balchunas-warning?utm_source=rss_feed&utm_medium=rss%3F_%3D1763906131025&utm_campaign=rss_partner_inbound,Bitcoin,2025-11-23T13:59:11.238264+00:00,2025-11-23T10:14:33+00:00,2025-11-23T13:59:11.238264+00:00,-0.9103477299213409,0.022652417421340942,0.9330001473426819,0.044347476214170456,positive,negative,neutral,0.022652417421340942,0.9330001473426819,0.044347476214170456,cointelegraph.com,"Bloomberg analyst Eric Balchunas warns Zcash could split support away from Bitcoin as critics claim artificial hype, while the Winklevoss twins launch a Zcash treasury venture.","Zcash risks ‘splitting the vote’ against Bitcoin, Bloomberg ETF analyst warns",rss
6923133182c05455042c5d72,https://cointelegraph.com/news/crypto-dispensers-explores-100m-sale-after-ceo-indictment?utm_source=rss_feed&utm_medium=rss%3F_%3D1763906131025&utm_campaign=rss_partner_inbound,Bitcoin,2025-11-23T13:59:12.297576+00:00,2025-11-23T07:11:12+00:00,2025-11-23T13:59:12.297576+00:00,0.21394812129437923,0.24020078778266907,0.026252666488289833,0.7335465550422668,positive,negative,neutral,0.24020078778266907,0.026252666488289833,0.7335465550422668,cointelegraph.com,Crypto Dispensers is exploring a $100 million sale as CEO Firas Isa faces federal charges alleging a $10M money laundering scheme through the company’s Bitcoin ATMs.,Bitcoin ATM firm explores $100M sale following CEO’s federal indictment,rss
6923133382c05455042c5d73,https://cointelegraph.com/news/crypto-market-euphoria-lacking-major-capitulation-lyn-alden-economist?utm_source=rss_feed&utm_medium=rss%3F_%3D1763906131025&utm_campaign=rss_partner_inbound,Bitcoin,2025-11-23T13:59:14.490818+00:00,2025-11-23T04:58:34+00:00,2025-11-23T13:59:14.490818+00:00,-0.15755699574947357,0.06995254755020142,0.227509543299675,0.7025379538536072,positive,negative,neutral,0.06995254755020142,0.227509543299675,0.7025379538536072,cointelegraph.com,Macroeconomist Lyn Alden said during a podcast interview on What Bitcoin Did that conditions suggest a less likely chance of a “major capitulation.”,Crypto conditions signal unlikely chance of ‘major capitulation’: Lyn Alden,rss
6923133482c05455042c5d74,https://cointelegraph.com/news/blackrock-bitcoin-clients-global-payment-case-digital-gold?utm_source=rss_feed&utm_medium=rss%3F_%3D1763906131025&utm_campaign=rss_partner_inbound,Bitcoin,2025-11-23T13:59:16.054481+00:00,2025-11-23T01:06:43+00:00,2025-11-23T13:59:16.054481+00:00,-0.16613943874835968,0.175053671002388,0.3411931097507477,0.4837532341480255,positive,negative,neutral,0.175053671002388,0.3411931097507477,0.4837532341480255,cointelegraph.com,"BlackRock’s head of digital assets, Robbie Mitchnick, said in a podcast published on Friday that Bitcoin’s global payment network case is “out-of-the-money-option-value upside” for the firm’s clients.",BlackRock’s Bitcoin clients aren’t ‘underwriting’ the case for global payments,rss
6923133682c05455042c5d75,https://cointelegraph.com/news/bitcoin-og-selling-weak-hand-deep-selloff-schiff?utm_source=rss_feed&utm_medium=rss%3F_%3D1763906131025&utm_campaign=rss_partner_inbound,Bitcoin,2025-11-23T13:59:17.896132+00:00,2025-11-22T22:15:52+00:00,2025-11-23T13:59:17.896132+00:00,-0.9115657266229391,0.01747184433043003,0.9290375709533691,0.053490642458200455,positive,negative,neutral,0.01747184433043003,0.9290375709533691,0.053490642458200455,cointelegraph.com,Long-time Bitcoin critic and gold advocate Peter Schiff says Bitcoin rotating from long-term holders to new investors will make future crashes worse.,Bitcoin OG's selling to 'weak' hands will deepen selloffs: Peter Schiff,rss
6923133b82c05455042c5d78,https://cointelegraph.com/news/spot-crypto-etfs-rebound-as-bitcoin-pulls-238m-and-ether-snaps-outflow-streak?utm_source=rss_feed&utm_medium=rss%3F_%3D1763906131025&utm_campaign=rss_partner_inbound,Bitcoin,2025-11-23T13:59:22.379796+00:00,2025-11-22T12:46:32+00:00,2025-11-23T13:59:22.379796+00:00,0.7189920991659164,0.8413471579551697,0.12235505878925323,0.0362977497279644,positive,negative,neutral,0.8413471579551697,0.12235505878925323,0.0362977497279644,cointelegraph.com,"Spot Bitcoin ETFs saw $238 million in inflows on Friday after a major sell-off, while Ether funds snapped an eight-day outflow streak and Solana ETFs extended their inflow run to ten days.",Spot Bitcoin ETFs pull $238M as Ether funds snap 8-day outflow streak,rss
6923133c82c05455042c5d79,https://cointelegraph.com/news/solo-bitcoin-miner-wins-266k-after-beating-million-to-one-odds?utm_source=rss_feed&utm_medium=rss%3F_%3D1763906131025&utm_campaign=rss_partner_inbound,Bitcoin,2025-11-23T13:59:24.263290+00:00,2025-11-22T10:27:36+00:00,2025-11-23T13:59:24.263290+00:00,0.897397743538022,0.9169237613677979,0.01952601782977581,0.06355021893978119,positive,negative,neutral,0.9169237613677979,0.01952601782977581,0.06355021893978119,cointelegraph.com,"A hobbyist miner with just 1.2 TH/s beat million-to-one odds to earn 3.146 BTC, worth roughly $266,000, as solo mining wins continue to rise in 2025.",‘Extremely lucky’ solo Bitcoin miner beats massive odds to win $266K,rss
6923133e82c05455042c5d7a,https://cointelegraph.com/news/ark-invest-boosts-bullish-bitmine-circle-btc-etfs?utm_source=rss_feed&utm_medium=rss%3F_%3D1763906131025&utm_campaign=rss_partner_inbound,Bitcoin,2025-11-23T13:59:25.678858+00:00,2025-11-22T07:31:35+00:00,2025-11-23T13:59:25.678858+00:00,0.8813210912048817,0.9133500456809998,0.03202895447611809,0.05462099239230156,positive,negative,neutral,0.9133500456809998,0.03202895447611809,0.05462099239230156,cointelegraph.com,"ARK Invest closed the week with fresh buys across Bullish, BitMine, Circle, Robinhood and Bitcoin ETFs, even as spot BTC ETFs posted nearly $1 billion in outflows.","ARK Invest wraps up week with Bitcoin ETF, Bullish, Circle, BitMine buys",rss
6923134082c05455042c5d7b,https://cointelegraph.com/news/bitcoin-sovereign-adoption-upside-candle-catalyst-jeff-park?utm_source=rss_feed&utm_medium=rss%3F_%3D1763906131025&utm_campaign=rss_partner_inbound,Bitcoin,2025-11-23T13:59:27.397370+00:00,2025-11-22T02:14:35+00:00,2025-11-23T13:59:27.397370+00:00,0.3316666018217802,0.3416951894760132,0.010028587654232979,0.6482762694358826,positive,negative,neutral,0.3416951894760132,0.010028587654232979,0.6482762694358826,cointelegraph.com,"ProCap’s Jeff Park said during a podcast interview published to YouTube on Thursday that sovereign adoption would be the catalyst that pushes Bitcoin to $150,000 overnight.",Sovereign Bitcoin adoption would be the ultimate upside catalyst: Jeff Park,rss
6923134182c05455042c5d7c,https://cointelegraph.com/news/bitcoiners-us-federal-reserve-rate-cut-odds-surge-december-btc-price?utm_source=rss_feed&utm_medium=rss%3F_%3D1763906131025&utm_campaign=rss_partner_inbound,Bitcoin,2025-11-23T13:59:29.057046+00:00,2025-11-22T00:01:07+00:00,2025-11-23T13:59:29.057046+00:00,0.9191466923803091,0.9469860792160034,0.027839386835694313,0.025174617767333984,positive,negative,neutral,0.9469860792160034,0.027839386835694313,0.025174617767333984,cointelegraph.com,"On Friday, the odds of an interest rate cut at the December FOMC meeting nearly doubled to 71.5%, prompting Bitcoiners to anticipate a potentially positive impact on the asset’s price.",Bitcoiners perk up as odds of a December Fed rate cut almost double,rss
6923134382c05455042c5d7d,https://cointelegraph.com/news/rich-dad-poor-dad-robert-kiyosaki-sells-btc?utm_source=rss_feed&utm_medium=rss%3F_%3D1763906131025&utm_campaign=rss_partner_inbound,Bitcoin,2025-11-23T13:59:30.824689+00:00,2025-11-21T22:01:51+00:00,2025-11-23T13:59:30.824689+00:00,0.033883729949593544,0.05309499427676201,0.019211264327168465,0.927693784236908,positive,negative,neutral,0.05309499427676201,0.019211264327168465,0.927693784236908,cointelegraph.com,"Robert Kiyosaki, investor and author of ""Rich Dad, Poor Dad,"" announced on Friday that he sold his BTC and will invest the profits in cash-flowing businesses.","‘Rich Dad, Poor Dad’ author and Bitcoin bull Robert Kiyosaki sells his BTC",rss
6923134582c05455042c5d7e,https://cointelegraph.com/news/eth-futures-data-forecasts-bounce-to-dollar3-2k?utm_source=rss_feed&utm_medium=rss%3F_%3D1763906131025&utm_campaign=rss_partner_inbound,Ethereum,2025-11-23T13:59:32.340396+00:00,2025-11-21T22:00:00+00:00,2025-11-23T13:59:32.340396+00:00,-0.9111920222640038,0.035483457148075104,0.9466754794120789,0.017841121181845665,positive,negative,neutral,0.035483457148075104,0.9466754794120789,0.017841121181845665,cointelegraph.com,"ETH derivatives positioning shows pro traders adding long exposure, despite the ongoing weakness and 4-month low in Ether price.","ETH price drops to 4-month low, but Ether futures data hints at $3.2K bounce",rss
6923134682c05455042c5d7f,https://cointelegraph.com/news/coinbase-solana-dex-vector?utm_source=rss_feed&utm_medium=rss%3F_%3D1763906131025&utm_campaign=rss_partner_inbound,Solana,2025-11-23T13:59:34.190466+00:00,2025-11-21T20:24:40+00:00,2025-11-23T13:59:34.190466+00:00,0.559338266029954,0.5849997997283936,0.025661533698439598,0.3893387019634247,positive,negative,neutral,0.5849997997283936,0.025661533698439598,0.3893387019634247,cointelegraph.com,"Following other significant purchases in 2025, Coinbase said the acquisition of Vector was part of its strategy to become an  “everything exchange.”",Coinbase ’doubles down’ on Solana with latest DEX acquisition,rss
6923134882c05455042c5d80,https://cointelegraph.com/news/btc-etf-outflows-rebalancing-not-institutional-flight?utm_source=rss_feed&utm_medium=rss%3F_%3D1763906131025&utm_campaign=rss_partner_inbound,Bitcoin,2025-11-23T13:59:35.278147+00:00,2025-11-21T20:05:26+00:00,2025-11-23T13:59:35.278147+00:00,-0.9183297920972109,0.022298498079180717,0.9406282901763916,0.03707320988178253,positive,negative,neutral,0.022298498079180717,0.9406282901763916,0.03707320988178253,cointelegraph.com,The record outflows from Bitcoin exchange-traded funds (ETFs) in November reflect a short-term downtrend and not a long-term decline or shift in demand.,"BTC ETF outflows are 'tactical rebalancing,' not institutional flight: Analysts",rss
6923134982c05455042c5d83,https://cointelegraph.com/news/bitcoin-s-death-cross-confirmation-signals-start-of-btc-bear-market?utm_source=rss_feed&utm_medium=rss%3F_%3D1763906131025&utm_campaign=rss_partner_inbound,Bitcoin,2025-11-23T13:59:36.343831+00:00,2025-11-21T19:49:25+00:00,2025-11-23T13:59:36.343831+00:00,-0.7485342472791672,0.04667963087558746,0.7952138781547546,0.15810655057430267,positive,negative,neutral,0.04667963087558746,0.7952138781547546,0.15810655057430267,cointelegraph.com,"Bitcoin’s death cross is complete, suggesting that the market may be at the start of a bear market if other BTC price metrics also indicate a bearish confluence.",Bitcoin’s death cross confirmation may mean BTC is officially in a bear market,rss
6923134b82c05455042c5d84,https://cointelegraph.com/news/bitcoin-rout-crypto-treasuries-reckoning-finance-redefined?utm_source=rss_feed&utm_medium=rss%3F_%3D1763906131025&utm_campaign=rss_partner_inbound,Bitcoin,2025-11-23T13:59:38.863428+00:00,2025-11-21T19:00:00+00:00,2025-11-23T13:59:38.863428+00:00,-0.9563699029386044,0.013869140297174454,0.9702390432357788,0.015891890972852707,positive,negative,neutral,0.013869140297174454,0.9702390432357788,0.015891890972852707,cointelegraph.com,"Bitmine’s $3.7 billion paper loss and falling NAV are raising concerns for crypto treasury firms, making it difficult for DATs to raise new capital for digital asset acquisitions.",Bitcoin rout continues as crypto treasuries face reckoning: Finance Redefined,rss
6923134c82c05455042c5d85,https://cointelegraph.com/news/bitcoin-s-fastest-bear-market-hides-potentially-positive-year-end-outcome-for-btc?utm_source=rss_feed&utm_medium=rss%3F_%3D1763906131025&utm_campaign=rss_partner_inbound,Bitcoin,2025-11-23T13:59:39.713744+00:00,2025-11-21T18:55:37+00:00,2025-11-23T13:59:39.713744+00:00,-0.6199595332145691,0.17867857217788696,0.798638105392456,0.022683238610625267,positive,negative,neutral,0.17867857217788696,0.798638105392456,0.022683238610625267,cointelegraph.com,"BTC’s steepest drawdown since 2022 triggered $1 billion in liquidations, but a rare macroeconomic liquidity signal now hints at a four-to-six week bullish reversal window.",Bitcoin’s ‘fastest bear market’ hides potentially positive year-end outcome for BTC,rss
6923134d82c05455042c5d86,https://cointelegraph.com/news/price-predictions-11-21-btc-eth-xrp-bnb-sol-doge-ada-hype-zec-bch?utm_source=rss_feed&utm_medium=rss%3F_%3D1763906131025&utm_campaign=rss_partner_inbound,Bitcoin,2025-11-23T13:59:40.657088+00:00,2025-11-21T18:04:55+00:00,2025-11-23T13:59:40.657088+00:00,-0.9540400896221399,0.011584421619772911,0.9656245112419128,0.02279096655547619,positive,negative,neutral,0.011584421619772911,0.9656245112419128,0.02279096655547619,cointelegraph.com,"Bitcoin’s weakness has accelerated selling in several major altcoins, causing them to fall below their support levels. Is the worst of the selling over?","Price predictions 11/21: BTC, ETH, XRP, BNB, SOL, DOGE, ADA, HYPE, ZEC, BCH",rss
6923135082c05455042c5d87,https://cointelegraph.com/news/bitmine-2026-eth-staking-market-meltdown?utm_source=rss_feed&utm_medium=rss%3F_%3D1763906131025&utm_campaign=rss_partner_inbound,Ethereum,2025-11-23T13:59:43.712626+00:00,2025-11-21T17:40:56+00:00,2025-11-23T13:59:43.712626+00:00,0.8015463529154658,0.8137311339378357,0.012184781022369862,0.17408408224582672,positive,negative,neutral,0.8137311339378357,0.012184781022369862,0.17408408224582672,cointelegraph.com,"Crypto treasury company BitMine announced plans to develop infrastructure to stake its ETH holdings and generate revenue, targeting a Q1 2026 launch.",BitMine announces 2026 ETH staking plans as market melts down,rss
6923135282c05455042c5d88,https://cointelegraph.com/news/crypto-biz-is-this-bear-market-spoiler-no?utm_source=rss_feed&utm_medium=rss%3F_%3D1763906131025&utm_campaign=rss_partner_inbound,Bitcoin,2025-11-23T13:59:45.751917+00:00,2025-11-21T16:13:08+00:00,2025-11-23T13:59:45.751917+00:00,0.07274991646409035,0.11252664774656296,0.03977673128247261,0.8476966023445129,positive,negative,neutral,0.11252664774656296,0.03977673128247261,0.8476966023445129,cointelegraph.com,"As Bitcoin tumbles below $90,000, Republic bets $100 million on Ether, Strategy buys 8,178 BTC, Tether pushes into trade finance and Kraken files for an IPO.",Crypto Biz: Is this what a bear market looks like? (Spoiler: No),rss
6923135382c05455042c5d89,https://cointelegraph.com/news/bitcoin-asic-producer-bitmain-faces-us-probe-over-national-security-risks-bloomberg?utm_source=rss_feed&utm_medium=rss%3F_%3D1763906131025&utm_campaign=rss_partner_inbound,Bitcoin,2025-11-23T13:59:46.990996+00:00,2025-11-21T14:55:46+00:00,2025-11-23T13:59:46.990996+00:00,-0.45457470417022705,0.11689788103103638,0.5714725852012634,0.3116295337677002,positive,negative,neutral,0.11689788103103638,0.5714725852012634,0.3116295337677002,cointelegraph.com,"US authorities have reportedly launched an investigation into Bitmain, examining whether the Chinese ASIC manufacturer’s equipment contains remote-control features that could pose security risks.",Bitcoin ASIC producer Bitmain under US investigation over national security risks: Report,rss
6923135582c05455042c5d8a,https://cointelegraph.com/news/bitcoin-yen-canada-stablecoin-global-express?utm_source=rss_feed&utm_medium=rss%3F_%3D1763906131025&utm_campaign=rss_partner_inbound,Bitcoin,2025-11-23T13:59:48.519161+00:00,2025-11-21T14:50:28+00:00,2025-11-23T13:59:48.519161+00:00,0.8568032197654247,0.897422194480896,0.04061897471547127,0.06195884197950363,positive,negative,neutral,0.897422194480896,0.04061897471547127,0.06195884197950363,cointelegraph.com,"Japan’s stimulus package has rocked markets and Bitcoin. Meanwhile, Canada’s 2025 budget has been approved, bringing clearer guidelines for stablecoin issuers.","Bitcoin drops as yen falls, Canada approves stablecoin rules: Global Express",rss
