_id,coin,time_bucket,mean_sentiment_score,tweet_count,unit,score,score_weighted
68fb72038b391edeafbc29e4,BTC,2025-10-07T20:00:00.000Z,0.5926654729992151,8,hour,,
68fb72038b391edeafbc29e5,BTC,2025-10-07T21:00:00.000Z,0.7206620563040761,17,hour,,
68fb72038b391edeafbc29e6,BTC,2025-10-08T10:00:00.000Z,0.8793985239015175,13,hour,,
68fb72038b391edeafbc29e7,BTC,2025-10-08T11:00:00.000Z,0.6446035557116071,12,hour,,
68fb72038b391edeafbc29e8,BTC,2025-10-08T23:00:00.000Z,0.754371435217121,17,hour,,
68fb72038b391edeafbc29e9,BTC,2025-10-09T00:00:00.000Z,0.6717542294751515,11,hour,,
68fb72038b391edeafbc29ea,BTC,2025-10-09T11:00:00.000Z,0.818979962158107,31,hour,,
68fb72038b391edeafbc29eb,BTC,2025-10-11T16:00:00.000Z,0.7968485672026873,16,hour,,
68fb72038b391edeafbc29ec,BTC,2025-10-11T17:00:00.000Z,0.7127494309718411,30,hour,,
68fb72038b391edeafbc29ed,BTC,2025-10-11T18:00:00.000Z,0.7532588843965815,21,hour,,
68fb72038b391edeafbc29ee,BTC,2025-10-11T19:00:00.000Z,0.7610591370612383,26,hour,,
68fb72038b391edeafbc29ef,BTC,2025-10-11T20:00:00.000Z,0.6187353654808941,42,hour,,
68fb72038b391edeafbc29f0,BTC,2025-10-11T21:00:00.000Z,0.7227661923638412,35,hour,,
68fb72038b391edeafbc29f1,BTC,2025-10-11T22:00:00.000Z,0.7673030943394854,26,hour,,
68fb72038b391edeafbc29f2,BTC,2025-10-11T23:00:00.000Z,0.648826408199966,30,hour,,
68fb72038b391edeafbc29f3,BTC,2025-10-12T00:00:00.000Z,0.6964593018906621,26,hour,,
68fb72038b391edeafbc29f4,BTC,2025-10-12T01:00:00.000Z,0.6688091075713081,28,hour,,
68fb72038b391edeafbc29f5,BTC,2025-10-12T02:00:00.000Z,0.7864732661030509,11,hour,,
68fb72038b391edeafbc29f6,BTC,2025-10-12T19:00:00.000Z,0.8078275248408318,9,hour,,
68fb72038b391edeafbc29f7,BTC,2025-10-12T20:00:00.000Z,0.6597152995435815,19,hour,,
68fb72038b391edeafbc29f8,BTC,2025-10-14T14:00:00.000Z,0.7378157304928583,17,hour,,
68fb72038b391edeafbc29f9,BTC,2025-10-14T15:00:00.000Z,0.6798416182398797,15,hour,,
68fb72038b391edeafbc29fa,BTC,2025-10-14T16:00:00.000Z,0.7367058777560791,15,hour,,
68fb72038b391edeafbc29fb,BTC,2025-10-14T17:00:00.000Z,0.7432941657147909,19,hour,,
68fb72038b391edeafbc29fc,BTC,2025-10-14T18:00:00.000Z,0.6700838766992092,18,hour,,
68fb72038b391edeafbc29fd,BTC,2025-10-14T19:00:00.000Z,0.7529926248826087,8,hour,,
68fb72038b391edeafbc29fe,BTC,2025-10-14T20:00:00.000Z,0.5439711123704911,10,hour,,
68fb72038b391edeafbc29ff,BTC,2025-10-14T21:00:00.000Z,0.7029613224281506,11,hour,,
68fb72038b391edeafbc2a00,BTC,2025-10-14T22:00:00.000Z,0.7382123405113816,10,hour,,
68fb72038b391edeafbc2a01,BTC,2025-10-14T23:00:00.000Z,0.8217630412961756,7,hour,,
68fb72038b391edeafbc2a02,BTC,2025-10-22T20:00:00.000Z,0.8598506345103184,9,hour,,
68fb72038b391edeafbc2a03,BTC,2025-10-22T21:00:00.000Z,0.8285048776729541,11,hour,,
68fb72038b391edeafbc2a04,BTC,2025-10-22T22:00:00.000Z,0.7767877275390284,7,hour,,
68fb72038b391edeafbc2a05,BTC,2025-10-22T23:00:00.000Z,0.7020427665362756,6,hour,,
68fb72038b391edeafbc2a06,BTC,2025-10-23T00:00:00.000Z,0.41395601555705064,5,hour,,
68fb72038b391edeafbc2a07,BTC,2025-10-23T10:00:00.000Z,0.47942991803089774,6,hour,,
68fb72038b391edeafbc2a08,BTC,2025-10-23T12:00:00.000Z,0.7884579082684858,7,hour,,
68fb72038b391edeafbc2a09,BTC,2025-10-23T13:00:00.000Z,0.7649412664274375,3,hour,,
68fb72038b391edeafbc2a0a,BTC,2025-10-23T14:00:00.000Z,0.8769134217873216,2,hour,,
68fb72038b391edeafbc2a0b,BTC,2025-10-23T15:00:00.000Z,0.832090157084167,4,hour,,
68fb72038b391edeafbc2a0c,BTC,2025-10-23T16:00:00.000Z,0.7071600688828362,9,hour,,
68fb72038b391edeafbc2a0d,BTC,2025-10-23T17:00:00.000Z,0.816894312389195,6,hour,,
68fb72038b391edeafbc2a0e,BTC,2025-10-23T18:00:00.000Z,0.8088882341980934,5,hour,,
68fb72038b391edeafbc2a0f,BTC,2025-10-23T19:00:00.000Z,0.5910838374069759,7,hour,,
68fb72038b391edeafbc2a10,BTC,2025-10-23T20:00:00.000Z,0.7990707769058645,4,hour,,
68fb72038b391edeafbc2a11,BTC,2025-10-23T21:00:00.000Z,0.5382699724286795,4,hour,,
68fb72038b391edeafbc2a12,BTC,2025-10-23T22:00:00.000Z,0.909772451967001,1,hour,,
68fb72038b391edeafbc2a13,BTC,2025-10-23T23:00:00.000Z,0.8977490775287151,2,hour,,
68fb72038b391edeafbc2a14,BTC,2025-10-24T17:00:00.000Z,0.8749041181678573,6,hour,,
68fb72038b391edeafbc2a15,BTC,2025-10-07T19:00:00.000Z,0.7232000444084405,50,day,,
68fb72038b391edeafbc2a16,BTC,2025-10-08T19:00:00.000Z,0.7729150805054075,59,day,,
68fb72038b391edeafbc2a17,BTC,2025-10-10T19:00:00.000Z,0.7455297996526333,67,day,,
68fb72038b391edeafbc2a18,BTC,2025-10-11T19:00:00.000Z,0.6963022997037375,224,day,,
68fb72038b391edeafbc2a19,BTC,2025-10-12T19:00:00.000Z,0.7073228005319834,28,day,,
68fb72038b391edeafbc2a1a,BTC,2025-10-13T19:00:00.000Z,0.7139902236605329,84,day,,
68fb72038b391edeafbc2a1b,BTC,2025-10-14T19:00:00.000Z,0.7028411166013583,46,day,,
68fb72038b391edeafbc2a1c,BTC,2025-10-22T19:00:00.000Z,0.745685049216263,80,day,,
68fb72038b391edeafbc2a1d,BTC,2025-10-23T19:00:00.000Z,0.7013974097956504,28,day,,
68fb72038b391edeafbc2a1e,BTC,2025-10-04T19:00:00.000Z,0.748366412198679,176,week,,
68fb72038b391edeafbc2a1f,BTC,2025-10-11T19:00:00.000Z,0.7017869730358114,382,week,,
68fb72038b391edeafbc2a20,BTC,2025-10-18T19:00:00.000Z,0.7324381215205672,204,week,,
68fb72038b391edeafbc2a21,ETH,2025-10-07T20:00:00.000Z,0.6042153663933276,10,hour,,
68fb72038b391edeafbc2a22,ETH,2025-10-07T21:00:00.000Z,0.7762702945619822,9,hour,,
68fb72038b391edeafbc2a23,ETH,2025-10-08T10:00:00.000Z,0.8229948580265045,5,hour,,
68fb72038b391edeafbc2a24,ETH,2025-10-08T11:00:00.000Z,0.7093202027026564,8,hour,,
68fb72038b391edeafbc2a25,ETH,2025-10-08T23:00:00.000Z,0.5220683998029148,14,hour,,
68fb72038b391edeafbc2a26,ETH,2025-10-09T00:00:00.000Z,0.8137811785563827,8,hour,,
68fb72038b391edeafbc2a27,ETH,2025-10-09T11:00:00.000Z,0.8396361493231619,17,hour,,
68fb72038b391edeafbc2a28,ETH,2025-10-11T16:00:00.000Z,0.8177918081896173,18,hour,,
68fb72038b391edeafbc2a29,ETH,2025-10-11T17:00:00.000Z,0.7244965847691193,34,hour,,
68fb72038b391edeafbc2a2a,ETH,2025-10-11T18:00:00.000Z,0.7366748306155204,25,hour,,
68fb72038b391edeafbc2a2b,ETH,2025-10-11T19:00:00.000Z,0.6879009606478654,23,hour,,
68fb72038b391edeafbc2a2c,ETH,2025-10-11T20:00:00.000Z,0.5428702387337884,30,hour,,
68fb72038b391edeafbc2a2d,ETH,2025-10-11T21:00:00.000Z,0.5987998471440127,24,hour,,
68fb72038b391edeafbc2a2e,ETH,2025-10-11T22:00:00.000Z,0.7561162396334111,20,hour,,
68fb72038b391edeafbc2a2f,ETH,2025-10-11T23:00:00.000Z,0.7506265495386389,9,hour,,
68fb72038b391edeafbc2a30,ETH,2025-10-12T00:00:00.000Z,0.6926198434829712,25,hour,,
68fb72038b391edeafbc2a31,ETH,2025-10-12T01:00:00.000Z,0.7323584450228561,31,hour,,
68fb72038b391edeafbc2a32,ETH,2025-10-12T02:00:00.000Z,0.6870638577577968,12,hour,,
68fb72038b391edeafbc2a33,ETH,2025-10-12T19:00:00.000Z,0.6555843243841082,8,hour,,
68fb72038b391edeafbc2a34,ETH,2025-10-12T20:00:00.000Z,0.7363013407836358,18,hour,,
68fb72038b391edeafbc2a35,ETH,2025-10-14T14:00:00.000Z,0.6154133039103312,11,hour,,
68fb72038b391edeafbc2a36,ETH,2025-10-14T15:00:00.000Z,0.7935416990596997,19,hour,,
68fb72038b391edeafbc2a37,ETH,2025-10-14T16:00:00.000Z,0.8322602119296789,7,hour,,
68fb72038b391edeafbc2a38,ETH,2025-10-14T17:00:00.000Z,0.7650274289055513,13,hour,,
68fb72038b391edeafbc2a39,ETH,2025-10-14T18:00:00.000Z,0.6839319757806759,12,hour,,
68fb72038b391edeafbc2a3a,ETH,2025-10-14T19:00:00.000Z,0.8042078168752292,12,hour,,
68fb72038b391edeafbc2a3b,ETH,2025-10-14T20:00:00.000Z,0.880112231709063,4,hour,,
68fb72038b391edeafbc2a3c,ETH,2025-10-14T21:00:00.000Z,0.6885844003409147,18,hour,,
68fb72038b391edeafbc2a3d,ETH,2025-10-14T22:00:00.000Z,0.8445639349520206,4,hour,,
68fb72038b391edeafbc2a3e,ETH,2025-10-14T23:00:00.000Z,0.7941748068357507,12,hour,,
68fb72038b391edeafbc2a3f,ETH,2025-10-22T20:00:00.000Z,0.5926302604377269,5,hour,,
68fb72038b391edeafbc2a40,ETH,2025-10-22T21:00:00.000Z,0.8283443466449777,6,hour,,
68fb72038b391edeafbc2a41,ETH,2025-10-22T22:00:00.000Z,0.6607440365478396,4,hour,,
68fb72038b391edeafbc2a42,ETH,2025-10-22T23:00:00.000Z,0.8679257687181234,2,hour,,
68fb72038b391edeafbc2a43,ETH,2025-10-23T00:00:00.000Z,0.7938267663121223,2,hour,,
68fb72038b391edeafbc2a44,ETH,2025-10-23T10:00:00.000Z,0.6021947155240923,8,hour,,
68fb72038b391edeafbc2a45,ETH,2025-10-23T12:00:00.000Z,0.9129486419260502,1,hour,,
68fb72038b391edeafbc2a46,ETH,2025-10-23T13:00:00.000Z,0.8601212985813618,5,hour,,
68fb72038b391edeafbc2a47,ETH,2025-10-23T14:00:00.000Z,0.7856656791021427,6,hour,,
68fb72038b391edeafbc2a48,ETH,2025-10-23T15:00:00.000Z,0.7223989333957433,5,hour,,
68fb72038b391edeafbc2a49,ETH,2025-10-23T16:00:00.000Z,0.8640317648649215,5,hour,,
68fb72038b391edeafbc2a4a,ETH,2025-10-23T17:00:00.000Z,0.8376914113759995,1,hour,,
68fb72038b391edeafbc2a4b,ETH,2025-10-23T18:00:00.000Z,0.6329371575266123,6,hour,,
68fb72038b391edeafbc2a4c,ETH,2025-10-23T19:00:00.000Z,0.7792689502239227,4,hour,,
68fb72038b391edeafbc2a4d,ETH,2025-10-23T20:00:00.000Z,0.7628944547226032,6,hour,,
68fb72038b391edeafbc2a4e,ETH,2025-10-23T21:00:00.000Z,0.7817986682057381,1,hour,,
68fb72038b391edeafbc2a4f,ETH,2025-10-23T22:00:00.000Z,0.5451421486213803,4,hour,,
68fb72038b391edeafbc2a50,ETH,2025-10-23T23:00:00.000Z,0.707795866454641,12,hour,,
68fb72038b391edeafbc2a51,ETH,2025-10-24T17:00:00.000Z,0.7777957278303802,8,hour,,
68fb72038b391edeafbc2a52,ETH,2025-10-07T19:00:00.000Z,0.7130663195857778,32,day,,
68fb72038b391edeafbc2a53,ETH,2025-10-08T19:00:00.000Z,0.7203338862611697,39,day,,
68fb72038b391edeafbc2a54,ETH,2025-10-10T19:00:00.000Z,0.7502598337006646,77,day,,
68fb72038b391edeafbc2a55,ETH,2025-10-11T19:00:00.000Z,0.6702319741538116,174,day,,
68fb72038b391edeafbc2a56,ETH,2025-10-12T19:00:00.000Z,0.7114653357376273,26,day,,
68fb72038b391edeafbc2a57,ETH,2025-10-13T19:00:00.000Z,0.7391161353838059,62,day,,
68fb72038b391edeafbc2a58,ETH,2025-10-14T19:00:00.000Z,0.7694763071462513,50,day,,
68fb72038b391edeafbc2a59,ETH,2025-10-22T19:00:00.000Z,0.7359334532104964,56,day,,
68fb72038b391edeafbc2a5a,ETH,2025-10-23T19:00:00.000Z,0.7235094412513401,46,day,,
68fb72048b391edeafbc2a5b,ETH,2025-10-04T19:00:00.000Z,0.7343321012559574,148,week,,
68fb72048b391edeafbc2a5c,ETH,2025-10-11T19:00:00.000Z,0.7032611473815708,312,week,,
68fb72048b391edeafbc2a5d,ETH,2025-10-18T19:00:00.000Z,0.7208374005884094,184,week,,
68fb72058b391edeafbc2a5e,SOLANA,2025-10-07T20:00:00.000Z,0.6638612393289804,8,hour,,
68fb72058b391edeafbc2a5f,SOLANA,2025-10-07T21:00:00.000Z,0.8616250583103724,7,hour,,
68fb72058b391edeafbc2a60,SOLANA,2025-10-08T10:00:00.000Z,0.5617328742519021,12,hour,,
68fb72058b391edeafbc2a61,SOLANA,2025-10-08T11:00:00.000Z,0.7277297744384179,13,hour,,
68fb72058b391edeafbc2a62,SOLANA,2025-10-08T23:00:00.000Z,0.5957357709241264,17,hour,,
68fb72058b391edeafbc2a63,SOLANA,2025-10-09T00:00:00.000Z,0.6953824078664184,8,hour,,
68fb72058b391edeafbc2a64,SOLANA,2025-10-09T11:00:00.000Z,0.6921668616123497,40,hour,,
68fb72058b391edeafbc2a65,SOLANA,2025-10-11T16:00:00.000Z,0.572447769343853,21,hour,,
68fb72058b391edeafbc2a66,SOLANA,2025-10-11T17:00:00.000Z,0.6191689610584742,36,hour,,
68fb72058b391edeafbc2a67,SOLANA,2025-10-11T18:00:00.000Z,0.722992102114054,39,hour,,
68fb72058b391edeafbc2a68,SOLANA,2025-10-11T19:00:00.000Z,0.6679768872902143,43,hour,,
68fb72058b391edeafbc2a69,SOLANA,2025-10-11T20:00:00.000Z,0.7726480537368094,34,hour,,
68fb72058b391edeafbc2a6a,SOLANA,2025-10-11T21:00:00.000Z,0.7006445812514506,37,hour,,
68fb72058b391edeafbc2a6b,SOLANA,2025-10-11T22:00:00.000Z,0.708622339381171,28,hour,,
68fb72058b391edeafbc2a6c,SOLANA,2025-10-11T23:00:00.000Z,0.6713342874966286,27,hour,,
68fb72058b391edeafbc2a6d,SOLANA,2025-10-12T00:00:00.000Z,0.6465216503748971,31,hour,,
68fb72058b391edeafbc2a6e,SOLANA,2025-10-12T01:00:00.000Z,0.8281432270573882,26,hour,,
68fb72058b391edeafbc2a6f,SOLANA,2025-10-12T19:00:00.000Z,0.8096101880073547,3,hour,,
68fb72058b391edeafbc2a70,SOLANA,2025-10-12T20:00:00.000Z,0.7808261929700772,12,hour,,
68fb72058b391edeafbc2a71,SOLANA,2025-10-14T14:00:00.000Z,0.5467278441148146,21,hour,,
68fb72058b391edeafbc2a72,SOLANA,2025-10-14T15:00:00.000Z,0.7555032856762409,24,hour,,
68fb72058b391edeafbc2a73,SOLANA,2025-10-14T16:00:00.000Z,0.8356735099558578,33,hour,,
68fb72058b391edeafbc2a74,SOLANA,2025-10-14T17:00:00.000Z,0.7118966084284087,12,hour,,
68fb72058b391edeafbc2a75,SOLANA,2025-10-14T18:00:00.000Z,0.756865131109953,10,hour,,
68fb72058b391edeafbc2a76,SOLANA,2025-10-14T19:00:00.000Z,0.48274881910118794,9,hour,,
68fb72058b391edeafbc2a77,SOLANA,2025-10-14T20:00:00.000Z,0.6029762279774462,7,hour,,
68fb72058b391edeafbc2a78,SOLANA,2025-10-14T21:00:00.000Z,0.7371177807716387,14,hour,,
68fb72058b391edeafbc2a79,SOLANA,2025-10-14T22:00:00.000Z,0.7320440185184662,13,hour,,
68fb72058b391edeafbc2a7a,SOLANA,2025-10-14T23:00:00.000Z,0.7572780780494213,15,hour,,
68fb72058b391edeafbc2a7b,SOLANA,2025-10-22T20:00:00.000Z,0.8205816768109798,5,hour,,
68fb72058b391edeafbc2a7c,SOLANA,2025-10-22T21:00:00.000Z,0.7135017717426474,11,hour,,
68fb72058b391edeafbc2a7d,SOLANA,2025-10-22T22:00:00.000Z,0.7459723082681498,15,hour,,
68fb72058b391edeafbc2a7e,SOLANA,2025-10-22T23:00:00.000Z,0.8033138770610093,5,hour,,
68fb72058b391edeafbc2a7f,SOLANA,2025-10-23T00:00:00.000Z,0.7312484615083251,14,hour,,
68fb72058b391edeafbc2a80,SOLANA,2025-10-23T10:00:00.000Z,0.4777819015085697,10,hour,,
68fb72058b391edeafbc2a81,SOLANA,2025-10-23T12:00:00.000Z,0.5866496251629931,7,hour,,
68fb72058b391edeafbc2a82,SOLANA,2025-10-23T13:00:00.000Z,0.8276944549547302,9,hour,,
68fb72058b391edeafbc2a83,SOLANA,2025-10-23T14:00:00.000Z,0.7958175842132833,9,hour,,
68fb72058b391edeafbc2a84,SOLANA,2025-10-23T15:00:00.000Z,0.5762612733989954,10,hour,,
68fb72058b391edeafbc2a85,SOLANA,2025-10-23T16:00:00.000Z,0.839486320813497,3,hour,,
68fb72058b391edeafbc2a86,SOLANA,2025-10-23T17:00:00.000Z,0.628105515614152,9,hour,,
68fb72058b391edeafbc2a87,SOLANA,2025-10-23T18:00:00.000Z,0.7903730136652788,3,hour,,
68fb72058b391edeafbc2a88,SOLANA,2025-10-23T19:00:00.000Z,0.7893350052718933,13,hour,,
68fb72058b391edeafbc2a89,SOLANA,2025-10-23T20:00:00.000Z,0.835603304207325,10,hour,,
68fb72058b391edeafbc2a8a,SOLANA,2025-10-23T21:00:00.000Z,0.5935874464256422,7,hour,,
68fb72058b391edeafbc2a8b,SOLANA,2025-10-23T22:00:00.000Z,0.8763967417180538,6,hour,,
68fb72058b391edeafbc2a8c,SOLANA,2025-10-23T23:00:00.000Z,0.7418105520308018,10,hour,,
68fb72058b391edeafbc2a8d,SOLANA,2025-10-07T19:00:00.000Z,0.6885886720381678,40,day,,
68fb72058b391edeafbc2a8e,SOLANA,2025-10-08T19:00:00.000Z,0.6673421820482383,65,day,,
68fb72058b391edeafbc2a8f,SOLANA,2025-10-10T19:00:00.000Z,0.6511268514247301,96,day,,
68fb72058b391edeafbc2a90,SOLANA,2025-10-11T19:00:00.000Z,0.709992193880664,226,day,,
68fb72058b391edeafbc2a91,SOLANA,2025-10-12T19:00:00.000Z,0.7865829919775327,15,day,,
68fb72058b391edeafbc2a92,SOLANA,2025-10-13T19:00:00.000Z,0.7330200002342462,100,day,,
68fb72058b391edeafbc2a93,SOLANA,2025-10-14T19:00:00.000Z,0.6855338846558127,58,day,,
68fb72058b391edeafbc2a94,SOLANA,2025-10-22T19:00:00.000Z,0.7017834133214571,110,day,,
68fb72058b391edeafbc2a95,SOLANA,2025-10-23T19:00:00.000Z,0.7566591896897843,62,day,,
68fb72058b391edeafbc2a96,SOLANA,2025-10-04T19:00:00.000Z,0.6638257037384889,201,week,,
68fb72058b391edeafbc2a97,SOLANA,2025-10-11T19:00:00.000Z,0.7150875840354757,399,week,,
68fb72058b391edeafbc2a98,SOLANA,2025-10-18T19:00:00.000Z,0.7210430800526714,288,week,,
68fbd6108b391edeafbc3a97,BTC,2025-10-24T18:00:00.000Z,0.5493705747649074,4,hour,,
68fbd6108b391edeafbc3a98,BTC,2025-10-24T19:00:00.000Z,0.8322121181214849,6,hour,,
68fbd6108b391edeafbc3a99,BTC,2025-10-24T20:00:00.000Z,0.6002086805179715,10,hour,,
68fbd6108b391edeafbc3a9a,BTC,2025-10-24T21:00:00.000Z,0.7993963286280632,2,hour,,
68fbd6108b391edeafbc3a9b,BTC,2025-10-24T22:00:00.000Z,0.7258046053882156,7,hour,,
68fbd6108b391edeafbc3a9c,BTC,2025-10-25T00:00:00.000Z,0.7076389335561544,8,hour,,
68fbd6108b391edeafbc3a9d,BTC,2025-10-24T19:00:00.000Z,0.7304525560272548,96,day,,
68fbd6108b391edeafbc3a9e,ETH,2025-10-24T18:00:00.000Z,0.7189734805036675,11,hour,,
68fbd6108b391edeafbc3a9f,ETH,2025-10-24T19:00:00.000Z,0.8793688425794244,2,hour,,
68fbd6108b391edeafbc3aa0,ETH,2025-10-24T20:00:00.000Z,0.8052005584944378,11,hour,,
68fbd6108b391edeafbc3aa1,ETH,2025-10-24T21:00:00.000Z,0.7415440997108818,10,hour,,
68fbd6108b391edeafbc3aa2,ETH,2025-10-24T22:00:00.000Z,0.7414532490074635,2,hour,,
68fbd6108b391edeafbc3aa3,ETH,2025-10-25T00:00:00.000Z,0.870158139616251,7,hour,,
68fbd6118b391edeafbc3aa4,ETH,2025-10-24T19:00:00.000Z,0.7090289515965595,82,day,,
68fbd6118b391edeafbc3aa5,SOLANA,2025-10-24T17:00:00.000Z,0.8392456928268075,4,hour,,
68fbd6118b391edeafbc3aa6,SOLANA,2025-10-24T18:00:00.000Z,0.6755750652713081,12,hour,,
68fbd6118b391edeafbc3aa7,SOLANA,2025-10-24T19:00:00.000Z,0.7097883613780142,10,hour,,
68fbd6118b391edeafbc3aa8,SOLANA,2025-10-24T20:00:00.000Z,0.7730675737627528,11,hour,,
68fbd6118b391edeafbc3aa9,SOLANA,2025-10-24T21:00:00.000Z,0.666852655261755,5,hour,,
68fbd6118b391edeafbc3aaa,SOLANA,2025-10-24T22:00:00.000Z,0.6864870178202789,9,hour,,
68fbd6118b391edeafbc3aab,SOLANA,2025-10-25T00:00:00.000Z,0.7853739612868854,7,hour,,
68fbd6128b391edeafbc3aac,SOLANA,2025-10-24T19:00:00.000Z,0.7202703605951934,116,day,,
68fbda338b391edeafbc3b39,SOLANA,2025-10-12T02:00:00.000Z,0.7346074878359619,23,hour,,
68fc7e808b391edeafbc514b,BTC,2025-10-25T01:00:00.000Z,0.8065490027268727,6,hour,,
68fc7e828b391edeafbc514c,ETH,2025-10-25T01:00:00.000Z,0.7860593940648768,9,hour,,
68fc7e828b391edeafbc514d,SOLANA,2025-10-25T01:00:00.000Z,0.8412844302753607,9,hour,,
68fcbefe8b391edeafbc5a63,BTC,2025-10-25T12:00:00.000Z,0.808488555252552,1,hour,,
68fcbefe8b391edeafbc5a64,BTC,2025-10-25T13:00:00.000Z,0.7195275047173102,6,hour,,
68fcbefe8b391edeafbc5a65,BTC,2025-10-25T14:00:00.000Z,0.9253610279411077,11,hour,,
68fcbefe8b391edeafbc5a66,BTC,2025-10-25T15:00:00.000Z,0.8427806288003922,5,hour,,
68fcbefe8b391edeafbc5a67,BTC,2025-10-25T16:00:00.000Z,0.6835207614219851,9,hour,,
68fcbeff8b391edeafbc5a68,ETH,2025-10-25T12:00:00.000Z,0.5564258412591049,7,hour,,
68fcbeff8b391edeafbc5a69,ETH,2025-10-25T13:00:00.000Z,0.8157990473721709,7,hour,,
68fcbeff8b391edeafbc5a6a,ETH,2025-10-25T14:00:00.000Z,0.8431834239512682,5,hour,,
68fcbeff8b391edeafbc5a6b,ETH,2025-10-25T15:00:00.000Z,0.6837101370096207,5,hour,,
68fcbeff8b391edeafbc5a6c,ETH,2025-10-25T16:00:00.000Z,0.028462793988486113,6,hour,,
68fcbf008b391edeafbc5a6d,SOLANA,2025-10-25T12:00:00.000Z,0.810644622736921,12,hour,,
68fcbf008b391edeafbc5a6e,SOLANA,2025-10-25T13:00:00.000Z,0.4914406552910805,10,hour,,
68fcbf008b391edeafbc5a6f,SOLANA,2025-10-25T14:00:00.000Z,0.6321268022060395,10,hour,,
68fcbf008b391edeafbc5a70,SOLANA,2025-10-25T15:00:00.000Z,0.767439216375351,6,hour,,
68fcbf008b391edeafbc5a71,SOLANA,2025-10-25T16:00:00.000Z,0.7280136016197503,4,hour,,
68fcc15b8b391edeafbc5ad5,BTC,2025-10-25T17:00:00.000Z,0.6252064071595669,14,hour,,
68fcc15b8b391edeafbc5ad6,ETH,2025-10-25T17:00:00.000Z,0.7107874273012083,9,hour,,
68fcc3b78b391edeafbc5b27,SOLANA,2025-10-25T17:00:00.000Z,0.7783200743297736,15,hour,,
68fcd1df8b391edeafbc5d38,BTC,2025-10-25T18:00:00.000Z,0.6841046269983053,11,hour,,
68fcd1e08b391edeafbc5d39,ETH,2025-10-25T18:00:00.000Z,0.8262677742168307,2,hour,,
68fcd1e08b391edeafbc5d3a,SOLANA,2025-10-25T18:00:00.000Z,0.6516262497752905,8,hour,,
68fcd8f58b391edeafbc5e41,BTC,2025-10-25T19:00:00.000Z,0.8155986074358225,15,hour,,
68fcd8f58b391edeafbc5e42,BTC,2025-10-25T19:00:00.000Z,0.7121922823910912,198,day,,
68fcd8f58b391edeafbc5e43,BTC,2025-10-25T19:00:00.000Z,0.683235966098744,852,week,,
68fcd8f58b391edeafbc5e44,ETH,2025-10-25T19:00:00.000Z,0.6733905482105911,12,hour,,
68fcd8f68b391edeafbc5e45,ETH,2025-10-25T19:00:00.000Z,0.6880192668349654,162,day,,
68fcd8f78b391edeafbc5e47,ETH,2025-10-25T19:00:00.000Z,0.6958527274289894,679,week,,
68fcd8f78b391edeafbc5e48,SOLANA,2025-10-25T19:00:00.000Z,0.7452386141355548,14,hour,,
68fcd8f78b391edeafbc5e49,SOLANA,2025-10-25T19:00:00.000Z,0.7338637955175097,251,day,,
68fcd8f78b391edeafbc5e4a,SOLANA,2025-10-25T19:00:00.000Z,0.7126035284314889,1020,week,,
68fce98d8b391edeafbc60b0,BTC,2025-10-25T20:00:00.000Z,0.6319634895771742,19,hour,,
68fce98e8b391edeafbc60b1,ETH,2025-10-25T20:00:00.000Z,0.8079733060938972,7,hour,,
68fce98f8b391edeafbc60b3,SOLANA,2025-10-25T20:00:00.000Z,0.7605025756897198,18,hour,,
68fcfa248b391edeafbc64df,BTC,2025-10-25T21:00:00.000Z,0.5977372760987945,9,hour,,
68fcfa248b391edeafbc64e0,SOLANA,2025-10-25T21:00:00.000Z,0.6111995012245395,22,hour,,
68fcfc818b391edeafbc6543,ETH,2025-10-25T21:00:00.000Z,0.8446424920111895,2,hour,,
68fd0aba8b391edeafbc6784,ETH,2025-10-25T22:00:00.000Z,0.5531359132379293,5,hour,,
68fd0d1a8b391edeafbc67dc,BTC,2025-10-25T22:00:00.000Z,0.8992825533366866,18,hour,,
68fd0d1d8b391edeafbc67de,SOLANA,2025-10-25T22:00:00.000Z,0.8419238142669201,7,hour,,
68fd11d88b391edeafbc68ad,BTC,2025-10-25T23:00:00.000Z,0.8376033316765512,14,hour,,
68fd14388b391edeafbc6910,ETH,2025-10-25T23:00:00.000Z,0.6089200634847988,11,hour,,
68fd143a8b391edeafbc6911,SOLANA,2025-10-25T23:00:00.000Z,0.7643831911541167,21,hour,,
68ffa4a68b391edeafbcc912,BTC,2025-10-26T00:00:00.000Z,0.7849719419198877,17,hour,,
68ffa4a68b391edeafbcc913,BTC,2025-10-26T01:00:00.000Z,0.7988009009277448,16,hour,,
68ffa4a68b391edeafbcc914,BTC,2025-10-26T11:00:00.000Z,0.8434580229222775,6,hour,,
68ffa4a68b391edeafbcc915,BTC,2025-10-26T12:00:00.000Z,0.5450561568140984,9,hour,,
68ffa4a68b391edeafbcc916,BTC,2025-10-26T13:00:00.000Z,0.5843579607705275,6,hour,,
68ffa4a68b391edeafbcc917,BTC,2025-10-26T14:00:00.000Z,0.4607662703184521,17,hour,,
68ffa4a68b391edeafbcc918,BTC,2025-10-26T15:00:00.000Z,0.5200279399075292,11,hour,,
68ffa4a68b391edeafbcc919,BTC,2025-10-26T16:00:00.000Z,0.7047169043992957,6,hour,,
68ffa4a68b391edeafbcc91a,BTC,2025-10-26T17:00:00.000Z,0.8180992073778596,21,hour,,
68ffa4a68b391edeafbcc91b,BTC,2025-10-26T18:00:00.000Z,0.6371543539155807,14,hour,,
68ffa4a68b391edeafbcc91c,BTC,2025-10-26T19:00:00.000Z,0.6212099053793484,9,hour,,
68ffa4a68b391edeafbcc91d,BTC,2025-10-26T20:00:00.000Z,0.6601224723272026,12,hour,,
68ffa4a68b391edeafbcc91e,BTC,2025-10-26T21:00:00.000Z,0.6636486441129819,16,hour,,
68ffa4a68b391edeafbcc91f,BTC,2025-10-26T22:00:00.000Z,0.4352185934782028,5,hour,,
68ffa4a68b391edeafbcc920,BTC,2025-10-26T23:00:00.000Z,0.6372895366088911,11,hour,,
68ffa4a68b391edeafbcc921,BTC,2025-10-27T00:00:00.000Z,0.6130638847127556,10,hour,,
68ffa4a68b391edeafbcc922,BTC,2025-10-27T21:00:00.000Z,0.5757579389028251,8,hour,,
68ffa4a68b391edeafbcc923,BTC,2025-10-26T19:00:00.000Z,0.6261532355454706,63,day,,
68ffa4a68b391edeafbcc924,BTC,2025-10-27T19:00:00.000Z,0.6491914955074436,131,day,,
68ffa4a68b391edeafbcc925,ETH,2025-10-26T00:00:00.000Z,0.5271089151501656,5,hour,,
68ffa4a68b391edeafbcc926,ETH,2025-10-26T01:00:00.000Z,0.8413559010562797,12,hour,,
68ffa4a68b391edeafbcc927,ETH,2025-10-26T11:00:00.000Z,0.7233309508546403,19,hour,,
68ffa4a68b391edeafbcc928,ETH,2025-10-26T12:00:00.000Z,0.6773899367286099,9,hour,,
68ffa4a68b391edeafbcc929,ETH,2025-10-26T13:00:00.000Z,0.8128045480698347,4,hour,,
68ffa4a68b391edeafbcc92a,ETH,2025-10-26T14:00:00.000Z,0.673402520975,19,hour,,
68ffa4a68b391edeafbcc92b,ETH,2025-10-26T15:00:00.000Z,0.5822003546636552,16,hour,,
68ffa4a68b391edeafbcc92c,ETH,2025-10-26T16:00:00.000Z,0.8153627924621105,3,hour,,
68ffa4a68b391edeafbcc92d,ETH,2025-10-26T17:00:00.000Z,0.8417101487079087,17,hour,,
68ffa4a68b391edeafbcc92e,ETH,2025-10-26T18:00:00.000Z,0.5657947953080847,21,hour,,
68ffa4a68b391edeafbcc92f,ETH,2025-10-26T19:00:00.000Z,0.48433628387283534,16,hour,,
68ffa4a68b391edeafbcc930,ETH,2025-10-26T20:00:00.000Z,0.5966474604275491,9,hour,,
68ffa4a68b391edeafbcc931,ETH,2025-10-26T21:00:00.000Z,0.28345654085278515,5,hour,,
68ffa4a68b391edeafbcc932,ETH,2025-10-26T22:00:00.000Z,0.561016106357177,3,hour,,
68ffa4a68b391edeafbcc933,ETH,2025-10-26T23:00:00.000Z,0.6242289570543695,17,hour,,
68ffa4a68b391edeafbcc934,ETH,2025-10-27T00:00:00.000Z,0.8534187638821702,12,hour,,
68ffa4a68b391edeafbcc935,ETH,2025-10-27T21:00:00.000Z,0.8202800552050273,9,hour,,
68ffa4a78b391edeafbcc936,ETH,2025-10-26T19:00:00.000Z,0.5979428410590175,62,day,,
68ffa4a78b391edeafbcc937,ETH,2025-10-27T19:00:00.000Z,0.7358089959490355,108,day,,
68ffa4a98b391edeafbcc938,SOLANA,2025-10-26T00:00:00.000Z,0.7380450863979364,19,hour,,
68ffa4a98b391edeafbcc939,SOLANA,2025-10-26T01:00:00.000Z,0.8395674712955952,13,hour,,
68ffa4a98b391edeafbcc93a,SOLANA,2025-10-26T11:00:00.000Z,0.8111714085936547,25,hour,,
68ffa4a98b391edeafbcc93b,SOLANA,2025-10-26T12:00:00.000Z,0.8383665389070908,9,hour,,
68ffa4a98b391edeafbcc93c,SOLANA,2025-10-26T13:00:00.000Z,0.7722258232533932,20,hour,,
68ffa4a98b391edeafbcc93d,SOLANA,2025-10-26T14:00:00.000Z,0.761355593408409,19,hour,,
68ffa4a98b391edeafbcc93e,SOLANA,2025-10-26T15:00:00.000Z,0.616211244952865,16,hour,,
68ffa4a98b391edeafbcc93f,SOLANA,2025-10-26T16:00:00.000Z,0.6807102810304898,13,hour,,
68ffa4a98b391edeafbcc940,SOLANA,2025-10-26T17:00:00.000Z,0.6348062639849054,18,hour,,
68ffa4a98b391edeafbcc941,SOLANA,2025-10-26T18:00:00.000Z,0.6987238868194467,17,hour,,
68ffa4a98b391edeafbcc942,SOLANA,2025-10-26T19:00:00.000Z,0.7615985688753426,8,hour,,
68ffa4a98b391edeafbcc943,SOLANA,2025-10-26T20:00:00.000Z,0.6710322100669146,20,hour,,
68ffa4a98b391edeafbcc944,SOLANA,2025-10-26T21:00:00.000Z,0.613289182074368,12,hour,,
68ffa4a98b391edeafbcc945,SOLANA,2025-10-26T22:00:00.000Z,0.7684127094054763,11,hour,,
68ffa4a98b391edeafbcc946,SOLANA,2025-10-26T23:00:00.000Z,0.6588245760649443,24,hour,,
68ffa4a98b391edeafbcc947,SOLANA,2025-10-27T00:00:00.000Z,0.6567263563887941,18,hour,,
68ffa4a98b391edeafbcc948,SOLANA,2025-10-26T19:00:00.000Z,0.6769710428091468,93,day,,
68ffa9648b391edeafbcca3f,SOLANA,2025-10-27T21:00:00.000Z,0.7412366218864918,5,hour,,
68ffa9648b391edeafbcca40,SOLANA,2025-10-27T19:00:00.000Z,0.7140240014832414,142,day,,
68ffb07b8b391edeafbccccd,BTC,2025-10-27T22:00:00.000Z,0.7519422611221671,4,hour,,
68ffb07b8b391edeafbcccce,ETH,2025-10-27T22:00:00.000Z,0.7694588440159957,6,hour,,
68ffb07c8b391edeafbccccf,SOLANA,2025-10-27T22:00:00.000Z,0.7918838551267982,8,hour,,
68ffb7958b391edeafbcce04,BTC,2025-10-27T23:00:00.000Z,0.7202018031229575,15,hour,,
68ffb7958b391edeafbcce05,ETH,2025-10-27T23:00:00.000Z,0.5587808469103442,9,hour,,
68ffb7958b391edeafbcce06,SOLANA,2025-10-27T23:00:00.000Z,0.5146554032197366,13,hour,,
68ffc5d68b391edeafbcd046,SOLANA,2025-10-28T00:00:00.000Z,0.7869468624458501,19,hour,,
68ffc8318b391edeafbcd09b,BTC,2025-10-28T00:00:00.000Z,0.46777476618687314,18,hour,,
68ffc8318b391edeafbcd09c,ETH,2025-10-28T00:00:00.000Z,0.5876771288458258,8,hour,,
68ffd6668b391edeafbcd2be,BTC,2025-10-28T01:00:00.000Z,0.7738139384559223,7,hour,,
68ffd6668b391edeafbcd2bf,ETH,2025-10-28T01:00:00.000Z,0.7805215605698964,17,hour,,
68ffd6668b391edeafbcd2c0,SOLANA,2025-10-28T01:00:00.000Z,0.6305147208846533,13,hour,,
68ffdfe18b391edeafbcd413,BTC,2025-10-28T02:00:00.000Z,0.6333395394989673,17,hour,,
68ffdfe28b391edeafbcd414,ETH,2025-10-28T02:00:00.000Z,0.6315161186669553,7,hour,,
68ffdfe38b391edeafbcd415,SOLANA,2025-10-28T02:00:00.000Z,0.6997068895559226,14,hour,,
68fff0738b391edeafbcd670,BTC,2025-10-28T03:00:00.000Z,0.5746816437397348,19,hour,,
68fff0738b391edeafbcd671,ETH,2025-10-28T03:00:00.000Z,0.6668124345264265,7,hour,,
68fff0738b391edeafbcd672,SOLANA,2025-10-28T03:00:00.000Z,0.7481017563314665,21,hour,,
690001018b391edeafbcd8e0,BTC,2025-10-28T04:00:00.000Z,0.8277834720211104,16,hour,,
690001018b391edeafbcd8e1,ETH,2025-10-28T04:00:00.000Z,0.7576279221102595,18,hour,,
690001028b391edeafbcd8e2,SOLANA,2025-10-28T04:00:00.000Z,0.7745872038815703,14,hour,,
69000f2e8b391edeafbcdae1,BTC,2025-10-28T05:00:00.000Z,0.4618236592837743,7,hour,,
6900118c8b391edeafbcdb3f,ETH,2025-10-28T05:00:00.000Z,0.8319547884166241,2,hour,,
6900118c8b391edeafbcdb40,SOLANA,2025-10-28T05:00:00.000Z,0.7794973212811682,9,hour,,
690018a58b391edeafbcdc55,BTC,2025-10-28T06:00:00.000Z,0.7313779189251364,20,hour,,
690018a58b391edeafbcdc56,ETH,2025-10-28T06:00:00.000Z,0.8031709908694029,25,hour,,
690018a58b391edeafbcdc57,SOLANA,2025-10-28T06:00:00.000Z,0.697893160681885,26,hour,,
69023a338b391edeafbd3212,BTC,2025-10-28T20:00:00.000Z,0.6485143850247065,3,hour,,
69023a338b391edeafbd3213,BTC,2025-10-28T21:00:00.000Z,0.5345865218815478,11,hour,,
69023a338b391edeafbd3214,BTC,2025-10-28T22:00:00.000Z,0.7555846139788628,5,hour,,
69023a338b391edeafbd3215,BTC,2025-10-28T23:00:00.000Z,0.6516880930655382,11,hour,,
69023a338b391edeafbd3216,BTC,2025-10-29T00:00:00.000Z,0.7224687229841947,20,hour,,
69023a338b391edeafbd3217,BTC,2025-10-29T01:00:00.000Z,0.6680541878773106,9,hour,,
69023a338b391edeafbd3218,BTC,2025-10-29T02:00:00.000Z,0.802856860930721,15,hour,,
69023a338b391edeafbd3219,BTC,2025-10-29T03:00:00.000Z,0.7069909948855638,5,hour,,
69023a338b391edeafbd321a,BTC,2025-10-29T10:00:00.000Z,0.4924821319496807,17,hour,,
69023a338b391edeafbd321b,BTC,2025-10-29T11:00:00.000Z,0.7067671993126471,15,hour,,
69023a338b391edeafbd321c,BTC,2025-10-29T14:00:00.000Z,0.6011697854846716,9,hour,,
69023a338b391edeafbd321d,BTC,2025-10-29T16:00:00.000Z,0.6271055795784507,14,hour,,
69023a338b391edeafbd321e,BTC,2025-10-29T17:00:00.000Z,0.5420967092737555,15,hour,,
69023a338b391edeafbd321f,BTC,2025-10-29T19:00:00.000Z,0.7143278445582837,12,hour,,
69023a348b391edeafbd3220,BTC,2025-10-28T19:00:00.000Z,0.6664020498305487,209,day,,
69023a348b391edeafbd3221,BTC,2025-10-29T19:00:00.000Z,0.7265870479711642,120,day,,
69023a348b391edeafbd3222,ETH,2025-10-28T20:00:00.000Z,0.5846294495277107,8,hour,,
69023a348b391edeafbd3223,ETH,2025-10-28T21:00:00.000Z,0.4647075325250626,10,hour,,
69023a348b391edeafbd3224,ETH,2025-10-28T22:00:00.000Z,0.48448931872844697,5,hour,,
69023a348b391edeafbd3225,ETH,2025-10-28T23:00:00.000Z,0.6858774154362353,11,hour,,
69023a348b391edeafbd3226,ETH,2025-10-29T00:00:00.000Z,0.7865433196670243,14,hour,,
69023a348b391edeafbd3227,ETH,2025-10-29T01:00:00.000Z,0.849488478153944,5,hour,,
69023a348b391edeafbd3228,ETH,2025-10-29T02:00:00.000Z,0.8148660553353173,7,hour,,
69023a348b391edeafbd3229,ETH,2025-10-29T03:00:00.000Z,0.7543985291849822,8,hour,,
69023a348b391edeafbd322a,ETH,2025-10-29T04:00:00.000Z,0.8459901064634323,2,hour,,
69023a348b391edeafbd322b,ETH,2025-10-29T13:00:00.000Z,0.514151531457901,10,hour,,
69023a348b391edeafbd322c,ETH,2025-10-29T16:00:00.000Z,0.710518778115511,10,hour,,
69023a348b391edeafbd322d,ETH,2025-10-29T17:00:00.000Z,0.6980918436532928,21,hour,,
69023a348b391edeafbd322e,ETH,2025-10-28T19:00:00.000Z,0.6692349380962757,181,day,,
69023a348b391edeafbd322f,SOLANA,2025-10-28T20:00:00.000Z,0.7526895352639258,8,hour,,
69023a348b391edeafbd3230,SOLANA,2025-10-28T21:00:00.000Z,0.7928730530353884,24,hour,,
69023a348b391edeafbd3231,SOLANA,2025-10-28T22:00:00.000Z,0.7251617608902355,12,hour,,
69023a348b391edeafbd3232,SOLANA,2025-10-28T23:00:00.000Z,0.6624885197314951,27,hour,,
69023a348b391edeafbd3233,SOLANA,2025-10-29T00:00:00.000Z,0.7662084009498358,19,hour,,
69023a348b391edeafbd3234,SOLANA,2025-10-29T01:00:00.000Z,0.8604134141721509,11,hour,,
69023a348b391edeafbd3235,SOLANA,2025-10-29T02:00:00.000Z,0.7779507948195232,17,hour,,
69023a348b391edeafbd3236,SOLANA,2025-10-29T03:00:00.000Z,0.724822288217104,23,hour,,
69023a348b391edeafbd3237,SOLANA,2025-10-29T04:00:00.000Z,0.6761102005839348,13,hour,,
69023a348b391edeafbd3238,SOLANA,2025-10-29T11:00:00.000Z,0.6939742490649223,11,hour,,
69023a348b391edeafbd3239,SOLANA,2025-10-29T12:00:00.000Z,0.5387106499789903,12,hour,,
69023a348b391edeafbd323a,SOLANA,2025-10-29T13:00:00.000Z,0.7060690503567457,17,hour,,
69023a348b391edeafbd323b,SOLANA,2025-10-29T14:00:00.000Z,0.729729335134228,21,hour,,
69023a348b391edeafbd323c,SOLANA,2025-10-29T17:00:00.000Z,0.5995079912245274,18,hour,,
69023a348b391edeafbd323d,SOLANA,2025-10-29T18:00:00.000Z,0.7401036758991806,11,hour,,
69023a348b391edeafbd323e,SOLANA,2025-10-29T19:00:00.000Z,0.7940151157788933,20,hour,,
69023a348b391edeafbd323f,SOLANA,2025-10-29T20:00:00.000Z,0.7469407382675193,11,hour,,
69023a368b391edeafbd3240,SOLANA,2025-10-28T19:00:00.000Z,0.7170141333695121,294,day,,
69023a368b391edeafbd3241,SOLANA,2025-10-29T19:00:00.000Z,0.7448116431502919,95,day,,
69023e998b391edeafbd32e9,BTC,2025-10-29T04:00:00.000Z,0.7938325956463813,5,hour,,
69023e998b391edeafbd32ea,BTC,2025-10-29T09:00:00.000Z,0.7634759354922507,9,hour,,
69023e998b391edeafbd32eb,BTC,2025-10-29T12:00:00.000Z,0.7750299600884318,10,hour,,
69023e998b391edeafbd32ec,BTC,2025-10-29T13:00:00.000Z,0.47531427019699046,11,hour,,
69023e998b391edeafbd32ed,BTC,2025-10-29T15:00:00.000Z,0.8371842410415411,6,hour,,
69023e9a8b391edeafbd32ee,ETH,2025-10-29T09:00:00.000Z,0.8528894116170704,8,hour,,
69023e9a8b391edeafbd32ef,ETH,2025-10-29T10:00:00.000Z,0.5924128070473671,15,hour,,
69023e9a8b391edeafbd32f0,ETH,2025-10-29T11:00:00.000Z,0.7343987577002157,11,hour,,
69023e9a8b391edeafbd32f1,ETH,2025-10-29T12:00:00.000Z,0.5046511983498931,10,hour,,
69023e9a8b391edeafbd32f2,ETH,2025-10-29T14:00:00.000Z,0.6210766769945621,10,hour,,
69023e9a8b391edeafbd32f3,ETH,2025-10-29T15:00:00.000Z,0.42421429567039015,5,hour,,
69023e9a8b391edeafbd32f4,SOLANA,2025-10-29T09:00:00.000Z,0.647812238894403,8,hour,,
69023e9a8b391edeafbd32f5,SOLANA,2025-10-29T10:00:00.000Z,0.7163503263145685,17,hour,,
69023e9a8b391edeafbd32f6,SOLANA,2025-10-29T15:00:00.000Z,0.7810645907052925,7,hour,,
690240f78b391edeafbd3355,BTC,2025-10-29T18:00:00.000Z,0.7541264165192842,19,hour,,
690240f78b391edeafbd3356,BTC,2025-10-29T20:00:00.000Z,0.6906154170632363,10,hour,,
690240f78b391edeafbd3357,BTC,2025-10-29T21:00:00.000Z,0.6067318620446782,13,hour,,
690240f78b391edeafbd3358,ETH,2025-10-29T18:00:00.000Z,0.825214475731958,11,hour,,
690240f78b391edeafbd3359,ETH,2025-10-29T19:00:00.000Z,0.6666029583041867,12,hour,,
690240f78b391edeafbd335a,ETH,2025-10-29T20:00:00.000Z,0.6754998803138733,5,hour,,
690240f78b391edeafbd335b,ETH,2025-10-29T21:00:00.000Z,0.8543376620858908,5,hour,,
690240f78b391edeafbd335c,ETH,2025-10-29T19:00:00.000Z,0.7574062169555368,72,day,,
690240f88b391edeafbd335d,SOLANA,2025-10-29T16:00:00.000Z,0.7371452370037636,18,hour,,
690240f88b391edeafbd335e,SOLANA,2025-10-29T21:00:00.000Z,0.7876495208059039,7,hour,,
69024a738b391edeafbd34b1,SOLANA,2025-10-29T22:00:00.000Z,0.7839691303670406,10,hour,,
69024ccf8b391edeafbd3503,BTC,2025-10-29T22:00:00.000Z,0.7358929684851319,8,hour,,
69024ccf8b391edeafbd3504,ETH,2025-10-29T22:00:00.000Z,0.907899234443903,2,hour,,
69025b028b391edeafbd38e0,BTC,2025-10-29T23:00:00.000Z,0.8363934257999062,10,hour,,
69025b028b391edeafbd38e1,ETH,2025-10-29T23:00:00.000Z,0.8678496601060033,4,hour,,
69025b038b391edeafbd38e2,SOLANA,2025-10-29T23:00:00.000Z,0.8134570121765137,2,hour,,
69026cf18b391edeafbd3bee,BTC,2025-10-30T00:00:00.000Z,0.7147707566618919,6,hour,,
69026cf38b391edeafbd3bef,ETH,2025-10-30T00:00:00.000Z,0.09260308152685565,3,hour,,
69026cf38b391edeafbd3bf0,SOLANA,2025-10-30T00:00:00.000Z,0.6969683443506558,3,hour,,
690277e68b391edeafbd3d73,BTC,2025-10-30T01:00:00.000Z,0.7506887867030773,11,hour,,
690277e78b391edeafbd3d74,ETH,2025-10-30T01:00:00.000Z,0.7259973068721592,4,hour,,
69027f118b391edeafbd3e78,SOLANA,2025-10-30T01:00:00.000Z,0.7473400831222534,1,hour,,
690286268b391edeafbd3f6d,BTC,2025-10-30T02:00:00.000Z,0.9092886410653591,1,hour,,
690286288b391edeafbd3f6e,SOLANA,2025-10-30T02:00:00.000Z,0.7518660593777895,4,hour,,
69028d288b391edeafbd4066,ETH,2025-10-30T02:00:00.000Z,0.8608726151287556,1,hour,,
690294398b391edeafbd4168,BTC,2025-10-30T03:00:00.000Z,0.8306066267192364,5,hour,,
6902943a8b391edeafbd4169,ETH,2025-10-30T03:00:00.000Z,0.83604337554425,16,hour,,
6902943c8b391edeafbd416b,SOLANA,2025-10-30T03:00:00.000Z,-0.031404147545496586,3,hour,,
690303318b391edeafbd5057,BTC,2025-10-30T10:00:00.000Z,0.6034943845123053,5,hour,,
690303328b391edeafbd5058,ETH,2025-10-30T10:00:00.000Z,0.8716490492224693,2,hour,,
690303358b391edeafbd5059,SOLANA,2025-10-30T10:00:00.000Z,0.8399860933423042,1,hour,,
690305948b391edeafbd50b3,ETH,2025-10-30T11:00:00.000Z,0.747219467163086,5,hour,,
690305948b391edeafbd50b4,SOLANA,2025-10-30T11:00:00.000Z,0.7983042070908206,7,hour,,
690307f18b391edeafbd511b,BTC,2025-10-30T11:00:00.000Z,0.867938390666885,14,hour,,
69030f178b391edeafbd522d,BTC,2025-10-30T12:00:00.000Z,0.6091587050376754,19,hour,,
69030f178b391edeafbd522e,ETH,2025-10-30T12:00:00.000Z,0.8166967452104602,7,hour,,
69030f1a8b391edeafbd522f,SOLANA,2025-10-30T12:00:00.000Z,0.7551874159411951,22,hour,,
69031fbf8b391edeafbd567b,SOLANA,2025-10-30T13:00:00.000Z,0.7216420210897923,4,hour,,
69131f4815d91edd2a46a7b5,BTC,2025-10-31T02:00:00.000Z,0.6980847671627999,10,hour,,
69131f4815d91edd2a46a7b6,BTC,2025-10-31T05:00:00.000Z,0.688864110223949,10,hour,,
69131f4915d91edd2a46a7b7,BTC,2025-10-30T19:00:00.000Z,0.6881126509979367,131,day,,
69131f4a15d91edd2a46a7b8,ETH,2025-11-02T18:00:00.000Z,0.7782756121596321,16,hour,,
69131f4a15d91edd2a46a7b9,ETH,2025-11-01T19:00:00.000Z,0.7559272155579594,45,day,,
69131f4b15d91edd2a46a7ba,ETH,2025-11-01T19:00:00.000Z,0.7691393563306177,77,week,,
69131f4d15d91edd2a46a7bb,SOLANA,2025-10-31T01:00:00.000Z,0.8074002614865701,15,hour,,
69131f4d15d91edd2a46a7bc,SOLANA,2025-10-31T04:00:00.000Z,0.5837121494114399,16,hour,,
69131f4d15d91edd2a46a7bd,SOLANA,2025-10-31T05:00:00.000Z,0.6897653605788946,20,hour,,
69131f4d15d91edd2a46a7be,SOLANA,2025-10-31T08:00:00.000Z,0.834997230519851,3,hour,,
69131f4d15d91edd2a46a7bf,SOLANA,2025-11-02T13:00:00.000Z,0.7830148149514571,16,hour,,
69131f4d15d91edd2a46a7c0,SOLANA,2025-11-02T14:00:00.000Z,0.6306003434583545,20,hour,,
69131f4d15d91edd2a46a7c1,SOLANA,2025-11-02T16:00:00.000Z,0.7491783489688085,13,hour,,
69131f4d15d91edd2a46a7c2,SOLANA,2025-10-30T19:00:00.000Z,0.6672193780926794,145,day,,
69131f4d15d91edd2a46a7c3,SOLANA,2025-11-01T19:00:00.000Z,0.7072359044686891,96,day,,
69131f4e15d91edd2a46a7c4,SOLANA,2025-11-01T19:00:00.000Z,0.7214564084576044,173,week,,
691451c215d91edd2a46d13a,BTC,2025-10-30T13:00:00.000Z,0.8704362471277515,6,hour,,
691451c215d91edd2a46d13b,BTC,2025-10-30T21:00:00.000Z,0.7681196494959295,12,hour,,
691451c215d91edd2a46d13c,BTC,2025-10-30T22:00:00.000Z,0.6622668579220772,14,hour,,
691451c215d91edd2a46d13d,BTC,2025-10-30T23:00:00.000Z,0.8407591167837382,10,hour,,
691451c215d91edd2a46d13e,BTC,2025-10-31T00:00:00.000Z,0.7098353436061492,24,hour,,
691451c215d91edd2a46d13f,BTC,2025-10-31T01:00:00.000Z,0.6312683081099143,12,hour,,
691451c215d91edd2a46d140,BTC,2025-10-31T03:00:00.000Z,0.6465520709753036,9,hour,,
691451c215d91edd2a46d141,BTC,2025-10-31T04:00:00.000Z,0.7717358795925975,10,hour,,
691451c215d91edd2a46d142,BTC,2025-10-31T06:00:00.000Z,0.18134787864983082,2,hour,,
691451c215d91edd2a46d143,BTC,2025-10-31T07:00:00.000Z,0.7128582090478053,11,hour,,
691451c215d91edd2a46d144,BTC,2025-10-31T08:00:00.000Z,0.4321105855384043,7,hour,,
691451c215d91edd2a46d145,BTC,2025-11-02T13:00:00.000Z,0.8456518118166261,9,hour,,
691451c215d91edd2a46d146,BTC,2025-11-02T14:00:00.000Z,0.8358011996107442,7,hour,,
691451c215d91edd2a46d147,BTC,2025-11-02T15:00:00.000Z,0.8213058061897754,10,hour,,
691451c215d91edd2a46d148,BTC,2025-11-02T16:00:00.000Z,0.05167043209075928,1,hour,,
691451c215d91edd2a46d149,BTC,2025-11-02T17:00:00.000Z,0.6967804321589378,13,hour,,
691451c215d91edd2a46d14a,BTC,2025-11-02T18:00:00.000Z,0.6916822112877579,17,hour,,
691451c215d91edd2a46d14b,BTC,2025-11-02T19:00:00.000Z,0.4752242667600512,6,hour,,
691451c215d91edd2a46d14c,BTC,2025-11-02T20:00:00.000Z,0.793028800693505,17,hour,,
691451c215d91edd2a46d14d,BTC,2025-11-02T21:00:00.000Z,0.6421713635325431,15,hour,,
691451c215d91edd2a46d14e,BTC,2025-11-02T22:00:00.000Z,0.8629363114014268,4,hour,,
691451c215d91edd2a46d14f,BTC,2025-11-02T23:00:00.000Z,0.8262921859111104,7,hour,,
691451c315d91edd2a46d150,BTC,2025-11-01T19:00:00.000Z,0.7463674808345866,57,day,,
691451c315d91edd2a46d151,BTC,2025-11-02T19:00:00.000Z,0.7183917594351331,49,day,,
691451c415d91edd2a46d152,BTC,2025-11-01T19:00:00.000Z,0.7334353077348392,106,week,,
691451c415d91edd2a46d153,ETH,2025-10-30T13:00:00.000Z,0.8303315921997031,6,hour,,
691451c415d91edd2a46d154,ETH,2025-10-30T21:00:00.000Z,0.840542156781469,7,hour,,
691451c415d91edd2a46d155,ETH,2025-10-30T22:00:00.000Z,0.7008729585342937,9,hour,,
691451c415d91edd2a46d156,ETH,2025-10-30T23:00:00.000Z,0.8820807866752147,5,hour,,
691451c415d91edd2a46d157,ETH,2025-10-31T00:00:00.000Z,0.8010765979997814,12,hour,,
691451c415d91edd2a46d158,ETH,2025-10-31T01:00:00.000Z,0.8052038811147213,6,hour,,
691451c415d91edd2a46d159,ETH,2025-10-31T02:00:00.000Z,0.7182873774852072,7,hour,,
691451c415d91edd2a46d15a,ETH,2025-10-31T03:00:00.000Z,0.7814379616712148,13,hour,,
691451c415d91edd2a46d15b,ETH,2025-10-31T04:00:00.000Z,0.6845995606007901,11,hour,,
691451c415d91edd2a46d15c,ETH,2025-10-31T05:00:00.000Z,0.5829942245036364,7,hour,,
691451c415d91edd2a46d15d,ETH,2025-10-31T06:00:00.000Z,0.8048855488499006,3,hour,,
691451c415d91edd2a46d15e,ETH,2025-10-31T07:00:00.000Z,0.4934478447669082,9,hour,,
691451c415d91edd2a46d15f,ETH,2025-10-31T08:00:00.000Z,0.8240272641181946,5,hour,,
691451c415d91edd2a46d160,ETH,2025-11-02T13:00:00.000Z,0.7521174536086619,8,hour,,
691451c415d91edd2a46d161,ETH,2025-11-02T14:00:00.000Z,0.7120451778173447,4,hour,,
691451c415d91edd2a46d162,ETH,2025-11-02T15:00:00.000Z,0.8456548228859901,7,hour,,
691451c415d91edd2a46d163,ETH,2025-11-02T16:00:00.000Z,0.826792623847723,2,hour,,
691451c415d91edd2a46d164,ETH,2025-11-02T17:00:00.000Z,0.6407531946897507,8,hour,,
691451c415d91edd2a46d165,ETH,2025-11-02T19:00:00.000Z,0.8067159513011575,6,hour,,
691451c415d91edd2a46d166,ETH,2025-11-02T20:00:00.000Z,0.7938136685905712,14,hour,,
691451c415d91edd2a46d167,ETH,2025-11-02T21:00:00.000Z,0.7808282903085152,6,hour,,
691451c415d91edd2a46d168,ETH,2025-11-02T22:00:00.000Z,0.8309706194947164,3,hour,,
691451c415d91edd2a46d169,ETH,2025-11-02T23:00:00.000Z,0.6918123563130696,3,hour,,
691451c415d91edd2a46d16a,ETH,2025-10-30T19:00:00.000Z,0.7321306550280845,94,day,,
691451c415d91edd2a46d16b,ETH,2025-11-02T19:00:00.000Z,0.7877189292921685,32,day,,
691451c615d91edd2a46d16c,SOLANA,2025-10-30T21:00:00.000Z,0.7075927046438059,9,hour,,
691451c615d91edd2a46d16d,SOLANA,2025-10-30T22:00:00.000Z,0.6682064678106043,18,hour,,
691451c615d91edd2a46d16e,SOLANA,2025-10-30T23:00:00.000Z,0.29511836916208267,10,hour,,
691451c615d91edd2a46d16f,SOLANA,2025-10-31T00:00:00.000Z,0.6855193605789771,13,hour,,
691451c615d91edd2a46d170,SOLANA,2025-10-31T02:00:00.000Z,0.3785289898514748,3,hour,,
691451c615d91edd2a46d171,SOLANA,2025-10-31T03:00:00.000Z,0.8221801490607588,22,hour,,
691451c615d91edd2a46d172,SOLANA,2025-10-31T06:00:00.000Z,0.4596077859401703,5,hour,,
691451c615d91edd2a46d173,SOLANA,2025-10-31T07:00:00.000Z,0.655957935208624,11,hour,,
691451c615d91edd2a46d174,SOLANA,2025-11-02T15:00:00.000Z,0.8204733990132809,7,hour,,
691451c615d91edd2a46d175,SOLANA,2025-11-02T17:00:00.000Z,0.6630443572998046,20,hour,,
691451c615d91edd2a46d176,SOLANA,2025-11-02T18:00:00.000Z,0.7005441722460091,20,hour,,
691451c615d91edd2a46d177,SOLANA,2025-11-02T19:00:00.000Z,0.714812412392348,12,hour,,
691451c615d91edd2a46d178,SOLANA,2025-11-02T20:00:00.000Z,0.8552890944993123,16,hour,,
691451c615d91edd2a46d179,SOLANA,2025-11-02T21:00:00.000Z,0.6302116497165777,22,hour,,
691451c615d91edd2a46d17a,SOLANA,2025-11-02T22:00:00.000Z,0.719889111159479,17,hour,,
691451c615d91edd2a46d17b,SOLANA,2025-11-02T23:00:00.000Z,0.8552166189998388,10,hour,,
691451c715d91edd2a46d17c,SOLANA,2025-11-02T19:00:00.000Z,0.7391858679762521,77,day,,
691457bb15d91edd2a46d264,BTC,2025-11-12T14:00:00.000Z,0.5239198219496757,8,hour,,
691457bb15d91edd2a46d265,BTC,2025-11-11T19:00:00.000Z,0.6579895473903778,33,day,,
691457bb15d91edd2a46d266,BTC,2025-11-08T19:00:00.000Z,0.06737235430595784,577,week,,
6914584f15d91edd2a46d27b,ETH,2025-11-12T14:00:00.000Z,0.2966906398534775,5,hour,,
6914584f15d91edd2a46d27c,ETH,2025-11-11T19:00:00.000Z,0.6302404600040367,24,day,,
6914584f15d91edd2a46d27d,ETH,2025-11-08T19:00:00.000Z,0.07811412642384907,341,week,,
6914584f15d91edd2a46d27e,SOLANA,2025-11-12T14:00:00.000Z,0.7814901171562572,12,hour,,
6914585215d91edd2a46d27f,SOLANA,2025-11-11T19:00:00.000Z,0.7255177828712298,61,day,,
6914585215d91edd2a46d280,SOLANA,2025-11-08T19:00:00.000Z,0.08507122731566807,872,week,,
69145fcd15d91edd2a46d392,BTC,2025-11-12T15:00:00.000Z,0.8586651645600796,9,hour,,
69145fce15d91edd2a46d393,ETH,2025-11-12T15:00:00.000Z,0.7343815045261924,11,hour,,
69145fd015d91edd2a46d396,SOLANA,2025-11-12T15:00:00.000Z,0.7041879265452735,16,hour,,
6914703a15d91edd2a46d5f6,BTC,2025-11-12T16:00:00.000Z,0.7063639491796494,5,hour,,
6914703c15d91edd2a46d5f9,ETH,2025-11-12T16:00:00.000Z,0.7960587628185749,2,hour,,
691472a315d91edd2a46d64c,SOLANA,2025-11-12T16:00:00.000Z,0.7613816869755586,6,hour,,
69147ae515d91edd2a46d772,ETH,2025-11-12T17:00:00.000Z,0.5985379628837109,4,hour,,
69147ae815d91edd2a46d775,SOLANA,2025-11-12T17:00:00.000Z,0.761865440600862,12,hour,,
6914839515d91edd2a46d8ad,BTC,2025-11-12T17:00:00.000Z,0.6755640295644602,6,hour,,
69148caf15d91edd2a46d9f5,BTC,2025-11-12T18:00:00.000Z,0.4418212167918682,5,hour,,
69148cb315d91edd2a46d9f6,SOLANA,2025-11-12T18:00:00.000Z,0.6600680743654569,15,hour,,
6914939315d91edd2a46daef,ETH,2025-11-12T18:00:00.000Z,0.7889259569346905,2,hour,,
69149a5515d91edd2a46dbe9,BTC,2025-11-12T19:00:00.000Z,0.7993030566722155,7,hour,,
69149a5715d91edd2a46dbea,BTC,2025-11-12T19:00:00.000Z,0.1751040139862774,98,day,,
69149a5715d91edd2a46dbeb,ETH,2025-11-12T19:00:00.000Z,0.7277987735966841,3,hour,,
69149a5715d91edd2a46dbec,ETH,2025-11-12T19:00:00.000Z,0.12873115644735444,85,day,,
69149a5a15d91edd2a46dbed,SOLANA,2025-11-12T19:00:00.000Z,0.7019247253192589,16,hour,,
69149a5a15d91edd2a46dbee,SOLANA,2025-11-12T19:00:00.000Z,0.15482028508963785,184,day,,
6914aa4a15d91edd2a46de3d,BTC,2025-11-12T20:00:00.000Z,0.796201457735151,4,hour,,
6914aa4c15d91edd2a46de3f,ETH,2025-11-12T20:00:00.000Z,0.7817055378109217,2,hour,,
6914aa4f15d91edd2a46de40,SOLANA,2025-11-12T20:00:00.000Z,0.7292200273109807,9,hour,,
6914b3a515d91edd2a46df93,BTC,2025-11-12T21:00:00.000Z,0.8380266143009066,10,hour,,
6914b3a615d91edd2a46df94,ETH,2025-11-12T21:00:00.000Z,0.7712082552413145,6,hour,,
6914b3a815d91edd2a46df97,SOLANA,2025-11-12T21:00:00.000Z,0.7694667067068318,12,hour,,
6919e68b758f042a488a3261,BTC,2025-11-13T01:00:00.000Z,0,1,hour,,
6919e68b758f042a488a3263,BTC,2025-11-13T03:00:00.000Z,0,3,hour,,
6919e68b758f042a488a3260,BTC,2025-11-13T00:00:00.000Z,0,7,hour,,
6919e68b758f042a488a3262,BTC,2025-11-13T02:00:00.000Z,0,8,hour,,
6919e68b758f042a488a325e,BTC,2025-11-12T22:00:00.000Z,0,9,hour,,
6919e68b758f042a488a325f,BTC,2025-11-12T23:00:00.000Z,0,3,hour,,
6919e68b758f042a488a3268,BTC,2025-11-13T18:00:00.000Z,0,9,hour,,
6919e68b758f042a488a3265,BTC,2025-11-13T13:00:00.000Z,0,14,hour,,
6919e68b758f042a488a3266,BTC,2025-11-13T16:00:00.000Z,0,9,hour,,
6919e68b758f042a488a3267,BTC,2025-11-13T17:00:00.000Z,0,7,hour,,
6919e68b758f042a488a3269,BTC,2025-11-13T19:00:00.000Z,0,21,hour,,
6919e68b758f042a488a3264,BTC,2025-11-13T12:00:00.000Z,0,7,hour,,
6919e68b758f042a488a326c,BTC,2025-11-13T22:00:00.000Z,0,6,hour,,
6919e68b758f042a488a326e,BTC,2025-11-14T00:00:00.000Z,0,12,hour,,
6919e68b758f042a488a326f,BTC,2025-11-14T01:00:00.000Z,0,10,hour,,
6919e68b758f042a488a326b,BTC,2025-11-13T21:00:00.000Z,0,10,hour,,
6919e68b758f042a488a326d,BTC,2025-11-13T23:00:00.000Z,0,2,hour,,
6919e68b758f042a488a326a,BTC,2025-11-13T20:00:00.000Z,0,4,hour,,
6919e68b758f042a488a3275,BTC,2025-11-14T08:00:00.000Z,0,8,hour,,
6919e68b758f042a488a3272,BTC,2025-11-14T04:00:00.000Z,0,4,hour,,
6919e68b758f042a488a327e,BTC,2025-11-14T18:00:00.000Z,0,20,hour,,
6919e68b758f042a488a3271,BTC,2025-11-14T03:00:00.000Z,0,2,hour,,
6919e68b758f042a488a327f,BTC,2025-11-14T19:00:00.000Z,0,15,hour,,
6919e68b758f042a488a3278,BTC,2025-11-14T11:00:00.000Z,0,13,hour,,
6919e68b758f042a488a3279,BTC,2025-11-14T12:00:00.000Z,0,5,hour,,
6919e68b758f042a488a3277,BTC,2025-11-14T10:00:00.000Z,0,4,hour,,
6919e68b758f042a488a327a,BTC,2025-11-14T13:00:00.000Z,0,17,hour,,
6919e68b758f042a488a3273,BTC,2025-11-14T05:00:00.000Z,0,5,hour,,
6919e68b758f042a488a3274,BTC,2025-11-14T06:00:00.000Z,0,2,hour,,
6919e68b758f042a488a3276,BTC,2025-11-14T09:00:00.000Z,0,6,hour,,
6919e68b758f042a488a327b,BTC,2025-11-14T14:00:00.000Z,0,13,hour,,
6919e68b758f042a488a327c,BTC,2025-11-14T16:00:00.000Z,0,5,hour,,
6919e68b758f042a488a327d,BTC,2025-11-14T17:00:00.000Z,0,3,hour,,
6919e68b758f042a488a3270,BTC,2025-11-14T02:00:00.000Z,0,7,hour,,
6919e68b758f042a488a3283,BTC,2025-11-14T23:00:00.000Z,0,22,hour,,
6919e68b758f042a488a3280,BTC,2025-11-14T20:00:00.000Z,0,8,hour,,
6919e68b758f042a488a3281,BTC,2025-11-14T21:00:00.000Z,0,15,hour,,
6919e68b758f042a488a3284,BTC,2025-11-15T00:00:00.000Z,0,4,hour,,
6919e68b758f042a488a3282,BTC,2025-11-14T22:00:00.000Z,0,5,hour,,
6919e68b758f042a488a3286,BTC,2025-11-15T02:00:00.000Z,0,10,hour,,
6919e68b758f042a488a3285,BTC,2025-11-15T01:00:00.000Z,0,10,hour,,
6919e68b758f042a488a3287,BTC,2025-11-15T03:00:00.000Z,0,7,hour,,
6919e68b758f042a488a3289,BTC,2025-11-15T05:00:00.000Z,0,21,hour,,
6919e68b758f042a488a328d,BTC,2025-11-15T09:00:00.000Z,0,3,hour,,
6919e68b758f042a488a328b,BTC,2025-11-15T07:00:00.000Z,0,9,hour,,
6919e68b758f042a488a3288,BTC,2025-11-15T04:00:00.000Z,0,20,hour,,
6919e68b758f042a488a328c,BTC,2025-11-15T08:00:00.000Z,0,9,hour,,
6919e68b758f042a488a328a,BTC,2025-11-15T06:00:00.000Z,0,16,hour,,
6919e68b758f042a488a3290,BTC,2025-11-15T14:00:00.000Z,0,4,hour,,
6919e68b758f042a488a328e,BTC,2025-11-15T12:00:00.000Z,0,6,hour,,
6919e68b758f042a488a328f,BTC,2025-11-15T13:00:00.000Z,0,16,hour,,
6919e68b758f042a488a3291,BTC,2025-11-15T15:00:00.000Z,0,18,hour,,
6919e68b758f042a488a3294,BTC,2025-11-15T18:00:00.000Z,0,18,hour,,
6919e68b758f042a488a3292,BTC,2025-11-15T16:00:00.000Z,0,15,hour,,
6919e68b758f042a488a3293,BTC,2025-11-15T17:00:00.000Z,0,16,hour,,
6919e68b758f042a488a3295,BTC,2025-11-15T19:00:00.000Z,0,15,hour,,
6919e68b758f042a488a3296,BTC,2025-11-15T20:00:00.000Z,0,6,hour,,
6919e68b758f042a488a3297,BTC,2025-11-15T21:00:00.000Z,0,13,hour,,
6919e68b758f042a488a3298,BTC,2025-11-15T22:00:00.000Z,0.013864291831851006,12,hour,,
6919e68b758f042a488a3299,BTC,2025-11-15T23:00:00.000Z,0,13,hour,,
6919e68b758f042a488a329a,BTC,2025-11-16T00:00:00.000Z,0,7,hour,,
6919e68b758f042a488a329b,BTC,2025-11-16T01:00:00.000Z,0,4,hour,,
6919e68b758f042a488a329c,BTC,2025-11-16T03:00:00.000Z,0,3,hour,,
6919e68b758f042a488a329d,BTC,2025-11-16T04:00:00.000Z,0,2,hour,,
6919e68b758f042a488a329e,BTC,2025-11-16T05:00:00.000Z,0,4,hour,,
6919e68b758f042a488a329f,BTC,2025-11-16T06:00:00.000Z,0,2,hour,,
6919e68b758f042a488a32a0,BTC,2025-11-16T07:00:00.000Z,0,17,hour,,
6919e68b758f042a488a32a1,BTC,2025-11-16T08:00:00.000Z,0,1,hour,,
6919e68b758f042a488a32a6,BTC,2025-11-16T19:00:00.000Z,0.6738104061646895,11,hour,,
6919e68b758f042a488a32a3,BTC,2025-11-16T14:00:00.000Z,0,2,hour,,
6919e68b758f042a488a32a2,BTC,2025-11-16T09:00:00.000Z,0,5,hour,,
6919e68b758f042a488a32a5,BTC,2025-11-16T16:00:00.000Z,0.5636657178401947,5,hour,,
6919e68b758f042a488a32a4,BTC,2025-11-16T15:00:00.000Z,0.4936926483231432,17,hour,,
6919e68b758f042a488a32a7,BTC,2025-11-13T19:00:00.000Z,0,179,day,,
6919e68b758f042a488a32a9,BTC,2025-11-15T19:00:00.000Z,0.0888865243177861,128,day,,
6919e68b758f042a488a32a8,BTC,2025-11-14T19:00:00.000Z,0,267,day,,
6919e68b758f042a488a32aa,BTC,2025-11-16T19:00:00.000Z,0.3871934358498558,199,day,,
6919e68b758f042a488a32ab,BTC,2025-11-15T19:00:00.000Z,0.265015032499636,1224,week,,
6919e68b758f042a488a32ac,ETH,2025-11-12T22:00:00.000Z,0.18005007803440098,5,hour,,
6919e68b758f042a488a32ad,ETH,2025-11-12T23:00:00.000Z,0,2,hour,,
6919e68b758f042a488a32ae,ETH,2025-11-13T00:00:00.000Z,0.11839314230850767,7,hour,,
6919e68b758f042a488a32b1,ETH,2025-11-13T03:00:00.000Z,0,13,hour,,
6919e68b758f042a488a32b2,ETH,2025-11-13T12:00:00.000Z,0,7,hour,,
6919e68b758f042a488a32b0,ETH,2025-11-13T02:00:00.000Z,0,8,hour,,
6919e68b758f042a488a32b3,ETH,2025-11-13T13:00:00.000Z,0.0005240961909294128,8,hour,,
6919e68b758f042a488a32af,ETH,2025-11-13T01:00:00.000Z,0,2,hour,,
6919e68b758f042a488a32be,ETH,2025-11-14T02:00:00.000Z,0,5,hour,,
6919e68b758f042a488a32b4,ETH,2025-11-13T16:00:00.000Z,0,1,hour,,
6919e68b758f042a488a32b8,ETH,2025-11-13T20:00:00.000Z,0,3,hour,,
6919e68b758f042a488a32bb,ETH,2025-11-13T23:00:00.000Z,0,1,hour,,
6919e68b758f042a488a32b7,ETH,2025-11-13T19:00:00.000Z,0,9,hour,,
6919e68b758f042a488a32c1,ETH,2025-11-14T05:00:00.000Z,0,4,hour,,
6919e68b758f042a488a32b6,ETH,2025-11-13T18:00:00.000Z,0.10436202678829432,8,hour,,
6919e68b758f042a488a32bd,ETH,2025-11-14T01:00:00.000Z,0,4,hour,,
6919e68b758f042a488a32c2,ETH,2025-11-14T06:00:00.000Z,0,1,hour,,
6919e68b758f042a488a32c8,ETH,2025-11-14T12:00:00.000Z,0,2,hour,,
6919e68b758f042a488a32b9,ETH,2025-11-13T21:00:00.000Z,0,3,hour,,
6919e68b758f042a488a32bc,ETH,2025-11-14T00:00:00.000Z,0,1,hour,,
6919e68b758f042a488a32bf,ETH,2025-11-14T03:00:00.000Z,0,1,hour,,
6919e68b758f042a488a32c4,ETH,2025-11-14T08:00:00.000Z,0,2,hour,,
6919e68b758f042a488a32c5,ETH,2025-11-14T09:00:00.000Z,0,3,hour,,
6919e68b758f042a488a32cc,ETH,2025-11-14T17:00:00.000Z,0,4,hour,,
6919e68b758f042a488a32c0,ETH,2025-11-14T04:00:00.000Z,0,5,hour,,
6919e68b758f042a488a32c9,ETH,2025-11-14T13:00:00.000Z,0,10,hour,,
6919e68b758f042a488a32b5,ETH,2025-11-13T17:00:00.000Z,0,13,hour,,
6919e68b758f042a488a32ba,ETH,2025-11-13T22:00:00.000Z,0,3,hour,,
6919e68b758f042a488a32ca,ETH,2025-11-14T14:00:00.000Z,0,3,hour,,
6919e68b758f042a488a32c3,ETH,2025-11-14T07:00:00.000Z,0,3,hour,,
6919e68b758f042a488a32c6,ETH,2025-11-14T10:00:00.000Z,0,4,hour,,
6919e68b758f042a488a32c7,ETH,2025-11-14T11:00:00.000Z,0,4,hour,,
6919e68b758f042a488a32cb,ETH,2025-11-14T16:00:00.000Z,0,3,hour,,
6919e68b758f042a488a32cd,ETH,2025-11-14T18:00:00.000Z,0,12,hour,,
6919e68b758f042a488a32de,ETH,2025-11-15T14:00:00.000Z,0,3,hour,,
6919e68b758f042a488a32e3,ETH,2025-11-15T19:00:00.000Z,0,13,hour,,
6919e68b758f042a488a32d1,ETH,2025-11-14T22:00:00.000Z,0,3,hour,,
6919e68b758f042a488a32dc,ETH,2025-11-15T12:00:00.000Z,0,1,hour,,
6919e68b758f042a488a32e7,ETH,2025-11-16T00:00:00.000Z,0,1,hour,,
6919e68b758f042a488a32d0,ETH,2025-11-14T21:00:00.000Z,0,7,hour,,
6919e68b758f042a488a32d8,ETH,2025-11-15T06:00:00.000Z,0,4,hour,,
6919e68b758f042a488a32d6,ETH,2025-11-15T04:00:00.000Z,0,9,hour,,
6919e68b758f042a488a32e4,ETH,2025-11-15T21:00:00.000Z,0,8,hour,,
6919e68b758f042a488a32e5,ETH,2025-11-15T22:00:00.000Z,0,6,hour,,
6919e68b758f042a488a32d2,ETH,2025-11-14T23:00:00.000Z,0,11,hour,,
6919e68b758f042a488a32e0,ETH,2025-11-15T16:00:00.000Z,0,10,hour,,
6919e68b758f042a488a32db,ETH,2025-11-15T09:00:00.000Z,0,1,hour,,
6919e68b758f042a488a32d3,ETH,2025-11-15T00:00:00.000Z,0,4,hour,,
6919e68b758f042a488a32ce,ETH,2025-11-14T19:00:00.000Z,0,8,hour,,
6919e68b758f042a488a32d5,ETH,2025-11-15T02:00:00.000Z,0,2,hour,,
6919e68b758f042a488a32e1,ETH,2025-11-15T17:00:00.000Z,0,15,hour,,
6919e68b758f042a488a32d7,ETH,2025-11-15T05:00:00.000Z,0.03793318482736746,15,hour,,
6919e68b758f042a488a32d9,ETH,2025-11-15T07:00:00.000Z,0,8,hour,,
6919e68b758f042a488a32df,ETH,2025-11-15T15:00:00.000Z,0,7,hour,,
6919e68b758f042a488a32e6,ETH,2025-11-15T23:00:00.000Z,0,7,hour,,
6919e68b758f042a488a32d4,ETH,2025-11-15T01:00:00.000Z,0,12,hour,,
6919e68b758f042a488a32da,ETH,2025-11-15T08:00:00.000Z,0,8,hour,,
6919e68b758f042a488a32dd,ETH,2025-11-15T13:00:00.000Z,0,5,hour,,
6919e68b758f042a488a32e2,ETH,2025-11-15T18:00:00.000Z,0,8,hour,,
6919e68b758f042a488a32cf,ETH,2025-11-14T20:00:00.000Z,0,1,hour,,
6919e68b758f042a488a32e8,ETH,2025-11-16T04:00:00.000Z,0,2,hour,,
6919e68b758f042a488a32e9,ETH,2025-11-16T05:00:00.000Z,0,1,hour,,
6919e68b758f042a488a32ea,ETH,2025-11-16T07:00:00.000Z,0,3,hour,,
6919e68b758f042a488a32eb,ETH,2025-11-16T08:00:00.000Z,0,2,hour,,
6919e68b758f042a488a32ed,ETH,2025-11-16T15:00:00.000Z,0.45084201792875933,3,hour,,
6919e68b758f042a488a32ec,ETH,2025-11-16T14:00:00.000Z,0,2,hour,,
6919e68b758f042a488a32ef,ETH,2025-11-16T19:00:00.000Z,0.8186696879565716,2,hour,,
6919e68b758f042a488a32ee,ETH,2025-11-16T16:00:00.000Z,0.30613601207733154,3,hour,,
6919e68d758f042a488a32f0,ETH,2025-11-13T19:00:00.000Z,0,90,day,,
6919e68d758f042a488a32f2,ETH,2025-11-15T19:00:00.000Z,0.04452811941212298,51,day,,
6919e68d758f042a488a32f3,ETH,2025-11-16T19:00:00.000Z,0.37453116924734786,128,day,,
6919e68d758f042a488a32f1,ETH,2025-11-14T19:00:00.000Z,0.004007026566271166,142,day,,
6919e68d758f042a488a32f5,ETH,2025-11-15T19:00:00.000Z,0.37132394386561873,584,week,,
6919e68d758f042a488a32f7,SOLANA,2025-11-12T23:00:00.000Z,0,4,hour,,
6919e68d758f042a488a32f6,SOLANA,2025-11-12T22:00:00.000Z,0,17,hour,,
6919e68d758f042a488a32f8,SOLANA,2025-11-13T00:00:00.000Z,0,18,hour,,
6919e68d758f042a488a32ff,SOLANA,2025-11-13T17:00:00.000Z,-0.01321376008646824,14,hour,,
6919e68d758f042a488a32f9,SOLANA,2025-11-13T01:00:00.000Z,0.037368350408294004,22,hour,,
6919e68d758f042a488a32fa,SOLANA,2025-11-13T02:00:00.000Z,0.04946854666751971,17,hour,,
6919e68d758f042a488a32fc,SOLANA,2025-11-13T12:00:00.000Z,0,5,hour,,
6919e68d758f042a488a32fe,SOLANA,2025-11-13T16:00:00.000Z,0,9,hour,,
6919e68d758f042a488a32fb,SOLANA,2025-11-13T03:00:00.000Z,0,13,hour,,
6919e68d758f042a488a32fd,SOLANA,2025-11-13T13:00:00.000Z,-0.001157514750957489,16,hour,,
6919e68d758f042a488a3300,SOLANA,2025-11-13T18:00:00.000Z,0,12,hour,,
6919e68d758f042a488a3301,SOLANA,2025-11-13T19:00:00.000Z,0,17,hour,,
6919e68d758f042a488a3304,SOLANA,2025-11-13T22:00:00.000Z,0,22,hour,,
6919e68d758f042a488a3305,SOLANA,2025-11-13T23:00:00.000Z,0,10,hour,,
6919e68d758f042a488a3302,SOLANA,2025-11-13T20:00:00.000Z,0,13,hour,,
6919e68d758f042a488a3303,SOLANA,2025-11-13T21:00:00.000Z,0.032695635842780235,24,hour,,
6919e68d758f042a488a3306,SOLANA,2025-11-14T00:00:00.000Z,0,16,hour,,
6919e68d758f042a488a3310,SOLANA,2025-11-14T10:00:00.000Z,0,14,hour,,
6919e68d758f042a488a3308,SOLANA,2025-11-14T02:00:00.000Z,0,17,hour,,
6919e68d758f042a488a330e,SOLANA,2025-11-14T08:00:00.000Z,0,17,hour,,
6919e68d758f042a488a330d,SOLANA,2025-11-14T07:00:00.000Z,0,15,hour,,
6919e68d758f042a488a3312,SOLANA,2025-11-14T12:00:00.000Z,0,6,hour,,
6919e68d758f042a488a3309,SOLANA,2025-11-14T03:00:00.000Z,0,11,hour,,
6919e68d758f042a488a330a,SOLANA,2025-11-14T04:00:00.000Z,0,24,hour,,
6919e68d758f042a488a330b,SOLANA,2025-11-14T05:00:00.000Z,0,21,hour,,
6919e68d758f042a488a3311,SOLANA,2025-11-14T11:00:00.000Z,0,10,hour,,
6919e68d758f042a488a3307,SOLANA,2025-11-14T01:00:00.000Z,0,13,hour,,
6919e68d758f042a488a330c,SOLANA,2025-11-14T06:00:00.000Z,0,11,hour,,
6919e68d758f042a488a330f,SOLANA,2025-11-14T09:00:00.000Z,0,16,hour,,
6919e68d758f042a488a3313,SOLANA,2025-11-14T13:00:00.000Z,0,16,hour,,
6919e68d758f042a488a3320,SOLANA,2025-11-15T03:00:00.000Z,0,7,hour,,
6919e68d758f042a488a3319,SOLANA,2025-11-14T20:00:00.000Z,0.1634744368493557,4,hour,,
6919e68d758f042a488a331a,SOLANA,2025-11-14T21:00:00.000Z,0,18,hour,,
6919e68d758f042a488a3316,SOLANA,2025-11-14T17:00:00.000Z,0,11,hour,,
6919e68d758f042a488a3318,SOLANA,2025-11-14T19:00:00.000Z,0,13,hour,,
6919e68d758f042a488a3315,SOLANA,2025-11-14T16:00:00.000Z,0,10,hour,,
6919e68d758f042a488a331b,SOLANA,2025-11-14T22:00:00.000Z,0,12,hour,,
6919e68d758f042a488a3314,SOLANA,2025-11-14T14:00:00.000Z,0,8,hour,,
6919e68d758f042a488a331c,SOLANA,2025-11-14T23:00:00.000Z,0,17,hour,,
6919e68d758f042a488a331e,SOLANA,2025-11-15T01:00:00.000Z,0,17,hour,,
6919e68d758f042a488a3317,SOLANA,2025-11-14T18:00:00.000Z,0,14,hour,,
6919e68d758f042a488a331d,SOLANA,2025-11-15T00:00:00.000Z,0,3,hour,,
6919e68d758f042a488a331f,SOLANA,2025-11-15T02:00:00.000Z,0,11,hour,,
6919e68d758f042a488a3321,SOLANA,2025-11-15T04:00:00.000Z,0,18,hour,,
6919e68d758f042a488a332d,SOLANA,2025-11-15T18:00:00.000Z,0,19,hour,,
6919e68d758f042a488a3324,SOLANA,2025-11-15T07:00:00.000Z,0,8,hour,,
6919e68d758f042a488a3326,SOLANA,2025-11-15T09:00:00.000Z,0,11,hour,,
6919e68d758f042a488a3327,SOLANA,2025-11-15T12:00:00.000Z,0,8,hour,,
6919e68d758f042a488a3325,SOLANA,2025-11-15T08:00:00.000Z,0,21,hour,,
6919e68d758f042a488a3329,SOLANA,2025-11-15T14:00:00.000Z,0,7,hour,,
6919e68d758f042a488a332c,SOLANA,2025-11-15T17:00:00.000Z,0,28,hour,,
6919e68d758f042a488a332a,SOLANA,2025-11-15T15:00:00.000Z,0,17,hour,,
6919e68d758f042a488a3328,SOLANA,2025-11-15T13:00:00.000Z,0,8,hour,,
6919e68d758f042a488a332b,SOLANA,2025-11-15T16:00:00.000Z,0,8,hour,,
6919e68d758f042a488a3322,SOLANA,2025-11-15T05:00:00.000Z,0,22,hour,,
6919e68d758f042a488a3323,SOLANA,2025-11-15T06:00:00.000Z,0,14,hour,,
6919e68d758f042a488a3330,SOLANA,2025-11-15T21:00:00.000Z,0,19,hour,,
6919e68d758f042a488a3332,SOLANA,2025-11-15T23:00:00.000Z,0,16,hour,,
6919e68d758f042a488a3333,SOLANA,2025-11-16T00:00:00.000Z,0,9,hour,,
6919e68d758f042a488a3334,SOLANA,2025-11-16T01:00:00.000Z,0,17,hour,,
6919e68d758f042a488a332f,SOLANA,2025-11-15T20:00:00.000Z,0,11,hour,,
6919e68d758f042a488a332e,SOLANA,2025-11-15T19:00:00.000Z,0,23,hour,,
6919e68d758f042a488a3331,SOLANA,2025-11-15T22:00:00.000Z,0,21,hour,,
6919e68d758f042a488a3335,SOLANA,2025-11-16T02:00:00.000Z,0,8,hour,,
6919e68d758f042a488a3336,SOLANA,2025-11-16T03:00:00.000Z,0,23,hour,,
6919e68d758f042a488a3339,SOLANA,2025-11-16T06:00:00.000Z,0.0678384673710053,13,hour,,
6919e68d758f042a488a333d,SOLANA,2025-11-16T14:00:00.000Z,0,17,hour,,
6919e68d758f042a488a333c,SOLANA,2025-11-16T09:00:00.000Z,0,6,hour,,
6919e68d758f042a488a3338,SOLANA,2025-11-16T05:00:00.000Z,0,23,hour,,
6919e68d758f042a488a333a,SOLANA,2025-11-16T07:00:00.000Z,0,9,hour,,
6919e68d758f042a488a3337,SOLANA,2025-11-16T04:00:00.000Z,0,17,hour,,
6919e68d758f042a488a333b,SOLANA,2025-11-16T08:00:00.000Z,0,13,hour,,
6919e68d758f042a488a333e,SOLANA,2025-11-16T15:00:00.000Z,0.26269512227736413,16,hour,,
6919e68d758f042a488a333f,SOLANA,2025-11-16T16:00:00.000Z,0.7569358057808131,8,hour,,
6919e68d758f042a488a3340,SOLANA,2025-11-16T19:00:00.000Z,0.708377488755754,7,hour,,
6919e68e758f042a488a3342,SOLANA,2025-11-14T19:00:00.000Z,0.002247071296898384,291,day,,
6919e68e758f042a488a3343,SOLANA,2025-11-15T19:00:00.000Z,0.04141452965987885,269,day,,
6919e68e758f042a488a3344,SOLANA,2025-11-16T19:00:00.000Z,0.4414816302652921,248,day,,
6919e68e758f042a488a3341,SOLANA,2025-11-13T19:00:00.000Z,0.002335402560198596,336,day,,
6919e68e758f042a488a3345,SOLANA,2025-11-15T19:00:00.000Z,0.39202558066669146,1226,week,,
69202d1e82c05455042be2b2,Ethereum,2025-10-28T20:00:00.000Z,,8,hour,0.5846294495277107,
69202d1e82c05455042be2b3,Solana,2025-10-30T13:00:00.000Z,,4,hour,0.7216420210897923,
69202d1e82c05455042be2b4,Ethereum,2025-10-23T18:00:00.000Z,,6,hour,0.6329371575266123,
69202d1e82c05455042be2b5,Ethereum,2025-11-02T15:00:00.000Z,,7,hour,0.8456548228859901,
69202d1e82c05455042be2b6,Solana,2025-10-27T22:00:00.000Z,,8,hour,0.7918838551267982,
69202d1e82c05455042be2b7,Bitcoin,2025-10-31T02:00:00.000Z,,10,hour,0.6980847671627999,
69202d1e82c05455042be2b8,Ethereum,2025-11-13T16:00:00.000Z,,1,hour,0,
69202d1e82c05455042be2b9,Bitcoin,2025-10-22T20:00:00.000Z,,9,hour,0.8598506345103184,
69202d1e82c05455042be2ba,Solana,2025-11-19T12:00:00.000Z,,17,hour,0.6076451112680575,
69202d1e82c05455042be2bb,Bitcoin,2025-10-14T15:00:00.000Z,,15,hour,0.6798416182398797,
69202d1e82c05455042be2bc,Ethereum,2025-10-22T22:00:00.000Z,,4,hour,0.6607440365478396,
69202d1e82c05455042be2bd,Solana,2025-10-26T17:00:00.000Z,,18,hour,0.6348062639849054,
69202d1e82c05455042be2be,Ethereum,2025-10-12T20:00:00.000Z,,18,hour,0.7363013407836358,
69202d1e82c05455042be2bf,Bitcoin,2025-11-12T14:00:00.000Z,,8,hour,0.5239198219496757,
69202d1e82c05455042be2c0,Bitcoin,2025-10-29T15:00:00.000Z,,6,hour,0.8371842410415411,
69202d1e82c05455042be2c1,Solana,2025-10-11T16:00:00.000Z,,21,hour,0.572447769343853,
69202d1e82c05455042be2c2,Solana,2025-10-24T17:00:00.000Z,,4,hour,0.8392456928268075,
69202d1e82c05455042be2c3,Solana,2025-10-25T01:00:00.000Z,,9,hour,0.8412844302753607,
69202d1e82c05455042be2c4,Ethereum,2025-10-12T19:00:00.000Z,,8,hour,0.6555843243841082,
69202d1e82c05455042be2c5,Ethereum,2025-10-27T23:00:00.000Z,,9,hour,0.5587808469103442,
69202d1e82c05455042be2c6,Solana,2025-10-07T20:00:00.000Z,,8,hour,0.6638612393289804,
69202d1e82c05455042be2c7,Bitcoin,2025-10-14T22:00:00.000Z,,10,hour,0.7382123405113816,
69202d1e82c05455042be2c8,Bitcoin,2025-11-02T18:00:00.000Z,,17,hour,0.6916822112877579,
69202d1e82c05455042be2c9,Solana,2025-11-12T18:00:00.000Z,,15,hour,0.6600680743654569,
69202d1e82c05455042be2ca,Bitcoin,2025-11-12T20:00:00.000Z,,3,hour,0.8464403071751198,
69202d1e82c05455042be2cb,Ethereum,2025-10-11T22:00:00.000Z,,20,hour,0.7561162396334111,
69202d1e82c05455042be2cc,Solana,2025-11-13T23:00:00.000Z,,10,hour,0,
69202d1e82c05455042be2cd,Bitcoin,2025-11-14T01:00:00.000Z,,10,hour,0,
69202d1e82c05455042be2ce,Ethereum,2025-11-14T09:00:00.000Z,,3,hour,0,
69202d1e82c05455042be2cf,Ethereum,2025-11-14T11:00:00.000Z,,4,hour,0,
69202d1e82c05455042be2d0,Bitcoin,2025-11-02T21:00:00.000Z,,15,hour,0.6421713635325431,
69202d1e82c05455042be2d1,Bitcoin,2025-10-24T21:00:00.000Z,,2,hour,0.7993963286280632,
69202d1e82c05455042be2d2,Solana,2025-10-14T22:00:00.000Z,,13,hour,0.7320440185184662,
69202d1e82c05455042be2d3,Solana,2025-11-14T11:00:00.000Z,,10,hour,0,
69202d1e82c05455042be2d4,Solana,2025-11-17T04:00:00.000Z,,14,hour,0.76416926831007,
69202d1e82c05455042be2d5,Bitcoin,2025-10-23T00:00:00.000Z,,5,hour,0.41395601555705064,
69202d1e82c05455042be2d6,Solana,2025-11-15T23:00:00.000Z,,16,hour,0,
69202d1e82c05455042be2d7,Bitcoin,2025-10-08T23:00:00.000Z,,17,hour,0.754371435217121,
69202d1e82c05455042be2d8,Solana,2025-11-16T23:00:00.000Z,,10,hour,0,
69202d1e82c05455042be2d9,Ethereum,2025-10-25T13:00:00.000Z,,7,hour,0.8157990473721709,
69202d1e82c05455042be2da,Bitcoin,2025-10-22T23:00:00.000Z,,6,hour,0.7020427665362756,
69202d1e82c05455042be2db,Bitcoin,2025-10-07T21:00:00.000Z,,17,hour,0.7206620563040761,
69202d1e82c05455042be2dc,Ethereum,2025-10-29T19:00:00.000Z,,12,hour,0.6666029583041867,
69202d1e82c05455042be2dd,Solana,2025-10-26T01:00:00.000Z,,13,hour,0.8395674712955952,
69202d1e82c05455042be2de,Bitcoin,2025-11-12T15:00:00.000Z,,9,hour,0.8586651645600796,
69202d1e82c05455042be2df,Solana,2025-10-26T00:00:00.000Z,,19,hour,0.7380450863979364,
69202d1e82c05455042be2e0,Bitcoin,2025-11-12T23:00:00.000Z,,3,hour,0,
69202d1e82c05455042be2e1,Bitcoin,2025-11-14T21:00:00.000Z,,15,hour,0,
69202d1e82c05455042be2e2,Solana,2025-11-02T16:00:00.000Z,,13,hour,0.7491783489688085,
69202d1e82c05455042be2e3,Solana,2025-10-26T22:00:00.000Z,,11,hour,0.7684127094054763,
69202d1e82c05455042be2e4,Solana,2025-10-27T23:00:00.000Z,,13,hour,0.5146554032197366,
69202d1e82c05455042be2e5,Bitcoin,2025-11-02T20:00:00.000Z,,17,hour,0.793028800693505,
69202d1e82c05455042be2e6,Bitcoin,2025-10-11T17:00:00.000Z,,30,hour,0.7127494309718411,
69202d1e82c05455042be2e7,Solana,2025-10-30T23:00:00.000Z,,10,hour,0.29511836916208267,
69202d1e82c05455042be2e8,Bitcoin,2025-10-24T19:00:00.000Z,,6,hour,0.8322121181214849,
69202d1e82c05455042be2e9,Ethereum,2025-10-31T06:00:00.000Z,,3,hour,0.8048855488499006,
69202d1e82c05455042be2ea,Ethereum,2025-11-14T22:00:00.000Z,,3,hour,0,
69202d1e82c05455042be2eb,Bitcoin,2025-11-16T22:00:00.000Z,,16,hour,0,
69202d1e82c05455042be2ec,Ethereum,2025-11-17T20:00:00.000Z,,5,hour,0.7468775425106288,
69202d1e82c05455042be2ed,Ethereum,2025-10-28T23:00:00.000Z,,11,hour,0.6858774154362353,
69202d1e82c05455042be2ee,Ethereum,2025-10-29T14:00:00.000Z,,10,hour,0.6210766769945621,
69202d1e82c05455042be2ef,Ethereum,2025-10-29T00:00:00.000Z,,14,hour,0.7865433196670243,
69202d1e82c05455042be2f0,Solana,2025-11-18T09:00:00.000Z,,12,hour,0.7675402176876863,
69202d1e82c05455042be2f1,Bitcoin,2025-10-23T22:00:00.000Z,,1,hour,0.909772451967001,
69202d1e82c05455042be2f2,Bitcoin,2025-11-17T00:00:00.000Z,,18,hour,0,
69202d1e82c05455042be2f3,Solana,2025-10-25T20:00:00.000Z,,18,hour,0.7605025756897198,
69202d1e82c05455042be2f4,Bitcoin,2025-11-02T17:00:00.000Z,,13,hour,0.6967804321589378,
69202d1e82c05455042be2f5,Solana,2025-10-29T04:00:00.000Z,,13,hour,0.6761102005839348,
69202d1e82c05455042be2f6,Bitcoin,2025-10-29T12:00:00.000Z,,10,hour,0.7750299600884318,
69202d1e82c05455042be2f7,Solana,2025-11-02T20:00:00.000Z,,16,hour,0.8552890944993123,
69202d1e82c05455042be2f8,Solana,2025-11-12T23:00:00.000Z,,4,hour,0,
69202d1e82c05455042be2f9,Solana,2025-11-15T21:00:00.000Z,,19,hour,0,
69202d1e82c05455042be2fa,Solana,2025-11-17T00:00:00.000Z,,16,hour,0,
69202d1e82c05455042be2fb,Bitcoin,2025-11-17T10:00:00.000Z,,18,hour,0.657271649222821,
69202d1e82c05455042be2fc,Ethereum,2025-11-02T18:00:00.000Z,,16,hour,0.7782756121596321,
69202d1e82c05455042be2fd,Bitcoin,2025-10-23T23:00:00.000Z,,2,hour,0.8977490775287151,
69202d1e82c05455042be2fe,Ethereum,2025-11-12T21:00:00.000Z,,6,hour,0.7712082552413145,
69202d1e82c05455042be2ff,Solana,2025-11-17T06:00:00.000Z,,4,hour,0.3572404542937875,
69202d1e82c05455042be300,Solana,2025-11-17T13:00:00.000Z,,16,hour,0.6332295443862677,
69202d1e82c05455042be301,Ethereum,2025-11-20T05:00:00.000Z,,13,hour,0.4542859359286152,
69202d1e82c05455042be302,Solana,2025-10-24T19:00:00.000Z,,10,hour,0.7097883613780142,
69202d1e82c05455042be303,Bitcoin,2025-11-20T10:00:00.000Z,,7,hour,0.5420535624559437,
69202d1e82c05455042be304,Solana,2025-10-14T20:00:00.000Z,,7,hour,0.6029762279774462,
69202d1e82c05455042be305,Bitcoin,2025-11-13T02:00:00.000Z,,8,hour,0,
69202d1e82c05455042be306,Bitcoin,2025-10-29T10:00:00.000Z,,17,hour,0.4924821319496807,
69202d1e82c05455042be307,Solana,2025-10-22T21:00:00.000Z,,11,hour,0.7135017717426474,
69202d1e82c05455042be308,Ethereum,2025-10-23T12:00:00.000Z,,1,hour,0.9129486419260502,
69202d1e82c05455042be309,Bitcoin,2025-10-29T22:00:00.000Z,,8,hour,0.7358929684851319,
69202d1e82c05455042be30a,Solana,2025-10-14T18:00:00.000Z,,10,hour,0.756865131109953,
69202d1e82c05455042be30b,Ethereum,2025-10-24T17:00:00.000Z,,8,hour,0.7777957278303802,
69202d1e82c05455042be30c,Solana,2025-10-31T03:00:00.000Z,,22,hour,0.8221801490607588,
69202d1e82c05455042be30d,Solana,2025-11-14T16:00:00.000Z,,10,hour,0,
69202d1e82c05455042be30e,Solana,2025-11-14T13:00:00.000Z,,16,hour,0,
69202d1e82c05455042be30f,Ethereum,2025-11-14T12:00:00.000Z,,2,hour,0,
69202d1e82c05455042be310,Solana,2025-11-17T12:00:00.000Z,,15,hour,0.7856919428954521,
69202d1e82c05455042be311,Ethereum,2025-11-17T05:00:00.000Z,,8,hour,0.4754721636418253,
69202d1e82c05455042be312,Bitcoin,2025-11-17T07:00:00.000Z,,3,hour,0.7812918095539013,
69202d1e82c05455042be313,Ethereum,2025-11-16T15:00:00.000Z,,3,hour,0.45084201792875933,
69202d1e82c05455042be314,Bitcoin,2025-11-18T13:00:00.000Z,,5,hour,0.8276525430381297,
69202d1e82c05455042be315,Ethereum,2025-10-31T02:00:00.000Z,,7,hour,0.7182873774852072,
69202d1e82c05455042be316,Solana,2025-10-23T10:00:00.000Z,,10,hour,0.4777819015085697,
69202d1e82c05455042be317,Bitcoin,2025-11-20T03:00:00.000Z,,12,hour,0.7295934747283658,
69202d1e82c05455042be318,Ethereum,2025-10-08T11:00:00.000Z,,8,hour,0.7093202027026564,
69202d1e82c05455042be319,Ethereum,2025-11-20T10:00:00.000Z,,1,hour,0.8275038152933121,
69202d1e82c05455042be31a,Bitcoin,2025-11-14T20:00:00.000Z,,8,hour,0,
69202d1e82c05455042be31b,Ethereum,2025-11-13T03:00:00.000Z,,13,hour,0,
69202d1e82c05455042be31c,Solana,2025-10-30T10:00:00.000Z,,1,hour,0.8399860933423042,
69202d1e82c05455042be31d,Ethereum,2025-10-23T10:00:00.000Z,,8,hour,0.6021947155240923,
69202d1e82c05455042be31e,Solana,2025-10-22T23:00:00.000Z,,5,hour,0.8033138770610093,
69202d1e82c05455042be31f,Solana,2025-11-14T05:00:00.000Z,,21,hour,0,
69202d1e82c05455042be320,Ethereum,2025-10-24T22:00:00.000Z,,2,hour,0.7414532490074635,
69202d1e82c05455042be321,Solana,2025-10-11T23:00:00.000Z,,27,hour,0.6713342874966286,
69202d1e82c05455042be322,Bitcoin,2025-10-26T18:00:00.000Z,,14,hour,0.6371543539155807,
69202d1e82c05455042be323,Solana,2025-11-14T03:00:00.000Z,,11,hour,0,
69202d1e82c05455042be324,Bitcoin,2025-10-25T12:00:00.000Z,,1,hour,0.808488555252552,
69202d1e82c05455042be325,Bitcoin,2025-10-09T00:00:00.000Z,,11,hour,0.6717542294751515,
69202d1e82c05455042be326,Bitcoin,2025-10-25T01:00:00.000Z,,6,hour,0.8065490027268727,
69202d1e82c05455042be327,Solana,2025-10-29T18:00:00.000Z,,11,hour,0.7401036758991806,
69202d1e82c05455042be328,Ethereum,2025-10-25T15:00:00.000Z,,5,hour,0.6837101370096207,
69202d1e82c05455042be329,Ethereum,2025-10-26T11:00:00.000Z,,19,hour,0.7233309508546403,
69202d1e82c05455042be32a,Solana,2025-10-25T15:00:00.000Z,,6,hour,0.767439216375351,
69202d1e82c05455042be32b,Solana,2025-10-29T14:00:00.000Z,,21,hour,0.729729335134228,
69202d1e82c05455042be32c,Bitcoin,2025-10-30T12:00:00.000Z,,19,hour,0.6091587050376754,
69202d1e82c05455042be32d,Solana,2025-11-02T21:00:00.000Z,,22,hour,0.6302116497165777,
69202d1e82c05455042be32e,Bitcoin,2025-11-12T21:00:00.000Z,,10,hour,0.8380266143009066,
69202d1e82c05455042be32f,Bitcoin,2025-10-29T09:00:00.000Z,,9,hour,0.7634759354922507,
69202d1e82c05455042be330,Bitcoin,2025-10-31T00:00:00.000Z,,24,hour,0.7098353436061492,
69202d1e82c05455042be331,Bitcoin,2025-11-19T12:00:00.000Z,,17,hour,0.6266129053033451,
69202d1e82c05455042be332,Bitcoin,2025-11-15T14:00:00.000Z,,4,hour,0,
69202d1e82c05455042be333,Bitcoin,2025-10-24T18:00:00.000Z,,4,hour,0.5493705747649074,
69202d1e82c05455042be334,Solana,2025-10-29T01:00:00.000Z,,11,hour,0.8604134141721509,
69202d1e82c05455042be335,Bitcoin,2025-11-17T13:00:00.000Z,,4,hour,0.7784628299996257,
69202d1e82c05455042be336,Bitcoin,2025-10-23T18:00:00.000Z,,5,hour,0.8088882341980934,
69202d1e82c05455042be337,Bitcoin,2025-11-18T02:00:00.000Z,,6,hour,0.555186966744562,
69202d1e82c05455042be338,Bitcoin,2025-11-13T01:00:00.000Z,,1,hour,0,
69202d1e82c05455042be339,Bitcoin,2025-11-18T04:00:00.000Z,,17,hour,0.5822518134818357,
69202d1e82c05455042be33a,Bitcoin,2025-11-19T13:00:00.000Z,,19,hour,0.5982081296020433,
69202d1e82c05455042be33b,Ethereum,2025-11-20T04:00:00.000Z,,7,hour,0.7481279846812998,
69202d1e82c05455042be33c,Solana,2025-11-20T09:00:00.000Z,,26,hour,0.7136913695945762,
69202d1e82c05455042be33d,Solana,2025-10-11T17:00:00.000Z,,36,hour,0.6191689610584742,
69202d1e82c05455042be33e,Bitcoin,2025-11-18T11:00:00.000Z,,17,hour,0.734463265603956,
69202d1e82c05455042be33f,Solana,2025-11-12T22:00:00.000Z,,17,hour,0,
69202d1e82c05455042be340,Ethereum,2025-11-18T07:00:00.000Z,,7,hour,0.8605757698948894,
69202d1e82c05455042be341,Solana,2025-10-30T11:00:00.000Z,,7,hour,0.7983042070908206,
69202d1e82c05455042be342,Ethereum,2025-11-15T18:00:00.000Z,,8,hour,0,
69202d1e82c05455042be343,Bitcoin,2025-11-16T14:00:00.000Z,,2,hour,0,
69202d1e82c05455042be344,Solana,2025-11-15T00:00:00.000Z,,3,hour,0,
69202d1e82c05455042be345,Ethereum,2025-11-18T09:00:00.000Z,,3,hour,0.2877349692086379,
69202d1e82c05455042be346,Ethereum,2025-10-08T23:00:00.000Z,,14,hour,0.5220683998029148,
69202d1e82c05455042be347,Solana,2025-10-25T13:00:00.000Z,,10,hour,0.4914406552910805,
69202d1e82c05455042be348,Bitcoin,2025-11-17T21:00:00.000Z,,5,hour,0.781757938489318,
69202d1e82c05455042be349,Ethereum,2025-10-29T17:00:00.000Z,,21,hour,0.6980918436532928,
69202d1e82c05455042be34a,Ethereum,2025-10-14T16:00:00.000Z,,7,hour,0.8322602119296789,
69202d1e82c05455042be34b,Ethereum,2025-10-29T03:00:00.000Z,,8,hour,0.7543985291849822,
69202d1e82c05455042be34c,Bitcoin,2025-10-14T14:00:00.000Z,,17,hour,0.7378157304928583,
69202d1e82c05455042be34d,Bitcoin,2025-10-29T13:00:00.000Z,,11,hour,0.47531427019699046,
69202d1e82c05455042be34e,Bitcoin,2025-10-29T19:00:00.000Z,,12,hour,0.7143278445582837,
69202d1e82c05455042be34f,Bitcoin,2025-11-14T19:00:00.000Z,,15,hour,0,
69202d1e82c05455042be350,Bitcoin,2025-11-16T09:00:00.000Z,,5,hour,0,
69202d1e82c05455042be351,Bitcoin,2025-11-17T22:00:00.000Z,,10,hour,0.7871939623728395,
69202d1e82c05455042be352,Ethereum,2025-11-15T07:00:00.000Z,,8,hour,0,
69202d1e82c05455042be353,Bitcoin,2025-10-30T10:00:00.000Z,,5,hour,0.6034943845123053,
69202d1e82c05455042be354,Bitcoin,2025-11-20T06:00:00.000Z,,8,hour,0.6735528772696853,
69202d1e82c05455042be355,Ethereum,2025-11-02T23:00:00.000Z,,3,hour,0.6918123563130696,
69202d1e82c05455042be356,Bitcoin,2025-11-14T16:00:00.000Z,,5,hour,0,
69202d1e82c05455042be357,Ethereum,2025-11-18T10:00:00.000Z,,6,hour,0.565720153041184,
69202d1e82c05455042be358,Ethereum,2025-10-31T00:00:00.000Z,,12,hour,0.8010765979997814,
69202d1e82c05455042be359,Solana,2025-11-16T00:00:00.000Z,,9,hour,0,
69202d1e82c05455042be35a,Solana,2025-10-12T01:00:00.000Z,,26,hour,0.8281432270573882,
69202d1e82c05455042be35b,Bitcoin,2025-10-28T23:00:00.000Z,,11,hour,0.6516880930655382,
69202d1e82c05455042be35c,Bitcoin,2025-10-30T01:00:00.000Z,,11,hour,0.7506887867030773,
69202d1e82c05455042be35d,Bitcoin,2025-11-12T19:00:00.000Z,,7,hour,0.7993030566722155,
69202d1e82c05455042be35e,Solana,2025-11-18T12:00:00.000Z,,12,hour,0.6964049845313033,
69202d1e82c05455042be35f,Ethereum,2025-11-13T13:00:00.000Z,,8,hour,0.0005240961909294128,
69202d1e82c05455042be360,Solana,2025-11-14T21:00:00.000Z,,18,hour,0,
69202d1e82c05455042be361,Ethereum,2025-10-22T21:00:00.000Z,,6,hour,0.8283443466449777,
69202d1e82c05455042be362,Solana,2025-10-25T22:00:00.000Z,,7,hour,0.8419238142669201,
69202d1e82c05455042be363,Ethereum,2025-10-26T00:00:00.000Z,,5,hour,0.5271089151501656,
69202d1e82c05455042be364,Ethereum,2025-10-30T13:00:00.000Z,,6,hour,0.8303315921997031,
69202d1e82c05455042be365,Solana,2025-11-17T07:00:00.000Z,,18,hour,0.7346920146503382,
69202d1e82c05455042be366,Bitcoin,2025-10-30T03:00:00.000Z,,5,hour,0.8306066267192364,
69202d1e82c05455042be367,Ethereum,2025-11-19T12:00:00.000Z,,14,hour,0.7454577433610602,
69202d1e82c05455042be368,Solana,2025-11-14T10:00:00.000Z,,14,hour,0,
69202d1e82c05455042be369,Bitcoin,2025-11-20T08:00:00.000Z,,10,hour,0.5897217946127057,
69202d1e82c05455042be36a,Ethereum,2025-11-15T04:00:00.000Z,,9,hour,0,
69202d1e82c05455042be36b,Bitcoin,2025-10-25T16:00:00.000Z,,9,hour,0.6835207614219851,
69202d1e82c05455042be36c,Ethereum,2025-11-20T03:00:00.000Z,,4,hour,0.30266360845416784,
69202d1e82c05455042be36d,Ethereum,2025-10-14T14:00:00.000Z,,11,hour,0.6154133039103312,
69202d1e82c05455042be36e,Bitcoin,2025-10-14T23:00:00.000Z,,7,hour,0.8217630412961756,
69202d1e82c05455042be36f,Ethereum,2025-10-23T13:00:00.000Z,,5,hour,0.8601212985813618,
69202d1e82c05455042be370,Bitcoin,2025-10-12T20:00:00.000Z,,19,hour,0.6597152995435815,
69202d1e82c05455042be371,Bitcoin,2025-11-15T18:00:00.000Z,,18,hour,0,
69202d1e82c05455042be372,Bitcoin,2025-11-13T16:00:00.000Z,,9,hour,0,
69202d1e82c05455042be373,Ethereum,2025-10-30T03:00:00.000Z,,16,hour,0.83604337554425,
69202d1e82c05455042be374,Solana,2025-10-31T04:00:00.000Z,,16,hour,0.5837121494114399,
69202d1e82c05455042be375,Bitcoin,2025-10-26T12:00:00.000Z,,9,hour,0.5450561568140984,
69202d1e82c05455042be376,Ethereum,2025-11-14T23:00:00.000Z,,11,hour,0,
69202d1e82c05455042be377,Solana,2025-11-17T09:00:00.000Z,,9,hour,0.7245435507761108,
69202d1e82c05455042be378,Solana,2025-11-18T04:00:00.000Z,,10,hour,0.8133196355774999,
69202d1e82c05455042be379,Bitcoin,2025-10-11T19:00:00.000Z,,26,hour,0.7610591370612383,
69202d1e82c05455042be37a,Bitcoin,2025-11-20T05:00:00.000Z,,16,hour,0.6254584659473039,
69202d1e82c05455042be37b,Solana,2025-11-20T06:00:00.000Z,,21,hour,0.7664348058225143,
69202d1e82c05455042be37c,Solana,2025-11-14T12:00:00.000Z,,6,hour,0,
69202d1e82c05455042be37d,Solana,2025-10-29T02:00:00.000Z,,17,hour,0.7779507948195232,
69202d1e82c05455042be37e,Solana,2025-11-14T06:00:00.000Z,,11,hour,0,
69202d1f82c05455042be37f,Ethereum,2025-10-23T22:00:00.000Z,,4,hour,0.5451421486213803,
69202d1f82c05455042be380,Ethereum,2025-10-30T01:00:00.000Z,,4,hour,0.7259973068721592,
69202d1f82c05455042be381,Solana,2025-11-14T17:00:00.000Z,,11,hour,0,
69202d1f82c05455042be382,Solana,2025-10-28T02:00:00.000Z,,14,hour,0.6997068895559226,
69202d1f82c05455042be383,Bitcoin,2025-10-28T22:00:00.000Z,,5,hour,0.7555846139788628,
69202d1f82c05455042be384,Ethereum,2025-11-13T17:00:00.000Z,,13,hour,0,
69202d1f82c05455042be385,Bitcoin,2025-11-16T16:00:00.000Z,,5,hour,0.5636657178401947,
69202d1f82c05455042be386,Ethereum,2025-10-25T23:00:00.000Z,,11,hour,0.6089200634847988,
69202d1f82c05455042be387,Ethereum,2025-10-11T17:00:00.000Z,,34,hour,0.7244965847691193,
69202d1f82c05455042be388,Solana,2025-10-29T19:00:00.000Z,,20,hour,0.7940151157788933,
69202d1f82c05455042be389,Ethereum,2025-10-29T20:00:00.000Z,,5,hour,0.6754998803138733,
69202d1f82c05455042be38a,Solana,2025-11-02T15:00:00.000Z,,7,hour,0.8204733990132809,
69202d1f82c05455042be38b,Solana,2025-11-15T17:00:00.000Z,,28,hour,0,
69202d1f82c05455042be38c,Ethereum,2025-11-14T04:00:00.000Z,,5,hour,0,
69202d1f82c05455042be38d,Bitcoin,2025-10-25T20:00:00.000Z,,19,hour,0.6319634895771742,
69202d1f82c05455042be38e,Solana,2025-10-23T19:00:00.000Z,,13,hour,0.7893350052718933,
69202d1f82c05455042be38f,Ethereum,2025-10-28T05:00:00.000Z,,2,hour,0.8319547884166241,
69202d1f82c05455042be390,Ethereum,2025-11-14T14:00:00.000Z,,3,hour,0,
69202d1f82c05455042be391,Solana,2025-11-17T03:00:00.000Z,,15,hour,0.8401114995280902,
69202d1f82c05455042be392,Bitcoin,2025-11-19T14:00:00.000Z,,11,hour,0.8015019236640496,
69202d1f82c05455042be393,Ethereum,2025-10-25T16:00:00.000Z,,6,hour,0.028462793988486113,
69202d1f82c05455042be394,Bitcoin,2025-11-18T06:00:00.000Z,,9,hour,0.468942448289858,
69202d1f82c05455042be395,Ethereum,2025-11-20T08:00:00.000Z,,4,hour,0.5782708814367652,
69202d1f82c05455042be396,Bitcoin,2025-11-17T06:00:00.000Z,,4,hour,0.8148804134689271,
69202d1f82c05455042be397,Bitcoin,2025-11-17T23:00:00.000Z,,5,hour,0.7663760989904403,
69202d1f82c05455042be398,Bitcoin,2025-10-29T11:00:00.000Z,,15,hour,0.7067671993126471,
69202d1f82c05455042be399,Ethereum,2025-11-02T14:00:00.000Z,,4,hour,0.7120451778173447,
69202d1f82c05455042be39a,Ethereum,2025-10-31T01:00:00.000Z,,6,hour,0.8052038811147213,
69202d1f82c05455042be39b,Ethereum,2025-10-25T17:00:00.000Z,,9,hour,0.7107874273012083,
69202d1f82c05455042be39c,Bitcoin,2025-10-26T19:00:00.000Z,,9,hour,0.6212099053793484,
69202d1f82c05455042be39d,Bitcoin,2025-11-02T19:00:00.000Z,,6,hour,0.4752242667600512,
69202d1f82c05455042be39e,Ethereum,2025-11-13T22:00:00.000Z,,3,hour,0,
69202d1f82c05455042be39f,Bitcoin,2025-10-29T03:00:00.000Z,,5,hour,0.7069909948855638,
69202d1f82c05455042be3a0,Ethereum,2025-10-09T11:00:00.000Z,,17,hour,0.8396361493231619,
69202d1f82c05455042be3a1,Solana,2025-10-28T03:00:00.000Z,,21,hour,0.7481017563314665,
69202d1f82c05455042be3a2,Ethereum,2025-10-29T02:00:00.000Z,,7,hour,0.8148660553353173,
69202d1f82c05455042be3a3,Ethereum,2025-10-29T12:00:00.000Z,,10,hour,0.5046511983498931,
69202d1f82c05455042be3a4,Solana,2025-10-30T02:00:00.000Z,,4,hour,0.7518660593777895,
69202d1f82c05455042be3a5,Bitcoin,2025-10-23T21:00:00.000Z,,4,hour,0.5382699724286795,
69202d1f82c05455042be3a6,Bitcoin,2025-10-29T20:00:00.000Z,,10,hour,0.6906154170632363,
69202d1f82c05455042be3a7,Solana,2025-10-14T23:00:00.000Z,,15,hour,0.7572780780494213,
69202d1f82c05455042be3a8,Ethereum,2025-11-02T17:00:00.000Z,,8,hour,0.6407531946897507,
69202d1f82c05455042be3a9,Bitcoin,2025-11-14T13:00:00.000Z,,17,hour,0,
69202d1f82c05455042be3aa,Bitcoin,2025-10-09T11:00:00.000Z,,31,hour,0.818979962158107,
69202d1f82c05455042be3ab,Ethereum,2025-10-12T00:00:00.000Z,,25,hour,0.6926198434829712,
69202d1f82c05455042be3ac,Ethereum,2025-11-14T20:00:00.000Z,,1,hour,0,
69202d1f82c05455042be3ad,Ethereum,2025-10-27T22:00:00.000Z,,6,hour,0.7694588440159957,
69202d1f82c05455042be3ae,Bitcoin,2025-11-15T13:00:00.000Z,,16,hour,0,
69202d1f82c05455042be3af,Ethereum,2025-10-29T01:00:00.000Z,,5,hour,0.849488478153944,
69202d1f82c05455042be3b0,Ethereum,2025-10-23T17:00:00.000Z,,1,hour,0.8376914113759995,
69202d1f82c05455042be3b1,Solana,2025-11-13T12:00:00.000Z,,5,hour,0,
69202d1f82c05455042be3b2,Bitcoin,2025-11-14T00:00:00.000Z,,12,hour,0,
69202d1f82c05455042be3b3,Ethereum,2025-11-16T04:00:00.000Z,,2,hour,0,
69202d1f82c05455042be3b4,Ethereum,2025-11-17T11:00:00.000Z,,15,hour,0.7016372799873353,
69202d1f82c05455042be3b5,Ethereum,2025-10-29T15:00:00.000Z,,5,hour,0.42421429567039015,
69202d1f82c05455042be3b6,Bitcoin,2025-10-26T17:00:00.000Z,,21,hour,0.8180992073778596,
69202d1f82c05455042be3b7,Bitcoin,2025-11-17T19:00:00.000Z,,4,hour,0.7141330763697624,
69202d1f82c05455042be3b8,Solana,2025-10-26T12:00:00.000Z,,9,hour,0.8383665389070908,
69202d1f82c05455042be3b9,Solana,2025-10-29T12:00:00.000Z,,12,hour,0.5387106499789903,
69202d1f82c05455042be3ba,Ethereum,2025-11-14T00:00:00.000Z,,1,hour,0,
69202d1f82c05455042be3bb,Ethereum,2025-10-23T20:00:00.000Z,,6,hour,0.7628944547226032,
69202d1f82c05455042be3bc,Solana,2025-10-26T19:00:00.000Z,,8,hour,0.7615985688753426,
69202d1f82c05455042be3bd,Bitcoin,2025-10-28T20:00:00.000Z,,3,hour,0.6485143850247065,
69202d1f82c05455042be3be,Bitcoin,2025-11-20T07:00:00.000Z,,1,hour,0.8176996037364006,
69202d1f82c05455042be3bf,Solana,2025-11-20T07:00:00.000Z,,9,hour,0.7661421485245228,
69202d1f82c05455042be3c0,Bitcoin,2025-11-20T04:00:00.000Z,,10,hour,0.6488182116299868,
69202d1f82c05455042be3c1,Solana,2025-11-02T23:00:00.000Z,,10,hour,0.8552166189998388,
69202d1f82c05455042be3c2,Bitcoin,2025-10-25T13:00:00.000Z,,6,hour,0.7195275047173102,
69202d1f82c05455042be3c3,Solana,2025-10-31T00:00:00.000Z,,13,hour,0.6855193605789771,
69202d1f82c05455042be3c4,Ethereum,2025-10-11T19:00:00.000Z,,23,hour,0.6879009606478654,
69202d1f82c05455042be3c5,Ethereum,2025-11-15T22:00:00.000Z,,6,hour,0,
69202d1f82c05455042be3c6,Bitcoin,2025-11-15T16:00:00.000Z,,15,hour,0,
69202d1f82c05455042be3c7,Solana,2025-11-15T05:00:00.000Z,,22,hour,0,
69202d1f82c05455042be3c8,Bitcoin,2025-10-26T21:00:00.000Z,,16,hour,0.6636486441129819,
69202d1f82c05455042be3c9,Ethereum,2025-10-31T04:00:00.000Z,,11,hour,0.6845995606007901,
69202d1f82c05455042be3ca,Ethereum,2025-10-25T22:00:00.000Z,,5,hour,0.5531359132379293,
69202d1f82c05455042be3cb,Solana,2025-11-12T16:00:00.000Z,,6,hour,0.7613816869755586,
69202d1f82c05455042be3cc,Solana,2025-11-16T05:00:00.000Z,,23,hour,0,
69202d1f82c05455042be3cd,Solana,2025-11-18T08:00:00.000Z,,18,hour,0.8188933923633561,
69202d1f82c05455042be3ce,Bitcoin,2025-10-31T07:00:00.000Z,,11,hour,0.7128582090478053,
69202d1f82c05455042be3cf,Bitcoin,2025-11-15T06:00:00.000Z,,16,hour,0,
69202d1f82c05455042be3d0,Ethereum,2025-10-25T01:00:00.000Z,,9,hour,0.7860593940648768,
69202d1f82c05455042be3d1,Solana,2025-10-12T00:00:00.000Z,,31,hour,0.6465216503748971,
69202d1f82c05455042be3d2,Solana,2025-10-29T09:00:00.000Z,,8,hour,0.647812238894403,
69202d1f82c05455042be3d3,Ethereum,2025-11-12T20:00:00.000Z,,2,hour,0.7817055378109217,
69202d1f82c05455042be3d4,Solana,2025-10-30T00:00:00.000Z,,3,hour,0.6969683443506558,
69202d1f82c05455042be3d5,Solana,2025-10-25T21:00:00.000Z,,22,hour,0.6111995012245395,
69202d1f82c05455042be3d6,Ethereum,2025-10-28T04:00:00.000Z,,18,hour,0.7576279221102595,
69202d1f82c05455042be3d7,Bitcoin,2025-11-16T20:00:00.000Z,,26,hour,0,
69202d1f82c05455042be3d8,Solana,2025-10-28T21:00:00.000Z,,24,hour,0.7928730530353884,
69202d1f82c05455042be3d9,Ethereum,2025-11-17T01:00:00.000Z,,2,hour,0.8716380763798952,
69202d1f82c05455042be3da,Ethereum,2025-11-18T03:00:00.000Z,,9,hour,0.6628681079794962,
69202d1f82c05455042be3db,Ethereum,2025-11-14T01:00:00.000Z,,4,hour,0,
69202d1f82c05455042be3dc,Bitcoin,2025-11-16T07:00:00.000Z,,17,hour,0,
69202d1f82c05455042be3dd,Solana,2025-10-11T20:00:00.000Z,,34,hour,0.7726480537368094,
69202d1f82c05455042be3de,Bitcoin,2025-10-11T23:00:00.000Z,,30,hour,0.648826408199966,
69202d1f82c05455042be3df,Ethereum,2025-11-13T21:00:00.000Z,,3,hour,0,
69202d1f82c05455042be3e0,Solana,2025-10-14T14:00:00.000Z,,21,hour,0.5467278441148146,
69202d1f82c05455042be3e1,Bitcoin,2025-10-26T13:00:00.000Z,,6,hour,0.5843579607705275,
69202d1f82c05455042be3e2,Solana,2025-10-29T23:00:00.000Z,,2,hour,0.8134570121765137,
69202d1f82c05455042be3e3,Solana,2025-11-02T18:00:00.000Z,,20,hour,0.7005441722460091,
69202d1f82c05455042be3e4,Bitcoin,2025-11-13T19:00:00.000Z,,21,hour,0,
69202d1f82c05455042be3e5,Bitcoin,2025-11-15T08:00:00.000Z,,9,hour,0,
69202d1f82c05455042be3e6,Bitcoin,2025-10-29T17:00:00.000Z,,15,hour,0.5420967092737555,
69202d1f82c05455042be3e7,Solana,2025-10-24T22:00:00.000Z,,9,hour,0.6864870178202789,
69202d1f82c05455042be3e8,Bitcoin,2025-10-29T02:00:00.000Z,,15,hour,0.802856860930721,
69202d1f82c05455042be3e9,Ethereum,2025-11-02T16:00:00.000Z,,2,hour,0.826792623847723,
69202d1f82c05455042be3ea,Solana,2025-11-14T04:00:00.000Z,,24,hour,0,
69202d1f82c05455042be3eb,Ethereum,2025-11-14T07:00:00.000Z,,3,hour,0,
69202d1f82c05455042be3ec,Solana,2025-10-31T06:00:00.000Z,,5,hour,0.4596077859401703,
69202d1f82c05455042be3ed,Solana,2025-10-23T16:00:00.000Z,,3,hour,0.839486320813497,
69202d1f82c05455042be3ee,Bitcoin,2025-10-26T01:00:00.000Z,,16,hour,0.7988009009277448,
69202d1f82c05455042be3ef,Ethereum,2025-10-26T16:00:00.000Z,,3,hour,0.8153627924621105,
69202d1f82c05455042be3f0,Ethereum,2025-10-28T02:00:00.000Z,,7,hour,0.6315161186669553,
69202d1f82c05455042be3f1,Bitcoin,2025-10-11T20:00:00.000Z,,42,hour,0.6187353654808941,
69202d1f82c05455042be3f2,Bitcoin,2025-10-23T15:00:00.000Z,,4,hour,0.832090157084167,
69202d1f82c05455042be3f3,Solana,2025-10-29T21:00:00.000Z,,7,hour,0.7876495208059039,
69202d1f82c05455042be3f4,Ethereum,2025-10-29T10:00:00.000Z,,15,hour,0.5924128070473671,
69202d1f82c05455042be3f5,Ethereum,2025-11-02T21:00:00.000Z,,6,hour,0.7808282903085152,
69202d1f82c05455042be3f6,Ethereum,2025-11-14T13:00:00.000Z,,10,hour,0,
69202d1f82c05455042be3f7,Solana,2025-10-23T17:00:00.000Z,,9,hour,0.628105515614152,
69202d1f82c05455042be3f8,Bitcoin,2025-10-08T10:00:00.000Z,,13,hour,0.8793985239015175,
69202d1f82c05455042be3f9,Bitcoin,2025-11-14T18:00:00.000Z,,20,hour,0,
69202d1f82c05455042be3fa,Bitcoin,2025-11-15T20:00:00.000Z,,6,hour,0,
69202d1f82c05455042be3fb,Bitcoin,2025-11-16T05:00:00.000Z,,4,hour,0,
69202d1f82c05455042be3fc,Bitcoin,2025-11-16T04:00:00.000Z,,2,hour,0,
69202d1f82c05455042be3fd,Solana,2025-10-23T00:00:00.000Z,,14,hour,0.7312484615083251,
69202d1f82c05455042be3fe,Solana,2025-11-16T21:00:00.000Z,,16,hour,0,
69202d1f82c05455042be3ff,Bitcoin,2025-10-23T12:00:00.000Z,,7,hour,0.7884579082684858,
69202d1f82c05455042be400,Ethereum,2025-11-15T14:00:00.000Z,,3,hour,0,
69202d1f82c05455042be401,Bitcoin,2025-10-25T00:00:00.000Z,,8,hour,0.7076389335561544,
69202d1f82c05455042be402,Bitcoin,2025-10-23T14:00:00.000Z,,2,hour,0.8769134217873216,
69202d1f82c05455042be403,Bitcoin,2025-10-26T14:00:00.000Z,,17,hour,0.4607662703184521,
69202d1f82c05455042be404,Bitcoin,2025-10-28T04:00:00.000Z,,16,hour,0.8277834720211104,
69202d1f82c05455042be405,Ethereum,2025-11-02T13:00:00.000Z,,8,hour,0.7521174536086619,
69202d1f82c05455042be406,Solana,2025-11-02T19:00:00.000Z,,12,hour,0.714812412392348,
69202d1f82c05455042be407,Bitcoin,2025-10-23T16:00:00.000Z,,9,hour,0.7071600688828362,
69202d1f82c05455042be408,Solana,2025-10-12T20:00:00.000Z,,12,hour,0.7808261929700772,
69202d1f82c05455042be409,Solana,2025-10-23T18:00:00.000Z,,3,hour,0.7903730136652788,
69202d1f82c05455042be40a,Bitcoin,2025-10-26T16:00:00.000Z,,6,hour,0.7047169043992957,
69202d1f82c05455042be40b,Bitcoin,2025-10-28T00:00:00.000Z,,18,hour,0.46777476618687314,
69202d1f82c05455042be40c,Ethereum,2025-11-12T22:00:00.000Z,,5,hour,0.18005007803440098,
69202d1f82c05455042be40d,Bitcoin,2025-11-13T13:00:00.000Z,,14,hour,0,
69202d1f82c05455042be40e,Ethereum,2025-11-15T15:00:00.000Z,,7,hour,0,
69202d1f82c05455042be40f,Bitcoin,2025-10-29T18:00:00.000Z,,19,hour,0.7541264165192842,
69202d1f82c05455042be410,Ethereum,2025-11-17T19:00:00.000Z,,1,hour,0.8202330395579338,
69202d1f82c05455042be411,Ethereum,2025-11-19T14:00:00.000Z,,5,hour,0.7164375122636556,
69202d1f82c05455042be412,Bitcoin,2025-10-14T20:00:00.000Z,,10,hour,0.5439711123704911,
69202d1f82c05455042be413,Solana,2025-11-16T09:00:00.000Z,,6,hour,0,
69202d1f82c05455042be414,Bitcoin,2025-10-30T11:00:00.000Z,,14,hour,0.867938390666885,
69202d1f82c05455042be415,Bitcoin,2025-11-14T14:00:00.000Z,,13,hour,0,
69202d1f82c05455042be416,Bitcoin,2025-10-11T16:00:00.000Z,,16,hour,0.7968485672026873,
69202d1f82c05455042be417,Solana,2025-10-22T20:00:00.000Z,,5,hour,0.8205816768109798,
69202d1f82c05455042be418,Solana,2025-11-14T18:00:00.000Z,,14,hour,0,
69202d1f82c05455042be419,Bitcoin,2025-10-26T11:00:00.000Z,,6,hour,0.8434580229222775,
69202d1f82c05455042be41a,Bitcoin,2025-11-16T23:00:00.000Z,,5,hour,0,
69202d1f82c05455042be41b,Bitcoin,2025-11-15T05:00:00.000Z,,21,hour,0,
69202d1f82c05455042be41c,Solana,2025-11-19T14:00:00.000Z,,5,hour,0.7841061361134052,
69202d1f82c05455042be41d,Solana,2025-10-28T01:00:00.000Z,,13,hour,0.6305147208846533,
69202d1f82c05455042be41e,Ethereum,2025-11-12T14:00:00.000Z,,5,hour,0.2966906398534775,
69202d1f82c05455042be41f,Bitcoin,2025-10-28T21:00:00.000Z,,11,hour,0.5345865218815478,
69202d1f82c05455042be420,Ethereum,2025-11-14T17:00:00.000Z,,4,hour,0,
69202d1f82c05455042be421,Bitcoin,2025-11-12T17:00:00.000Z,,6,hour,0.6755640295644602,
69202d1f82c05455042be422,Ethereum,2025-10-11T20:00:00.000Z,,30,hour,0.5428702387337884,
69202d1f82c05455042be423,Bitcoin,2025-11-16T19:00:00.000Z,,11,hour,0.6738104061646895,
69202d1f82c05455042be424,Solana,2025-11-14T14:00:00.000Z,,8,hour,0,
69202d1f82c05455042be425,Ethereum,2025-10-23T23:00:00.000Z,,12,hour,0.707795866454641,
69202d1f82c05455042be426,Ethereum,2025-11-16T08:00:00.000Z,,2,hour,0,
69202d1f82c05455042be427,Ethereum,2025-10-14T19:00:00.000Z,,12,hour,0.8042078168752292,
69202d1f82c05455042be428,Solana,2025-10-31T08:00:00.000Z,,3,hour,0.834997230519851,
69202d1f82c05455042be429,Bitcoin,2025-11-14T12:00:00.000Z,,5,hour,0,
69202d1f82c05455042be42a,Ethereum,2025-11-15T02:00:00.000Z,,2,hour,0,
69202d1f82c05455042be42b,Bitcoin,2025-11-16T01:00:00.000Z,,4,hour,0,
69202d1f82c05455042be42c,Ethereum,2025-11-15T05:00:00.000Z,,15,hour,0.03793318482736746,
69202d1f82c05455042be42d,Ethereum,2025-11-15T13:00:00.000Z,,5,hour,0,
69202d1f82c05455042be42e,Bitcoin,2025-10-14T21:00:00.000Z,,11,hour,0.7029613224281506,
69202d1f82c05455042be42f,Ethereum,2025-10-29T18:00:00.000Z,,11,hour,0.825214475731958,
69202d1f82c05455042be430,Solana,2025-11-13T02:00:00.000Z,,17,hour,0.04946854666751971,
69202d1f82c05455042be431,Ethereum,2025-10-11T18:00:00.000Z,,25,hour,0.7366748306155204,
69202d1f82c05455042be432,Solana,2025-10-29T13:00:00.000Z,,17,hour,0.7060690503567457,
69202d1f82c05455042be433,Ethereum,2025-11-14T21:00:00.000Z,,7,hour,0,
69202d1f82c05455042be434,Bitcoin,2025-11-15T23:00:00.000Z,,13,hour,0,
69202d1f82c05455042be435,Bitcoin,2025-11-02T22:00:00.000Z,,4,hour,0.8629363114014268,
69202d1f82c05455042be436,Ethereum,2025-11-17T03:00:00.000Z,,11,hour,0.6197156530212272,
69202d1f82c05455042be437,Solana,2025-11-17T20:00:00.000Z,,15,hour,0.6354886045058568,
69202d1f82c05455042be438,Solana,2025-11-16T20:00:00.000Z,,13,hour,0,
69202d1f82c05455042be439,Bitcoin,2025-11-17T02:00:00.000Z,,9,hour,0.6231875289231539,
69202d1f82c05455042be43a,Ethereum,2025-11-16T20:00:00.000Z,,8,hour,0,
69202d1f82c05455042be43b,Bitcoin,2025-11-18T07:00:00.000Z,,8,hour,0.5774927260354161,
69202d1f82c05455042be43c,Solana,2025-10-28T04:00:00.000Z,,14,hour,0.7745872038815703,
69202d1f82c05455042be43d,Bitcoin,2025-10-29T04:00:00.000Z,,5,hour,0.7938325956463813,
69202d1f82c05455042be43e,Ethereum,2025-10-30T00:00:00.000Z,,3,hour,0.09260308152685565,
69202d1f82c05455042be43f,Solana,2025-11-20T05:00:00.000Z,,16,hour,0.6652700724080205,
69202d1f82c05455042be440,Bitcoin,2025-10-31T04:00:00.000Z,,10,hour,0.7717358795925975,
69202d1f82c05455042be441,Solana,2025-10-25T12:00:00.000Z,,12,hour,0.810644622736921,
69202d1f82c05455042be442,Solana,2025-10-27T00:00:00.000Z,,18,hour,0.6567263563887941,
69202d1f82c05455042be443,Ethereum,2025-10-31T03:00:00.000Z,,13,hour,0.7814379616712148,
69202d1f82c05455042be444,Solana,2025-10-29T03:00:00.000Z,,23,hour,0.724822288217104,
69202d1f82c05455042be445,Ethereum,2025-10-30T23:00:00.000Z,,5,hour,0.8820807866752147,
69202d1f82c05455042be446,Ethereum,2025-10-12T01:00:00.000Z,,31,hour,0.7323584450228561,
69202d1f82c05455042be447,Bitcoin,2025-10-23T10:00:00.000Z,,6,hour,0.47942991803089774,
69202d1f82c05455042be448,Ethereum,2025-10-26T13:00:00.000Z,,4,hour,0.8128045480698347,
69202d1f82c05455042be449,Bitcoin,2025-10-26T23:00:00.000Z,,11,hour,0.6372895366088911,
69202d1f82c05455042be44a,Bitcoin,2025-11-14T09:00:00.000Z,,6,hour,0,
69202d1f82c05455042be44b,Solana,2025-10-27T21:00:00.000Z,,5,hour,0.7412366218864918,
69202d1f82c05455042be44c,Bitcoin,2025-10-25T17:00:00.000Z,,14,hour,0.6252064071595669,
69202d1f82c05455042be44d,Bitcoin,2025-11-15T00:00:00.000Z,,4,hour,0,
69202d1f82c05455042be44e,Solana,2025-11-18T07:00:00.000Z,,13,hour,0.7061244962880244,
69202d1f82c05455042be44f,Bitcoin,2025-10-08T11:00:00.000Z,,12,hour,0.6446035557116071,
69202d1f82c05455042be450,Ethereum,2025-10-29T11:00:00.000Z,,11,hour,0.7343987577002157,
69202d1f82c05455042be451,Bitcoin,2025-10-12T19:00:00.000Z,,9,hour,0.8078275248408318,
69202d1f82c05455042be452,Solana,2025-10-28T00:00:00.000Z,,19,hour,0.7869468624458501,
69202d1f82c05455042be453,Solana,2025-11-13T00:00:00.000Z,,18,hour,0,
69202d1f82c05455042be454,Ethereum,2025-11-14T10:00:00.000Z,,4,hour,0,
69202d1f82c05455042be455,Solana,2025-10-30T22:00:00.000Z,,18,hour,0.6682064678106043,
69202d1f82c05455042be456,Bitcoin,2025-10-26T15:00:00.000Z,,11,hour,0.5200279399075292,
69202d1f82c05455042be457,Solana,2025-11-14T23:00:00.000Z,,17,hour,0,
69202d1f82c05455042be458,Ethereum,2025-11-20T07:00:00.000Z,,2,hour,0.4541605291888118,
69202d1f82c05455042be459,Bitcoin,2025-10-28T02:00:00.000Z,,17,hour,0.6333395394989673,
69202d1f82c05455042be45a,Solana,2025-11-17T08:00:00.000Z,,14,hour,0.5949104426960861,
69202d1f82c05455042be45b,Ethereum,2025-10-28T06:00:00.000Z,,25,hour,0.8031709908694029,
69202d1f82c05455042be45c,Solana,2025-11-18T03:00:00.000Z,,28,hour,0.6970393756138427,
69202d1f82c05455042be45d,Ethereum,2025-10-26T15:00:00.000Z,,16,hour,0.5822003546636552,
69202d1f82c05455042be45e,Bitcoin,2025-11-16T06:00:00.000Z,,2,hour,0,
69202d1f82c05455042be45f,Ethereum,2025-10-29T21:00:00.000Z,,5,hour,0.8543376620858908,
69202d1f82c05455042be460,Solana,2025-10-26T13:00:00.000Z,,20,hour,0.7722258232533932,
69202d1f82c05455042be461,Ethereum,2025-11-12T17:00:00.000Z,,4,hour,0.5985379628837109,
69202d1f82c05455042be462,Solana,2025-10-26T23:00:00.000Z,,24,hour,0.6588245760649443,
69202d1f82c05455042be463,Bitcoin,2025-10-26T20:00:00.000Z,,12,hour,0.6601224723272026,
69202d1f82c05455042be464,Ethereum,2025-10-29T13:00:00.000Z,,10,hour,0.514151531457901,
69202d1f82c05455042be465,Ethereum,2025-11-16T07:00:00.000Z,,3,hour,0,
69202d1f82c05455042be466,Solana,2025-10-28T05:00:00.000Z,,9,hour,0.7794973212811682,
69202d1f82c05455042be467,Bitcoin,2025-11-12T22:00:00.000Z,,9,hour,0,
69202d1f82c05455042be468,Ethereum,2025-11-19T13:00:00.000Z,,14,hour,0.7599385902285576,
69202d1f82c05455042be469,Ethereum,2025-11-17T06:00:00.000Z,,2,hour,0.8118030820041895,
69202d1f82c05455042be46a,Solana,2025-11-15T08:00:00.000Z,,21,hour,0,
69202d1f82c05455042be46b,Solana,2025-10-26T21:00:00.000Z,,12,hour,0.613289182074368,
69202d1f82c05455042be46c,Ethereum,2025-10-28T22:00:00.000Z,,5,hour,0.48448931872844697,
69202d1f82c05455042be46d,Bitcoin,2025-10-28T01:00:00.000Z,,7,hour,0.7738139384559223,
69202d1f82c05455042be46e,Solana,2025-10-28T06:00:00.000Z,,26,hour,0.697893160681885,
69202d1f82c05455042be46f,Ethereum,2025-10-26T19:00:00.000Z,,16,hour,0.48433628387283534,
69202d1f82c05455042be470,Ethereum,2025-11-14T08:00:00.000Z,,2,hour,0,
69202d1f82c05455042be471,Bitcoin,2025-10-30T22:00:00.000Z,,14,hour,0.6622668579220772,
69202d1f82c05455042be472,Solana,2025-10-23T15:00:00.000Z,,10,hour,0.5762612733989954,
69202d1f82c05455042be473,Bitcoin,2025-10-25T15:00:00.000Z,,5,hour,0.8427806288003922,
69202d1f82c05455042be474,Ethereum,2025-10-25T20:00:00.000Z,,7,hour,0.8079733060938972,
69202d1f82c05455042be475,Ethereum,2025-10-30T21:00:00.000Z,,7,hour,0.840542156781469,
69202d1f82c05455042be476,Solana,2025-10-09T00:00:00.000Z,,8,hour,0.6953824078664184,
69202d1f82c05455042be477,Bitcoin,2025-11-20T09:00:00.000Z,,11,hour,0.5997801617803898,
69202d1f82c05455042be478,Bitcoin,2025-11-17T09:00:00.000Z,,5,hour,0.8709392976015806,
69202d1f82c05455042be479,Solana,2025-11-19T13:00:00.000Z,,10,hour,0.8064232155680656,
69202d1f82c05455042be47a,Solana,2025-10-31T07:00:00.000Z,,11,hour,0.655957935208624,
69202d1f82c05455042be47b,Ethereum,2025-10-23T14:00:00.000Z,,6,hour,0.7856656791021427,
69202d1f82c05455042be47c,Solana,2025-11-16T16:00:00.000Z,,8,hour,0.7569358057808131,
69202d1f82c05455042be47d,Solana,2025-10-14T21:00:00.000Z,,14,hour,0.7371177807716387,
69202d1f82c05455042be47e,Bitcoin,2025-10-24T20:00:00.000Z,,10,hour,0.6002086805179715,
69202d1f82c05455042be47f,Ethereum,2025-11-15T00:00:00.000Z,,4,hour,0,
69202d1f82c05455042be480,Ethereum,2025-11-13T20:00:00.000Z,,3,hour,0,
69202d1f82c05455042be481,Bitcoin,2025-10-14T17:00:00.000Z,,19,hour,0.7432941657147909,
69202d1f82c05455042be482,Ethereum,2025-10-29T16:00:00.000Z,,10,hour,0.710518778115511,
69202d1f82c05455042be483,Bitcoin,2025-11-15T17:00:00.000Z,,16,hour,0,
69202d1f82c05455042be484,Ethereum,2025-11-16T00:00:00.000Z,,1,hour,0,
69202d1f82c05455042be485,Ethereum,2025-11-17T00:00:00.000Z,,14,hour,0,
69202d1f82c05455042be486,Bitcoin,2025-11-16T03:00:00.000Z,,3,hour,0,
69202d1f82c05455042be487,Solana,2025-11-15T19:00:00.000Z,,23,hour,0,
69202d1f82c05455042be488,Solana,2025-10-31T01:00:00.000Z,,15,hour,0.8074002614865701,
69202d1f82c05455042be489,Ethereum,2025-10-24T19:00:00.000Z,,2,hour,0.8793688425794244,
69202d1f82c05455042be48a,Solana,2025-10-23T13:00:00.000Z,,9,hour,0.8276944549547302,
69202d1f82c05455042be48b,Solana,2025-11-02T14:00:00.000Z,,20,hour,0.6306003434583545,
69202d1f82c05455042be48c,Ethereum,2025-10-26T17:00:00.000Z,,17,hour,0.8417101487079087,
69202d1f82c05455042be48d,Solana,2025-11-15T12:00:00.000Z,,8,hour,0,
69202d1f82c05455042be48e,Ethereum,2025-11-18T08:00:00.000Z,,3,hour,0.690464469914635,
69202d1f82c05455042be48f,Ethereum,2025-10-29T04:00:00.000Z,,2,hour,0.8459901064634323,
69202d1f82c05455042be490,Bitcoin,2025-11-02T23:00:00.000Z,,7,hour,0.8262921859111104,
69202d1f82c05455042be491,Ethereum,2025-10-29T09:00:00.000Z,,8,hour,0.8528894116170704,
69202d1f82c05455042be492,Ethereum,2025-11-16T23:00:00.000Z,,5,hour,0,
69202d1f82c05455042be493,Ethereum,2025-10-26T01:00:00.000Z,,12,hour,0.8413559010562797,
69202d1f82c05455042be494,Solana,2025-10-09T11:00:00.000Z,,40,hour,0.6921668616123497,
69202d1f82c05455042be495,Bitcoin,2025-11-13T03:00:00.000Z,,3,hour,0,
69202d1f82c05455042be496,Bitcoin,2025-10-29T01:00:00.000Z,,9,hour,0.6680541878773106,
69202d1f82c05455042be497,Bitcoin,2025-10-31T06:00:00.000Z,,2,hour,0.18134787864983082,
69202d1f82c05455042be498,Solana,2025-11-14T22:00:00.000Z,,12,hour,0,
69202d1f82c05455042be499,Solana,2025-11-17T10:00:00.000Z,,18,hour,0.3007121534190244,
69202d1f82c05455042be49a,Solana,2025-10-14T16:00:00.000Z,,33,hour,0.8356735099558578,
69202d1f82c05455042be49b,Ethereum,2025-11-16T05:00:00.000Z,,1,hour,0,
69202d1f82c05455042be49c,Ethereum,2025-11-13T18:00:00.000Z,,8,hour,0.10436202678829432,
69202d1f82c05455042be49d,Solana,2025-11-13T17:00:00.000Z,,14,hour,-0.01321376008646824,
69202d1f82c05455042be49e,Bitcoin,2025-11-13T21:00:00.000Z,,10,hour,0,
69202d1f82c05455042be49f,Ethereum,2025-10-26T12:00:00.000Z,,9,hour,0.6773899367286099,
69202d1f82c05455042be4a0,Solana,2025-11-13T16:00:00.000Z,,9,hour,0,
69202d1f82c05455042be4a1,Ethereum,2025-11-14T03:00:00.000Z,,1,hour,0,
69202d1f82c05455042be4a2,Ethereum,2025-11-15T17:00:00.000Z,,15,hour,0,
69202d1f82c05455042be4a3,Bitcoin,2025-10-25T22:00:00.000Z,,18,hour,0.8992825533366866,
69202d1f82c05455042be4a4,Solana,2025-10-25T23:00:00.000Z,,21,hour,0.7643831911541167,
69202d1f82c05455042be4a5,Solana,2025-11-20T08:00:00.000Z,,14,hour,0.7752600997420294,
69202d1f82c05455042be4a6,Bitcoin,2025-10-23T13:00:00.000Z,,3,hour,0.7649412664274375,
69202d1f82c05455042be4a7,Solana,2025-10-29T10:00:00.000Z,,17,hour,0.7163503263145685,
69202d1f82c05455042be4a8,Ethereum,2025-11-15T12:00:00.000Z,,1,hour,0,
69202d1f82c05455042be4a9,Ethereum,2025-10-25T14:00:00.000Z,,5,hour,0.8431834239512682,
69202d1f82c05455042be4aa,Bitcoin,2025-10-30T02:00:00.000Z,,1,hour,0.9092886410653591,
69202d1f82c05455042be4ab,Bitcoin,2025-10-14T16:00:00.000Z,,15,hour,0.7367058777560791,
69202d1f82c05455042be4ac,Ethereum,2025-10-28T03:00:00.000Z,,7,hour,0.6668124345264265,
69202d1f82c05455042be4ad,Solana,2025-10-26T16:00:00.000Z,,13,hour,0.6807102810304898,
69202d1f82c05455042be4ae,Solana,2025-10-29T15:00:00.000Z,,7,hour,0.7810645907052925,
69202d1f82c05455042be4af,Solana,2025-10-25T17:00:00.000Z,,15,hour,0.7783200743297736,
69202d1f82c05455042be4b0,Ethereum,2025-10-26T14:00:00.000Z,,19,hour,0.673402520975,
69202d1f82c05455042be4b1,Bitcoin,2025-10-31T01:00:00.000Z,,12,hour,0.6312683081099143,
69202d1f82c05455042be4b2,Ethereum,2025-11-02T20:00:00.000Z,,14,hour,0.7938136685905712,
69202d1f82c05455042be4b3,Solana,2025-10-31T05:00:00.000Z,,20,hour,0.6897653605788946,
69202d1f82c05455042be4b4,Solana,2025-11-20T10:00:00.000Z,,27,hour,0.6672750838376857,
69202d1f82c05455042be4b5,Solana,2025-10-11T21:00:00.000Z,,37,hour,0.7006445812514506,
69202d1f82c05455042be4b6,Bitcoin,2025-11-18T05:00:00.000Z,,9,hour,0.6486211927193735,
69202d1f82c05455042be4b7,Ethereum,2025-11-18T06:00:00.000Z,,1,hour,0.7897805497050285,
69202d1f82c05455042be4b8,Solana,2025-10-23T14:00:00.000Z,,9,hour,0.7958175842132833,
69202d1f82c05455042be4b9,Bitcoin,2025-11-13T22:00:00.000Z,,6,hour,0,
69202d1f82c05455042be4ba,Bitcoin,2025-10-24T22:00:00.000Z,,7,hour,0.7258046053882156,
69202d1f82c05455042be4bb,Solana,2025-11-15T14:00:00.000Z,,7,hour,0,
69202d1f82c05455042be4bc,Bitcoin,2025-11-12T16:00:00.000Z,,5,hour,0.7063639491796494,
69202d1f82c05455042be4bd,Bitcoin,2025-10-24T17:00:00.000Z,,6,hour,0.8749041181678573,
69202d1f82c05455042be4be,Bitcoin,2025-11-17T11:00:00.000Z,,16,hour,0.6471951586427167,
69202d1f82c05455042be4bf,Ethereum,2025-11-18T02:00:00.000Z,,1,hour,0.7536539509892464,
69202d1f82c05455042be4c0,Ethereum,2025-10-14T17:00:00.000Z,,13,hour,0.7650274289055513,
69202d1f82c05455042be4c1,Bitcoin,2025-10-28T03:00:00.000Z,,19,hour,0.5746816437397348,
69202d1f82c05455042be4c2,Ethereum,2025-10-14T23:00:00.000Z,,12,hour,0.7941748068357507,
69202d1f82c05455042be4c3,Bitcoin,2025-10-14T19:00:00.000Z,,8,hour,0.7529926248826087,
69202d1f82c05455042be4c4,Bitcoin,2025-10-30T21:00:00.000Z,,12,hour,0.7681196494959295,
69202d1f82c05455042be4c5,Solana,2025-10-29T20:00:00.000Z,,11,hour,0.7469407382675193,
69202d1f82c05455042be4c6,Solana,2025-10-30T21:00:00.000Z,,9,hour,0.7075927046438059,
69202d1f82c05455042be4c7,Ethereum,2025-10-23T21:00:00.000Z,,1,hour,0.7817986682057381,
69202d1f82c05455042be4c8,Ethereum,2025-10-23T00:00:00.000Z,,2,hour,0.7938267663121223,
69202d1f82c05455042be4c9,Solana,2025-10-28T22:00:00.000Z,,12,hour,0.7251617608902355,
69202d1f82c05455042be4ca,Ethereum,2025-10-26T23:00:00.000Z,,17,hour,0.6242289570543695,
69202d1f82c05455042be4cb,Ethereum,2025-10-30T11:00:00.000Z,,5,hour,0.747219467163086,
69202d1f82c05455042be4cc,Solana,2025-10-29T16:00:00.000Z,,18,hour,0.7371452370037636,
69202d1f82c05455042be4cd,Solana,2025-11-02T22:00:00.000Z,,17,hour,0.719889111159479,
69202d1f82c05455042be4ce,Ethereum,2025-11-12T19:00:00.000Z,,3,hour,0.7277987735966841,
69202d1f82c05455042be4cf,Bitcoin,2025-11-15T02:00:00.000Z,,10,hour,0,
69202d1f82c05455042be4d0,Solana,2025-10-23T23:00:00.000Z,,10,hour,0.7418105520308018,
69202d1f82c05455042be4d1,Bitcoin,2025-10-30T00:00:00.000Z,,6,hour,0.7147707566618919,
69202d1f82c05455042be4d2,Solana,2025-11-15T18:00:00.000Z,,19,hour,0,
69202d1f82c05455042be4d3,Solana,2025-11-16T08:00:00.000Z,,13,hour,0,
69202d1f82c05455042be4d4,Ethereum,2025-10-26T20:00:00.000Z,,9,hour,0.5966474604275491,
69202d1f82c05455042be4d5,Solana,2025-11-12T19:00:00.000Z,,16,hour,0.7019247253192589,
69202d1f82c05455042be4d6,Bitcoin,2025-10-22T22:00:00.000Z,,7,hour,0.7767877275390284,
69202d1f82c05455042be4d7,Bitcoin,2025-10-26T22:00:00.000Z,,5,hour,0.4352185934782028,
69202d1f82c05455042be4d8,Solana,2025-10-30T01:00:00.000Z,,1,hour,0.7473400831222534,
69202d1f82c05455042be4d9,Solana,2025-10-25T18:00:00.000Z,,8,hour,0.6516262497752905,
69202d1f82c05455042be4da,Ethereum,2025-10-29T23:00:00.000Z,,4,hour,0.8678496601060033,
69202d1f82c05455042be4db,Bitcoin,2025-11-12T18:00:00.000Z,,5,hour,0.4418212167918682,
69202d1f82c05455042be4dc,Solana,2025-11-15T16:00:00.000Z,,8,hour,0,
69202d1f82c05455042be4dd,Solana,2025-11-16T04:00:00.000Z,,17,hour,0,
69202d1f82c05455042be4de,Ethereum,2025-11-17T13:00:00.000Z,,5,hour,0.2215318636968732,
69202d1f82c05455042be4df,Solana,2025-11-12T14:00:00.000Z,,12,hour,0.7814901171562572,
69202d1f82c05455042be4e0,Bitcoin,2025-10-12T01:00:00.000Z,,28,hour,0.6688091075713081,
69202d1f82c05455042be4e1,Solana,2025-11-14T20:00:00.000Z,,4,hour,0.1634744368493557,
69202d1f82c05455042be4e2,Solana,2025-11-13T03:00:00.000Z,,13,hour,0,
69202d1f82c05455042be4e3,Ethereum,2025-11-12T15:00:00.000Z,,11,hour,0.7343815045261924,
69202d1f82c05455042be4e4,Ethereum,2025-10-30T12:00:00.000Z,,7,hour,0.8166967452104602,
69202d1f82c05455042be4e5,Ethereum,2025-11-13T01:00:00.000Z,,2,hour,0,
69202d1f82c05455042be4e6,Solana,2025-11-14T19:00:00.000Z,,13,hour,0,
69202d1f82c05455042be4e7,Bitcoin,2025-11-14T06:00:00.000Z,,2,hour,0,
69202d1f82c05455042be4e8,Ethereum,2025-11-17T08:00:00.000Z,,7,hour,0.5417575000652245,
69202d1f82c05455042be4e9,Solana,2025-11-18T10:00:00.000Z,,14,hour,0.6791165175714663,
69202d1f82c05455042be4ea,Ethereum,2025-10-30T02:00:00.000Z,,1,hour,0.8608726151287556,
69202d1f82c05455042be4eb,Solana,2025-11-18T06:00:00.000Z,,9,hour,0.6101349698793557,
69202d1f82c05455042be4ec,Solana,2025-11-20T03:00:00.000Z,,8,hour,0.43318183720111847,
69202d1f82c05455042be4ed,Bitcoin,2025-11-14T05:00:00.000Z,,5,hour,0,
69202d1f82c05455042be4ee,Bitcoin,2025-11-15T12:00:00.000Z,,6,hour,0,
69202d1f82c05455042be4ef,Bitcoin,2025-11-16T21:00:00.000Z,,16,hour,0,
69202d1f82c05455042be4f0,Ethereum,2025-10-14T18:00:00.000Z,,12,hour,0.6839319757806759,
69202d1f82c05455042be4f1,Solana,2025-10-14T15:00:00.000Z,,24,hour,0.7555032856762409,
69202d1f82c05455042be4f2,Solana,2025-10-24T20:00:00.000Z,,11,hour,0.7730675737627528,
69202d1f82c05455042be4f3,Ethereum,2025-10-12T02:00:00.000Z,,12,hour,0.6870638577577968,
69202d1f82c05455042be4f4,Solana,2025-11-12T21:00:00.000Z,,12,hour,0.7694667067068318,
69202d1f82c05455042be4f5,Ethereum,2025-11-14T16:00:00.000Z,,3,hour,0,
69202d1f82c05455042be4f6,Solana,2025-10-08T23:00:00.000Z,,17,hour,0.5957357709241264,
69202d1f82c05455042be4f7,Ethereum,2025-11-12T16:00:00.000Z,,2,hour,0.7960587628185749,
69202d1f82c05455042be4f8,Solana,2025-11-16T14:00:00.000Z,,17,hour,0,
69202d1f82c05455042be4f9,Bitcoin,2025-11-18T10:00:00.000Z,,15,hour,0.6655669701596101,
69202d1f82c05455042be4fa,Bitcoin,2025-10-25T18:00:00.000Z,,11,hour,0.6841046269983053,
69202d1f82c05455042be4fb,Bitcoin,2025-11-15T01:00:00.000Z,,10,hour,0,
69202d1f82c05455042be4fc,Solana,2025-11-15T01:00:00.000Z,,17,hour,0,
69202d1f82c05455042be4fd,Solana,2025-11-15T15:00:00.000Z,,17,hour,0,
69202d1f82c05455042be4fe,Solana,2025-10-30T03:00:00.000Z,,3,hour,-0.031404147545496586,
69202d1f82c05455042be4ff,Ethereum,2025-11-02T19:00:00.000Z,,6,hour,0.8067159513011575,
69202d1f82c05455042be500,Solana,2025-10-11T22:00:00.000Z,,28,hour,0.708622339381171,
69202d1f82c05455042be501,Ethereum,2025-10-14T20:00:00.000Z,,4,hour,0.880112231709063,
69202d1f82c05455042be502,Ethereum,2025-10-07T21:00:00.000Z,,9,hour,0.7762702945619822,
69202d1f82c05455042be503,Ethereum,2025-10-25T21:00:00.000Z,,2,hour,0.8446424920111895,
69202d1f82c05455042be504,Solana,2025-10-07T21:00:00.000Z,,7,hour,0.8616250583103724,
69202d1f82c05455042be505,Solana,2025-10-25T14:00:00.000Z,,10,hour,0.6321268022060395,
69202d1f82c05455042be506,Solana,2025-11-13T21:00:00.000Z,,24,hour,0.032695635842780235,
69202d1f82c05455042be507,Solana,2025-11-14T07:00:00.000Z,,15,hour,0,
69202d1f82c05455042be508,Solana,2025-11-18T05:00:00.000Z,,12,hour,0.6564720994404828,
69202d1f82c05455042be509,Solana,2025-11-14T08:00:00.000Z,,17,hour,0,
69202d1f82c05455042be50a,Bitcoin,2025-10-27T21:00:00.000Z,,8,hour,0.5757579389028251,
69202d1f82c05455042be50b,Solana,2025-10-29T17:00:00.000Z,,18,hour,0.5995079912245274,
69202d1f82c05455042be50c,Ethereum,2025-11-17T09:00:00.000Z,,7,hour,0.6117709291034511,
69202d1f82c05455042be50d,Solana,2025-11-14T01:00:00.000Z,,13,hour,0,
69202d1f82c05455042be50e,Solana,2025-10-26T11:00:00.000Z,,25,hour,0.8111714085936547,
69202d1f82c05455042be50f,Solana,2025-11-14T02:00:00.000Z,,17,hour,0,
69202d1f82c05455042be510,Ethereum,2025-11-13T00:00:00.000Z,,7,hour,0.11839314230850767,
69202d1f82c05455042be511,Bitcoin,2025-11-14T02:00:00.000Z,,7,hour,0,
69202d1f82c05455042be512,Bitcoin,2025-11-15T09:00:00.000Z,,3,hour,0,
69202d1f82c05455042be513,Solana,2025-10-23T21:00:00.000Z,,7,hour,0.5935874464256422,
69202d1f82c05455042be514,Bitcoin,2025-10-30T13:00:00.000Z,,6,hour,0.8704362471277515,
69202d1f82c05455042be515,Solana,2025-11-15T09:00:00.000Z,,11,hour,0,
69202d1f82c05455042be516,Bitcoin,2025-10-11T21:00:00.000Z,,35,hour,0.7227661923638412,
69202d1f82c05455042be517,Ethereum,2025-11-15T16:00:00.000Z,,10,hour,0,
69202d1f82c05455042be518,Ethereum,2025-11-17T07:00:00.000Z,,8,hour,0.8141266936436296,
69202d1f82c05455042be519,Solana,2025-11-12T15:00:00.000Z,,16,hour,0.7041879265452735,
69202d1f82c05455042be51a,Ethereum,2025-10-27T21:00:00.000Z,,9,hour,0.8202800552050273,
69202d1f82c05455042be51b,Solana,2025-10-31T02:00:00.000Z,,3,hour,0.3785289898514748,
69202d1f82c05455042be51c,Ethereum,2025-10-26T18:00:00.000Z,,21,hour,0.5657947953080847,
69202d1f82c05455042be51d,Bitcoin,2025-10-29T00:00:00.000Z,,20,hour,0.7224687229841947,
69202d1f82c05455042be51e,Solana,2025-11-13T13:00:00.000Z,,16,hour,-0.001157514750957489,
69202d1f82c05455042be51f,Bitcoin,2025-11-14T03:00:00.000Z,,2,hour,0,
69202d1f82c05455042be520,Ethereum,2025-11-15T19:00:00.000Z,,13,hour,0,
69202d1f82c05455042be521,Bitcoin,2025-11-13T20:00:00.000Z,,4,hour,0,
69202d1f82c05455042be522,Ethereum,2025-10-11T23:00:00.000Z,,9,hour,0.7506265495386389,
69202d1f82c05455042be523,Bitcoin,2025-11-18T03:00:00.000Z,,9,hour,0.6934864293369982,
69202d1f82c05455042be524,Ethereum,2025-11-17T23:00:00.000Z,,1,hour,0.8914598748087883,
69202d1f82c05455042be525,Bitcoin,2025-11-17T04:00:00.000Z,,7,hour,0.7425184151423829,
69202d1f82c05455042be526,Bitcoin,2025-10-29T16:00:00.000Z,,14,hour,0.6271055795784507,
69202d1f82c05455042be527,Ethereum,2025-11-18T04:00:00.000Z,,5,hour,0.7543042421340942,
69202d1f82c05455042be528,Solana,2025-10-24T18:00:00.000Z,,12,hour,0.6755750652713081,
69202d1f82c05455042be529,Solana,2025-10-26T14:00:00.000Z,,19,hour,0.761355593408409,
69202d1f82c05455042be52a,Ethereum,2025-10-31T07:00:00.000Z,,9,hour,0.4934478447669082,
69202d1f82c05455042be52b,Ethereum,2025-11-15T08:00:00.000Z,,8,hour,0,
69202d1f82c05455042be52c,Bitcoin,2025-11-16T08:00:00.000Z,,1,hour,0,
69202d1f82c05455042be52d,Ethereum,2025-11-12T18:00:00.000Z,,2,hour,0.7889259569346905,
69202d1f82c05455042be52e,Ethereum,2025-11-15T23:00:00.000Z,,7,hour,0,
69202d1f82c05455042be52f,Ethereum,2025-11-18T11:00:00.000Z,,13,hour,0.8135527746322063,
69202d1f82c05455042be530,Bitcoin,2025-11-18T12:00:00.000Z,,9,hour,0.7093597858005927,
69202d1f82c05455042be531,Ethereum,2025-11-17T21:00:00.000Z,,3,hour,0.48474247753620153,
69202d1f82c05455042be532,Solana,2025-10-08T10:00:00.000Z,,12,hour,0.5617328742519021,
69202d1f82c05455042be533,Ethereum,2025-10-30T10:00:00.000Z,,2,hour,0.8716490492224693,
69202d1f82c05455042be534,Bitcoin,2025-11-14T10:00:00.000Z,,4,hour,0,
69202d1f82c05455042be535,Bitcoin,2025-10-25T23:00:00.000Z,,14,hour,0.8376033316765512,
69202d1f82c05455042be536,Solana,2025-11-20T04:00:00.000Z,,10,hour,0.42571395151317126,
69202d1f82c05455042be537,Bitcoin,2025-10-28T05:00:00.000Z,,7,hour,0.4618236592837743,
69202d1f82c05455042be538,Solana,2025-11-17T02:00:00.000Z,,8,hour,0.6035598742309958,
69202d1f82c05455042be539,Solana,2025-11-17T11:00:00.000Z,,15,hour,0.4117617085576057,
69202d1f82c05455042be53a,Ethereum,2025-11-17T04:00:00.000Z,,3,hour,0.5745733318229516,
69202d1f82c05455042be53b,Bitcoin,2025-10-27T23:00:00.000Z,,15,hour,0.7202018031229575,
69202d1f82c05455042be53c,Solana,2025-11-15T20:00:00.000Z,,11,hour,0,
69202d1f82c05455042be53d,Solana,2025-11-15T22:00:00.000Z,,21,hour,0,
69202d1f82c05455042be53e,Bitcoin,2025-10-11T18:00:00.000Z,,21,hour,0.7532588843965815,
69202d1f82c05455042be53f,Bitcoin,2025-11-17T20:00:00.000Z,,7,hour,0.5301375601972852,
69202d1f82c05455042be540,Solana,2025-11-16T06:00:00.000Z,,13,hour,0.0678384673710053,
69202d1f82c05455042be541,Ethereum,2025-11-20T06:00:00.000Z,,18,hour,0.6745708666534888,
69202d1f82c05455042be542,Ethereum,2025-10-14T21:00:00.000Z,,18,hour,0.6885844003409147,
69202d1f82c05455042be543,Ethereum,2025-10-22T23:00:00.000Z,,2,hour,0.8679257687181234,
69202d1f82c05455042be544,Solana,2025-10-11T18:00:00.000Z,,39,hour,0.722992102114054,
69202d1f82c05455042be545,Ethereum,2025-10-31T05:00:00.000Z,,7,hour,0.5829942245036364,
69202d1f82c05455042be546,Bitcoin,2025-11-17T03:00:00.000Z,,13,hour,0.6710917678160163,
69202d1f82c05455042be547,Solana,2025-10-22T22:00:00.000Z,,15,hour,0.7459723082681498,
69202d1f82c05455042be548,Ethereum,2025-10-14T15:00:00.000Z,,19,hour,0.7935416990596997,
69202d1f82c05455042be549,Bitcoin,2025-10-25T21:00:00.000Z,,9,hour,0.5977372760987945,
69202d1f82c05455042be54a,Ethereum,2025-10-27T00:00:00.000Z,,12,hour,0.8534187638821702,
69202d1f82c05455042be54b,Solana,2025-10-30T12:00:00.000Z,,22,hour,0.7551874159411951,
69202d1f82c05455042be54c,Ethereum,2025-10-31T08:00:00.000Z,,5,hour,0.8240272641181946,
69202d1f82c05455042be54d,Bitcoin,2025-11-13T18:00:00.000Z,,9,hour,0,
69202d1f82c05455042be54e,Solana,2025-10-28T20:00:00.000Z,,8,hour,0.7526895352639258,
69202d1f82c05455042be54f,Solana,2025-11-14T00:00:00.000Z,,16,hour,0,
69202d1f82c05455042be550,Solana,2025-11-14T09:00:00.000Z,,16,hour,0,
69202d1f82c05455042be551,Bitcoin,2025-11-15T03:00:00.000Z,,7,hour,0,
69202d1f82c05455042be552,Ethereum,2025-11-15T01:00:00.000Z,,12,hour,0,
69202d1f82c05455042be553,Bitcoin,2025-11-16T00:00:00.000Z,,7,hour,0,
69202d1f82c05455042be554,Solana,2025-10-14T17:00:00.000Z,,12,hour,0.7118966084284087,
69202d1f82c05455042be555,Ethereum,2025-10-23T19:00:00.000Z,,4,hour,0.7792689502239227,
69202d1f82c05455042be556,Ethereum,2025-10-28T00:00:00.000Z,,8,hour,0.5876771288458258,
69202d1f82c05455042be557,Bitcoin,2025-10-31T05:00:00.000Z,,10,hour,0.688864110223949,
69202d1f82c05455042be558,Bitcoin,2025-10-29T21:00:00.000Z,,13,hour,0.6067318620446782,
69202d1f82c05455042be559,Bitcoin,2025-10-30T23:00:00.000Z,,10,hour,0.8407591167837382,
69202d1f82c05455042be55a,Ethereum,2025-10-29T22:00:00.000Z,,2,hour,0.907899234443903,
69202d1f82c05455042be55b,Bitcoin,2025-10-11T22:00:00.000Z,,26,hour,0.7673030943394854,
69202d1f82c05455042be55c,Bitcoin,2025-11-14T23:00:00.000Z,,22,hour,0,
69202d1f82c05455042be55d,Ethereum,2025-10-25T12:00:00.000Z,,7,hour,0.5564258412591049,
69202d1f82c05455042be55e,Bitcoin,2025-10-22T21:00:00.000Z,,11,hour,0.8285048776729541,
69202d1f82c05455042be55f,Ethereum,2025-10-26T21:00:00.000Z,,5,hour,0.28345654085278515,
69202d1f82c05455042be560,Solana,2025-11-02T17:00:00.000Z,,20,hour,0.6630443572998046,
69202d1f82c05455042be561,Ethereum,2025-11-14T19:00:00.000Z,,8,hour,0,
69202d1f82c05455042be562,Solana,2025-11-17T19:00:00.000Z,,6,hour,0.6111936975891391,
69202d1f82c05455042be563,Ethereum,2025-11-17T22:00:00.000Z,,3,hour,0.566672133281827,
69202d1f82c05455042be564,Solana,2025-10-24T21:00:00.000Z,,5,hour,0.666852655261755,
69202d1f82c05455042be565,Solana,2025-11-17T01:00:00.000Z,,17,hour,0.38120947153690987,
69202d1f82c05455042be566,Bitcoin,2025-11-18T08:00:00.000Z,,14,hour,0.6807502413035503,
69202d1f82c05455042be567,Bitcoin,2025-11-18T09:00:00.000Z,,9,hour,0.6437939541000459,
69202d1f82c05455042be568,Bitcoin,2025-11-15T22:00:00.000Z,,12,hour,0.013864291831851006,
69202d1f82c05455042be569,Solana,2025-10-26T20:00:00.000Z,,20,hour,0.6710322100669146,
69202d1f82c05455042be56a,Ethereum,2025-11-13T19:00:00.000Z,,9,hour,0,
69202d1f82c05455042be56b,Solana,2025-11-15T13:00:00.000Z,,8,hour,0,
69202d1f82c05455042be56c,Solana,2025-11-16T01:00:00.000Z,,17,hour,0,
69202d1f82c05455042be56d,Ethereum,2025-10-23T15:00:00.000Z,,5,hour,0.7223989333957433,
69202d1f82c05455042be56e,Bitcoin,2025-10-27T22:00:00.000Z,,4,hour,0.7519422611221671,
69202d1f82c05455042be56f,Bitcoin,2025-10-26T00:00:00.000Z,,17,hour,0.7849719419198877,
69202d1f82c05455042be570,Bitcoin,2025-10-23T17:00:00.000Z,,6,hour,0.816894312389195,
69202d1f82c05455042be571,Ethereum,2025-10-25T19:00:00.000Z,,12,hour,0.6733905482105911,
69202d1f82c05455042be572,Ethereum,2025-11-13T23:00:00.000Z,,1,hour,0,
69202d1f82c05455042be573,Ethereum,2025-11-16T21:00:00.000Z,,9,hour,0,
69202d1f82c05455042be574,Bitcoin,2025-11-14T11:00:00.000Z,,13,hour,0,
69202d1f82c05455042be575,Ethereum,2025-11-14T06:00:00.000Z,,1,hour,0,
69202d1f82c05455042be576,Solana,2025-11-17T21:00:00.000Z,,15,hour,0.6258894495666026,
69202d1f82c05455042be577,Solana,2025-11-16T22:00:00.000Z,,13,hour,0,
69202d1f82c05455042be578,Ethereum,2025-10-30T22:00:00.000Z,,9,hour,0.7008729585342937,
69202d1f82c05455042be579,Ethereum,2025-11-16T22:00:00.000Z,,11,hour,0,
69202d1f82c05455042be57a,Ethereum,2025-11-02T22:00:00.000Z,,3,hour,0.8309706194947164,
69202d1f82c05455042be57b,Solana,2025-10-26T18:00:00.000Z,,17,hour,0.6987238868194467,
69202d1f82c05455042be57c,Solana,2025-10-23T20:00:00.000Z,,10,hour,0.835603304207325,
69202d1f82c05455042be57d,Ethereum,2025-11-20T09:00:00.000Z,,7,hour,0.7565298232116869,
69202d1f82c05455042be57e,Bitcoin,2025-11-15T19:00:00.000Z,,15,hour,0,
69202d1f82c05455042be57f,Solana,2025-10-26T15:00:00.000Z,,16,hour,0.616211244952865,
69202d1f82c05455042be580,Solana,2025-10-25T00:00:00.000Z,,7,hour,0.7853739612868854,
69202d1f82c05455042be581,Ethereum,2025-10-26T22:00:00.000Z,,3,hour,0.561016106357177,
69202d1f82c05455042be582,Solana,2025-11-15T03:00:00.000Z,,7,hour,0,
69202d1f82c05455042be583,Bitcoin,2025-11-14T08:00:00.000Z,,8,hour,0,
69202d1f82c05455042be584,Ethereum,2025-10-24T21:00:00.000Z,,10,hour,0.7415440997108818,
69202d1f82c05455042be585,Ethereum,2025-10-11T16:00:00.000Z,,18,hour,0.8177918081896173,
69202d1f82c05455042be586,Ethereum,2025-10-25T18:00:00.000Z,,2,hour,0.8262677742168307,
69202d1f82c05455042be587,Bitcoin,2025-11-15T15:00:00.000Z,,18,hour,0,
69202d1f82c05455042be588,Solana,2025-10-29T22:00:00.000Z,,10,hour,0.7839691303670406,
69202d1f82c05455042be589,Solana,2025-11-13T19:00:00.000Z,,17,hour,0,
69202d1f82c05455042be58a,Bitcoin,2025-11-13T00:00:00.000Z,,7,hour,0,
69202d1f82c05455042be58b,Ethereum,2025-10-28T01:00:00.000Z,,17,hour,0.7805215605698964,
69202d1f82c05455042be58c,Solana,2025-11-15T07:00:00.000Z,,8,hour,0,
69202d1f82c05455042be58d,Solana,2025-10-28T23:00:00.000Z,,27,hour,0.6624885197314951,
69202d1f82c05455042be58e,Solana,2025-11-12T17:00:00.000Z,,12,hour,0.761865440600862,
69202d1f82c05455042be58f,Solana,2025-11-17T05:00:00.000Z,,10,hour,0.6910367146134376,
69202d1f82c05455042be590,Ethereum,2025-11-16T14:00:00.000Z,,2,hour,0,
69202d1f82c05455042be591,Solana,2025-11-02T13:00:00.000Z,,16,hour,0.7830148149514571,
69202d1f82c05455042be592,Solana,2025-11-12T20:00:00.000Z,,9,hour,0.7292200273109807,
69202d1f82c05455042be593,Bitcoin,2025-11-15T21:00:00.000Z,,13,hour,0,
69202d1f82c05455042be594,Solana,2025-10-11T19:00:00.000Z,,43,hour,0.6679768872902143,
69202d1f82c05455042be595,Ethereum,2025-10-25T00:00:00.000Z,,7,hour,0.870158139616251,
69202d1f82c05455042be596,Ethereum,2025-10-28T21:00:00.000Z,,10,hour,0.4647075325250626,
69202d1f82c05455042be597,Solana,2025-11-15T02:00:00.000Z,,11,hour,0,
69202d1f82c05455042be598,Bitcoin,2025-10-29T23:00:00.000Z,,10,hour,0.8363934257999062,
69202d1f82c05455042be599,Ethereum,2025-10-09T00:00:00.000Z,,8,hour,0.8137811785563827,
69202d1f82c05455042be59a,Solana,2025-11-13T18:00:00.000Z,,12,hour,0,
69202d1f82c05455042be59b,Solana,2025-10-14T19:00:00.000Z,,9,hour,0.48274881910118794,
69202d1f82c05455042be59c,Ethereum,2025-10-24T18:00:00.000Z,,11,hour,0.7189734805036675,
69202d1f82c05455042be59d,Bitcoin,2025-10-12T02:00:00.000Z,,11,hour,0.7864732661030509,
69202d1f82c05455042be59e,Solana,2025-11-15T04:00:00.000Z,,18,hour,0,
69202d1f82c05455042be59f,Ethereum,2025-10-07T20:00:00.000Z,,10,hour,0.6042153663933276,
69202d1f82c05455042be5a0,Bitcoin,2025-10-31T08:00:00.000Z,,7,hour,0.4321105855384043,
69202d1f82c05455042be5a1,Bitcoin,2025-11-02T15:00:00.000Z,,10,hour,0.8213058061897754,
69202d1f82c05455042be5a2,Ethereum,2025-10-14T22:00:00.000Z,,4,hour,0.8445639349520206,
69202d1f82c05455042be5a3,Ethereum,2025-11-16T16:00:00.000Z,,3,hour,0.30613601207733154,
69202d1f82c05455042be5a4,Bitcoin,2025-11-02T14:00:00.000Z,,7,hour,0.8358011996107442,
69202d1f82c05455042be5a5,Solana,2025-10-29T00:00:00.000Z,,19,hour,0.7662084009498358,
69202d1f82c05455042be5a6,Ethereum,2025-11-15T09:00:00.000Z,,1,hour,0,
69202d1f82c05455042be5a7,Solana,2025-10-08T11:00:00.000Z,,13,hour,0.7277297744384179,
69202d1f82c05455042be5a8,Bitcoin,2025-11-13T12:00:00.000Z,,7,hour,0,
69202d1f82c05455042be5a9,Solana,2025-10-25T19:00:00.000Z,,14,hour,0.7452386141355548,
69202d1f82c05455042be5aa,Ethereum,2025-11-13T02:00:00.000Z,,8,hour,0,
69202d1f82c05455042be5ab,Bitcoin,2025-10-25T14:00:00.000Z,,11,hour,0.9253610279411077,
69202d1f82c05455042be5ac,Solana,2025-10-23T12:00:00.000Z,,7,hour,0.5866496251629931,
69202d1f82c05455042be5ad,Solana,2025-11-13T20:00:00.000Z,,13,hour,0,
69202d1f82c05455042be5ae,Bitcoin,2025-11-14T04:00:00.000Z,,4,hour,0,
69202d1f82c05455042be5af,Bitcoin,2025-11-15T07:00:00.000Z,,9,hour,0,
69202d1f82c05455042be5b0,Solana,2025-11-16T03:00:00.000Z,,23,hour,0,
69202d1f82c05455042be5b1,Bitcoin,2025-10-25T19:00:00.000Z,,15,hour,0.8155986074358225,
69202d1f82c05455042be5b2,Solana,2025-11-18T02:00:00.000Z,,5,hour,0.650310143083334,
69202d1f82c05455042be5b3,Solana,2025-11-15T06:00:00.000Z,,14,hour,0,
69202d1f82c05455042be5b4,Ethereum,2025-10-23T16:00:00.000Z,,5,hour,0.8640317648649215,
69202d1f82c05455042be5b5,Bitcoin,2025-10-27T00:00:00.000Z,,10,hour,0.6130638847127556,
69202d1f82c05455042be5b6,Ethereum,2025-11-14T18:00:00.000Z,,12,hour,0,
69202d1f82c05455042be5b7,Bitcoin,2025-11-16T15:00:00.000Z,,17,hour,0.4936926483231432,
69202d1f82c05455042be5b8,Bitcoin,2025-10-28T06:00:00.000Z,,20,hour,0.7313779189251364,
69202d1f82c05455042be5b9,Bitcoin,2025-11-02T13:00:00.000Z,,9,hour,0.8456518118166261,
69202d1f82c05455042be5ba,Ethereum,2025-11-12T23:00:00.000Z,,2,hour,0,
69202d1f82c05455042be5bb,Ethereum,2025-11-16T19:00:00.000Z,,2,hour,0.8186696879565716,
69202d1f82c05455042be5bc,Bitcoin,2025-10-14T18:00:00.000Z,,18,hour,0.6700838766992092,
69202d1f82c05455042be5bd,Bitcoin,2025-10-31T03:00:00.000Z,,9,hour,0.6465520709753036,
69202d1f82c05455042be5be,Ethereum,2025-11-15T06:00:00.000Z,,4,hour,0,
69202d1f82c05455042be5bf,Bitcoin,2025-11-17T05:00:00.000Z,,7,hour,0.5141740324241775,
69202d1f82c05455042be5c0,Bitcoin,2025-11-02T16:00:00.000Z,,1,hour,0.05167043209075928,
69202d1f82c05455042be5c1,Bitcoin,2025-10-23T20:00:00.000Z,,4,hour,0.7990707769058645,
69202d1f82c05455042be5c2,Ethereum,2025-11-14T05:00:00.000Z,,4,hour,0,
69202d1f82c05455042be5c3,Ethereum,2025-10-22T20:00:00.000Z,,5,hour,0.5926302604377269,
69202d1f82c05455042be5c4,Solana,2025-11-17T22:00:00.000Z,,11,hour,0.41848786683245137,
69202d1f82c05455042be5c5,Bitcoin,2025-11-17T01:00:00.000Z,,2,hour,0.4387553483247757,
69202d1f82c05455042be5c6,Bitcoin,2025-11-14T22:00:00.000Z,,5,hour,0,
69202d1f82c05455042be5c7,Ethereum,2025-10-11T21:00:00.000Z,,24,hour,0.5987998471440127,
69202d1f82c05455042be5c8,Bitcoin,2025-11-17T12:00:00.000Z,,7,hour,0.6125350224652462,
69202d1f82c05455042be5c9,Solana,2025-10-23T22:00:00.000Z,,6,hour,0.8763967417180538,
69202d1f82c05455042be5ca,Bitcoin,2025-10-29T14:00:00.000Z,,9,hour,0.6011697854846716,
69202d1f82c05455042be5cb,Ethereum,2025-11-14T02:00:00.000Z,,5,hour,0,
69202d1f82c05455042be5cc,Bitcoin,2025-11-14T17:00:00.000Z,,3,hour,0,
69202d1f82c05455042be5cd,Bitcoin,2025-11-17T08:00:00.000Z,,12,hour,0.5072198685569067,
69202d1f82c05455042be5ce,Ethereum,2025-11-17T02:00:00.000Z,,1,hour,0.26855769753456116,
69202d1f82c05455042be5cf,Ethereum,2025-11-17T12:00:00.000Z,,3,hour,0.8851781959335009,
69202d1f82c05455042be5d0,Solana,2025-11-18T11:00:00.000Z,,18,hour,0.7068346253492765,
69202d1f82c05455042be5d1,Ethereum,2025-11-18T12:00:00.000Z,,2,hour,0.7218595203012228,
69202d1f82c05455042be5d2,Solana,2025-10-25T16:00:00.000Z,,4,hour,0.7280136016197503,
69202d1f82c05455042be5d3,Bitcoin,2025-10-23T19:00:00.000Z,,7,hour,0.5910838374069759,
69202d1f82c05455042be5d4,Solana,2025-10-29T11:00:00.000Z,,11,hour,0.6939742490649223,
69202d1f82c05455042be5d5,Ethereum,2025-10-08T10:00:00.000Z,,5,hour,0.8229948580265045,
69202d1f82c05455042be5d6,Bitcoin,2025-10-12T00:00:00.000Z,,26,hour,0.6964593018906621,
69202d1f82c05455042be5d7,Solana,2025-11-13T01:00:00.000Z,,22,hour,0.037368350408294004,
69202d1f82c05455042be5d8,Bitcoin,2025-11-13T23:00:00.000Z,,2,hour,0,
69202d1f82c05455042be5d9,Ethereum,2025-11-13T12:00:00.000Z,,7,hour,0,
69202d1f82c05455042be5da,Ethereum,2025-11-15T21:00:00.000Z,,8,hour,0,
69202d1f82c05455042be5db,Bitcoin,2025-11-15T04:00:00.000Z,,20,hour,0,
69202d1f82c05455042be5dc,Solana,2025-11-16T19:00:00.000Z,,7,hour,0.708377488755754,
69202d1f82c05455042be5dd,Ethereum,2025-11-17T10:00:00.000Z,,7,hour,0.20676787516900474,
69202d1f82c05455042be5de,Solana,2025-11-17T23:00:00.000Z,,11,hour,0.7235933142629536,
69202d1f82c05455042be5df,Bitcoin,2025-10-07T20:00:00.000Z,,8,hour,0.5926654729992151,
69202d1f82c05455042be5e0,Bitcoin,2025-11-13T17:00:00.000Z,,7,hour,0,
69202d1f82c05455042be5e1,Ethereum,2025-11-18T05:00:00.000Z,,12,hour,0.8543919039269289,
69202d1f82c05455042be5e2,Ethereum,2025-10-24T20:00:00.000Z,,11,hour,0.8052005584944378,
69202d1f82c05455042be5e3,Solana,2025-11-16T02:00:00.000Z,,8,hour,0,
69202d1f82c05455042be5e4,Solana,2025-11-13T22:00:00.000Z,,22,hour,0,
69202d1f82c05455042be5e5,Solana,2025-11-16T07:00:00.000Z,,9,hour,0,
69202d1f82c05455042be5e6,Solana,2025-11-18T13:00:00.000Z,,3,hour,0.7849770734707514,
69202d1f82c05455042be5e7,Solana,2025-11-16T15:00:00.000Z,,16,hour,0.26269512227736413,
69202d1f82c05455042be5e8,Solana,2025-10-12T19:00:00.000Z,,3,hour,0.8096101880073547,
69202d1f82c05455042be5e9,Solana,2025-10-11T00:00:00.000Z,,265,day,0.6845000697686425,
69202d1f82c05455042be5ea,Solana,2025-11-16T00:00:00.000Z,,238,day,0.06764349117562046,
69202d1f82c05455042be5eb,Ethereum,2025-10-31T00:00:00.000Z,,73,day,0.7153181632189718,
69202d1f82c05455042be5ec,Ethereum,2025-10-14T00:00:00.000Z,,112,day,0.7526697834920405,
69202d1f82c05455042be5ed,Solana,2025-11-17T00:00:00.000Z,,247,day,0.5655041614298515,
69202d1f82c05455042be5ee,Ethereum,2025-11-20T00:00:00.000Z,,56,day,0.6042885759878638,
69202d1f82c05455042be5ef,Ethereum,2025-10-08T00:00:00.000Z,,27,day,0.6332775373701696,
69202d1f82c05455042be5f0,Ethereum,2025-10-29T00:00:00.000Z,,175,day,0.7015767716084208,
69202d1f82c05455042be5f1,Bitcoin,2025-10-27T00:00:00.000Z,,37,day,0.6634459040454916,
69202d1f82c05455042be5f2,Bitcoin,2025-10-14T00:00:00.000Z,,130,day,0.7100451550088249,
69202d1f82c05455042be5f3,Bitcoin,2025-10-26T00:00:00.000Z,,176,day,0.6636172352485696,
69202d1f82c05455042be5f4,Solana,2025-10-08T00:00:00.000Z,,42,day,0.6268759443912477,
69202d1f82c05455042be5f5,Solana,2025-10-12T00:00:00.000Z,,72,day,0.7412866658996791,
69202d1f82c05455042be5f6,Ethereum,2025-10-26T00:00:00.000Z,,175,day,0.648005527066333,
69202d1f82c05455042be5f7,Bitcoin,2025-11-20T00:00:00.000Z,,75,day,0.6366124873732527,
69202d1f82c05455042be5f8,Ethereum,2025-10-30T00:00:00.000Z,,65,day,0.772302814730658,
69202d1f82c05455042be5f9,Ethereum,2025-11-12T00:00:00.000Z,,42,day,0.5809542466221111,
69202d1f82c05455042be5fa,Ethereum,2025-11-19T00:00:00.000Z,,33,day,0.7472041282294826,
69202d1f82c05455042be5fb,Solana,2025-10-30T00:00:00.000Z,,82,day,0.6466772944280288,
69202d1f82c05455042be5fc,Ethereum,2025-10-07T00:00:00.000Z,,19,day,0.6857150692100586,
69202d1f82c05455042be5fd,Bitcoin,2025-11-02T00:00:00.000Z,,106,day,0.7334353077348392,
69202d1f82c05455042be5fe,Ethereum,2025-11-02T00:00:00.000Z,,77,day,0.7691393563306177,
69202d1f82c05455042be5ff,Bitcoin,2025-10-11T00:00:00.000Z,,226,day,0.7098956146994524,
69202d1f82c05455042be600,Ethereum,2025-11-13T00:00:00.000Z,,86,day,0.019393499767364486,
69202d1f82c05455042be601,Bitcoin,2025-10-07T00:00:00.000Z,,25,day,0.6797031496465207,
69202d1f82c05455042be602,Solana,2025-10-27T00:00:00.000Z,,44,day,0.6489283774386753,
69202d1f82c05455042be603,Solana,2025-10-24T00:00:00.000Z,,51,day,0.7172187630671496,
69202d1f82c05455042be604,Solana,2025-11-12T00:00:00.000Z,,119,day,0.5990248830801174,
69202d1f82c05455042be605,Bitcoin,2025-11-15T00:00:00.000Z,,261,day,0.000637438704912674,
69202d1f82c05455042be606,Solana,2025-11-20T00:00:00.000Z,,131,day,0.6777356480895221,
69202d1f82c05455042be607,Bitcoin,2025-10-12T00:00:00.000Z,,93,day,0.7020520559482036,
69202d1f82c05455042be608,Solana,2025-10-28T00:00:00.000Z,,187,day,0.728872913030539,
69202d1f82c05455042be609,Bitcoin,2025-10-29T00:00:00.000Z,,232,day,0.6815613014784095,
69202d1f82c05455042be60a,Solana,2025-11-13T00:00:00.000Z,,212,day,0.010586091440241308,
69202d1f82c05455042be60b,Solana,2025-11-02T00:00:00.000Z,,173,day,0.7214564084576044,
69202d1f82c05455042be60c,Solana,2025-10-25T00:00:00.000Z,,163,day,0.7236280869235473,
69202d1f82c05455042be60d,Bitcoin,2025-10-08T00:00:00.000Z,,42,day,0.7617080447130969,
69202d1f82c05455042be60e,Bitcoin,2025-10-09T00:00:00.000Z,,42,day,0.7804208416935234,
69202d1f82c05455042be60f,Ethereum,2025-10-24T00:00:00.000Z,,44,day,0.7646673961796544,
69202d1f82c05455042be610,Solana,2025-10-23T00:00:00.000Z,,120,day,0.7123964982417722,
69202d1f82c05455042be611,Bitcoin,2025-10-31T00:00:00.000Z,,95,day,0.665747308505601,
69202d1f82c05455042be612,Bitcoin,2025-10-28T00:00:00.000Z,,134,day,0.6373112932709393,
69202d1f82c05455042be613,Ethereum,2025-10-23T00:00:00.000Z,,66,day,0.7280392197496963,
69202d1f82c05455042be614,Bitcoin,2025-11-13T00:00:00.000Z,,108,day,0,
69202d1f82c05455042be615,Bitcoin,2025-11-14T00:00:00.000Z,,201,day,0,
69202d1f82c05455042be616,Bitcoin,2025-10-25T00:00:00.000Z,,146,day,0.7533090032305415,
69202d1f82c05455042be617,Bitcoin,2025-11-18T00:00:00.000Z,,127,day,0.6493332668603581,
69202d1f82c05455042be618,Solana,2025-10-22T00:00:00.000Z,,36,day,0.7543772745153143,
69202d1f82c05455042be619,Bitcoin,2025-10-30T00:00:00.000Z,,103,day,0.742432312732472,
69202d1f82c05455042be61a,Solana,2025-10-07T00:00:00.000Z,,15,day,0.7561510215202968,
69202d1f82c05455042be61b,Solana,2025-10-14T00:00:00.000Z,,158,day,0.7155883881864669,
69202d1f82c05455042be61c,Ethereum,2025-10-25T00:00:00.000Z,,94,day,0.6756985923077197,
69202d1f82c05455042be61d,Solana,2025-11-18T00:00:00.000Z,,154,day,0.7165153063259196,
69202d1f82c05455042be61e,Solana,2025-11-15T00:00:00.000Z,,317,day,0,
69202d1f82c05455042be61f,Ethereum,2025-10-12T00:00:00.000Z,,94,day,0.7102284351601562,
69202d1f82c05455042be620,Solana,2025-11-19T00:00:00.000Z,,32,day,0.6973353039938956,
69202d1f82c05455042be621,Bitcoin,2025-10-23T00:00:00.000Z,,65,day,0.6976160668696348,
69202d1f82c05455042be622,Ethereum,2025-10-09T00:00:00.000Z,,25,day,0.8313625586777926,
69202d1f82c05455042be623,Bitcoin,2025-11-19T00:00:00.000Z,,47,day,0.6560615960191539,
69202d1f82c05455042be624,Solana,2025-11-14T00:00:00.000Z,,314,day,0.002082476902539543,
69202d1f82c05455042be625,Solana,2025-10-09T00:00:00.000Z,,48,day,0.6927027859880279,
69202d1f82c05455042be626,Bitcoin,2025-10-22T00:00:00.000Z,,33,day,0.803090304757158,
69202d1f82c05455042be627,Ethereum,2025-10-27T00:00:00.000Z,,36,day,0.7574812874922322,
69202d1f82c05455042be628,Ethereum,2025-10-11T00:00:00.000Z,,183,day,0.6892185602286229,
69202d1f82c05455042be629,Ethereum,2025-10-28T00:00:00.000Z,,118,day,0.6926294869853783,
69202d1f82c05455042be62a,Bitcoin,2025-11-16T00:00:00.000Z,,143,day,0.13023089565388807,
69202d1f82c05455042be62b,Ethereum,2025-11-18T00:00:00.000Z,,62,day,0.7404246171936393,
69202d1f82c05455042be62c,Bitcoin,2025-11-12T00:00:00.000Z,,65,day,0.5881286696172677,
69202d1f82c05455042be62d,Bitcoin,2025-11-17T00:00:00.000Z,,156,day,0.5885877198993397,
69202d1f82c05455042be62e,Ethereum,2025-11-14T00:00:00.000Z,,101,day,0,
69202d1f82c05455042be62f,Solana,2025-10-31T00:00:00.000Z,,108,day,0.6981442163836349,
69202d1f82c05455042be630,Ethereum,2025-11-16T00:00:00.000Z,,52,day,0.0751591051140657,
69202d1f82c05455042be631,Solana,2025-10-29T00:00:00.000Z,,273,day,0.7261514904850841,
69202d1f82c05455042be632,Solana,2025-10-26T00:00:00.000Z,,244,day,0.7205850636876632,
69202d1f82c05455042be633,Ethereum,2025-11-15T00:00:00.000Z,,146,day,0.0038972450165103423,
69202d1f82c05455042be634,Ethereum,2025-11-17T00:00:00.000Z,,106,day,0.5179525919539748,
69202d1f82c05455042be635,Bitcoin,2025-10-24T00:00:00.000Z,,35,day,0.7177626119128295,
69202d1f82c05455042be636,Ethereum,2025-10-22T00:00:00.000Z,,17,day,0.7242379450403592,
69202d1f82c05455042be637,Bitcoin,2025-10-12T00:00:00.000Z,,223,week,0.7067117101091039,
69202d1f82c05455042be638,Solana,2025-11-09T00:00:00.000Z,,962,week,0.07711238068530407,
69202d1f82c05455042be639,Solana,2025-11-16T00:00:00.000Z,,1256,week,0.4129717749711067,0.28043899401969236
69202d1f82c05455042be63a,Ethereum,2025-10-12T00:00:00.000Z,,206,week,0.7333033429910836,
69202d1f82c05455042be63b,Bitcoin,2025-10-05T00:00:00.000Z,,335,week,0.7229803011710965,
69202d1f82c05455042be63c,Bitcoin,2025-11-02T00:00:00.000Z,,106,week,0.7334353077348392,
69202d1f82c05455042be63d,Solana,2025-11-02T00:00:00.000Z,,173,week,0.7214564084576044,
69202d1f82c05455042be63e,Ethereum,2025-11-16T00:00:00.000Z,,615,week,0.36575275937632873,0.21223572809160965
69202d1f82c05455042be63f,Solana,2025-10-26T00:00:00.000Z,,938,week,0.7114512892310887,
69202d1f82c05455042be640,Ethereum,2025-11-09T00:00:00.000Z,,375,week,0.07103177896142004,
69202d1f82c05455042be641,Ethereum,2025-11-02T00:00:00.000Z,,77,week,0.7691393563306177,
69202d1f82c05455042be642,Bitcoin,2025-10-26T00:00:00.000Z,,777,week,0.6751384679719499,
69202d1f82c05455042be643,Bitcoin,2025-11-09T00:00:00.000Z,,635,week,0.06046414964898367,
69202d1f82c05455042be644,Solana,2025-10-19T00:00:00.000Z,,370,week,0.7220937750176402,
69202d1f82c05455042be645,Ethereum,2025-10-26T00:00:00.000Z,,642,week,0.6971875653497736,
69202d1f82c05455042be646,Solana,2025-10-12T00:00:00.000Z,,230,week,0.7236330664271245,
69202d1f82c05455042be647,Bitcoin,2025-10-19T00:00:00.000Z,,279,week,0.7417628325882457,
69202d1f82c05455042be648,Solana,2025-10-05T00:00:00.000Z,,370,week,0.681927857306358,
69202d1f82c05455042be649,Ethereum,2025-10-05T00:00:00.000Z,,254,week,0.6970005524124745,
69202d1f82c05455042be64a,Ethereum,2025-10-19T00:00:00.000Z,,221,week,0.7127767722986268,
69202d1f82c05455042be64b,Bitcoin,2025-11-16T00:00:00.000Z,,1348,week,0.2515185882283588,0.0539097786971996
692036aa82c05455042be7f7,Bitcoin,2025-11-21T14:00:00.000Z,,60,hour,0.0036039217879685337,-0.142140824668921
692036aa82c05455042be7f8,Solana,2025-11-21T14:00:00.000Z,,49,hour,0.42748163380702886,0.29379943670691255
692036aa82c05455042be7f9,Ethereum,2025-11-21T14:00:00.000Z,,25,hour,0.07479711198946459,0.09557555278223642
692036ab82c05455042be7fa,Solana,2025-11-21T00:00:00.000Z,,273,day,0.2987871184502046,0.24276836528459542
692036ab82c05455042be7fb,Bitcoin,2025-11-21T00:00:00.000Z,,431,day,0.08250081106175491,0.021308756249432938
692036ab82c05455042be7fc,Ethereum,2025-11-21T00:00:00.000Z,,167,day,0.18540227635865364,0.20226677545540864
69203eb782c05455042be953,Ethereum,2025-11-21T15:00:00.000Z,,21,hour,0.15244930320408281,0.420178416549157
69203eb782c05455042be954,Solana,2025-11-21T15:00:00.000Z,,25,hour,0.4101869568787515,0.5344042524737855
69203eb782c05455042be955,Bitcoin,2025-11-21T15:00:00.000Z,,85,hour,0.22385221209705752,0.09977655423030447
6920470782c05455042beab6,Ethereum,2025-11-21T16:00:00.000Z,,15,hour,0.3066927333944477,0.17148389461051142
6920470782c05455042beab7,Solana,2025-11-21T16:00:00.000Z,,41,hour,0.34117439847507675,0.31642575717220706
692051cc82c05455042bec86,Ethereum,2025-11-21T11:00:00.000Z,,13,hour,0.185961447432279,0.17813843807875965
692051cc82c05455042bec87,Bitcoin,2025-11-21T16:00:00.000Z,,29,hour,0.1686637111746802,0.08083150844045338
692051cc82c05455042bec88,Bitcoin,2025-11-21T11:00:00.000Z,,10,hour,0.21462468621903097,0.13609480214896091
692051cc82c05455042bec89,Solana,2025-11-21T11:00:00.000Z,,25,hour,0.27191166891017926,0.25704632722498943
6920576482c05455042bed70,Bitcoin,2025-11-21T12:00:00.000Z,,49,hour,-0.026981528050133152,-0.01977151264045394
6920633c82c05455042bef4c,Ethereum,2025-11-21T12:00:00.000Z,,11,hour,0.11105805251281708,0.11051523508455113
6920633c82c05455042bef4d,Solana,2025-11-21T13:00:00.000Z,,33,hour,0.2547246897011064,0.2446963911761492
6920669f82c05455042befdf,Solana,2025-11-21T12:00:00.000Z,,13,hour,0.3622509959923963,0.35990735999488077
6920669f82c05455042befe0,Bitcoin,2025-11-21T13:00:00.000Z,,33,hour,0.11851326004905402,0.07121168374538281
6920669f82c05455042befe1,Ethereum,2025-11-21T13:00:00.000Z,,22,hour,0.07993677125672219,0.07922579792238182
6920709482c05455042bf15f,BTC,2025-11-16T20:00:00.000Z,0,26,hour,,
6920709482c05455042bf160,BTC,2025-11-16T21:00:00.000Z,0,16,hour,,
6920709482c05455042bf161,BTC,2025-11-16T22:00:00.000Z,0,16,hour,,
6920709482c05455042bf162,BTC,2025-11-16T23:00:00.000Z,0,5,hour,,
6920709482c05455042bf163,BTC,2025-11-17T00:00:00.000Z,0,18,hour,,
6920709482c05455042bf164,BTC,2025-11-17T01:00:00.000Z,0.4387553483247757,2,hour,,
6920709482c05455042bf165,BTC,2025-11-17T02:00:00.000Z,0.6231875289231539,9,hour,,
6920709482c05455042bf166,BTC,2025-11-17T03:00:00.000Z,0.6710917678160163,13,hour,,
6920709482c05455042bf167,BTC,2025-11-17T04:00:00.000Z,0.7425184151423829,7,hour,,
6920709482c05455042bf168,BTC,2025-11-17T05:00:00.000Z,0.5141740324241775,7,hour,,
6920709482c05455042bf169,BTC,2025-11-17T06:00:00.000Z,0.8148804134689271,4,hour,,
6920709482c05455042bf16a,BTC,2025-11-17T07:00:00.000Z,0.7812918095539013,3,hour,,
6920709482c05455042bf16b,BTC,2025-11-17T08:00:00.000Z,0.5072198685569067,12,hour,,
6920709482c05455042bf16c,BTC,2025-11-17T09:00:00.000Z,0.8709392976015806,5,hour,,
6920709482c05455042bf16d,BTC,2025-11-17T10:00:00.000Z,0.657271649222821,18,hour,,
6920709482c05455042bf16e,BTC,2025-11-17T11:00:00.000Z,0.6471951586427167,16,hour,,
6920709482c05455042bf16f,BTC,2025-11-17T12:00:00.000Z,0.6125350224652462,7,hour,,
6920709482c05455042bf170,BTC,2025-11-17T13:00:00.000Z,0.7784628299996257,4,hour,,
6920709482c05455042bf171,BTC,2025-11-17T19:00:00.000Z,0.7141330763697624,4,hour,,
6920709482c05455042bf172,BTC,2025-11-17T20:00:00.000Z,0.5301375601972852,7,hour,,
6920709482c05455042bf173,BTC,2025-11-17T21:00:00.000Z,0.781757938489318,5,hour,,
6920709482c05455042bf174,BTC,2025-11-17T22:00:00.000Z,0.7871939623728395,10,hour,,
6920709482c05455042bf175,BTC,2025-11-17T23:00:00.000Z,0.7663760989904403,5,hour,,
6920709482c05455042bf176,BTC,2025-11-18T02:00:00.000Z,0.555186966744562,6,hour,,
6920709482c05455042bf177,BTC,2025-11-18T03:00:00.000Z,0.6934864293369982,9,hour,,
6920709482c05455042bf178,BTC,2025-11-18T04:00:00.000Z,0.5822518134818357,17,hour,,
6920709482c05455042bf179,BTC,2025-11-18T05:00:00.000Z,0.6486211927193735,9,hour,,
6920709482c05455042bf17a,BTC,2025-11-18T06:00:00.000Z,0.468942448289858,9,hour,,
6920709482c05455042bf17b,BTC,2025-11-18T07:00:00.000Z,0.5774927260354161,8,hour,,
6920709482c05455042bf17c,BTC,2025-11-18T08:00:00.000Z,0.6807502413035503,14,hour,,
6920709482c05455042bf17d,BTC,2025-11-18T09:00:00.000Z,0.6437939541000459,9,hour,,
6920709482c05455042bf17e,BTC,2025-11-18T10:00:00.000Z,0.6655669701596101,15,hour,,
6920709482c05455042bf17f,BTC,2025-11-18T11:00:00.000Z,0.734463265603956,17,hour,,
6920709482c05455042bf180,BTC,2025-11-18T12:00:00.000Z,0.7093597858005927,9,hour,,
6920709482c05455042bf181,BTC,2025-11-18T13:00:00.000Z,0.8276525430381297,5,hour,,
6920709482c05455042bf182,BTC,2025-11-19T12:00:00.000Z,0.6266129053033451,17,hour,,
6920709482c05455042bf183,BTC,2025-11-19T13:00:00.000Z,0.5982081296020433,19,hour,,
6920709482c05455042bf184,BTC,2025-11-19T14:00:00.000Z,0.8015019236640496,11,hour,,
6920709482c05455042bf185,BTC,2025-11-20T03:00:00.000Z,0.7295934747283658,12,hour,,
6920709482c05455042bf186,BTC,2025-11-20T04:00:00.000Z,0.6488182116299868,10,hour,,
6920709482c05455042bf187,BTC,2025-11-20T05:00:00.000Z,0.6254584659473039,16,hour,,
6920709482c05455042bf188,BTC,2025-11-20T06:00:00.000Z,0.6735528772696853,8,hour,,
6920709482c05455042bf189,BTC,2025-11-20T07:00:00.000Z,0.8176996037364006,1,hour,,
6920709482c05455042bf18a,BTC,2025-11-20T08:00:00.000Z,0.5897217946127057,10,hour,,
6920709482c05455042bf18b,BTC,2025-11-20T09:00:00.000Z,0.5997801617803898,11,hour,,
6920709482c05455042bf18c,BTC,2025-11-20T10:00:00.000Z,0.5420535624559437,7,hour,,
6920709482c05455042bf18d,BTC,2025-11-21T11:00:00.000Z,0.21462468621903097,10,hour,,
6920709482c05455042bf18e,BTC,2025-11-21T12:00:00.000Z,-0.03347814310342073,50,hour,,
6920709482c05455042bf18f,BTC,2025-11-21T13:00:00.000Z,0.11353568131316397,34,hour,,
6920709482c05455042bf190,BTC,2025-11-21T14:00:00.000Z,0.0036039217879685337,60,hour,,
6920709482c05455042bf191,BTC,2025-11-21T15:00:00.000Z,0.2141122917893754,86,hour,,
6920709482c05455042bf192,BTC,2025-11-21T16:00:00.000Z,0.1686637111746802,29,hour,,
6920709582c05455042bf193,BTC,2025-11-17T19:00:00.000Z,0.6623128476534982,158,day,,
6920709582c05455042bf194,BTC,2025-11-18T19:00:00.000Z,0.6560615960191539,47,day,,
6920709582c05455042bf195,BTC,2025-11-19T19:00:00.000Z,0.6366124873732527,75,day,,
6920709582c05455042bf196,BTC,2025-11-20T19:00:00.000Z,0.09801002327622102,287,day,,
6920709582c05455042bf198,ETH,2025-11-16T20:00:00.000Z,0,8,hour,,
6920709582c05455042bf199,ETH,2025-11-16T21:00:00.000Z,0,9,hour,,
6920709582c05455042bf19a,ETH,2025-11-16T22:00:00.000Z,0,11,hour,,
6920709582c05455042bf19b,ETH,2025-11-16T23:00:00.000Z,0,5,hour,,
6920709582c05455042bf19c,ETH,2025-11-17T00:00:00.000Z,0,14,hour,,
6920709582c05455042bf19d,ETH,2025-11-17T01:00:00.000Z,0.8716380763798952,2,hour,,
6920709582c05455042bf19e,ETH,2025-11-17T02:00:00.000Z,0.26855769753456116,1,hour,,
6920709582c05455042bf19f,ETH,2025-11-17T03:00:00.000Z,0.6197156530212272,11,hour,,
6920709582c05455042bf1a0,ETH,2025-11-17T04:00:00.000Z,0.5745733318229516,3,hour,,
6920709582c05455042bf1a1,ETH,2025-11-17T05:00:00.000Z,0.4754721636418253,8,hour,,
6920709582c05455042bf1a2,ETH,2025-11-17T06:00:00.000Z,0.8118030820041895,2,hour,,
6920709582c05455042bf1a3,ETH,2025-11-17T07:00:00.000Z,0.8141266936436296,8,hour,,
6920709582c05455042bf1a4,ETH,2025-11-17T08:00:00.000Z,0.5417575000652245,7,hour,,
6920709582c05455042bf1a5,ETH,2025-11-17T09:00:00.000Z,0.6117709291034511,7,hour,,
6920709582c05455042bf1a6,ETH,2025-11-17T10:00:00.000Z,0.20676787516900474,7,hour,,
6920709582c05455042bf1a7,ETH,2025-11-17T11:00:00.000Z,0.7016372799873353,15,hour,,
6920709582c05455042bf1a8,ETH,2025-11-17T12:00:00.000Z,0.8851781959335009,3,hour,,
6920709582c05455042bf1a9,ETH,2025-11-17T13:00:00.000Z,0.2215318636968732,5,hour,,
6920709582c05455042bf1aa,ETH,2025-11-17T19:00:00.000Z,0.8202330395579338,1,hour,,
6920709582c05455042bf1ab,ETH,2025-11-17T20:00:00.000Z,0.7468775425106288,5,hour,,
6920709582c05455042bf1ac,ETH,2025-11-17T21:00:00.000Z,0.48474247753620153,3,hour,,
6920709582c05455042bf1ad,ETH,2025-11-17T22:00:00.000Z,0.566672133281827,3,hour,,
6920709582c05455042bf1ae,ETH,2025-11-17T23:00:00.000Z,0.8914598748087883,1,hour,,
6920709582c05455042bf1af,ETH,2025-11-18T02:00:00.000Z,0.7536539509892464,1,hour,,
6920709582c05455042bf1b0,ETH,2025-11-18T03:00:00.000Z,0.6628681079794962,9,hour,,
6920709582c05455042bf1b1,ETH,2025-11-18T04:00:00.000Z,0.7543042421340942,5,hour,,
6920709582c05455042bf1b2,ETH,2025-11-18T05:00:00.000Z,0.8543919039269289,12,hour,,
6920709582c05455042bf1b3,ETH,2025-11-18T06:00:00.000Z,0.7897805497050285,1,hour,,
6920709582c05455042bf1b4,ETH,2025-11-18T07:00:00.000Z,0.8605757698948894,7,hour,,
6920709582c05455042bf1b5,ETH,2025-11-18T08:00:00.000Z,0.690464469914635,3,hour,,
6920709582c05455042bf1b6,ETH,2025-11-18T09:00:00.000Z,0.2877349692086379,3,hour,,
6920709582c05455042bf1b7,ETH,2025-11-18T10:00:00.000Z,0.565720153041184,6,hour,,
6920709582c05455042bf1b8,ETH,2025-11-18T11:00:00.000Z,0.8135527746322063,13,hour,,
6920709582c05455042bf1b9,ETH,2025-11-18T12:00:00.000Z,0.7218595203012228,2,hour,,
6920709582c05455042bf1ba,ETH,2025-11-19T12:00:00.000Z,0.7454577433610602,14,hour,,
6920709582c05455042bf1bb,ETH,2025-11-19T13:00:00.000Z,0.7599385902285576,14,hour,,
6920709582c05455042bf1bc,ETH,2025-11-19T14:00:00.000Z,0.7164375122636556,5,hour,,
6920709582c05455042bf1bd,ETH,2025-11-20T03:00:00.000Z,0.30266360845416784,4,hour,,
6920709582c05455042bf1be,ETH,2025-11-20T04:00:00.000Z,0.7481279846812998,7,hour,,
6920709582c05455042bf1bf,ETH,2025-11-20T05:00:00.000Z,0.4542859359286152,13,hour,,
6920709582c05455042bf1c0,ETH,2025-11-20T06:00:00.000Z,0.6745708666534888,18,hour,,
6920709582c05455042bf1c1,ETH,2025-11-20T07:00:00.000Z,0.4541605291888118,2,hour,,
6920709582c05455042bf1c2,ETH,2025-11-20T08:00:00.000Z,0.5782708814367652,4,hour,,
6920709582c05455042bf1c3,ETH,2025-11-20T09:00:00.000Z,0.7565298232116869,7,hour,,
6920709582c05455042bf1c4,ETH,2025-11-20T10:00:00.000Z,0.8275038152933121,1,hour,,
6920709582c05455042bf1c5,ETH,2025-11-21T11:00:00.000Z,0.185961447432279,13,hour,,
6920709582c05455042bf1c6,ETH,2025-11-21T12:00:00.000Z,0.11105805251281708,11,hour,,
6920709582c05455042bf1c7,ETH,2025-11-21T13:00:00.000Z,0.07993677125672219,22,hour,,
6920709582c05455042bf1c8,ETH,2025-11-21T14:00:00.000Z,0.07479711198946459,25,hour,,
6920709582c05455042bf1c9,ETH,2025-11-21T15:00:00.000Z,0.15244930320408281,21,hour,,
6920709582c05455042bf1ca,ETH,2025-11-21T16:00:00.000Z,0.33070615230462863,16,hour,,
6920709a82c05455042bf1cb,ETH,2025-11-17T19:00:00.000Z,0.7267553430050611,75,day,,
6920709a82c05455042bf1cc,ETH,2025-11-18T19:00:00.000Z,0.7472041282294826,33,day,,
6920709a82c05455042bf1cd,ETH,2025-11-19T19:00:00.000Z,0.6042885759878638,56,day,,
6920709a82c05455042bf1ce,ETH,2025-11-20T19:00:00.000Z,0.15097095326023383,111,day,,
6920709a82c05455042bf1cf,SOLANA,2025-11-16T20:00:00.000Z,0,13,hour,,
6920709a82c05455042bf1d0,SOLANA,2025-11-16T21:00:00.000Z,0,16,hour,,
6920709a82c05455042bf1d1,SOLANA,2025-11-16T22:00:00.000Z,0,13,hour,,
6920709a82c05455042bf1d2,SOLANA,2025-11-16T23:00:00.000Z,0,10,hour,,
6920709a82c05455042bf1d3,SOLANA,2025-11-17T00:00:00.000Z,0,16,hour,,
6920709a82c05455042bf1d4,SOLANA,2025-11-17T01:00:00.000Z,0.38120947153690987,17,hour,,
6920709a82c05455042bf1d5,SOLANA,2025-11-17T02:00:00.000Z,0.6035598742309958,8,hour,,
6920709a82c05455042bf1d6,SOLANA,2025-11-17T03:00:00.000Z,0.8401114995280902,15,hour,,
6920709a82c05455042bf1d7,SOLANA,2025-11-17T04:00:00.000Z,0.76416926831007,14,hour,,
6920709a82c05455042bf1d8,SOLANA,2025-11-17T05:00:00.000Z,0.6910367146134376,10,hour,,
6920709a82c05455042bf1d9,SOLANA,2025-11-17T06:00:00.000Z,0.3572404542937875,4,hour,,
6920709a82c05455042bf1da,SOLANA,2025-11-17T07:00:00.000Z,0.7346920146503382,18,hour,,
6920709a82c05455042bf1db,SOLANA,2025-11-17T08:00:00.000Z,0.5949104426960861,14,hour,,
6920709a82c05455042bf1dc,SOLANA,2025-11-17T09:00:00.000Z,0.7245435507761108,9,hour,,
6920709a82c05455042bf1dd,SOLANA,2025-11-17T10:00:00.000Z,0.3007121534190244,18,hour,,
6920709a82c05455042bf1de,SOLANA,2025-11-17T11:00:00.000Z,0.4117617085576057,15,hour,,
6920709a82c05455042bf1df,SOLANA,2025-11-17T12:00:00.000Z,0.7856919428954521,15,hour,,
6920709a82c05455042bf1e0,SOLANA,2025-11-17T13:00:00.000Z,0.6332295443862677,16,hour,,
6920709a82c05455042bf1e1,SOLANA,2025-11-17T19:00:00.000Z,0.6111936975891391,6,hour,,
6920709a82c05455042bf1e2,SOLANA,2025-11-17T20:00:00.000Z,0.6354886045058568,15,hour,,
6920709a82c05455042bf1e3,SOLANA,2025-11-17T21:00:00.000Z,0.6258894495666026,15,hour,,
6920709a82c05455042bf1e4,SOLANA,2025-11-17T22:00:00.000Z,0.41848786683245137,11,hour,,
6920709a82c05455042bf1e5,SOLANA,2025-11-17T23:00:00.000Z,0.7235933142629536,11,hour,,
6920709a82c05455042bf1e6,SOLANA,2025-11-18T02:00:00.000Z,0.650310143083334,5,hour,,
6920709a82c05455042bf1e7,SOLANA,2025-11-18T03:00:00.000Z,0.6970393756138427,28,hour,,
6920709a82c05455042bf1e8,SOLANA,2025-11-18T04:00:00.000Z,0.8133196355774999,10,hour,,
6920709a82c05455042bf1e9,SOLANA,2025-11-18T05:00:00.000Z,0.6564720994404828,12,hour,,
6920709a82c05455042bf1ea,SOLANA,2025-11-18T06:00:00.000Z,0.6101349698793557,9,hour,,
6920709a82c05455042bf1eb,SOLANA,2025-11-18T07:00:00.000Z,0.7061244962880244,13,hour,,
6920709a82c05455042bf1ec,SOLANA,2025-11-18T08:00:00.000Z,0.8188933923633561,18,hour,,
6920709a82c05455042bf1ed,SOLANA,2025-11-18T09:00:00.000Z,0.7675402176876863,12,hour,,
6920709a82c05455042bf1ee,SOLANA,2025-11-18T10:00:00.000Z,0.6791165175714663,14,hour,,
6920709a82c05455042bf1ef,SOLANA,2025-11-18T11:00:00.000Z,0.7068346253492765,18,hour,,
6920709a82c05455042bf1f0,SOLANA,2025-11-18T12:00:00.000Z,0.6964049845313033,12,hour,,
6920709a82c05455042bf1f1,SOLANA,2025-11-18T13:00:00.000Z,0.7849770734707514,3,hour,,
6920709a82c05455042bf1f2,SOLANA,2025-11-19T12:00:00.000Z,0.6076451112680575,17,hour,,
6920709a82c05455042bf1f3,SOLANA,2025-11-19T13:00:00.000Z,0.8064232155680656,10,hour,,
6920709a82c05455042bf1f4,SOLANA,2025-11-19T14:00:00.000Z,0.7841061361134052,5,hour,,
6920709a82c05455042bf1f5,SOLANA,2025-11-20T03:00:00.000Z,0.43318183720111847,8,hour,,
6920709a82c05455042bf1f6,SOLANA,2025-11-20T04:00:00.000Z,0.42571395151317126,10,hour,,
6920709a82c05455042bf1f7,SOLANA,2025-11-20T05:00:00.000Z,0.6652700724080205,16,hour,,
6920709a82c05455042bf1f8,SOLANA,2025-11-20T06:00:00.000Z,0.7664348058225143,21,hour,,
6920709a82c05455042bf1f9,SOLANA,2025-11-20T07:00:00.000Z,0.7661421485245228,9,hour,,
6920709a82c05455042bf1fa,SOLANA,2025-11-20T08:00:00.000Z,0.7752600997420294,14,hour,,
6920709a82c05455042bf1fb,SOLANA,2025-11-20T09:00:00.000Z,0.7136913695945762,26,hour,,
6920709a82c05455042bf1fc,SOLANA,2025-11-20T10:00:00.000Z,0.6672750838376857,27,hour,,
6920709a82c05455042bf1fd,SOLANA,2025-11-21T11:00:00.000Z,0.27191166891017926,25,hour,,
6920709a82c05455042bf1fe,SOLANA,2025-11-21T12:00:00.000Z,0.3622509959923963,13,hour,,
6920709a82c05455042bf1ff,SOLANA,2025-11-21T13:00:00.000Z,0.2547246897011064,33,hour,,
6920709a82c05455042bf200,SOLANA,2025-11-21T14:00:00.000Z,0.4323469369730446,50,hour,,
6920709a82c05455042bf201,SOLANA,2025-11-21T15:00:00.000Z,0.40498729170156783,26,hour,,
6920709a82c05455042bf202,SOLANA,2025-11-21T16:00:00.000Z,0.34117439847507675,41,hour,,
6920709e82c05455042bf203,SOLANA,2025-11-17T19:00:00.000Z,0.6862928451078434,212,day,,
6920709e82c05455042bf204,SOLANA,2025-11-18T19:00:00.000Z,0.6973353039938956,32,day,,
6920709e82c05455042bf205,SOLANA,2025-11-19T19:00:00.000Z,0.6777356480895221,131,day,,
6920709e82c05455042bf206,SOLANA,2025-11-20T19:00:00.000Z,0.34469646574154417,201,day,,
692085ea82c05455042bf545,Bitcoin,2025-11-21T20:00:00.000Z,,42,hour,-0.017395489516534968,-0.03654877253835168
692085ea82c05455042bf546,Ethereum,2025-11-21T20:00:00.000Z,,14,hour,0.12049419229983219,0.12045236239150202
692085ea82c05455042bf547,Solana,2025-11-21T20:00:00.000Z,,21,hour,0.21027005867411694,0.2102679349076191
6920bfa182c05455042bfdad,BTC,2025-11-21T18:00:00.000Z,0.015287987965469568,18,hour,,
6920bfa182c05455042bfdae,BTC,2025-11-21T19:00:00.000Z,0.060324281725722045,42,hour,,
6920bfa182c05455042bfdaf,BTC,2025-11-21T20:00:00.000Z,-0.018125207819552597,44,hour,,
6920bfa382c05455042bfdb0,BTC,2025-11-21T19:00:00.000Z,0.07452815987070968,330,day,,
6920bfa582c05455042bfdb1,ETH,2025-11-21T18:00:00.000Z,0.3324559486936778,3,hour,,
6920bfa582c05455042bfdb2,ETH,2025-11-21T19:00:00.000Z,0.27461413587169614,17,hour,,
6920bfa582c05455042bfdb3,ETH,2025-11-21T20:00:00.000Z,0.12049419229983219,14,hour,,
6920bfa682c05455042bfdb5,ETH,2025-11-21T19:00:00.000Z,0.2836918187667974,130,day,,
6920bfa982c05455042bfdb9,SOLANA,2025-11-21T18:00:00.000Z,0.248911800991314,13,hour,,
6920bfa982c05455042bfdba,SOLANA,2025-11-21T19:00:00.000Z,0.13916324382298623,20,hour,,
6920bfa982c05455042bfdbb,SOLANA,2025-11-21T20:00:00.000Z,0.21027005867411694,21,hour,,
6920bfaa82c05455042bfdbc,SOLANA,2025-11-21T19:00:00.000Z,0.2565356143505165,133,day,,
69216e2782c05455042c19a1,BTC,2025-11-21T21:00:00.000Z,0.11443851352669299,25,hour,,
69216e2782c05455042c19a2,BTC,2025-11-21T22:00:00.000Z,0.07474680233623504,34,hour,,
69216e2782c05455042c19a3,BTC,2025-11-21T23:00:00.000Z,0.19790729818244776,15,hour,,
69216e2782c05455042c19a4,BTC,2025-11-22T00:00:00.000Z,-0.08983388040360296,32,hour,,
69216e2782c05455042c19a5,BTC,2025-11-22T01:00:00.000Z,0.11092404298730851,17,hour,,
69216e2782c05455042c19a6,BTC,2025-11-22T02:00:00.000Z,0.03579446824733168,16,hour,,
69216e2782c05455042c19a7,BTC,2025-11-22T03:00:00.000Z,0.2695206957403571,20,hour,,
69216e2782c05455042c19a8,BTC,2025-11-22T04:00:00.000Z,0.13260487038104868,13,hour,,
69216e2782c05455042c19a9,BTC,2025-11-22T05:00:00.000Z,0.14647440742250656,31,hour,,
69216e2782c05455042c19aa,BTC,2025-11-22T06:00:00.000Z,0.03690220142847725,14,hour,,
69216e2782c05455042c19ab,BTC,2025-11-22T07:00:00.000Z,0.10118028699610107,27,hour,,
69216e2882c05455042c19ad,ETH,2025-11-21T21:00:00.000Z,0.27831797532271596,10,hour,,
69216e2882c05455042c19ae,ETH,2025-11-21T22:00:00.000Z,0.42204626263929124,23,hour,,
69216e2882c05455042c19af,ETH,2025-11-21T23:00:00.000Z,0.7624063314093898,3,hour,,
69216e2882c05455042c19b0,ETH,2025-11-22T00:00:00.000Z,0.3005345075091879,7,hour,,
69216e2882c05455042c19b1,ETH,2025-11-22T01:00:00.000Z,0.46679729778552426,10,hour,,
69216e2882c05455042c19b2,ETH,2025-11-22T02:00:00.000Z,0.23759473330044947,11,hour,,
69216e2882c05455042c19b3,ETH,2025-11-22T03:00:00.000Z,0.15635130612645298,8,hour,,
69216e2882c05455042c19b4,ETH,2025-11-22T04:00:00.000Z,0.21535633920159725,7,hour,,
69216e2882c05455042c19b5,ETH,2025-11-22T05:00:00.000Z,0.2367617137400278,12,hour,,
69216e2882c05455042c19b6,ETH,2025-11-22T07:00:00.000Z,0.09530158306006342,8,hour,,
69216e2f82c05455042c19b7,SOLANA,2025-11-21T21:00:00.000Z,0.031171868932211688,21,hour,,
69216e2f82c05455042c19b8,SOLANA,2025-11-21T22:00:00.000Z,0.4750458974657314,7,hour,,
69216e2f82c05455042c19b9,SOLANA,2025-11-21T23:00:00.000Z,0.44969135306309904,10,hour,,
69216e2f82c05455042c19ba,SOLANA,2025-11-22T00:00:00.000Z,0.18682028612654122,7,hour,,
69216e2f82c05455042c19bb,SOLANA,2025-11-22T01:00:00.000Z,0.4284946196065802,9,hour,,
69216e2f82c05455042c19bc,SOLANA,2025-11-22T02:00:00.000Z,0.5284741064727616,6,hour,,
69216e2f82c05455042c19bd,SOLANA,2025-11-22T03:00:00.000Z,0.2692603359464556,4,hour,,
69216e2f82c05455042c19be,SOLANA,2025-11-22T04:00:00.000Z,0.012818107008934043,5,hour,,
69216e2f82c05455042c19bf,SOLANA,2025-11-22T05:00:00.000Z,0.06254980619996786,2,hour,,
69216e2f82c05455042c19c0,SOLANA,2025-11-22T06:00:00.000Z,0.3948690747609362,5,hour,,
69216e2f82c05455042c19c1,SOLANA,2025-11-22T07:00:00.000Z,0.42924009101989213,16,hour,,
6921f48f82c05455042c2e9f,Bitcoin,2025-11-21T23:00:00.000Z,,15,hour,0.19790729818244776,0.1977740457276895
6921f48f82c05455042c2ea0,Ethereum,2025-11-22T09:00:00.000Z,,4,hour,0.12172964261844754,0.12164794931997708
6921f48f82c05455042c2ea1,Bitcoin,2025-11-22T05:00:00.000Z,,24,hour,0.18870452806004323,0.1885813633181869
6921f48f82c05455042c2ea2,Bitcoin,2025-11-22T17:00:00.000Z,,17,hour,0.017200215219739134,0.017195400356291267
6921f48f82c05455042c2ea3,Bitcoin,2025-11-22T13:00:00.000Z,,29,hour,0.05457871460058755,0.023096729138605086
6921f48f82c05455042c2ea4,Solana,2025-11-21T22:00:00.000Z,,7,hour,0.4750458974657314,0.47498469925528974
6921f48f82c05455042c2ea5,Bitcoin,2025-11-22T01:00:00.000Z,,15,hour,0.05505903500597922,0.05502120552840201
6921f48f82c05455042c2ea6,Ethereum,2025-11-22T08:00:00.000Z,,9,hour,0.1215374434573783,0.12152073427090164
6921f48f82c05455042c2ea7,Ethereum,2025-11-22T05:00:00.000Z,,10,hour,0.1458827833412215,0.14579872132903146
6921f48f82c05455042c2ea8,Ethereum,2025-11-22T07:00:00.000Z,,7,hour,0.0647346144542098,0.06471273429461404
6921f48f82c05455042c2ea9,Solana,2025-11-22T09:00:00.000Z,,6,hour,0.14652717392891645,0.0416811368339875
6921f48f82c05455042c2eaa,Ethereum,2025-11-22T10:00:00.000Z,,5,hour,0.11409308870788659,0.11402183960394922
6921f48f82c05455042c2eab,Ethereum,2025-11-21T23:00:00.000Z,,3,hour,0.7624063314093898,0.7620971425881978
6921f48f82c05455042c2eac,Bitcoin,2025-11-22T03:00:00.000Z,,17,hour,0.312991183168967,0.3287119370418705
6921f48f82c05455042c2ead,Ethereum,2025-11-22T12:00:00.000Z,,8,hour,0.6063407480032765,0.6060568013971634
6921f48f82c05455042c2eae,Solana,2025-11-22T12:00:00.000Z,,17,hour,0.42572767101228237,0.42565161901646253
6921f48f82c05455042c2eaf,Ethereum,2025-11-21T21:00:00.000Z,,10,hour,0.27831797532271596,0.27009372566199075
6921f48f82c05455042c2eb0,Solana,2025-11-21T21:00:00.000Z,,21,hour,0.031171868932211688,0.032727415855549315
6921f48f82c05455042c2eb1,Ethereum,2025-11-21T19:00:00.000Z,,17,hour,0.27461413587169614,0.2745081556242033
6921f48f82c05455042c2eb2,Solana,2025-11-21T19:00:00.000Z,,17,hour,0.13020923641263782,0.13017840547502446
6921f48f82c05455042c2eb3,Solana,2025-11-22T08:00:00.000Z,,17,hour,0.3485388942747651,0.3094843269960154
6921f48f82c05455042c2eb4,Bitcoin,2025-11-21T21:00:00.000Z,,21,hour,0.07658411229827575,0.03917005105841397
6921f48f82c05455042c2eb5,Solana,2025-11-22T05:00:00.000Z,,2,hour,0.06254980619996786,0.06254929166494673
6921f48f82c05455042c2eb6,Solana,2025-11-21T18:00:00.000Z,,13,hour,0.248911800991314,0.2488512441415061
6921f48f82c05455042c2eb7,Solana,2025-11-22T03:00:00.000Z,,4,hour,0.2692603359464556,0.2698536351511106
6921f48f82c05455042c2eb8,Ethereum,2025-11-22T13:00:00.000Z,,7,hour,-0.03470979603506358,-0.0363183794603686
6921f48f82c05455042c2eb9,Bitcoin,2025-11-22T12:00:00.000Z,,27,hour,0.053285239613614976,0.0532369793193852
6921f48f82c05455042c2eba,Ethereum,2025-11-22T02:00:00.000Z,,11,hour,0.23759473330044947,0.23751713097541877
6921f48f82c05455042c2ebb,Ethereum,2025-11-21T18:00:00.000Z,,3,hour,0.3324559486936778,0.33224276910331124
6921f48f82c05455042c2ebc,Ethereum,2025-11-22T00:00:00.000Z,,7,hour,0.3005345075091879,0.3004204650724956
6921f48f82c05455042c2ebd,Bitcoin,2025-11-22T06:00:00.000Z,,12,hour,0.0589095555090656,0.058705606611924484
6921f48f82c05455042c2ebe,Solana,2025-11-21T23:00:00.000Z,,8,hour,0.3276846745284274,0.2478903589879224
6921f48f82c05455042c2ebf,Bitcoin,2025-11-22T02:00:00.000Z,,16,hour,0.03579446824733168,0.03575857302263629
6921f48f82c05455042c2ec0,Ethereum,2025-11-21T22:00:00.000Z,,13,hour,0.2668887712688257,0.2658205509901127
6921f48f82c05455042c2ec1,Solana,2025-11-22T10:00:00.000Z,,15,hour,0.3180150906865795,0.2762522242549085
6921f48f82c05455042c2ec2,Solana,2025-11-22T02:00:00.000Z,,6,hour,0.5284741064727616,0.5284455289668958
6921f48f82c05455042c2ec3,Bitcoin,2025-11-21T18:00:00.000Z,,18,hour,0.015287987965469568,0.015271329913054181
6921f48f82c05455042c2ec4,Solana,2025-11-22T06:00:00.000Z,,5,hour,0.3948690747609362,0.26791706678193655
6921f48f82c05455042c2ec5,Bitcoin,2025-11-22T10:00:00.000Z,,20,hour,0.030349904450122256,0.030327511969162935
6921f48f82c05455042c2ec6,Bitcoin,2025-11-21T19:00:00.000Z,,38,hour,0.00034267018169262253,0.00032309017521415585
6921f48f82c05455042c2ec7,Bitcoin,2025-11-22T04:00:00.000Z,,13,hour,0.13260487038104868,0.13255469144571533
6921f48f82c05455042c2ec8,Solana,2025-11-22T00:00:00.000Z,,7,hour,0.18682028612654122,0.1868026827879216
6921f48f82c05455042c2ec9,Ethereum,2025-11-22T03:00:00.000Z,,8,hour,0.15635130612645298,0.1562856382085046
6921f48f82c05455042c2eca,Bitcoin,2025-11-22T08:00:00.000Z,,12,hour,0.052156665983299405,0.01034422152957347
6921f48f82c05455042c2ecb,Solana,2025-11-22T13:00:00.000Z,,8,hour,0.40114831874961965,0.4011355023555082
6921f48f82c05455042c2ecc,Solana,2025-11-22T04:00:00.000Z,,5,hour,0.012818107008934043,0.012813218479002565
6921f48f82c05455042c2ecd,Solana,2025-11-22T01:00:00.000Z,,6,hour,0.2773966755097111,0.2773545277244914
6921f48f82c05455042c2ece,Bitcoin,2025-11-22T07:00:00.000Z,,19,hour,0.1590171586048152,0.1399424785051342
6921f48f82c05455042c2ecf,Ethereum,2025-11-22T17:00:00.000Z,,4,hour,0.187413333915174,0.18734553804262977
6921f48f82c05455042c2ed0,Bitcoin,2025-11-22T09:00:00.000Z,,11,hour,0.3261270788286559,0.23222302651335003
6921f48f82c05455042c2ed1,Ethereum,2025-11-22T01:00:00.000Z,,9,hour,0.46243579143710023,0.46227630749322135
6921f48f82c05455042c2ed2,Solana,2025-11-22T07:00:00.000Z,,14,hour,0.45173435254089,0.4516941991359277
6921f48f82c05455042c2ed3,Solana,2025-11-22T17:00:00.000Z,,5,hour,0.5578103157225996,0.5577200802699507
6921f48f82c05455042c2ed4,Ethereum,2025-11-22T04:00:00.000Z,,7,hour,0.21535633920159725,0.21529316199225393
6921f48f82c05455042c2ed5,Bitcoin,2025-11-22T00:00:00.000Z,,29,hour,-0.11974307134394246,-0.1196598100309833
6921f48f82c05455042c2ed6,Bitcoin,2025-11-21T22:00:00.000Z,,31,hour,0.08236672635745979,0.08230202638434958
6921f48f82c05455042c2ed7,Ethereum,2025-11-22T00:00:00.000Z,,139,day,0.22129709279565007,0.2211288944721055
6921f48f82c05455042c2ed8,Bitcoin,2025-11-22T00:00:00.000Z,,369,day,0.08672181171883117,0.08118265620197948
6921f48f82c05455042c2ed9,Solana,2025-11-22T00:00:00.000Z,,181,day,0.33095873177961,0.3191798110711273
6921fcc482c05455042c3003,Solana,2025-11-22T18:00:00.000Z,,10,hour,0.3985518228262663,0.39852918109041424
6921fcc482c05455042c3004,Ethereum,2025-11-22T18:00:00.000Z,,9,hour,0.2925822817099591,0.29247740551289836
6921fcc482c05455042c3005,Bitcoin,2025-11-22T18:00:00.000Z,,23,hour,0.2829038428405867,0.28268610360951035
69220d4682c05455042c32e8,Bitcoin,2025-11-22T19:00:00.000Z,,16,hour,0.004511233644734602,0.061743845814816574
69220d4682c05455042c32e9,Ethereum,2025-11-22T19:00:00.000Z,,7,hour,0.12139287916943431,0.12133311074652466
6922151b82c05455042c356a,Solana,2025-11-22T19:00:00.000Z,,7,hour,0.4257208962392594,0.42569450900138833
69221d4682c05455042c36b5,Bitcoin,2025-11-22T20:00:00.000Z,,18,hour,0.14805658128009075,0.14793676935787073
69221d4682c05455042c36b6,Ethereum,2025-11-22T20:00:00.000Z,,1,hour,0.15484903752803802,0.15479835942850437
69221d4682c05455042c36b7,Solana,2025-11-22T20:00:00.000Z,,14,hour,0.24288233241531995,0.24286881966969745
6922258282c05455042c37ff,Ethereum,2025-11-22T21:00:00.000Z,,4,hour,0.4423659279709682,0.4422129730173596
6922258282c05455042c3800,Solana,2025-11-22T21:00:00.000Z,,15,hour,0.2658230457338504,0.26579691941696404
69222d9682c05455042c392a,Bitcoin,2025-11-22T21:00:00.000Z,,10,hour,0.04429804887622596,0.04425670437249905
6922360182c05455042c3a85,Solana,2025-11-22T22:00:00.000Z,,11,hour,0.30152935023546557,0.3015047493765511
6922360182c05455042c3a86,Ethereum,2025-11-22T22:00:00.000Z,,11,hour,0.3752245874070054,0.3750804704283382
6922360182c05455042c3a87,Bitcoin,2025-11-22T22:00:00.000Z,,22,hour,0.06927860878534955,0.0692240727565152
6922467182c05455042c3d05,Bitcoin,2025-11-22T23:00:00.000Z,,19,hour,-0.030148551266297313,-0.030123204069142807
6922467182c05455042c3d06,Ethereum,2025-11-22T23:00:00.000Z,,11,hour,0.015219049612906849,0.015211355733248628
6922467182c05455042c3d07,Solana,2025-11-22T23:00:00.000Z,,7,hour,0.24506587428706036,0.24503467127353243
69224e8682c05455042c3e2a,Solana,2025-11-23T00:00:00.000Z,,4,hour,0.2063678470440209,0.2063214705728101
69224e8782c05455042c3e2b,Solana,2025-11-23T00:00:00.000Z,,111,day,0.29634259167118926,0.2852430794317208
69224e8882c05455042c3e2c,Solana,2025-11-23T00:00:00.000Z,,111,week,0.29634259167118926,0.2852430794317208
6922568a82c05455042c3f68,Ethereum,2025-11-23T00:00:00.000Z,,1,hour,0.20021812245249748,0.20015957182033153
6922568a82c05455042c3f69,Bitcoin,2025-11-23T00:00:00.000Z,,11,hour,-0.02021822790530592,-0.020215379456598338
6922568b82c05455042c3f6a,Bitcoin,2025-11-23T00:00:00.000Z,,278,day,0.11743007390759885,0.11882236364689137
6922568b82c05455042c3f6b,Ethereum,2025-11-23T00:00:00.000Z,,126,day,0.2024732016023278,0.1854680025642795
6922568b82c05455042c3f6c,Bitcoin,2025-11-23T00:00:00.000Z,,278,week,0.11743007390759885,0.11882236364689137
6922568b82c05455042c3f6d,Ethereum,2025-11-23T00:00:00.000Z,,126,week,0.2024732016023278,0.1854680025642795
69225ec682c05455042c4096,Bitcoin,2025-11-23T01:00:00.000Z,,23,hour,0.136314424848103,0.13616843708610588
69225ec682c05455042c4097,Solana,2025-11-23T01:00:00.000Z,,5,hour,0.41692741150036455,0.2954756186758034
692266fe82c05455042c41e2,Ethereum,2025-11-23T01:00:00.000Z,,1,hour,0.8566164213698357,0.8563111889451501
69226f4d82c05455042c4310,Ethereum,2025-11-23T02:00:00.000Z,,5,hour,0.04590386562049387,0.045888171899679205
69226f4d82c05455042c4311,Solana,2025-11-23T02:00:00.000Z,,2,hour,0.7099066021619365,0.7098498245962666
69226f4d82c05455042c4312,Bitcoin,2025-11-23T02:00:00.000Z,,22,hour,0.07687220234021713,0.1243240962406601
69227fbd82c05455042c4578,Solana,2025-11-23T03:00:00.000Z,,1,hour,0.01349734142422676,0.013494105390050234
69227fbd82c05455042c4579,Bitcoin,2025-11-23T03:00:00.000Z,,21,hour,0.22655831390459621,0.2255625474381163
69227fbd82c05455042c457a,Ethereum,2025-11-23T03:00:00.000Z,,6,hour,0.13722577582423884,0.13717868935720692
692287f982c05455042c46c7,Solana,2025-11-23T04:00:00.000Z,,5,hour,0.15453398637473584,0.15451850451849336
692287f982c05455042c46c8,Ethereum,2025-11-23T04:00:00.000Z,,12,hour,0.019551944608489663,0.01954578701819897
6922902d82c05455042c47f2,Bitcoin,2025-11-23T04:00:00.000Z,,6,hour,0.14941090492842096,0.14929577419199663
6922983e82c05455042c4923,Solana,2025-11-23T05:00:00.000Z,,7,hour,0.34192394076048266,0.3418430441176983
6922983e82c05455042c4924,Ethereum,2025-11-23T05:00:00.000Z,,22,hour,0.3152900635719892,0.23046430221374464
6922983e82c05455042c4925,Bitcoin,2025-11-23T05:00:00.000Z,,25,hour,0.12943951224908232,0.1295287853144018
6922a8e182c05455042c4ba4,Solana,2025-11-23T06:00:00.000Z,,7,hour,0.16992528857995892,0.16988292505874195
6922a8e182c05455042c4ba5,Ethereum,2025-11-23T06:00:00.000Z,,8,hour,0.17236245349340606,0.1723010049686819
6922a8e282c05455042c4ba6,Bitcoin,2025-11-23T06:00:00.000Z,,20,hour,0.061756228492595266,0.06182120304039742
6922b93e82c05455042c4e1b,Bitcoin,2025-11-23T07:00:00.000Z,,7,hour,-0.10568891306008611,-0.10559686863877174
6922b93e82c05455042c4e1c,Ethereum,2025-11-23T07:00:00.000Z,,6,hour,0.14519579669771096,0.14514391462361323
6922b93e82c05455042c4e1d,Solana,2025-11-23T07:00:00.000Z,,12,hour,0.23200774728320542,0.1718031840538692
6922c15882c05455042c4f49,Solana,2025-11-23T08:00:00.000Z,,5,hour,0.3227434957399964,0.3226961638330851
6922c15882c05455042c4f4a,Bitcoin,2025-11-23T08:00:00.000Z,,12,hour,0.07218815572559834,0.0721442086867307
6922c15882c05455042c4f4b,Ethereum,2025-11-23T08:00:00.000Z,,7,hour,0.20981648491163338,0.2097438323272118
6922d08782c05455042c5172,Solana,2025-11-23T09:00:00.000Z,,3,hour,-0.007091001917918505,-0.0070826599774844
6922d08782c05455042c5173,Ethereum,2025-11-23T09:00:00.000Z,,3,hour,0.32276687026023865,0.3226544127757996
6922d08782c05455042c5174,Bitcoin,2025-11-23T09:00:00.000Z,,18,hour,0.06758327524746872,0.06754011042773102
6922e43e82c05455042c55ee,Bitcoin,2025-11-23T10:00:00.000Z,,9,hour,0.05875246226787567,0.058688587479982006
6922e43e82c05455042c55ef,Ethereum,2025-11-23T10:00:00.000Z,,11,hour,0.026455351913517167,0.026459754631988474
6922e43e82c05455042c55f0,Solana,2025-11-23T10:00:00.000Z,,4,hour,0.33809425705112517,0.33806826129938367
6922ec4b82c05455042c5733,Solana,2025-11-23T11:00:00.000Z,,4,hour,0.15458686917554587,0.154545179576916
6922ec4b82c05455042c5734,Bitcoin,2025-11-23T11:00:00.000Z,,31,hour,0.1264463468800269,0.12570075682114862
6922ec4b82c05455042c5735,Ethereum,2025-11-23T11:00:00.000Z,,13,hour,0.2919423180954674,0.29185675756260976
6922fcac82c05455042c59db,Ethereum,2025-11-23T12:00:00.000Z,,7,hour,0.3791969751473516,0.379053254956569
6922fcac82c05455042c59dc,Bitcoin,2025-11-23T12:00:00.000Z,,18,hour,0.061808827488372714,0.02365731205964907
6922fcac82c05455042c59dd,Solana,2025-11-23T12:00:00.000Z,,12,hour,0.19305563326148936,0.19304229361262829
69230d2382c05455042c5c90,Ethereum,2025-11-23T13:00:00.000Z,,4,hour,0.21007059613475576,0.2100061886784533
69230d2382c05455042c5c91,Bitcoin,2025-11-23T13:00:00.000Z,,10,hour,0.28741334879305214,0.28720229033549616
69230d2382c05455042c5c92,Solana,2025-11-23T13:00:00.000Z,,8,hour,0.3310004859813489,0.33092338826745543
692315d282c05455042c5df9,Solana,2025-11-23T14:00:00.000Z,,18,hour,0.37406155705038047,0.37391528004737073
692315d282c05455042c5dfa,Bitcoin,2025-11-23T14:00:00.000Z,,26,hour,0.20348106437058258,0.20330777719834195
692315d282c05455042c5dfb,Ethereum,2025-11-23T14:00:00.000Z,,13,hour,0.2548873390590486,0.25476908177096036
692326a182c05455042c6087,Ethereum,2025-11-23T15:00:00.000Z,,7,hour,0.09276630045912629,0.0927379896944316
692326a182c05455042c6089,Solana,2025-11-23T15:00:00.000Z,,14,hour,0.43928233483373846,0.4392534244270277
692326a182c05455042c608a,Bitcoin,2025-11-23T15:00:00.000Z,,19,hour,0.149868159518136,0.1497650941228315
