_id,tx_hash,blockchain,created_at,from,tags[0],timestamp,to,token_symbol,value,value_usd,token_address
69187e3f758f042a4889f865,eee024aac4835a7d5118c307c30eced568e55ce0eaea0f9ff9f01e37e9dd6110,ethereum,2025-11-15T13:21:01.793Z,0x82e2DC7B4A55A9CAce368a68fBe47C4835565105,whale,2025-11-15T13:21:00.000Z,0x67bEc8852435D089E78c56d32Ca3335B4D60525C,ETH,0.00246476,7.82,
69187e3f758f042a4889f866,a16977ab8c73a727fb7f002d5c3b81031d2e1634124fbe212bef7ef7c4688c07,ethereum,2025-11-15T13:21:02.608Z,0xC2Cdb19de2d87A4c1453488e77cCD2a2c7e3ae09,whale,2025-11-15T13:21:00.000Z,0x0E4fe72472D48d2937E2D2993F049739D16BADB9,ETH,10,31708.3,
69187e3f758f042a4889f867,8118ebe24621b565fddc0f8a293c4388681c65380eeaed411d18c06652606ee7,ethereum,2025-11-15T13:21:02.697Z,0x561216199f0871cbED1351e6B0C66864fD902936,whale,2025-11-15T13:21:00.000Z,0x158733713A0cc5bF783563c51162A265A1b980Aa,ETH,10,31708.3,
69187e3f758f042a4889f868,edc30cdb937ef97d4aaac9e05402b0121d6f940cda7108bdf3c7bbec3217b718,ethereum,2025-11-15T13:21:02.762Z,0xdB1439151E38139ceD5748D87985aEc109AB0863,whale,2025-11-15T13:21:00.000Z,0xc497E485C414dB594F0030fa6C32365578C7E99E,ETH,0.001,3.17,
69187e3f758f042a4889f869,6d3aa8f1fed3fe08e07b1bf512e992126ed43af1920554a0c714ff3066464202,ethereum,2025-11-15T13:21:02.840Z,0x050EBA46265667EFe3a64Ac709e74B94d7E074E7,whale,2025-11-15T13:21:00.000Z,0x69Ea476d5aE3eDE52643A11532287e65a5B74848,ETH,0.05499997165414288,174.4,
69187e3f758f042a4889f86a,4cbacf04622723b19c11380e672a815097456c58ddac88a44b7e87b3636ed640,ethereum,2025-11-15T13:21:02.914Z,0x993a0f3653887078215914BAdCF039263293adD9,whale,2025-11-15T13:21:00.000Z,0x748C98De3aE641b14843Af1d61d41fFe94193762,ETH,0.05,158.54,
69187e3f758f042a4889f86b,e1cb564080ee8de689dc963766c51849dede58f93292db6280396c3845c0b225,ethereum,2025-11-15T13:21:02.990Z,0xAfEDA61dB9e162293b2eF2C2bC5A800b37Bb5E4a,whale,2025-11-15T13:21:00.000Z,0x121612dDA8199f58A60754349e44E2c14A2025A5,ETH,0.05,158.54,
69187e40758f042a4889f86c,58b03ddf5fc2f8064af4da17f23513df97a0bdb63b062e7978e527de9ea850ef,ethereum,2025-11-15T13:21:03.088Z,0xeBE5c8aA20eE32c9Eb8FaEa5B4EA192CECfA7053,whale,2025-11-15T13:21:00.000Z,0xc497E485C414dB594F0030fa6C32365578C7E99E,ETH,0.1,317.08,
69187e40758f042a4889f86d,82a3c64a12dae44364b8d7289bee4a8ec0129059a3156e84ff9257bef457eef4,ethereum,2025-11-15T13:21:03.159Z,0x45daaae68a6c7eeF09d96e328AbcA40a18f38706,whale,2025-11-15T13:21:00.000Z,0xc497E485C414dB594F0030fa6C32365578C7E99E,ETH,0.1,317.08,
69187e40758f042a4889f86e,e29c0dba05340ee5b9e0e86db84a24320d750785dbb6051910e595f78b9b5a92,ethereum,2025-11-15T13:21:03.226Z,0x34a9ced48e635AA3b41B56446b617aD38F6cc7A2,whale,2025-11-15T13:21:00.000Z,0xc497E485C414dB594F0030fa6C32365578C7E99E,ETH,0.001,3.17,
69187e40758f042a4889f86f,51d835c52e9e0b0c14f56302fcf82817008e6f03660ae21378358fcee5da3b29,ethereum,2025-11-15T13:21:03.294Z,0x5bc5c55cC7e675D614469c9012844399508b1d16,whale,2025-11-15T13:21:00.000Z,0xc497E485C414dB594F0030fa6C32365578C7E99E,ETH,0.1,317.08,
69187e4b758f042a4889f872,169deb23ca30982a1719b1179d3a3ee6f1e9c45ea35280f7eb44dcd212e7997f,ethereum,2025-11-15T13:21:14.554Z,0x3DfF1A34745F8165e8b8584895831366E1C8457b,whale,2025-11-15T13:21:12.000Z,0x956962C34687A954e611A83619ABaA37Ce6bC78A,ETH,0.002826525854122666,8.96,
69187e4b758f042a4889f873,1dd68271ccf48a2347ae1498826e5214860a9b39695e68728847dc80fd7c328f,ethereum,2025-11-15T13:21:14.622Z,0xaec73Bb7F292a169190CFD1A4Eb93C7DFF777ecF,whale,2025-11-15T13:21:12.000Z,0x956962C34687A954e611A83619ABaA37Ce6bC78A,ETH,0.001,3.17,
69187e4b758f042a4889f874,c3e747e8acfd0aa256b8f1083e7e2901379b9b9521eb61a18246ecdbd4dc8767,ethereum,2025-11-15T13:21:14.693Z,0xB166d86da3ee4910F724aD5161B9d9EE87d85e46,whale,2025-11-15T13:21:12.000Z,0x142c6786a5796B89680bC603d1ffb5b9f320fD6C,ETH,1,3170.83,
69187e4b758f042a4889f875,54f9dafd6ced2627277f77b6f9168b993b33c01c3a20a13321fcd7bd8838b277,ethereum,2025-11-15T13:21:14.759Z,0x9C9C001E5a92803Ad3E32B0dDC283212cD191813,whale,2025-11-15T13:21:12.000Z,0x1dD56895596FDA927bFe97854E8aa97B452E78A9,ETH,1,3170.83,
69187e4b758f042a4889f876,f076fe247b09b3086ffb99e89e019b537b04f92391af9472957a4f931007357f,ethereum,2025-11-15T13:21:14.829Z,0x9DE2a4f7e511533d4Fe519150a219DEe3C290326,whale,2025-11-15T13:21:12.000Z,0x38C967856d17E900042Af447B3346bfF26C8ed4B,ETH,0.002,6.34,
69187e4b758f042a4889f877,f6926f50c252972fe4f9ee83d1c3361fe6872e6cf0700c52951ead473eba31dc,ethereum,2025-11-15T13:21:14.900Z,0x3e367fb97dE0317e548c1E8be34319D7Db4b7F5C,whale,2025-11-15T13:21:12.000Z,0x956962C34687A954e611A83619ABaA37Ce6bC78A,ETH,0.00055,1.74,
69187e4b758f042a4889f878,31d2eb88a708262ea4d42fc8c1dab5fcfaf46b894f17ac5700fff86af7aab708,ethereum,2025-11-15T13:21:14.967Z,0xc251cdD2E72F7130D951d0e4c626ecA00C258ebB,whale,2025-11-15T13:21:12.000Z,0x956962C34687A954e611A83619ABaA37Ce6bC78A,ETH,0.001,3.17,
69187e4b758f042a4889f879,de28467aa98c64316e82d1b657c4089e2fe9c8bdf2a584a9fa30e79f7ad4ed7c,ethereum,2025-11-15T13:21:15.048Z,0x8548e7064319Aaf3dDF4Ed73323Ef82e39506489,whale,2025-11-15T13:21:12.000Z,0xc497E485C414dB594F0030fa6C32365578C7E99E,ETH,0.1,317.08,
69187e4c758f042a4889f87a,3b1cf32a444e1cccaf5750cf2b3f28a2a4024ce91ee1ca1e3e4cf2a18c4faaf0,ethereum,2025-11-15T13:21:15.116Z,0xf81d803cb7B624E255bEc7571034C86472cA5F58,whale,2025-11-15T13:21:12.000Z,0xc497E485C414dB594F0030fa6C32365578C7E99E,ETH,0.1,317.08,
69187e4c758f042a4889f87b,f4fee4d5927258052a8590794fdc547a7e0c7abacb47cfc5fbc9528289cfc709,ethereum,2025-11-15T13:21:15.184Z,0xbF993f89fd3A31C37E609b3300b51C3fC2c90dbD,whale,2025-11-15T13:21:12.000Z,0xc497E485C414dB594F0030fa6C32365578C7E99E,ETH,0.1,317.08,
69187e4c758f042a4889f87c,5bef4b003fb63726bd376af8e7e8f7678125d0e6a3a47307d6f46efa3d0f7c48,ethereum,2025-11-15T13:21:15.250Z,0x6c48AF7c708E1B0bf93e018552BC130D5D89110d,whale,2025-11-15T13:21:12.000Z,0xc497E485C414dB594F0030fa6C32365578C7E99E,ETH,0.01,31.71,
69187e4c758f042a4889f87d,138a98f0ff18ac5d9851da19a2af19b085b5a2a61aff5b0eb45db6dc36b45267,ethereum,2025-11-15T13:21:15.319Z,0x6EFB29CEe3b414272EB7A8F3Ebabf873D36bC033,whale,2025-11-15T13:21:12.000Z,0xdF902F8057a5F5B51bEF347A648Fe22329041718,ETH,0.05,158.54,
69187e4c758f042a4889f87e,698346b0f93f0595a8d8f3f54ef77c8a4c5dcddd3f7b2b83c8567f1e619f7cc8,ethereum,2025-11-15T13:21:15.384Z,0x79C960A15FC24E5b36Bc5E0D4f31C000a4589ac5,whale,2025-11-15T13:21:12.000Z,0x79C960A15FC24E5b36Bc5E0D4f31C000a4589ac5,ETH,0.138065,437.78,
69187e4c758f042a4889f87f,260798bbf0c2fb5af0c02b6d1e7a4fc86d8d20a8fbc9ec273b87e10b599bd333,ethereum,2025-11-15T13:21:15.450Z,0x13CB6AE34A13a0977F4d7101eBc24B87Bb23F0d5,whale,2025-11-15T13:21:12.000Z,0x0c06B6D4EC451987e8C0B772ffcf7F080c46447A,ETH,0.0043111909078929,13.67,
69187e62758f042a4889f883,3ee31fc358d3bad9a2c7c433a3b8c7b076b3bb057909e4aa80559e9201925e83,ethereum,2025-11-15T13:21:37.634Z,0x9A08ef9CF67B800D51A724b143139E66e0d8bC63,whale,2025-11-15T13:21:36.000Z,0x7cb512008ECD844FCab522d1F8683aA6a8Dd075B,ETH,0.5,1585.41,
69187e62758f042a4889f884,00b09286ca525a83c60db84fa2aa40c1e425572f7db7126c70863103276b098d,ethereum,2025-11-15T13:21:37.707Z,0x4045C59130D6a6A019Cb641390A63c7805D6b754,whale,2025-11-15T13:21:36.000Z,0xF243679897e574BA97F1d3e59AC1C11b58f45D0c,ETH,0.0011,3.49,
69187e62758f042a4889f885,ee4ef6fe9470238f1a67e6ae1af116c063907f3262df5ff86dbed95613ab1e77,ethereum,2025-11-15T13:21:37.774Z,0xC1c03b644EfE97c16BA013bC31d8bf637CbC130D,whale,2025-11-15T13:21:36.000Z,0x956962C34687A954e611A83619ABaA37Ce6bC78A,ETH,0.001725307067936372,5.47,
69187e62758f042a4889f886,d523debd64beb4d12e85c85219abd3431f3723185686b456e262e1bcaf1342a2,ethereum,2025-11-15T13:21:37.843Z,0xaD19234C40f738dD093BA800e642B84709E6Dfc1,whale,2025-11-15T13:21:36.000Z,0x098191585203EA0fa5064a5CBF92Ac298e844bd0,ETH,10,31708.3,
69187e62758f042a4889f887,5be0a5773b3849a781b7f42be2fe11e2815a5dab83a6d653ac6966db362a5290,ethereum,2025-11-15T13:21:37.909Z,0x60c4301410BabBCCf63B0482e233865566F57993,whale,2025-11-15T13:21:36.000Z,0x87A3effB84CBE1E4caB6Ab430139eC41d156D55A,ETH,0.000595,1.89,
69187e62758f042a4889f888,2fee8b2e42eb1885399531c99a18a78db8e0f2053864c266ce01a8aa5faeb536,ethereum,2025-11-15T13:21:37.974Z,0x7f9be7455e605A82451F678d609a5294e50B7ca7,whale,2025-11-15T13:21:36.000Z,0xaDB4f3334825E645dD201de5CF1778a09515936f,ETH,0.002,6.34,
69187e62758f042a4889f889,079c9afbdc252ad19b8ed2ba4ce3ae7af8be04ad18d93c95430bbed517e6394d,ethereum,2025-11-15T13:21:38.041Z,0xc251cdD2E72F7130D951d0e4c626ecA00C258ebB,whale,2025-11-15T13:21:36.000Z,0x956962C34687A954e611A83619ABaA37Ce6bC78A,ETH,0.001,3.17,
69187e63758f042a4889f88a,01eadb37853c0932d5fa710eca8767a3506b0703a6b937a7b46470824035cfff,ethereum,2025-11-15T13:21:38.114Z,0x3e367fb97dE0317e548c1E8be34319D7Db4b7F5C,whale,2025-11-15T13:21:36.000Z,0x956962C34687A954e611A83619ABaA37Ce6bC78A,ETH,0.00055,1.74,
69187e63758f042a4889f88b,60f684c5e529302d0632777cd48da280f2dc1e2c54403ccbd52809cb9ddf0536,ethereum,2025-11-15T13:21:38.181Z,0x81B2AeD5ebE5c0471EdDe36b0c945f36D484dEC2,whale,2025-11-15T13:21:36.000Z,0xc497E485C414dB594F0030fa6C32365578C7E99E,ETH,0.1,317.08,
69187e63758f042a4889f88c,48e9daa33deb9009b743d0cae9a3892ba8d39ee6606989e0ce5018866d7e730d,ethereum,2025-11-15T13:21:38.248Z,0xF873d3C46bD60cbFBC5e194498851b7e687D9408,whale,2025-11-15T13:21:36.000Z,0xc497E485C414dB594F0030fa6C32365578C7E99E,ETH,0.1,317.08,
69187e63758f042a4889f88e,d6b1398e16ea8976f86f2866749584b0aa2273f6d8179827798ab409e90dc8af,ethereum,2025-11-15T13:21:38.318Z,0x4f60ED864444bEb9CD30CeB39c641976E2252fD3,whale,2025-11-15T13:21:36.000Z,0xc497E485C414dB594F0030fa6C32365578C7E99E,ETH,0.001,3.17,
69187e63758f042a4889f88f,961e44e4b2cd4d9a1d1c898de2165acbae38acb8587a3c418c63bee59be26a66,ethereum,2025-11-15T13:21:38.384Z,0x050EBA46265667EFe3a64Ac709e74B94d7E074E7,whale,2025-11-15T13:21:36.000Z,0x40961fD55f4Af625297BDF05F3a333150AbC15aa,ETH,0.05499997165411936,174.4,
69187e63758f042a4889f890,68afccb25e70b7aa7b15b647525c1380266ba81cd8fbe2bf957cb860e04ab76f,ethereum,2025-11-15T13:21:38.473Z,0x13CB6AE34A13a0977F4d7101eBc24B87Bb23F0d5,whale,2025-11-15T13:21:36.000Z,0x9b7E335088762aD8061C04D08C37902ABC8ACb87,ETH,0.01481292586126557,46.97,
69187e6e758f042a4889f891,3e538bae3b313789253612392c46b6f599dd4511524bc405059164da1d618ec5,ethereum,2025-11-15T13:21:49.602Z,0x6Cc9397c3B38739daCbfaA68EaD5F5D77Ba5F455,whale,2025-11-15T13:21:48.000Z,0xb28DD3877a1430bEaF11e83f921dF8A73a2B3051,ETH,2.30408326,7305.86,
69187e6e758f042a4889f892,8faa12b2bb47db4777f55b164a8dddf344bd47487cd74a16e1d459d4ba90cfc5,ethereum,2025-11-15T13:21:49.702Z,0x74853efA3c3097493B7246c582c02793e8794aad,whale,2025-11-15T13:21:48.000Z,0x956962C34687A954e611A83619ABaA37Ce6bC78A,ETH,0.002007504497624625,6.37,
69187e6e758f042a4889f893,a77cae18decb657930e7c148649bacb57a583804c14a53017e1da15c8b71f4d1,ethereum,2025-11-15T13:21:49.884Z,0x3323d37E0e6Ddb0e2cfd95AdaB35A622b58253d6,whale,2025-11-15T13:21:48.000Z,0x027f1C1a32AF066adF6BE28B5743D6D6C6E256e9,ETH,10,31708.3,
69187e6f758f042a4889f894,e92e46229e58b817e3180894f6b3413c35d6f671bc17cb36e6c0fee0614f9b9b,ethereum,2025-11-15T13:21:50.115Z,0x76ef47c8F181c7392C68Fc40dB64EF3651200a28,whale,2025-11-15T13:21:48.000Z,0x551771FAB28f4da95A52094824180E2A2A8de3Fb,ETH,0.1,317.08,
69187e6f758f042a4889f895,eaf5ed39ca03e35f6d1acf834e6c447fa4203af0c3d9a2e6f5b48e912d412740,ethereum,2025-11-15T13:21:50.207Z,0x050EBA46265667EFe3a64Ac709e74B94d7E074E7,whale,2025-11-15T13:21:48.000Z,0xBD38ACeCbC37EAa6e1008C44021C161C864c60e0,ETH,0.05499997165414288,174.4,
69187e6f758f042a4889f896,cb69c5aac1f29a51808dd2f94c056ba9fef94785955cb5dbbf4aa0bef9c47287,ethereum,2025-11-15T13:21:50.311Z,0x5e281B42124c354FE9fdadBe3C0Aa6760f0841E7,whale,2025-11-15T13:21:48.000Z,0x38C967856d17E900042Af447B3346bfF26C8ed4B,ETH,0.002,6.34,
69187e6f758f042a4889f897,cc5d6cde59f05a3a48893e14b64ae724455b155877cf9aeaffaf0b50ec8a7e36,ethereum,2025-11-15T13:21:50.431Z,0xD0592AB3499b9d52bc01D652659f9D5a3C4Dcd65,whale,2025-11-15T13:21:48.000Z,0x19969BBEcB5a1C092786bAa67bE1e4BB790F095c,ETH,9.9702,31613.81,
69187e7a758f042a4889f89a,6084083ffac92e3409821632fa5bb2db0ed579e8c552ab4f9968f51d10094628,ethereum,2025-11-15T13:22:01.935Z,0x0BDb22f1d6b81fc87CB5919f52aa138051163E35,whale,2025-11-15T13:22:00.000Z,0xc497E485C414dB594F0030fa6C32365578C7E99E,ETH,0.001,3.17,
69187e7a758f042a4889f89b,b2792731820ba06ff8c6813e53a35ed4ea336230b3ca9f02ce786f9301285763,ethereum,2025-11-15T13:22:02.009Z,0x6Cc9397c3B38739daCbfaA68EaD5F5D77Ba5F455,whale,2025-11-15T13:22:00.000Z,0x0D93A4Cf6C7DCbCDcB9518967e223D784486Af12,ETH,2.5,7928.45,
69187e7b758f042a4889f89c,631019788af3b4480783af9d83936101ef1f6b1fcacb0e98f0198ae4e295cb44,ethereum,2025-11-15T13:22:02.074Z,0xbc095619b435C5aEeE9715EE3E2Abce79549708d,whale,2025-11-15T13:22:00.000Z,0x27C8213b0bDFCB8f5569540ca131a50108995C64,ETH,1,3171.38,
69187e7b758f042a4889f89d,730fc66490904d613c8aecdd9fcf11f03e4af53615a1fb4e5192b5d0bda97615,ethereum,2025-11-15T13:22:02.147Z,0xdB1439151E38139ceD5748D87985aEc109AB0863,whale,2025-11-15T13:22:00.000Z,0xc497E485C414dB594F0030fa6C32365578C7E99E,ETH,0.001,3.17,
69187e7b758f042a4889f89e,dc7f6ee5caa797905766d333809e03e53cf1b9896b4cba3e675f9c3d4bbb5f10,ethereum,2025-11-15T13:22:02.213Z,0xC2D788BeCB9B9Bf607D8DdeBa973B24cFd93cBaf,whale,2025-11-15T13:22:00.000Z,0x87A3effB84CBE1E4caB6Ab430139eC41d156D55A,ETH,0.001298,4.12,
69187e7b758f042a4889f89f,fca60fc9c75eafd0a15a8938fc0a5711dccd0d146ab85f45313323f5fa07a808,ethereum,2025-11-15T13:22:02.280Z,0xc251cdD2E72F7130D951d0e4c626ecA00C258ebB,whale,2025-11-15T13:22:00.000Z,0x956962C34687A954e611A83619ABaA37Ce6bC78A,ETH,0.001,3.17,
69187e7b758f042a4889f8a0,a5eb74d49c6705dbcab1b2869ab6371aacefbb2285b86076ffed225a150e6ba2,ethereum,2025-11-15T13:22:02.355Z,0x6c48AF7c708E1B0bf93e018552BC130D5D89110d,whale,2025-11-15T13:22:00.000Z,0xc497E485C414dB594F0030fa6C32365578C7E99E,ETH,0.01,31.71,
69187e7b758f042a4889f8a1,09b93a608718fcb14ee41ef070f318e1d1a277ef77e48fc73158df1949dc28fe,ethereum,2025-11-15T13:22:02.431Z,0xBbEbC4edb4Ea5599aea03DC576b9999a344a0D32,whale,2025-11-15T13:22:00.000Z,0xc497E485C414dB594F0030fa6C32365578C7E99E,ETH,0.1,317.14,
69187e7b758f042a4889f8a2,281c2cffab98971d353c12af10de11c80a6d12f392dca1f6aa68cc2e7f6f6655,ethereum,2025-11-15T13:22:02.498Z,0x050EBA46265667EFe3a64Ac709e74B94d7E074E7,whale,2025-11-15T13:22:00.000Z,0x8660f0723b1A87f316B1D9ACa8CB87F53a6e5e90,ETH,0.05499997165414288,174.43,
69187e7b758f042a4889f8a3,ced8bbe5fbec5527ac2813115ffb5a35f3dde5df26df5c0835b197ea119286f4,ethereum,2025-11-15T13:22:02.579Z,0x409b114a6cbCD1bcD5c28eEdf77C66e592689Cf2,whale,2025-11-15T13:22:00.000Z,0xfd0Bf71F60660E2f608ed56e1659C450eB113120,ETH,0.0479,151.91,
69187e7b758f042a4889f8a4,ecf0bad3119316454d746918d16457b40b4322e2fcd7d28afe4ad361c8ea1937,ethereum,2025-11-15T13:22:02.647Z,0x13CB6AE34A13a0977F4d7101eBc24B87Bb23F0d5,whale,2025-11-15T13:22:00.000Z,0x9B984D5a03980D8dc0a24506c968465424c81DbE,ETH,0.012441107301788013,39.46,
69187e86758f042a4889f8a7,fce96fecbfd8c1ce932b054fedbcab326ae09177db0b9b39839dec77a3abaadf,ethereum,2025-11-15T13:22:13.929Z,0x9420C07Faba992fB67b8dcf9cbc4bE8Eb8F8946C,whale,2025-11-15T13:22:12.000Z,0x956962C34687A954e611A83619ABaA37Ce6bC78A,ETH,0.001558588668960756,4.94,
69187e86758f042a4889f8a8,58d305428c33a3ae3bfbd86f1742f673d182a0ec80070ecf91c413837b353661,ethereum,2025-11-15T13:22:14.000Z,0xaec73Bb7F292a169190CFD1A4Eb93C7DFF777ecF,whale,2025-11-15T13:22:12.000Z,0x956962C34687A954e611A83619ABaA37Ce6bC78A,ETH,0.001,3.17,
69187e87758f042a4889f8a9,54654cfde8d897a526ef3c9fa7b8dd0a52f933f5aa0d9087baedfa62c6c1f58b,ethereum,2025-11-15T13:22:14.066Z,0xf9DAFb9ba20526dB8FFeF0fd038609C828b5A715,whale,2025-11-15T13:22:12.000Z,0xD236A4881be6E5B8Ff83dE91D20762f48017cE1a,ETH,0.03,95.14,
69187e87758f042a4889f8aa,6f3f3a940860d1439bb01c63e5990aa6a62b233ca85441348021d46ca7bd5943,ethereum,2025-11-15T13:22:14.140Z,0x474a562bD7e304a07AECAb1a72f0ae668e5B2622,whale,2025-11-15T13:22:12.000Z,0x38C967856d17E900042Af447B3346bfF26C8ed4B,ETH,0.002,6.34,
69187e87758f042a4889f8ab,c5490d0a6f1af620751188b9921e08481e7895c23368a3decf3e796535f7b93b,ethereum,2025-11-15T13:22:14.209Z,0x05b13Bda016D8737447353877e08F4656A92f359,whale,2025-11-15T13:22:12.000Z,0xf993E10C83Fe26DddFc6cb5E82444C44201e8a9C,ETH,0.001,3.17,
69187e87758f042a4889f8ac,58a9214fa87b5de6c6f346c477ed706fcb7ba6400f8f489f9df0bee38dcc27fa,ethereum,2025-11-15T13:22:14.281Z,0xc251cdD2E72F7130D951d0e4c626ecA00C258ebB,whale,2025-11-15T13:22:12.000Z,0x956962C34687A954e611A83619ABaA37Ce6bC78A,ETH,0.001,3.17,
69187e87758f042a4889f8ad,085559861f846e2b1bb39eca12cbad37bb49e8f7667812598eeb376b313203e3,ethereum,2025-11-15T13:22:14.356Z,0x3e367fb97dE0317e548c1E8be34319D7Db4b7F5C,whale,2025-11-15T13:22:12.000Z,0x956962C34687A954e611A83619ABaA37Ce6bC78A,ETH,0.00055,1.74,
69187e87758f042a4889f8ae,426bdb67408d332017c6fff45a07f981cd245b9a2379862f75496bd4dfc5da1b,ethereum,2025-11-15T13:22:14.422Z,0x52dC47E4b827258876531325A914898708191dC0,whale,2025-11-15T13:22:12.000Z,0xc497E485C414dB594F0030fa6C32365578C7E99E,ETH,0.1,317.14,
69187e87758f042a4889f8af,1e5737619e669e2f2a61c649b6e99a69d3c3c97acdcdd16266f07133ddd3ca4a,ethereum,2025-11-15T13:22:14.489Z,0xBa63c3AB4D1D2E2d10f305cbA86682A811cDdb8a,whale,2025-11-15T13:22:12.000Z,0xc497E485C414dB594F0030fa6C32365578C7E99E,ETH,0.1,317.14,
69187e87758f042a4889f8b0,8486487470d171ca41a0ad48f1f884219b4e646b0737f50f7ef9f89b9df6d99e,ethereum,2025-11-15T13:22:14.557Z,0x217C79b961efb63Aa560AB747C5Bc6478edEA0aD,whale,2025-11-15T13:22:12.000Z,0xc497E485C414dB594F0030fa6C32365578C7E99E,ETH,0.1,317.14,
69187e87758f042a4889f8b1,de0811f848a6e6da1855afa81e1b9181c707c970891843b1ee4fe30a3bfa1e12,ethereum,2025-11-15T13:22:14.631Z,0x13CB6AE34A13a0977F4d7101eBc24B87Bb23F0d5,whale,2025-11-15T13:22:12.000Z,0x9b7E335088762aD8061C04D08C37902ABC8ACb87,ETH,0.00489391791180556,15.52,
69187e92758f042a4889f8b4,1d4a4fb8cc5fdf2b1c744b491ba63cd8b32cfb732ed33dc731c511f9a562901c,ethereum,2025-11-15T13:22:25.718Z,0x0BDb22f1d6b81fc87CB5919f52aa138051163E35,whale,2025-11-15T13:22:24.000Z,0xc497E485C414dB594F0030fa6C32365578C7E99E,ETH,0.001,3.17,
69187e92758f042a4889f8b5,efbc1ffb55546a778c759c62ba519530ca8826f4edd5adc9a7440e1d60d5cf45,ethereum,2025-11-15T13:22:25.786Z,0x050EBA46265667EFe3a64Ac709e74B94d7E074E7,whale,2025-11-15T13:22:24.000Z,0x7D6C9Ef535Fdd2F73F975df2ff2Ba702FAF7605D,ETH,0.05499997177597648,174.43,
69187e9d758f042a4889f8b6,bb07cb220a2f16754e12972c4a1c3584a1df3affaea3e463296b9d18c7f59d8b,ethereum,2025-11-15T13:22:37.038Z,0x6Cc9397c3B38739daCbfaA68EaD5F5D77Ba5F455,whale,2025-11-15T13:22:36.000Z,0x35BE984cAE0af6568213747471CA12C7bCf0bcDE,ETH,0.0519303,164.69,
69187e9e758f042a4889f8b7,9d10830dfdf4c46a492eedef84f41582bd38c0f7854051f70b218d26b4b99b41,ethereum,2025-11-15T13:22:37.106Z,0xdD677F5CA6f7d2BB58ff292Ae5382Fa860dcC33a,whale,2025-11-15T13:22:36.000Z,0x326CbBD7cC7747AbD0755b4e464EdB17a603e78F,ETH,0.003177,10.08,
69187e9e758f042a4889f8b8,717b766bf2e9da79485b27290cf1d2f0d21a50daf5d5f4054a38185ba8c16ce5,ethereum,2025-11-15T13:22:37.202Z,0x9A08ef9CF67B800D51A724b143139E66e0d8bC63,whale,2025-11-15T13:22:36.000Z,0x7cb512008ECD844FCab522d1F8683aA6a8Dd075B,ETH,0.5,1585.69,
69187e9e758f042a4889f8b9,5e3b5198fad9a97349e3a29a426e2033a6c395e4be17df1ec5d4dbc1f92e882d,ethereum,2025-11-15T13:22:37.268Z,0x50B5a37fc0532b24617557eBba9253B040ABaF9d,whale,2025-11-15T13:22:36.000Z,0xc497E485C414dB594F0030fa6C32365578C7E99E,ETH,0.002,6.34,
69187e9e758f042a4889f8ba,74d197a7342c87ea3cb0a72b8c538bca1f5930635418f4ca215e6b17b6788e44,ethereum,2025-11-15T13:22:37.341Z,0x7f9be7455e605A82451F678d609a5294e50B7ca7,whale,2025-11-15T13:22:36.000Z,0xaDB4f3334825E645dD201de5CF1778a09515936f,ETH,0.0005,1.59,
69187e9e758f042a4889f8bb,545d5b0614e0f127d70f92fe33a8d99cb37c7be7a48ba6786c395b6b55cf652e,ethereum,2025-11-15T13:22:37.424Z,0x050EBA46265667EFe3a64Ac709e74B94d7E074E7,whale,2025-11-15T13:22:36.000Z,0x02d631eDA52BBE64440f8efE5E771497227fbAB7,ETH,0.0549999716541664,174.43,
69187e9e758f042a4889f8bc,910265ddfb2d3d4b7c26e7dfbf2832e070b63a2551c0b7fe321ff88bb11f098d,ethereum,2025-11-15T13:22:37.515Z,0x52f1984Cd3e46e1214dB222D3Ff63712E7aCEedD,whale,2025-11-15T13:22:36.000Z,0x17F2c224a599c0a24cCb86f2b00dCFc680929868,ETH,0.05,158.57,
69187e9e758f042a4889f8be,5a198ca1e8fe0f317f58610241329b81078acbdc620b0a7e3478b455372daac8,ethereum,2025-11-15T13:22:37.586Z,0xaD17E723cB44f66ef31348B17EE757043167b292,whale,2025-11-15T13:22:36.000Z,0xc497E485C414dB594F0030fa6C32365578C7E99E,ETH,0.1,317.14,
69187e9e758f042a4889f8bf,378e4debd9367313bd9a2472c370b183c094e64be1cc7d37076b3e4def05ec7b,ethereum,2025-11-15T13:22:37.683Z,0x8282a788E84925dCEC526986ed718A49FDcFB6a1,whale,2025-11-15T13:22:36.000Z,0xc497E485C414dB594F0030fa6C32365578C7E99E,ETH,0.1,317.14,
69187e9e758f042a4889f8c0,f0a2c55bb6eba35fa97bd33def19fc50c83f9108b6210012cd5dd807e1a93d38,ethereum,2025-11-15T13:22:37.806Z,0x79C960A15FC24E5b36Bc5E0D4f31C000a4589ac5,whale,2025-11-15T13:22:36.000Z,0x79C960A15FC24E5b36Bc5E0D4f31C000a4589ac5,ETH,0.138065,437.86,
69187e9e758f042a4889f8c1,74627d5466db488748ff1cba66421b949d81e2e4fea15b7da3d3e4d9c0a6f3ac,ethereum,2025-11-15T13:22:37.902Z,0x79C960A15FC24E5b36Bc5E0D4f31C000a4589ac5,whale,2025-11-15T13:22:36.000Z,0x79C960A15FC24E5b36Bc5E0D4f31C000a4589ac5,ETH,0.138065,437.86,
69187e9e758f042a4889f8c2,eb16cf05a91035446c95b9a941466e69ea82e44b7bab01897cbcb74856b7d3da,ethereum,2025-11-15T13:22:37.972Z,0x0Bd8214c50efd4a2B2D3b2F40126E102843C4E1F,whale,2025-11-15T13:22:36.000Z,0xc497E485C414dB594F0030fa6C32365578C7E99E,ETH,0.1,317.14,
69187e9e758f042a4889f8c3,8a79e10c9bc33cca0bcf618148e81fb23461d566f09cc049ea7a031ced40d281,ethereum,2025-11-15T13:22:38.038Z,0x54bC0A76bc1C34f806864Ef26133fD7b4787e1f6,whale,2025-11-15T13:22:36.000Z,0xc497E485C414dB594F0030fa6C32365578C7E99E,ETH,0.1,317.14,
69187e9f758f042a4889f8c4,53325edcb0c5cd6203c703e3348b325aa42746adc0a256529ede49f7066a4391,ethereum,2025-11-15T13:22:38.106Z,0xf8b332a1bE348380211A55961c7a98Fe8106e5a3,whale,2025-11-15T13:22:36.000Z,0xc497E485C414dB594F0030fa6C32365578C7E99E,ETH,0.001,3.17,
69187e9f758f042a4889f8c5,9066776e0e18b08bb7b35a0bcac78f60f2377fe552df4afa6c2afd064d0b4d7c,ethereum,2025-11-15T13:22:38.179Z,0x877A3359Ec022eea27182CB871C113AFAf895cF2,whale,2025-11-15T13:22:36.000Z,0xc497E485C414dB594F0030fa6C32365578C7E99E,ETH,0.001,3.17,
69187e9f758f042a4889f8c6,5668e82fa47cc4277f952b3f2d6895bad25237af7e5ba377c9bc70898c094696,ethereum,2025-11-15T13:22:38.261Z,0x18D5129308ED74C353A1D288D1CFd49542C22823,whale,2025-11-15T13:22:36.000Z,0x956962C34687A954e611A83619ABaA37Ce6bC78A,ETH,0.00158,5.01,
69187e9f758f042a4889f8c8,12a93e89e216308fadf497874e64886bcd964080fa1519b40d3bc7f5d93a4988,ethereum,2025-11-15T13:22:38.339Z,0xc251cdD2E72F7130D951d0e4c626ecA00C258ebB,whale,2025-11-15T13:22:36.000Z,0x956962C34687A954e611A83619ABaA37Ce6bC78A,ETH,0.001,3.17,
69187eaa758f042a4889f8c9,6c869b43dbe5ad34b63283fb82e68e7e8e25fd51ca7486d499ba1a6b21f42522,ethereum,2025-11-15T13:22:49.728Z,0x6Cc9397c3B38739daCbfaA68EaD5F5D77Ba5F455,whale,2025-11-15T13:22:48.000Z,0x21730479f45BEE82D68631706e20A1352ae57226,ETH,2.5,7928.45,
69187eaa758f042a4889f8ca,d21495fd2008a4f655c765c19eda469c812999487b8e6daebc6a169d7a38d777,ethereum,2025-11-15T13:22:49.797Z,0xE36EC0026Bf4e91201ab6a14D032b6C38A68e17f,whale,2025-11-15T13:22:48.000Z,0x233E416b0897E8f4796D89a84B5Ade4365ED566c,ETH,0.9999999999999996,3171.38,
69187eaa758f042a4889f8cb,fb35b112259e2a91495c519ea4b077bbbdb622138c6cfc532428c63bf55410ed,ethereum,2025-11-15T13:22:49.867Z,0x050EBA46265667EFe3a64Ac709e74B94d7E074E7,whale,2025-11-15T13:22:48.000Z,0xf73aa246eaf0624eC9fA61d25B20A42746515845,ETH,0.0549999716541664,174.43,
69187eaa758f042a4889f8cc,2b4df29858625b8b1a8fdf39f63bd31996cea9a1edbad2cc652b59fb078e3577,ethereum,2025-11-15T13:22:49.945Z,0xAfEDA61dB9e162293b2eF2C2bC5A800b37Bb5E4a,whale,2025-11-15T13:22:48.000Z,0xf5088a4FbF6E3D05F46c2A9f0C79D0a2357347D2,ETH,0.05,158.57,
69187eab758f042a4889f8cd,644033bded78ea4975cd706c91e78f0ad28e6b1da513ca5590979e19d7b2078c,ethereum,2025-11-15T13:22:50.039Z,0x5Bc0b25830a6075A9FFE99eA857746487EcAEd83,whale,2025-11-15T13:22:48.000Z,0x187Cc4B512Acbee2158C9Ddd3B867bc9af4A8F66,ETH,0.011,34.89,
69187eab758f042a4889f8ce,e5c3c4048c8719857c188b1958bd6df098db3c1821fff3d2b4266979193640ee,ethereum,2025-11-15T13:22:50.149Z,0xc251cdD2E72F7130D951d0e4c626ecA00C258ebB,whale,2025-11-15T13:22:48.000Z,0x956962C34687A954e611A83619ABaA37Ce6bC78A,ETH,0.001,3.17,
69187eab758f042a4889f8cf,e40a632e99173bb0f949cf4d1e6daa3a6b1e8e1b149a84ea1d9e29c54750fb6b,ethereum,2025-11-15T13:22:50.218Z,0xD0592AB3499b9d52bc01D652659f9D5a3C4Dcd65,whale,2025-11-15T13:22:48.000Z,0x27C58C92514490C678848D774C27E6ffEbf4ED86,ETH,9.9701,31618.98,
69187eab758f042a4889f8d0,b3e1e765edb4141243bc9e6827447f13480d3e7001574722e667bf06f9f76c14,ethereum,2025-11-15T13:22:50.293Z,0x2039BFE888613f414e4F9BdEb51fA0A7547eEE6A,whale,2025-11-15T13:22:48.000Z,0xc497E485C414dB594F0030fa6C32365578C7E99E,ETH,0.1,317.14,
69187eab758f042a4889f8d1,1edda98841979d5a0cb82941a77d05f40a8168e13606bf530b8f83af738449ba,ethereum,2025-11-15T13:22:50.419Z,0x3e367fb97dE0317e548c1E8be34319D7Db4b7F5C,whale,2025-11-15T13:22:48.000Z,0x956962C34687A954e611A83619ABaA37Ce6bC78A,ETH,0.00055,1.74,
69187eab758f042a4889f8d2,5fa63fba4a20e2cd9948e1984be38087c64bce988a67643fc719eff178528695,ethereum,2025-11-15T13:22:50.489Z,0x13CB6AE34A13a0977F4d7101eBc24B87Bb23F0d5,whale,2025-11-15T13:22:48.000Z,0x0c06B6D4EC451987e8C0B772ffcf7F080c46447A,ETH,0.014057068642581421,44.58,
69187eb6758f042a4889f8d5,fc9bda4df85696a034d858d44bf2b2ab3872e05d5ab46a63daa6d12d282a9c4e,ethereum,2025-11-15T13:23:01.867Z,0x6Cc9397c3B38739daCbfaA68EaD5F5D77Ba5F455,whale,2025-11-15T13:23:00.000Z,0x67e87E1691a2fE274A5Ec65c2a76E22c1E7FdF80,ETH,0.27442758,870.31,
69187eb6758f042a4889f8d6,7330039db38caa846ea72794c37a8f45f2f47d5bb73cb06d2b0485b25a9385a4,ethereum,2025-11-15T13:23:01.996Z,0xd758CE674cF734640787E3CD283a34759f7Bbc67,whale,2025-11-15T13:23:00.000Z,0x51d96A0F6069848C4069f7706ca85ed084ae1eeC,ETH,2,6342.76,
69187eb7758f042a4889f8d7,c6dad36a4e12c0916cdf362aca0715b52b8be6150446df71d27f5290132fb892,ethereum,2025-11-15T13:23:02.074Z,0x50B5a37fc0532b24617557eBba9253B040ABaF9d,whale,2025-11-15T13:23:00.000Z,0xc497E485C414dB594F0030fa6C32365578C7E99E,ETH,0.001,3.17,
69187eb7758f042a4889f8d8,f1b84d1b0f303e3c328b94f649287d0026dc68eb8364b25b7c14bcf18ec958e1,ethereum,2025-11-15T13:23:02.166Z,0x0c9F04451Fb20b7429Fdf138830A026988B2dD57,whale,2025-11-15T13:23:00.000Z,0x956962C34687A954e611A83619ABaA37Ce6bC78A,ETH,0.001,3.17,
69187eb7758f042a4889f8d9,29ff6a2f9357125f1e6282197313bdb540738be6b8b9e31ace0ee323804d4207,ethereum,2025-11-15T13:23:02.237Z,0x0c9F04451Fb20b7429Fdf138830A026988B2dD57,whale,2025-11-15T13:23:00.000Z,0x956962C34687A954e611A83619ABaA37Ce6bC78A,ETH,0.001,3.17,
69187eb7758f042a4889f8da,a1a692f3ce039513bf2ebd52b1e90edef7c22f14cbeae1e27f0f0d31160410e0,ethereum,2025-11-15T13:23:02.306Z,0xa73f72b5E580D0819b08B707B667c45556b85442,whale,2025-11-15T13:23:00.000Z,0xB86688EaBb093c81D62cA9d439Ae15997f062B0F,ETH,0.001,3.17,
69187eb7758f042a4889f8db,7d6476ff7171b475d474f7cd156201b49bb5b2578e61c45abd88aa1a577aa9dd,ethereum,2025-11-15T13:23:02.376Z,0x79C960A15FC24E5b36Bc5E0D4f31C000a4589ac5,whale,2025-11-15T13:23:00.000Z,0x79C960A15FC24E5b36Bc5E0D4f31C000a4589ac5,ETH,0.138065,437.86,
69187eb7758f042a4889f8dc,383c7723217f6973f3c57c2fd6c48e6f14937b9f6e2de3bd49d0cdcf36ed24dd,ethereum,2025-11-15T13:23:02.444Z,0x1065E1ecBD14419dF880b2D6B2823cfE7e82df8F,whale,2025-11-15T13:23:00.000Z,0xc497E485C414dB594F0030fa6C32365578C7E99E,ETH,0.1,317.14,
69187eb7758f042a4889f8dd,6527338fdb3fc7a87fc2fc09eaf22af1ad25b14110b211c1ccc52e3156003351,ethereum,2025-11-15T13:23:02.523Z,0x2ED407F0835cf0a0083c42779CfFc246F9389B07,whale,2025-11-15T13:23:00.000Z,0xc497E485C414dB594F0030fa6C32365578C7E99E,ETH,0.1,317.14,
69187ec2758f042a4889f8e0,38e51855194bef1af4b2cf293a6f15a47119beaeb7fd1f6d1c0069af717e827a,ethereum,2025-11-15T13:23:13.545Z,0x6Cc9397c3B38739daCbfaA68EaD5F5D77Ba5F455,whale,2025-11-15T13:23:12.000Z,0x029d6093cd61567CB9E352365cA5402C9c7715f4,ETH,0.0539327,171.04,
69187ec2758f042a4889f8e1,d2199a044c287bb688f59f9ea762dd8bccb422777c11a4f1d029b933c12326e6,ethereum,2025-11-15T13:23:13.624Z,0xdD677F5CA6f7d2BB58ff292Ae5382Fa860dcC33a,whale,2025-11-15T13:23:12.000Z,0x77489a1a4022Da09B3C15b506B7c554b951DdF8d,ETH,0.003177,10.08,
69187ec2758f042a4889f8e2,74ad97fbbc18890a9503bbec2febff7d15d78831092e6104818d7b7c6d69c55f,ethereum,2025-11-15T13:23:13.690Z,0xD2EC733277b8454086198601706d2f3fdC0D2a08,whale,2025-11-15T13:23:12.000Z,0x956962C34687A954e611A83619ABaA37Ce6bC78A,ETH,0.002169608065838668,6.88,
69187ec2758f042a4889f8e3,57398234572e62dc9a8b37917fc0814c99c1cac8980e2e531119f47a398f4ae2,ethereum,2025-11-15T13:23:13.756Z,0xaec73Bb7F292a169190CFD1A4Eb93C7DFF777ecF,whale,2025-11-15T13:23:12.000Z,0x956962C34687A954e611A83619ABaA37Ce6bC78A,ETH,0.001,3.17,
69187ec2758f042a4889f8e4,12521f95c3087a8787d35ee9fa4b9d0f15fd50946dde25bc1c8cb8b66d5c127c,ethereum,2025-11-15T13:23:13.824Z,0x561216199f0871cbED1351e6B0C66864fD902936,whale,2025-11-15T13:23:12.000Z,0x1338dB7b244276d71142046C94339b7F30f0F4d0,ETH,10,31713.8,
69187ec2758f042a4889f8e5,c98280aa378ab610211c20f2afbb8347882137627be4296837077f9e3f8cd827,ethereum,2025-11-15T13:23:13.888Z,0x050EBA46265667EFe3a64Ac709e74B94d7E074E7,whale,2025-11-15T13:23:12.000Z,0x30Dfd11DDb2229dE3e815b3B24996974b2Cb7474,ETH,0.054999971776,174.43,
69187ec2758f042a4889f8e6,4d48b1a88884e0226059587f102e78eece175bea8a8a43108c578f446aea3a3f,ethereum,2025-11-15T13:23:13.954Z,0x050EBA46265667EFe3a64Ac709e74B94d7E074E7,whale,2025-11-15T13:23:12.000Z,0xf76bB5cc0553C820f34992a32a7C4Da8f7Da68A6,ETH,0.054999971776,174.43,
69187ec2758f042a4889f8e7,6fffe90719815fe732166771b0df21f4a20ccfa010f9b0fef345ec72f71ba917,ethereum,2025-11-15T13:23:14.019Z,0x7c76C544F04b8bdC5527c937fa9a39d3B2CE98fB,whale,2025-11-15T13:23:12.000Z,0x2538587c5cEaAE6FFA1E9FCe93BDAdD3227c42A1,ETH,0.0099999755581,31.71,
69187ec3758f042a4889f8e8,55e6a0063ce1eb7905906716cb91d34ab5ebfb588511a4e1454c3aa8a5231747,ethereum,2025-11-15T13:23:14.084Z,0x6EFB29CEe3b414272EB7A8F3Ebabf873D36bC033,whale,2025-11-15T13:23:12.000Z,0x8a793f051dFF87167993Cc2D4F9737C04029A1C8,ETH,0.05,158.57,
69187ec3758f042a4889f8e9,e1f55bef3e91c9fa113d315ef1a63dedd5e2a2904179256cff38eb09ac5ef3f1,ethereum,2025-11-15T13:23:14.153Z,0x411eE1E01796479a787D8Be2Fb0b1FA5963FffD2,whale,2025-11-15T13:23:12.000Z,0xaDB4f3334825E645dD201de5CF1778a09515936f,ETH,0.001,3.17,
69187ece758f042a4889f8ec,afb3acaefc1a6664a838bf8dde72c56203c8d1f93cd116ac9718f5090637f813,ethereum,2025-11-15T13:23:25.549Z,0x6Cc9397c3B38739daCbfaA68EaD5F5D77Ba5F455,whale,2025-11-15T13:23:24.000Z,0xE6C7D048A21c47F51bA5C7DAf60fB59e207911FC,ETH,0.0574979,182.35,
69187ece758f042a4889f8ed,cd85b3fc922153fd6cfb4e8813b7ef3c618a7e8415e2b56c72104c4a44a8b0f4,ethereum,2025-11-15T13:23:25.628Z,0xB166d86da3ee4910F724aD5161B9d9EE87d85e46,whale,2025-11-15T13:23:24.000Z,0x02267544cD980972550906Ede41E62a320b3c159,ETH,1,3171.38,
69187ece758f042a4889f8ee,f4a6b8075a444a2861058739acf790796e8013b8793f51dc2d3e1324be535892,ethereum,2025-11-15T13:23:25.699Z,0x50B5a37fc0532b24617557eBba9253B040ABaF9d,whale,2025-11-15T13:23:24.000Z,0xc497E485C414dB594F0030fa6C32365578C7E99E,ETH,0.001,3.17,
69187ece758f042a4889f8ef,8e2ddaa18986b74c66e878547d1bd9f187ff694951b617d19485a2717754ca9e,ethereum,2025-11-15T13:23:25.768Z,0x050EBA46265667EFe3a64Ac709e74B94d7E074E7,whale,2025-11-15T13:23:24.000Z,0x796F57CE5a6dC3369674330086e32366D650E92B,ETH,0.054999971776,174.43,
69187ece758f042a4889f8f0,949e56b63f4ef483f89b5dab73b216bc36240d531cd09e72bdf9e65ba0e36e92,ethereum,2025-11-15T13:23:25.845Z,0x050EBA46265667EFe3a64Ac709e74B94d7E074E7,whale,2025-11-15T13:23:24.000Z,0xba823493e45F0F205d91e61e3c725f334D8CB3F5,ETH,0.054999971776,174.43,
69187ece758f042a4889f8f1,765b735fc6dff01e6dcdbb111642e9629d65af3e2074ded0811dded0845096ce,ethereum,2025-11-15T13:23:25.922Z,0x60c4301410BabBCCf63B0482e233865566F57993,whale,2025-11-15T13:23:24.000Z,0x87A3effB84CBE1E4caB6Ab430139eC41d156D55A,ETH,0.000847,2.69,
69187ece758f042a4889f8f2,27c947c92158cc4c0e42b24587443438266806dbf4377670546a1c26c7e8be90,ethereum,2025-11-15T13:23:26.009Z,0xc251cdD2E72F7130D951d0e4c626ecA00C258ebB,whale,2025-11-15T13:23:24.000Z,0x956962C34687A954e611A83619ABaA37Ce6bC78A,ETH,0.001,3.17,
69187ecf758f042a4889f8f3,28d8aeca5dc478c0691448c4d5ae4df75ac0736ca08efdc80cdbb874cc5c3ae9,ethereum,2025-11-15T13:23:26.108Z,0xAeAbdbA5e9236255f9a76c8EfcabDccb4D021120,whale,2025-11-15T13:23:24.000Z,0xc497E485C414dB594F0030fa6C32365578C7E99E,ETH,0.01,31.71,
69187ecf758f042a4889f8f4,033fd1ee26e09e1dba0c07dda2fa89ce232ff939f7216ec8d7949b62bb76a0b9,ethereum,2025-11-15T13:23:26.179Z,0xfCBb72128CBD17AF2d22deEEF8B41681cE4d0fe0,whale,2025-11-15T13:23:24.000Z,0xc497E485C414dB594F0030fa6C32365578C7E99E,ETH,0.1,317.14,
69187ecf758f042a4889f8f5,0bb555a50dc4bca0a04ccf275c3729e8c3ac4f99328c95e5cdd0d31af9e9e02a,ethereum,2025-11-15T13:23:26.248Z,0x2ED407F0835cf0a0083c42779CfFc246F9389B07,whale,2025-11-15T13:23:24.000Z,0xc497E485C414dB594F0030fa6C32365578C7E99E,ETH,0.1,317.14,
69187ecf758f042a4889f8f6,6fd00e942a321218f814d75694a44e9cdc8fcefaa677d72856259f0585cf514f,ethereum,2025-11-15T13:23:26.313Z,0xc4bB07911176448f77e2C3B12f64C25da7E50f6b,whale,2025-11-15T13:23:24.000Z,0xc497E485C414dB594F0030fa6C32365578C7E99E,ETH,0.1,317.14,
69187ecf758f042a4889f8f7,92e0b3b57d653bca1bde512a6ce5309b945a2734004aa53e6d9f7c81a723e1d0,ethereum,2025-11-15T13:23:26.389Z,0x8356B672bC26e6903333E724e786022315e7946f,whale,2025-11-15T13:23:24.000Z,0xc497E485C414dB594F0030fa6C32365578C7E99E,ETH,0.1,317.14,
69187ecf758f042a4889f8f8,863e0ab781f8c0e896dd45f5fe02b20cb77d5fb0da6d0a2ef3de28cce867bebd,ethereum,2025-11-15T13:23:26.455Z,0xC2D788BeCB9B9Bf607D8DdeBa973B24cFd93cBaf,whale,2025-11-15T13:23:24.000Z,0x87A3effB84CBE1E4caB6Ab430139eC41d156D55A,ETH,0.00365,11.58,
69187ecf758f042a4889f8f9,eef3d2b3801b0e8b54890e4435b8fa60ec60fd21c93affcdd26fb3ec7fcbbece,ethereum,2025-11-15T13:23:26.527Z,0x79C960A15FC24E5b36Bc5E0D4f31C000a4589ac5,whale,2025-11-15T13:23:24.000Z,0x79C960A15FC24E5b36Bc5E0D4f31C000a4589ac5,ETH,0.138065,437.86,
69187ecf758f042a4889f8fa,fcdacfd35ebef1e2829d20ab1585dfcf4547ce595cdf1761cd2399258ae4d755,ethereum,2025-11-15T13:23:26.596Z,0x2fB1b6390eef40162fcAfca59D9b7E1BB41cfB75,whale,2025-11-15T13:23:24.000Z,0xc497E485C414dB594F0030fa6C32365578C7E99E,ETH,0.1,317.14,
69187eda758f042a4889f8fc,73fe4c0d5041bbcd4b7d55cb6e5e501df172a4f188f89ab02c85a7447a0ca5b9,ethereum,2025-11-15T13:23:37.684Z,0x326CbBD7cC7747AbD0755b4e464EdB17a603e78F,whale,2025-11-15T13:23:36.000Z,0x55412b4DA7315aa41733B7c225CE05d7f065431e,ETH,0.003145499999643,9.98,
69187eda758f042a4889f8fd,a548863af94966278e1d5e634640d2c018b14b29074c4c0c7c82b02bbd1ae51b,ethereum,2025-11-15T13:23:37.758Z,0xd758CE674cF734640787E3CD283a34759f7Bbc67,whale,2025-11-15T13:23:36.000Z,0x7dff039a9d7EEFEC6e667c805F69522D35B78E03,ETH,2,6342.76,
69187eda758f042a4889f8fe,f520c76d28b42ad79b5dc865babd7430ba28d138bd67a39acc8cdf88d23b3c4f,ethereum,2025-11-15T13:23:37.849Z,0xd466383B05a1FffE9bfb61de483aD0300b4D7E02,whale,2025-11-15T13:23:36.000Z,0x2538587c5cEaAE6FFA1E9FCe93BDAdD3227c42A1,ETH,0.8431666568017421,2674,
69187eda758f042a4889f8ff,b04149a11024fc1f3c1c3c09b04cb7e157dbcb662ac80bd2190819ed55f1bae6,ethereum,2025-11-15T13:23:37.944Z,0xcE5F75c17F44C5C2D3B7A5feCec1bEe1172A4A96,whale,2025-11-15T13:23:36.000Z,0xc497E485C414dB594F0030fa6C32365578C7E99E,ETH,0.1,317.14,
69187eda758f042a4889f900,6a43ec906cd04c4c2f7ade217e7814656d85f8debbac56d128a7baf392123f89,ethereum,2025-11-15T13:23:38.013Z,0xa2f73A502ff5285029C284179E7961D0F8C52EA6,whale,2025-11-15T13:23:36.000Z,0xc497E485C414dB594F0030fa6C32365578C7E99E,ETH,0.1,317.14,
69187edb758f042a4889f901,53731eea90739fee81e252477a09a4cd4132ba34863913632dde7f1db9518329,ethereum,2025-11-15T13:23:38.089Z,0x5197c15932aFC0E5fD749eB404762dfaf2DE25f8,whale,2025-11-15T13:23:36.000Z,0xc497E485C414dB594F0030fa6C32365578C7E99E,ETH,0.1,317.14,
69187ee6758f042a4889f903,c913aedf935a956164797e2ad2a7a384125a0d52e3ed6377f00e1580ded8751b,ethereum,2025-11-15T13:23:49.186Z,0xbc095619b435C5aEeE9715EE3E2Abce79549708d,whale,2025-11-15T13:23:48.000Z,0x0b3fd644323138E15ca384457A03BE0a9802Eb73,ETH,1,3171.38,
69187ee6758f042a4889f904,c8bd3bb9773b675556a436ebe3e94faa5d85303fd3bd5393d6eb46493b48742f,ethereum,2025-11-15T13:23:49.254Z,0x541D89D2Bd6c12bF2bA8992E0a47867917F0073F,whale,2025-11-15T13:23:48.000Z,0x06E4E3670d47957bc77dc219419553c97E72E614,ETH,1,3171.38,
69187ee6758f042a4889f905,b8c45743695c15f661f5b26d7305cc74ff55778350ac90a0b443f01985d096b2,ethereum,2025-11-15T13:23:49.341Z,0xAb5F6B7363375cD66B1027d8B21F82b535981C0F,whale,2025-11-15T13:23:48.000Z,0xaDB4f3334825E645dD201de5CF1778a09515936f,ETH,0.03,95.14,
69187ee6758f042a4889f906,0c36b568e31e6ac26822d4ad0487ffac68ebdf5bafdabe14eb7c36762d782670,ethereum,2025-11-15T13:23:49.411Z,0x050EBA46265667EFe3a64Ac709e74B94d7E074E7,whale,2025-11-15T13:23:48.000Z,0x3E57C0B62EE5101cC2F78d9aD66039d751d6C4C2,ETH,0.05499997177597648,174.43,
69187ee6758f042a4889f907,49997f268f6b1bdff951374ad907975b59fefbc64e79b6bbb1744d5ee83a2fbe,ethereum,2025-11-15T13:23:49.486Z,0x050EBA46265667EFe3a64Ac709e74B94d7E074E7,whale,2025-11-15T13:23:48.000Z,0xf26dbc2B5e21D822a90218628a6F1eCe3B870c20,ETH,0.05499997177597648,174.43,
69187ee6758f042a4889f908,278257a065f036bddba3597bacbbf3ae1837580154b379030a456bbbdc32c620,ethereum,2025-11-15T13:23:49.552Z,0x15095Ec8FB1Fc9C664b3223459dFF43158ACe7aD,whale,2025-11-15T13:23:48.000Z,0xA25028E4c163dA35F688091A203C648F94cC1a6c,ETH,0.05,158.57,
69187ee6758f042a4889f909,e107912e2dfd8a732137b4d0fbfcbeb2727a908e0309295a38d3ae079d2713bb,ethereum,2025-11-15T13:23:49.629Z,0x8Ba7BA38736A481dC41B97C33251Da03805CAE3C,whale,2025-11-15T13:23:48.000Z,0xc497E485C414dB594F0030fa6C32365578C7E99E,ETH,0.1,317.14,
69187ee6758f042a4889f90a,85cfb6e648ebdb8654fd29243fd8e485ba3640bbf8c0b7812241c106716fac23,ethereum,2025-11-15T13:23:49.702Z,0x2fB1b6390eef40162fcAfca59D9b7E1BB41cfB75,whale,2025-11-15T13:23:48.000Z,0xc497E485C414dB594F0030fa6C32365578C7E99E,ETH,0.1,317.14,
69187ee6758f042a4889f90b,54cb5a8b54d6129e7f5752350e101e65e09bc2f4c41fccf2041af2cebd942bdb,ethereum,2025-11-15T13:23:49.774Z,0x2e0EA5464F6264C74066D3011b0F8254762CA22E,whale,2025-11-15T13:23:48.000Z,0xc497E485C414dB594F0030fa6C32365578C7E99E,ETH,0.1,317.14,
69187ee6758f042a4889f90c,ebc36f24982ecd3df4a959b9081dea2d81a1e3f30757d4127ea4aba28a215e77,ethereum,2025-11-15T13:23:49.844Z,0xc251cdD2E72F7130D951d0e4c626ecA00C258ebB,whale,2025-11-15T13:23:48.000Z,0x956962C34687A954e611A83619ABaA37Ce6bC78A,ETH,0.001,3.17,
69187ee6758f042a4889f90d,5de28d4f03b3c1402c63b21a4b62f8fe60df391ad6d9513dfe050ae8121fcf89,ethereum,2025-11-15T13:23:49.925Z,0xD0592AB3499b9d52bc01D652659f9D5a3C4Dcd65,whale,2025-11-15T13:23:48.000Z,0x01E27ff0990ba564f57b6D386a33A44DaceC729b,ETH,9.9704,31619.93,
69187ee6758f042a4889f90e,54c8c81a9fc89cace1c6842782d1324d6935e775ab04535a02ee2ae0c34a4148,ethereum,2025-11-15T13:23:49.993Z,0x79C960A15FC24E5b36Bc5E0D4f31C000a4589ac5,whale,2025-11-15T13:23:48.000Z,0x79C960A15FC24E5b36Bc5E0D4f31C000a4589ac5,ETH,0.138065,437.86,
69187ee7758f042a4889f90f,7ac364f0417957dd848b5d884bd310fc6bd8c0aabe40e5cd7c769f7455a026ea,ethereum,2025-11-15T13:23:50.062Z,0x13CB6AE34A13a0977F4d7101eBc24B87Bb23F0d5,whale,2025-11-15T13:23:48.000Z,0x0c06B6D4EC451987e8C0B772ffcf7F080c46447A,ETH,0.004335908767845166,13.75,
691887c1758f042a4889fa4f,450c9feb189f60cf35ccbf6929b0a707458200ce58ee29b3857810395d2ae0e1,bitcoin,,unknown,whale,2025-11-15T14:01:36.029Z,unknown,BTC,3.15676559,303791.34,
691887c1758f042a4889fa50,e7fe911cc872c48608a007dba2d24f1e1ebb9ccbcb4d9cbd9dbf7450dd2a4872,bitcoin,,unknown,whale,2025-11-15T14:01:36.491Z,unknown,BTC,0.43145857,41521.42,
691887c1758f042a4889fa51,d6b2cbbed2514ac8d8c10a63f7719a154f4a0b12c30bfd5ec14299c18940cbb2,bitcoin,,unknown,whale,2025-11-15T14:01:36.562Z,unknown,BTC,0.19399072,18668.7,
691887c1758f042a4889fa52,b53fd49bdd5fa09c75bdeb0f306db798395951389b1667c301f11683bcdeb1f8,bitcoin,,unknown,whale,2025-11-15T14:01:36.628Z,unknown,BTC,0.0973825,9371.6,
691887c1758f042a4889fa53,8e9111918a310ef22c99fcb928dc348da40d1fb195e3f1bf9ea126a3512d8d46,bitcoin,,unknown,whale,2025-11-15T14:01:36.695Z,unknown,BTC,0.00042343,40.75,
691887c1758f042a4889fa54,23af406b36af35fc6004e56b239ca289076f374b6b37a8cc3c1ac5dbfe9348b7,bitcoin,,unknown,whale,2025-11-15T14:01:36.769Z,unknown,BTC,0.00183094,176.2,
691887c2758f042a4889fa55,48b56ec4c8bfa12f59657ff66e2831f280f2830700272d0b877b14215ef34039,bitcoin,,unknown,whale,2025-11-15T14:01:37.124Z,unknown,BTC,0.18279895,17591.66,
691887c2758f042a4889fa56,affc8e3264117ed2229764b1d749dca797d08258b96acbfc603f978cf3d1d79c,bitcoin,,unknown,whale,2025-11-15T14:01:37.193Z,unknown,BTC,0.00538136,517.88,
691887c2758f042a4889fa57,3c2cd6b7738e6318629206b584d3a431a5300c48cf6fd7010f8a4621b133c86a,bitcoin,,unknown,whale,2025-11-15T14:01:37.262Z,unknown,BTC,0.01103342,1061.8,
691887c2758f042a4889fa58,7e05c4e2564620b9be05e608dca1b607a0aab4bdc33f40a2a3261dd72dc00d7f,bitcoin,,unknown,whale,2025-11-15T14:01:37.329Z,unknown,BTC,0.18840271,18130.93,
691887c2758f042a4889fa59,f1113eec369313eed79fbd13e978525d4c41781346c44d5606963fe12ee2d777,bitcoin,,unknown,whale,2025-11-15T14:01:37.394Z,unknown,BTC,0.00113624,109.35,
691887c2758f042a4889fa5a,efcc73c6ba2042db9bbd6476aa630675b3ad00ba905fc698f8162edf70bada39,bitcoin,,unknown,whale,2025-11-15T14:01:37.486Z,unknown,BTC,1.7254024,166044.1,
691887c2758f042a4889fa5b,28fa4dd45fea6a4c32fd0219bd71797a34c245b873466288cca3a98855c024b5,bitcoin,,unknown,whale,2025-11-15T14:01:37.564Z,unknown,BTC,2.55469668,245851.23,
691887c2758f042a4889fa5c,2306af1056fd3a802b6106d1bb2e472171e95823def9ecb4a342066b01bfa8ea,bitcoin,,unknown,whale,2025-11-15T14:01:37.634Z,unknown,BTC,1.05275172,101311.56,
691887c2758f042a4889fa5d,0e980a28873825807c0b6861533924f8bdd4d5e13280858afba754700a7e53ec,bitcoin,,unknown,whale,2025-11-15T14:01:37.701Z,unknown,BTC,0.00886005,852.65,
691887c2758f042a4889fa5e,84cb24af4626c2b7dda5fd6a30f002363f40065dadb84169bbf549cb653cbff6,bitcoin,,unknown,whale,2025-11-15T14:01:37.768Z,unknown,BTC,0.12802612,12320.59,
691887c2758f042a4889fa5f,76ce8333e7efcb49a99a1d5f19a984bf3a2280e490aa07ff00a7b0890ab5cdfb,bitcoin,,unknown,whale,2025-11-15T14:01:37.838Z,unknown,BTC,0.02997366,2884.52,
691887c2758f042a4889fa60,95c396540c4d6baedf68951dca7574b8ef9c785ff9e28fc3febb887264e63405,bitcoin,,unknown,whale,2025-11-15T14:01:37.906Z,unknown,BTC,0.00036433,35.06,
691887c2758f042a4889fa61,716ca83b2a4639aeafcb73b2fa94623232978b1f3d6589d39d941ee2b3290b54,bitcoin,,unknown,whale,2025-11-15T14:01:37.972Z,unknown,BTC,0.00963389,927.12,
691887c2758f042a4889fa62,dbd0230e7a632ffff2e61290b10281abf64c1f1584c98e55103e8e8a7bfc2e42,bitcoin,,unknown,whale,2025-11-15T14:01:38.039Z,unknown,BTC,0.00725848,698.52,
691887c3758f042a4889fa63,d553a2055372f36a1f6f20e3c10f8b8963f2c510e7ca320fa8fe7a699d085b14,bitcoin,,unknown,whale,2025-11-15T14:01:38.107Z,unknown,BTC,0.0002,19.25,
691887c3758f042a4889fa64,6b10c0b5fe320a3ed9952f0c0ad8fa02bc8eb312d576a7964a7cad4623772493,bitcoin,,unknown,whale,2025-11-15T14:01:38.186Z,unknown,BTC,0.00056166,54.05,
691887c3758f042a4889fa65,2e2ac2ee699f1569d0bd4744de3a6565624723d3b560b332cf146001cc0c770d,bitcoin,,unknown,whale,2025-11-15T14:01:38.278Z,unknown,BTC,0.00048952,47.11,
691887c3758f042a4889fa66,dd48fcb2c2f36b6926225ceffcaa35ec008985dc0a0bfde8f772a0cb6affdc13,bitcoin,,unknown,whale,2025-11-15T14:01:38.345Z,unknown,BTC,9.06362504,872237.96,
691887c3758f042a4889fa67,c2bdee135e84b14f4b64e5c2a2c83badc089817f4b8eac89a399706ffff0218e,bitcoin,,unknown,whale,2025-11-15T14:01:38.411Z,unknown,BTC,0.01615531,1554.71,
691887c3758f042a4889fa68,eed256b07bb26646bb751c616ffeec9e9648c12be93d88d1d3d2556fdad620a8,bitcoin,,unknown,whale,2025-11-15T14:01:38.483Z,unknown,BTC,0.00103131,99.25,
691887c3758f042a4889fa69,8df6a61518b31c7217b43ccaed13568838bf1c42f4d52598f3031bf1026f031f,bitcoin,,unknown,whale,2025-11-15T14:01:38.553Z,unknown,BTC,19.84128116,1909425.69,
691887c3758f042a4889fa6a,ed3d8ed422aeb05c766e2bc99adc08b200885cfd284beb9318342f861e8644a8,bitcoin,,unknown,whale,2025-11-15T14:01:38.621Z,unknown,BTC,0.1575265,15159.56,
691887c3758f042a4889fa6b,8b3615f53ff2658241d3e0f483cec9719c31d5f021646559824b243de736a173,bitcoin,,unknown,whale,2025-11-15T14:01:38.688Z,unknown,BTC,0.01044283,1004.97,
691887c3758f042a4889fa6c,e1ce3d3f77eca44d8e2fe64533d8b93ed858e5e2a218bfceda45275aac7e0542,bitcoin,,unknown,whale,2025-11-15T14:01:38.757Z,unknown,BTC,0.009967,959.17,
691887c3758f042a4889fa6d,b4c643ba14699e02bb151b1e5b76b323158f92aa532709fe36b6886a47d145f5,bitcoin,,unknown,whale,2025-11-15T14:01:38.824Z,unknown,BTC,0.1999644,19243.57,
691887c3758f042a4889fa6e,56574bcfe307df6f1f20328972ca6b64f6dd95abf9e0334eeb43d10d57057710,bitcoin,,unknown,whale,2025-11-15T14:01:38.891Z,unknown,BTC,0.07295588,7020.91,
691887c3758f042a4889fa70,a1f906d88a2cdeb3a29758a98ebda55fe236793f328eb11060905a1caea10e14,bitcoin,,unknown,whale,2025-11-15T14:01:38.970Z,unknown,BTC,0.01511783,1454.86,
691887c3758f042a4889fa71,9a8f1c08f3fa3392f3de51777156e90877473d24d4bf16cc1eaff1a5f2e09fcd,bitcoin,,unknown,whale,2025-11-15T14:01:39.044Z,unknown,BTC,0.26658825,25655.12,
691887c4758f042a4889fa72,cec09c0df5dde4d0b783a8d880af1415173a5705ef2ab21b14dfe238948c916e,bitcoin,,unknown,whale,2025-11-15T14:01:39.110Z,unknown,BTC,0.26656625,25653,
691887c4758f042a4889fa73,149ce3e5b4fafe3ce196093e23992558c53c0c536cd085809a8a692db16f5383,bitcoin,,unknown,whale,2025-11-15T14:01:39.176Z,unknown,BTC,0.26654405,25650.87,
691887c4758f042a4889fa74,ea2efdb01ac596d1d56eb178666ce1a773ef84eafcd0b2ea8e408754fd0e9b85,bitcoin,,unknown,whale,2025-11-15T14:01:39.252Z,unknown,BTC,2.19899262,211620.05,
691887c4758f042a4889fa75,7f4c15e804237d3cf6f4932aa49d9043fffc56daf004d95c8cc9073f2b93cad2,bitcoin,,unknown,whale,2025-11-15T14:01:39.325Z,unknown,BTC,0.38032476,36600.55,
691887c4758f042a4889fa76,cea0f83a19861cc5ca757c0244428e91e48dc26b920b21e48010e72b6cd59432,bitcoin,,unknown,whale,2025-11-15T14:01:39.392Z,unknown,BTC,0.00203117,195.47,
691887c4758f042a4889fa77,c534d34a6543dffe53fc44f32bab01a22a302cf48edbb9813895d2be83a4be4d,bitcoin,,unknown,whale,2025-11-15T14:01:39.458Z,unknown,BTC,0.28862977,27776.29,
691887c4758f042a4889fa78,d98fd6574943b3bd44a4c85677bba014d74e07be35055e334d57c4e06de08218,bitcoin,,unknown,whale,2025-11-15T14:01:39.524Z,unknown,BTC,0.00012471,12,
691887c4758f042a4889fa7a,e46d2ba4a2d2b1d14e6f622bbc2579305b9cad7dbe4da50844edccc7b8b23e01,bitcoin,,unknown,whale,2025-11-15T14:01:39.590Z,unknown,BTC,0.00861009,828.59,
691887c4758f042a4889fa7b,2902ec8ecc0871f4aedb31b0460567792b3a33b0bb62ad31fb69d00c25830cd0,bitcoin,,unknown,whale,2025-11-15T14:01:39.658Z,unknown,BTC,0.14965,14401.57,
691887c4758f042a4889fa7c,118e7c71fa65085d043fc6cded428cc7c0556be153e0e04944cbffb2214dc472,bitcoin,,unknown,whale,2025-11-15T14:01:39.726Z,unknown,BTC,0.00222971,214.58,
691887c4758f042a4889fa7d,30375c8751ba60ed03644d8b1f8ffe2d2fe6cd58051c7ce45a6d456cb8f3047d,bitcoin,,unknown,whale,2025-11-15T14:01:39.797Z,unknown,BTC,0.00724464,697.19,
691887c4758f042a4889fa7e,06a2f0687d2919b26ffa356313c8401f9e9569c20c3ce2a5e57552b06f09018c,bitcoin,,unknown,whale,2025-11-15T14:01:39.864Z,unknown,BTC,0.000174,16.74,
691887c4758f042a4889fa7f,b29e33044b8cfc8605641690b0b3088f6a17c522b281409a4012db71c653a3cd,bitcoin,,unknown,whale,2025-11-15T14:01:39.930Z,unknown,BTC,0.0027832,267.84,
691887c4758f042a4889fa80,e2c237d9dd02c7d8dcfa9cff3df69b37039ea84f48b36060e5616c69e0bf082b,bitcoin,,unknown,whale,2025-11-15T14:01:39.996Z,unknown,BTC,0.01997315,1922.12,
691887c5758f042a4889fa81,a6c06c0430bce87d04e8613e3c11f54b1df0827c4f6b47c758c8923d12cbe1cc,bitcoin,,unknown,whale,2025-11-15T14:01:40.068Z,unknown,BTC,0.10666703,10265.1,
691887c5758f042a4889fa82,cf5ee03c3828a1cad6746c04e095f1c5822dcf0d6e40e40b6194cb003020fc62,bitcoin,,unknown,whale,2025-11-15T14:01:40.136Z,unknown,BTC,0.01712412,1647.94,
691887c5758f042a4889fa83,5f355a2bb4dac0b178163ca47a722ce33b4bed8b94a7a8fc248c1a0523df1320,bitcoin,,unknown,whale,2025-11-15T14:01:40.204Z,unknown,BTC,0.06718609,6465.65,
691887c5758f042a4889fa84,14d3e46142f2a380d63f56cbf053bb5f4650631a9f1d7a830a2c4448d4589331,bitcoin,,unknown,whale,2025-11-15T14:01:40.284Z,unknown,BTC,0.62903219,60534.91,
691887c5758f042a4889fa85,1f4d235c41b12bbfd3fa24917ed6bf9c8df40b81870a017194b730d7ac93d85e,bitcoin,,unknown,whale,2025-11-15T14:01:40.351Z,unknown,BTC,0.00097885,94.2,
691887c5758f042a4889fa86,b6e3b450b2cee54986e454928eb3ca292daed4e4b68a4c6297756281cebdd3ed,bitcoin,,unknown,whale,2025-11-15T14:01:40.451Z,unknown,BTC,0.02258913,2173.86,
691887c5758f042a4889fa87,5ca0383b1303fd8b6a1d714806a9357388c626588fe4d05edf49e509be6cd4b1,bitcoin,,unknown,whale,2025-11-15T14:01:40.519Z,unknown,BTC,0.00051615,49.67,
691887c5758f042a4889fa88,63798e8bcb3da40fb1982fa1254735c092f37eb92e66caea8c3ba9c4bc41b5a4,bitcoin,,unknown,whale,2025-11-15T14:01:40.586Z,unknown,BTC,0.00176822,170.16,
691887c5758f042a4889fa89,e80a60c39b6a8221ff8bd34b6e5debac23569a963336a6eec38c4664980a00fc,bitcoin,,unknown,whale,2025-11-15T14:01:40.654Z,unknown,BTC,0.0032376,311.57,
691887c5758f042a4889fa8a,9c6e9c87767eaca0318634c5b5f588dbd22a477a22f8996d8f6562748925550c,bitcoin,,unknown,whale,2025-11-15T14:01:40.735Z,unknown,BTC,0.0098854,951.32,
691887c5758f042a4889fa8b,647843aa1c2d46154085ca30f13d2d4b1db226dcf5c73258518023e7e698e462,bitcoin,,unknown,whale,2025-11-15T14:01:40.810Z,unknown,BTC,0.0071058,683.83,
691887c5758f042a4889fa8c,9e5393dac402fd628edd0fadb86b755742d2c34fe242ee1e998b49c50738ea72,bitcoin,,unknown,whale,2025-11-15T14:01:40.879Z,unknown,BTC,0.009384,903.07,
691887c5758f042a4889fa8d,71a20f2cb8596cb280e088e1e4aebc4900b094a12d3a595004503365f8edc857,bitcoin,,unknown,whale,2025-11-15T14:01:40.947Z,unknown,BTC,0.00075933,73.07,
691887c5758f042a4889fa8e,26b64dce5477e46f8ba388d8877686efc53cbb951c964a68cf12ffc75b98da4c,bitcoin,,unknown,whale,2025-11-15T14:01:41.015Z,unknown,BTC,1.72545594,166049.25,
691887c6758f042a4889fa8f,44de26023cef5de104cf20c88e2c6d137af7d55ec86ae5faf492d20f3efbdf51,bitcoin,,unknown,whale,2025-11-15T14:01:41.088Z,unknown,BTC,20.5378761,1976462.51,
691887c6758f042a4889fa90,96166f092ca970e71bcca9b4ae9757ef7d5a25f38ecfb1470e9fd5e0e6b9c2ab,bitcoin,,unknown,whale,2025-11-15T14:01:41.168Z,unknown,BTC,0.99137947,95405.4,
691887c6758f042a4889fa91,265e11528332dc110b25e5eec3422af75c85b5ecb17ac4b77060d685d92908b8,bitcoin,,unknown,whale,2025-11-15T14:01:41.237Z,unknown,BTC,0.43638137,41995.16,
691887c6758f042a4889fa92,2563b2f9a72fe70e7fb477ace7e16e955f3f070e18fdcae2ee98fbeb3fceb2c7,bitcoin,,unknown,whale,2025-11-15T14:01:41.307Z,unknown,BTC,0.81275285,78215.27,
691887c6758f042a4889fa93,39197e80b34abd850e4d7cff14ba71c9ac738b9e212e232f178cd5aa2d4f14d8,bitcoin,,unknown,whale,2025-11-15T14:01:41.375Z,unknown,BTC,0.49623509,47755.18,
691887c6758f042a4889fa94,65fe0bf30640033b9bf95e9ed7b6a440517e33d0f4d71cf3b3ffb3ef64f1c4fb,bitcoin,,unknown,whale,2025-11-15T14:01:41.450Z,unknown,BTC,0.42230682,40640.7,
691887c6758f042a4889fa95,753ea57bd14b658a63c552e9949c05ef88af85eccf3e88cecac2dca18b3c64c1,bitcoin,,unknown,whale,2025-11-15T14:01:41.521Z,unknown,BTC,10.08615104,970640.75,
691887c6758f042a4889fa96,0b5d3dfc2224f76839cd058cc0b00c3b447c3b1f44170f0a2ce1d187bc8ebb80,bitcoin,,unknown,whale,2025-11-15T14:01:41.587Z,unknown,BTC,2.25045668,216572.7,
691887c6758f042a4889fa97,f51473d6e0bf2b4470856c9fd3ac897284cdb7987e59ea49ff8e0811dbb03caa,bitcoin,,unknown,whale,2025-11-15T14:01:41.654Z,unknown,BTC,12.62759255,1215216.37,
691887c6758f042a4889fa98,98a5aa38aab4ec94bef91eb29a8379504f3ee76afcc51c23d08aefa540cea068,bitcoin,,unknown,whale,2025-11-15T14:01:41.721Z,unknown,BTC,6.16451024,593241.64,
691887c6758f042a4889fa99,e8d6f0f2043294868043e0d7f62f755023b75b1bffb93375af32f193e2399c56,bitcoin,,unknown,whale,2025-11-15T14:01:41.788Z,unknown,BTC,1.34730214,129657.62,
691887c6758f042a4889fa9a,444e18342758957e1b5965d50076e91fa5f2b5694bd79146bc7396fd939399fd,bitcoin,,unknown,whale,2025-11-15T14:01:41.856Z,unknown,BTC,0.00017703,17.04,
691887c6758f042a4889fa9b,de844dd424e14848dc649d6abe278acf0d6cdb79fa1a8e4862daa646365882b8,bitcoin,,unknown,whale,2025-11-15T14:01:41.923Z,unknown,BTC,0.00024982,24.04,
691887c6758f042a4889fa9c,68113c5e43cd9389c8631782ded6ace8b79e54755b092dec88e345b17d3e5917,bitcoin,,unknown,whale,2025-11-15T14:01:41.989Z,unknown,BTC,0.00046003,44.27,
691887c7758f042a4889fa9d,f12edf2ae0b900f43b298e9fe5350bb7514c5504c543a22509b4565aef613c52,bitcoin,,unknown,whale,2025-11-15T14:01:42.056Z,unknown,BTC,0.00046003,44.27,
691887c7758f042a4889fa9e,fb5119d5feced6c80032c6069734a517c6bd8125a74516fbca85eb4abd4b3076,bitcoin,,unknown,whale,2025-11-15T14:01:42.126Z,unknown,BTC,0.00046003,44.27,
691887c7758f042a4889fa9f,31f3b5cbc962d923bd808dc9358ee02521406e5fbf39c649e2aeb09b4543837c,bitcoin,,unknown,whale,2025-11-15T14:01:42.194Z,unknown,BTC,0.00046003,44.27,
691887c7758f042a4889faa0,ec847137249501cf21307f4d31a3e62897f2907f5924055e7db708c877cce3a4,bitcoin,,unknown,whale,2025-11-15T14:01:42.260Z,unknown,BTC,0.19997761,19244.85,
691887c7758f042a4889faa1,26c5ed6546b983a393247ad7bb8eca4c77a7914eeadc914a79031ffe6fa933d7,bitcoin,,unknown,whale,2025-11-15T14:01:42.328Z,unknown,BTC,0.00046003,44.27,
691887c7758f042a4889faa2,af6c9cb9bd762dccf990cf742af42249261bcf8c881449ed4bf800ee522856e3,bitcoin,,unknown,whale,2025-11-15T14:01:42.393Z,unknown,BTC,0.00046003,44.27,
691887c7758f042a4889faa3,55340ea9c2b31f404cfd99b93055fa7751ab91d1c09e5ffa1cf3c9ac148c17e4,bitcoin,,unknown,whale,2025-11-15T14:01:42.461Z,unknown,BTC,0.00046003,44.27,
691887c7758f042a4889faa4,1b69e8c2ad31163431aa42b69696d76a505973fcb28d8246147ed28d4392fef9,bitcoin,,unknown,whale,2025-11-15T14:01:42.533Z,unknown,BTC,0.58998,56776.73,
691887c7758f042a4889faa5,4150590907a11b7a672f00182264600e939b90073621fe0c5b8dd2708db08bc4,bitcoin,,unknown,whale,2025-11-15T14:01:42.620Z,unknown,BTC,48.18715653,4637291.01,
691887c7758f042a4889faa6,345d591d93be76c85163cfaebbd7fdaabfa393c36801f86286469c9cfa4d816f,bitcoin,,unknown,whale,2025-11-15T14:01:42.707Z,unknown,BTC,0.000419,40.32,
691887c7758f042a4889faa7,a1015fd497dac1d6cbac8d186c8d864744f77ab51e2499ed49a75a87363657dd,bitcoin,,unknown,whale,2025-11-15T14:01:42.779Z,unknown,BTC,0.00005209,5.01,
691887c7758f042a4889faa8,84517c9ce463773b049e2834ae0a1e58eb4954c4f9c38a0f30f40b0c396091be,bitcoin,,unknown,whale,2025-11-15T14:01:42.845Z,unknown,BTC,0.00008675,8.35,
691887c7758f042a4889faa9,995d5f9925ec1d17a70645a5b7b107c19f6715b90206b4ab03875a66f06fd13b,bitcoin,,unknown,whale,2025-11-15T14:01:42.912Z,unknown,BTC,0.38996728,37528.5,
691887c7758f042a4889faaa,9a29635c8fd118d31c81c03892238af74659b5c2479e4572b47387b279b859d9,bitcoin,,unknown,whale,2025-11-15T14:01:42.983Z,unknown,BTC,0.00187014,179.97,
691887c7758f042a4889faab,fb9301b3e9aba3a50b9b71f4b59c7872134f16d1b4e36b512be84bf0ce3b649c,bitcoin,,unknown,whale,2025-11-15T14:01:43.049Z,unknown,BTC,1.10932409,106755.8,
691887c8758f042a4889faac,ae261447cb8996a7a9b1379c3bf6fcf6b4222bb75b8eb435eba816c91dc0d9fd,bitcoin,,unknown,whale,2025-11-15T14:01:43.116Z,unknown,BTC,0.1967897,18938.06,
691887c8758f042a4889faad,5f0cd2abb9e6fcef934e5cd57f141d255820074a29880a9ce75803731f649a47,bitcoin,,unknown,whale,2025-11-15T14:01:43.188Z,unknown,BTC,0.01107913,1066.2,
691887c8758f042a4889faae,3c1d28d55fa6ddc1dca62bfd526c6d1d922ce80bafe090a9be2f21e27c8ce0e7,bitcoin,,unknown,whale,2025-11-15T14:01:43.255Z,unknown,BTC,0.00046003,44.27,
691887c8758f042a4889faaf,8b05c016c2b161dae8604fae961aa0ceed06346b3120e381eb82e354599a8132,bitcoin,,unknown,whale,2025-11-15T14:01:43.333Z,unknown,BTC,0.001467,141.18,
691887c8758f042a4889fab0,f86e60b54efb70e76bc1382d5de5e16e377feb8c4c7e14427b2bbc9b5103736c,bitcoin,,unknown,whale,2025-11-15T14:01:43.413Z,unknown,BTC,0.014739,1418.41,
691887c8758f042a4889fab1,4c762c2cb0ea9f840fbc27600861b2c054c0b1ec4991bd817d4da9c5975c022c,bitcoin,,unknown,whale,2025-11-15T14:01:43.482Z,unknown,BTC,0.009336,898.45,
691887c8758f042a4889fab2,b2bbe7f0fa9dd587a07f79899f6564c4d393bd37731746871af9d3c370cfb1c0,bitcoin,,unknown,whale,2025-11-15T14:01:43.551Z,unknown,BTC,0.00149823,144.18,
691887c8758f042a4889fab3,a1bffb1108b7242e5d1feb37d56d4c569b9814073af5cd1ca084d2ec4953bc86,bitcoin,,unknown,whale,2025-11-15T14:01:43.620Z,unknown,BTC,0.09896668,9524.06,
691887c8758f042a4889fab4,6497cfb8d138151e31bc94c388de82857cc35c7f02065c6089af857d837266bd,bitcoin,,unknown,whale,2025-11-15T14:01:43.686Z,unknown,BTC,0.098475,9476.74,
691887c8758f042a4889fab5,4d5bf09c8270bc452d9d90c133cbbe4643cbdbfe5165171a80806a6a6136e2cd,bitcoin,,unknown,whale,2025-11-15T14:01:43.754Z,unknown,BTC,0.09776,9407.93,
691887c8758f042a4889fab6,daa38ad483daacdde7c0153892ef260125cc7bac6c286824ef36a308e7c2e3fc,bitcoin,,unknown,whale,2025-11-15T14:01:43.822Z,unknown,BTC,0.00003124,3.01,
691887c8758f042a4889fab7,2ee46c79c5f6ea1a01356f47614a97f57c522a02a74cd3d7f542d559c07be42b,bitcoin,,unknown,whale,2025-11-15T14:01:43.892Z,unknown,BTC,0.00589581,567.38,
691887c8758f042a4889fab8,52129511ab26562f435edea81d6bc9b89812181fddd8f6a1c5e22d7bda27da37,bitcoin,,unknown,whale,2025-11-15T14:01:43.980Z,unknown,BTC,0.0007741,74.5,
691887c9758f042a4889fab9,fd06df88ad2ef9ae26d5d5d49264c708149f97883a7e259b8b41358255b0d7ed,bitcoin,,unknown,whale,2025-11-15T14:01:44.063Z,unknown,BTC,0.004949,476.27,
691887c9758f042a4889faba,34e80696cbe541cec29cd8d80326fa5b7868860a07c0d19ce7f9136b610c01e3,bitcoin,,unknown,whale,2025-11-15T14:01:44.130Z,unknown,BTC,0.00358145,344.66,
691887c9758f042a4889fabb,bc88208d7499108e8f3923acc37ca5ad2ebece22da93ba563c88bbd600f0ca21,bitcoin,,unknown,whale,2025-11-15T14:01:44.202Z,unknown,BTC,0.00010401,10.01,
691887c9758f042a4889fabc,28c130fd6b372d0045557a63675a5775c7718cac38a31d3cb44c9c5ca6d18715,bitcoin,,unknown,whale,2025-11-15T14:01:44.270Z,unknown,BTC,0.014849,1428.99,
691887c9758f042a4889fabd,794e1103e58146496136565e4fbb4557be558239fe0d6721f01729a3959373c9,bitcoin,,unknown,whale,2025-11-15T14:01:44.336Z,unknown,BTC,0.010685,1028.27,
691887c9758f042a4889fabe,87488fd6d1472974ed6bb73f1204fa17cd13fd6780aef6e54bf43e93c21770d4,bitcoin,,unknown,whale,2025-11-15T14:01:44.405Z,unknown,BTC,0.0335096,3224.8,
691887c9758f042a4889fabf,0a07029d2b2a9030f0bece3ac9f759722cc0c0e88723237c3a65fd7894e03c01,bitcoin,,unknown,whale,2025-11-15T14:01:44.473Z,unknown,BTC,0.0020789,200.06,
691887c9758f042a4889fac0,fa36cf11a8faf97de5d30dcfe437e761e1728ced8f865b5f0aecac16fc375907,bitcoin,,unknown,whale,2025-11-15T14:01:44.545Z,unknown,BTC,0.0128392,1235.58,
691887c9758f042a4889fac1,3c81db0a9b012977144e4808717aeca447e7076f69e934ea7097825c82a31b32,bitcoin,,unknown,whale,2025-11-15T14:01:44.616Z,unknown,BTC,10.09210673,971213.89,
691887c9758f042a4889fac2,e3ba71ce226b284488de04539cb6de826f820c1b4f9d40c5ed21ecaaf196f535,bitcoin,,unknown,whale,2025-11-15T14:01:44.706Z,unknown,BTC,0.00019379,18.65,
691887c9758f042a4889fac3,2fb806b2b50f1c50b346e6bb6d116b15b56b2e7038ef2f544310a128ce4b0037,bitcoin,,unknown,whale,2025-11-15T14:01:44.794Z,unknown,BTC,0.0015468,148.86,
691887c9758f042a4889fac4,b3e7519aa40a810007d1526d8e17d091429285bc37c18a58c842ff1907a8be61,bitcoin,,unknown,whale,2025-11-15T14:01:44.881Z,unknown,BTC,0.00225527,217.04,
691887c9758f042a4889fac5,3b8e31324e9a5260be9df4ff4bc1c2389b46bdfaa170a89df58b759996a3cf75,bitcoin,,unknown,whale,2025-11-15T14:01:44.949Z,unknown,BTC,14.56149061,1401325.05,
691887c9758f042a4889fac6,1f6d0aa9a4707de140da10a0e7f42d7e3afd49cd057e4452a8e4bc6f0f73528e,bitcoin,,unknown,whale,2025-11-15T14:01:45.019Z,unknown,BTC,0.00019258,18.53,
691887ca758f042a4889fac7,2af552a9e6cdd0668e80e5cd13c385e6028663bb1d0e70946d81a6596cbe5593,bitcoin,,unknown,whale,2025-11-15T14:01:45.089Z,unknown,BTC,9.59484819,923360.22,
691887ca758f042a4889fac8,6e6599f38e7f0e804cb6f0215d09ef225be70ac9595f6cbdf2312252b63af698,bitcoin,,unknown,whale,2025-11-15T14:01:45.156Z,unknown,BTC,0.00285776,275.02,
691887ca758f042a4889fac9,38daa4f6b6560121a6ad4fa912b10519f558d90d6f6504daf966c27ea4db44a2,bitcoin,,unknown,whale,2025-11-15T14:01:45.223Z,unknown,BTC,0.00065353,62.89,
691887ca758f042a4889faca,8d9287a349ca0177398024e71aca04adf3ac6db018a31e0dd7a09e29bdd188a9,bitcoin,,unknown,whale,2025-11-15T14:01:45.292Z,unknown,BTC,14.56978377,1402123.14,
691887ca758f042a4889facb,4828fee6eb197f9edf9b6a757f810ad982aff084dc376e98195ee99ff096ecb1,bitcoin,,unknown,whale,2025-11-15T14:01:45.364Z,unknown,BTC,12.51502156,1204383.1,
691887ca758f042a4889facc,26ba89d3aac2f4264caa000359fdc5c69b92211dc3f8936bd54aabe4328db9ec,bitcoin,,unknown,whale,2025-11-15T14:01:45.431Z,unknown,BTC,0.11060833,10644.39,
691887ca758f042a4889facd,03e6b940b3143a26e17240269225ed917ec68a12e6755f75452557777e0057fd,bitcoin,,unknown,whale,2025-11-15T14:01:45.499Z,unknown,BTC,0.00392274,377.5,
691887ca758f042a4889face,f6d820703ef001535588c148411f0d9c33a54df820754349c9396c5d23a094a7,bitcoin,,unknown,whale,2025-11-15T14:01:45.570Z,unknown,BTC,0.00177336,170.66,
691887ca758f042a4889facf,67edc2b40b2113bfec24536a74cd9680cfa896210e2d84fa59cb599274f85fc9,bitcoin,,unknown,whale,2025-11-15T14:01:45.639Z,unknown,BTC,0.04705809,4528.64,
691887ca758f042a4889fad0,b3f1c45ca4cc283f80e9a2b4667e5623ac87acc06fb945b80460811fc627680f,bitcoin,,unknown,whale,2025-11-15T14:01:45.708Z,unknown,BTC,0.51026756,49105.6,
691887ca758f042a4889fad1,1ec522ac79e4de004ad3cecde074c856ecc428f7a0c6ca1a952df57566891330,bitcoin,,unknown,whale,2025-11-15T14:01:45.778Z,unknown,BTC,0.85851706,82619.39,
691887ca758f042a4889fad2,e05d750961a5cd5072d5e4f6902f3151c73ec6b008cf501eb6c25ad6bcf2a18d,bitcoin,,unknown,whale,2025-11-15T14:01:45.850Z,unknown,BTC,0.00261985,252.12,
691887ca758f042a4889fad3,d7e190dc4f87eb0a12260e2599816d7a6ffa69cb2333f74caad2f0811aeacee4,bitcoin,,unknown,whale,2025-11-15T14:01:45.919Z,unknown,BTC,0.00075038,72.21,
691887ca758f042a4889fad4,0c8324e5de32b5159e19e135be055fabbdca2d52628b527cdc6064a5f2b33b5b,bitcoin,,unknown,whale,2025-11-15T14:01:45.986Z,unknown,BTC,0.73102867,70350.54,
691887cb758f042a4889fad5,c7b18d89ea97ca5bc700a563e107070f01ee19ab3ec47c0bded42c22c952d8f0,bitcoin,,unknown,whale,2025-11-15T14:01:46.058Z,unknown,BTC,0.10481382,10086.76,
691887cb758f042a4889fad6,403bcde93b5a18628e5d37310e9ce38f9d7b86f859aa61e5d33981c7fae6583d,bitcoin,,unknown,whale,2025-11-15T14:01:46.125Z,unknown,BTC,0.00251497,242.03,
691887cb758f042a4889fad7,cb8bdf7371a1edcda30b258c3c1a152eef38404ad45d0baa65b9c67be8107edf,bitcoin,,unknown,whale,2025-11-15T14:01:46.191Z,unknown,BTC,1.93855405,186556.75,
691887cb758f042a4889fad8,09e8fddcd6661b283020368bb00282972d4f4e693160ca0a7996339eab332fcf,bitcoin,,unknown,whale,2025-11-15T14:01:46.260Z,unknown,BTC,0.00030196,29.06,
691887cb758f042a4889fad9,3c8abf4f8501f5d60b64a49f39d4731837d38f83eefc1aeefa245816dff7d630,bitcoin,,unknown,whale,2025-11-15T14:01:46.331Z,unknown,BTC,0.00575878,554.2,
691887cb758f042a4889fada,031289abc96746aa2ac2966a523ab938b27b0b216b72536ae9f0df48e347fb3f,bitcoin,,unknown,whale,2025-11-15T14:01:46.397Z,unknown,BTC,0.17606827,16943.93,
691887cb758f042a4889fadb,d31c0ce17f52f35ee14989ee60a745bbaa9b37a444ab233dff2726deb94819cb,bitcoin,,unknown,whale,2025-11-15T14:01:46.465Z,unknown,BTC,0.0001883,18.12,
691887cb758f042a4889fadc,4567db028509545b9ff5b1bbdaeee32197f43f828c0d85c2c153abc93a2b808b,bitcoin,,unknown,whale,2025-11-15T14:01:46.533Z,unknown,BTC,0.00179353,172.6,
691887cb758f042a4889fadd,ff48a5f3f5c17546f7fb70deaef9ad50e52dd96edfdd3cce6121f89d7286569d,bitcoin,,unknown,whale,2025-11-15T14:01:46.601Z,unknown,BTC,0.005438,523.33,
691887cb758f042a4889fade,3dcfb524b3d8c0021b4f159065aa94c7f54c617a1ac36429b29f1cc6f22cbe3c,bitcoin,,unknown,whale,2025-11-15T14:01:46.669Z,unknown,BTC,0.00064357,61.93,
691887cb758f042a4889fadf,1547525760ecff46eae7cbcb51c04e3cfbd901e2dfcae14bafe711fb8784a1bd,bitcoin,,unknown,whale,2025-11-15T14:01:46.737Z,unknown,BTC,0.01480044,1424.32,
691887cb758f042a4889fae0,b48f4e26df6e6ca565fb1b786c7e53c41e3d5c653c2d628374b8c7c91e972ccf,bitcoin,,unknown,whale,2025-11-15T14:01:46.805Z,unknown,BTC,0.03138518,3020.35,
691887cb758f042a4889fae1,c83678492cec18c30a6d438b0e46903c125447c9642b829b174ff70a4598e0e3,bitcoin,,unknown,whale,2025-11-15T14:01:46.874Z,unknown,BTC,0.08093926,7789.19,
691887cb758f042a4889fae2,5006b05a25f213d0cb7056b45aaab1c0ee89926d30dbe9eefec603ad8590eeea,bitcoin,,unknown,whale,2025-11-15T14:01:46.941Z,unknown,BTC,0.02532331,2436.99,
691887cb758f042a4889fae3,4ab301fd9674d39b97e6acabe89eb61fd228cbd9d42611cc83c8d2a66af5d13c,bitcoin,,unknown,whale,2025-11-15T14:01:47.008Z,unknown,BTC,0.00935529,900.31,
691887cc758f042a4889fae4,eab7ff530afd4e2869b7c645b233b1cef5953c887b384757e9c1aca8485aa272,bitcoin,,unknown,whale,2025-11-15T14:01:47.075Z,unknown,BTC,0.01771026,1704.35,
691887cc758f042a4889fae5,755c37d9957a5508d656e25a217869fe363e923bc485ebddf80762f29c4383ac,bitcoin,,unknown,whale,2025-11-15T14:01:47.145Z,unknown,BTC,0.01011401,973.32,
691887cc758f042a4889fae6,27aeec31166383d0d2a367a9938bf1dcea99f8128ad7787d2059f4439fe36cf4,bitcoin,,unknown,whale,2025-11-15T14:01:47.213Z,unknown,BTC,1.8161548,174777.66,
691887cc758f042a4889fae7,145545725378b4875c42aab78f03e4e4ec3a98a001a453ef1703c47853368c3a,bitcoin,,unknown,whale,2025-11-15T14:01:47.283Z,unknown,BTC,0.00837284,805.76,
691887cc758f042a4889fae8,f953f0dbc8c0d2dfb5af6ac7f6abfc09714ef159d201f0ae2cec1c7a7c1d9352,bitcoin,,unknown,whale,2025-11-15T14:01:47.350Z,unknown,BTC,0.02394934,2304.76,
691887cc758f042a4889fae9,7aa058afe6b84612e0e6f8739739dd0acc2685a2c08908f2d0337b2e59595b68,bitcoin,,unknown,whale,2025-11-15T14:01:47.418Z,unknown,BTC,0.00649062,624.62,
691887cc758f042a4889faea,ab8e9753f5138d69d4e583708fb150e6dc276492c176a33e1547fa82c956ada5,bitcoin,,unknown,whale,2025-11-15T14:01:47.484Z,unknown,BTC,0.03198,3077.6,
691887cc758f042a4889faeb,6c63822c51ec3d87e93e1227514d2cb9ca8bcfffc960514bfe34d1c33a3a7bb4,bitcoin,,unknown,whale,2025-11-15T14:01:47.554Z,unknown,BTC,0.01028657,989.93,
691887cc758f042a4889faec,1010b8062b95f2c0d55a1ef868c4a7b5f6749c29f9f7e37229e4c97dc3d067cd,bitcoin,,unknown,whale,2025-11-15T14:01:47.620Z,unknown,BTC,0.00101987,98.15,
691887cc758f042a4889faed,f6978e6b14d1d91c664979487d746f5cb1fac73c0f531967ee3e2e4c31b55459,bitcoin,,unknown,whale,2025-11-15T14:01:47.688Z,unknown,BTC,0.00096859,93.21,
691887cc758f042a4889faee,d760f7b3bb25a693e095906f4291c921a332e052fe8b3a11d5dacb07f762ccf2,bitcoin,,unknown,whale,2025-11-15T14:01:47.755Z,unknown,BTC,0.00112477,108.24,
691887cc758f042a4889faef,332027f1b866724fa86867866cdce17f7fb518390eb2418a422b82441a3639b7,bitcoin,,unknown,whale,2025-11-15T14:01:47.823Z,unknown,BTC,0.26141667,25157.43,
691887cc758f042a4889faf0,1a49f0e94c12afa92c7e8b20b0ced5c785f43a9768a5c9605c31d5795ac71486,bitcoin,,unknown,whale,2025-11-15T14:01:47.890Z,unknown,BTC,0.00595145,572.74,
691887cc758f042a4889faf1,bc2688b7e1a49b93d08481e21a47f72ea7b55d06d6fd247eee2c4525d9fb5158,bitcoin,,unknown,whale,2025-11-15T14:01:47.957Z,unknown,BTC,0.34587289,33285.08,
691887cc758f042a4889faf2,6702bce2751f498d2d39c5f707d957aec6f8c227154d6441f6b33a1dd2defc0e,bitcoin,,unknown,whale,2025-11-15T14:01:48.029Z,unknown,BTC,0.0002499,24.05,
691887cd758f042a4889faf3,d41cbf385cd701d53380d95b37cb79dce9516f60241b309daf318bb7874ce7af,bitcoin,,unknown,whale,2025-11-15T14:01:48.096Z,unknown,BTC,2.24726881,216265.91,
691887cd758f042a4889faf4,873d1b61a6258a149e311401b532db407b8e43b4b431f676c2464ba832a9a99a,bitcoin,,unknown,whale,2025-11-15T14:01:48.163Z,unknown,BTC,0.96777948,93134.26,
691887cd758f042a4889faf5,87ac5a1a4f8e72d0e08e8a3db3db14b201c13f6fce43150882327ab9a86f2add,bitcoin,,unknown,whale,2025-11-15T14:01:48.233Z,unknown,BTC,0.96788079,93144.01,
691887cd758f042a4889faf6,d4e24e30174898b65dab2998524a1b2ccc86bf9e212b11b01a5c3b625d5019ed,bitcoin,,unknown,whale,2025-11-15T14:01:48.302Z,unknown,BTC,1.0985299,105717.02,
691887cd758f042a4889faf7,a563b5474072ba4d5878bfa1f7384bb58a7dc453d7b6a6a8ef737950912083eb,bitcoin,,unknown,whale,2025-11-15T14:01:48.369Z,unknown,BTC,0.00100477,96.69,
691887cd758f042a4889faf8,497196c8beaab7fb32358115ca8bcbf4fc404d0f60add6007ebe65a6522fce04,bitcoin,,unknown,whale,2025-11-15T14:01:48.438Z,unknown,BTC,1.01125734,97318.35,
691887cd758f042a4889faf9,ec4294449e5d3472e3fe72252439b1f78eb286d38b791f3cb67df57f8f8a1404,bitcoin,,unknown,whale,2025-11-15T14:01:48.505Z,unknown,BTC,0.02914296,2804.57,
691887cd758f042a4889fafa,12b482994fa84d7d4b574fcbc486f6399e23c98710ca1d3902842b5dbc213c16,bitcoin,,unknown,whale,2025-11-15T14:01:48.571Z,unknown,BTC,0.03159096,3040.16,
691887cd758f042a4889fafb,387b91e03529770a70c33aa39d9d5e88b3f5950ba0e8fa78646aeaf9312ca095,bitcoin,,unknown,whale,2025-11-15T14:01:48.644Z,unknown,BTC,0.04154857,3998.43,
691887cd758f042a4889fafc,63989bce8483730ef39ae9c22225a619464b77451b2157624a47908811cab62f,bitcoin,,unknown,whale,2025-11-15T14:01:48.711Z,unknown,BTC,1.62085014,155982.51,
691887cd758f042a4889fafd,cf77df6ffe2e9a0a2cc3df117986033a163df5f1543da52484045161447035ff,bitcoin,,unknown,whale,2025-11-15T14:01:48.778Z,unknown,BTC,0.08138128,7831.73,
691887cd758f042a4889fafe,30532afd179747b1758455a5e5916f6495c900c2455e273210f7babb168e963d,bitcoin,,unknown,whale,2025-11-15T14:01:48.845Z,unknown,BTC,0.0809305,7788.35,
691887cd758f042a4889faff,3ec457960211b00763b7700bafec0ca63b4b08c7a4cdf2b3655d008710d17170,bitcoin,,unknown,whale,2025-11-15T14:01:48.915Z,unknown,BTC,0.08034565,7732.06,
691887cd758f042a4889fb00,ab80bfb269970c2b50ce0e3d9f14dfea8ef739ea0561a0d36b2eba53fb8a9254,bitcoin,,unknown,whale,2025-11-15T14:01:48.981Z,unknown,BTC,0.07975782,7675.49,
691887cd758f042a4889fb01,f200f5379bdc05b70b01e1d9d08df57a442fc4dd68ac7e4625099da0554990c9,bitcoin,,unknown,whale,2025-11-15T14:01:49.052Z,unknown,BTC,0.07816534,7522.24,
691887ce758f042a4889fb02,b70f64c318938abd13da19b577c17e0431195c5f1fab3332872d028783b2dfec,bitcoin,,unknown,whale,2025-11-15T14:01:49.141Z,unknown,BTC,0.0771267,7422.29,
691887ce758f042a4889fb03,9333610dde4366f0b3a55e1f982bda976152314d7962aecc862d3d39e072c80b,bitcoin,,unknown,whale,2025-11-15T14:01:49.222Z,unknown,BTC,0.07613475,7326.83,
691887ce758f042a4889fb04,e18883578a59b2100335cd5b81bb3a7a38426568a9c51e82331dc8c11098288e,bitcoin,,unknown,whale,2025-11-15T14:01:49.289Z,unknown,BTC,0.01148469,1105.23,
691887ce758f042a4889fb05,42b1c22ab3deb5d32f29607c06ecdefa76b554b660292b622f060a2a89575664,bitcoin,,unknown,whale,2025-11-15T14:01:49.357Z,unknown,BTC,0.00006248,6.01,
691887ce758f042a4889fb06,66e31a4542e9e8f4684480d6b67c9e1c63360aff2076ebd2422532b7a67462dc,bitcoin,,unknown,whale,2025-11-15T14:01:49.426Z,unknown,BTC,0.58993903,56772.78,
691887ce758f042a4889fb07,3ba77e4969af8d786683a48c22acff4e0c2058c64549b3fcfd85b4337ec773a4,bitcoin,,unknown,whale,2025-11-15T14:01:49.500Z,unknown,BTC,0.002969,285.72,
691887ce758f042a4889fb08,50e880bc9c0fca0bd7a58141b010c9aed7412b3a2d2eea462269e644a180409d,bitcoin,,unknown,whale,2025-11-15T14:01:49.567Z,unknown,BTC,0.00094006,90.47,
691887ce758f042a4889fb09,390a6da5cf314d4cbc8270fb40a1eab909132a280a27e588f625db0222a54a55,bitcoin,,unknown,whale,2025-11-15T14:01:49.639Z,unknown,BTC,0.00094006,90.47,
691887ce758f042a4889fb0a,a4485938e7cd9c0fff0ebe5d3c6ede05559f05995dc994529b998242eb0a3471,bitcoin,,unknown,whale,2025-11-15T14:01:49.706Z,unknown,BTC,0.00048017,46.21,
691887ce758f042a4889fb0b,606119452733d9037b7c5177501e35692e7323612f16e29e918e768cf8504574,bitcoin,,unknown,whale,2025-11-15T14:01:49.775Z,unknown,BTC,0.00094006,90.47,
691887ce758f042a4889fb0c,40c3798092a5777841ffcf0830ff13d05dba1b927362497500127f55b11cebbd,bitcoin,,unknown,whale,2025-11-15T14:01:49.844Z,unknown,BTC,0.00094006,90.47,
691887ce758f042a4889fb0d,82eb81ab9f3b5f9ea34865c27138d003e23d27f3524ccf03a419b50ce3b7facb,bitcoin,,unknown,whale,2025-11-15T14:01:49.911Z,unknown,BTC,0.0007961,76.61,
691887ce758f042a4889fb0e,23b9b5a60a058c3e8575164696e60a2d9c40deb24e293155f5a473b215705ccd,bitcoin,,unknown,whale,2025-11-15T14:01:49.979Z,unknown,BTC,0.00094006,90.47,
691887ce758f042a4889fb0f,98ea7396a5af69b8cd94eeff299b163fbc560b27f20361938e2a021fb2dfaeb5,bitcoin,,unknown,whale,2025-11-15T14:01:50.048Z,unknown,BTC,1.84949624,177986.27,
691887cf758f042a4889fb10,e536ac20420d6917feb131a164ea104f183d234e901fd86102b648ad591426d1,bitcoin,,unknown,whale,2025-11-15T14:01:50.116Z,unknown,BTC,1.05446038,101475.99,
691887cf758f042a4889fb11,33be2f200cb344725ca33a8e07507782610bb85d98f4bf14ec1f8e531480e0dc,bitcoin,,unknown,whale,2025-11-15T14:01:50.194Z,unknown,BTC,0.24499115,23576.72,
691887cf758f042a4889fb12,ebb2c07b959cee31073d7ba6554ba96f5ed70e007cc62da868dbb9dbf7e9342f,bitcoin,,unknown,whale,2025-11-15T14:01:50.261Z,unknown,BTC,0.01772356,1705.63,
691887cf758f042a4889fb13,ed90478dcc9ad5ea675bbb16eaa9b211065ae3542ecad4c79b47c3ed66ac36f1,bitcoin,,unknown,whale,2025-11-15T14:01:50.334Z,unknown,BTC,0.06106933,5877.01,
691887cf758f042a4889fb14,87202c2f89f33b273489ccc48dc77b9e35cc8862d6895f8c13dcaaa92603e85a,bitcoin,,unknown,whale,2025-11-15T14:01:50.402Z,unknown,BTC,0.75148417,72319.08,
691887cf758f042a4889fb15,1fcb565004c5f4229497eff8303c4f69938b2295c8bbb16c4f599344b280d3d7,bitcoin,,unknown,whale,2025-11-15T14:01:50.487Z,unknown,BTC,0.00012467,12,
691887cf758f042a4889fb16,62d77aecd6bb914bded0ff68e573bef559f4fc8deac693ffb695f25776a6c2b3,bitcoin,,unknown,whale,2025-11-15T14:01:50.554Z,unknown,BTC,0.00454737,437.62,
691887cf758f042a4889fb17,c5f452310272a7aa5b00a010b3b95f9354a6317d123696eed32ab8484ef7f6b0,bitcoin,,unknown,whale,2025-11-15T14:01:50.622Z,unknown,BTC,0.00355811,342.41,
691887cf758f042a4889fb18,fb3fba01605ddf95dc3e508cd3709e55dd7b223ba54e131f7d54934587a33712,bitcoin,,unknown,whale,2025-11-15T14:01:50.691Z,unknown,BTC,3.74111949,360026.63,
691887cf758f042a4889fb19,8d7d92c65937c5d8ca1039d57c3f1eb59227130f6764a7d532eb9878faac1ec3,bitcoin,,unknown,whale,2025-11-15T14:01:50.759Z,unknown,BTC,0.02089663,2010.99,
691887cf758f042a4889fb1a,cf56e82ced688701074eb0556152acea9da0aec4d5969d245efbfec0e0027742,bitcoin,,unknown,whale,2025-11-15T14:01:50.825Z,unknown,BTC,0.10867614,10458.45,
691887cf758f042a4889fb1b,33e0bd23ee3d1d14235e9800664ce9d1869a80076311abab50ebed0f91e43d28,bitcoin,,unknown,whale,2025-11-15T14:01:50.895Z,unknown,BTC,0.00403323,388.14,
691887cf758f042a4889fb1c,0e96f878a09e966e12c6e4abc4e34fbaab0ca02478996dffe5e188120562938e,bitcoin,,unknown,whale,2025-11-15T14:01:50.962Z,unknown,BTC,0.00745079,717.03,
691887cf758f042a4889fb1d,c6da9c8cac54a55473da2b8f585b2d1a16e117dde2488404b91eceeca4a9a4b2,bitcoin,,unknown,whale,2025-11-15T14:01:51.030Z,unknown,BTC,0.07505925,7223.33,
691887d0758f042a4889fb1e,3555d509e64356e45e8dcee27ca1b3d9898d7228f229d1eea23f28d0aa798fd5,bitcoin,,unknown,whale,2025-11-15T14:01:51.098Z,unknown,BTC,0.04760909,4581.66,
691887d0758f042a4889fb1f,227ad4ffcc32ff7aae1b596e5a823d9b6e2152885797d20094d20c47aaf235fb,bitcoin,,unknown,whale,2025-11-15T14:01:51.166Z,unknown,BTC,0.00037174,35.77,
691887d0758f042a4889fb20,08e365fa7b8ac6d1e0932ee232f752bef953e2776344f9c6b1b307e51d6f6d01,bitcoin,,unknown,whale,2025-11-15T14:01:51.233Z,unknown,BTC,0.26660038,25656.29,
691887d0758f042a4889fb21,c41fd0d76cd020845905d68649f2d6beb1e874535b6bb6c2eb6aeffc478270d9,bitcoin,,unknown,whale,2025-11-15T14:01:51.300Z,unknown,BTC,0.00911163,876.86,
691887d0758f042a4889fb22,aff1c0d7b6f0c72d076a474233dd36854a0434003655304cf9b79ad182a0501d,bitcoin,,unknown,whale,2025-11-15T14:01:51.368Z,unknown,BTC,0.20715943,19935.99,
691887d0758f042a4889fb23,d437e63accae94f5763d8d26dcae4db1a29fc6ad760ae113649f4f13475cad99,bitcoin,,unknown,whale,2025-11-15T14:01:51.435Z,unknown,BTC,1.10700776,106532.89,
691887d0758f042a4889fb24,8b103d9cc5a384a0b86e02c362ac5461781d59bb81852ab027313b7c63c3abf8,bitcoin,,unknown,whale,2025-11-15T14:01:51.503Z,unknown,BTC,0.0006873,66.14,
691887d0758f042a4889fb25,e5776eef6df7c3c72804ac62e8df00f87cd20fc1982d609fad199ef2f29f9d30,bitcoin,,unknown,whale,2025-11-15T14:01:51.569Z,unknown,BTC,0.01174696,1130.47,
691887d0758f042a4889fb26,cde6186ef05e81a93680c577c9067acd38241987688a8335898997a753efdd69,bitcoin,,unknown,whale,2025-11-15T14:01:51.639Z,unknown,BTC,0.00517609,498.12,
691887d0758f042a4889fb27,00fc89c49a24961964025b1d4bd964d21ca40acb7db9a47acfe1bb3bc0f18126,bitcoin,,unknown,whale,2025-11-15T14:01:51.706Z,unknown,BTC,0.00197013,189.6,
691887d0758f042a4889fb28,4e642313ff763f368a9ea1e37916755c43ca3f9b47fcf31702e27e903e83c099,bitcoin,,unknown,whale,2025-11-15T14:01:51.772Z,unknown,BTC,0.01164502,1120.66,
691887d0758f042a4889fb29,41a7cb4d58bf41ba6598afc1ac7aa176aa9bcbe5ac0bf211cbf2699b0a8b89c4,bitcoin,,unknown,whale,2025-11-15T14:01:51.844Z,unknown,BTC,0.00323241,311.07,
691887d0758f042a4889fb2a,8939c2f5d16c4556eeb0d6b3a5cf9be2cb6c6450165a30dda51017d3ee07da6c,bitcoin,,unknown,whale,2025-11-15T14:01:51.911Z,unknown,BTC,0.99569025,95820.25,
691887d0758f042a4889fb2b,e8f7c01512df23f7b53e926055238a4fdd22f6117e16d72e759211d5e1d9c924,bitcoin,,unknown,whale,2025-11-15T14:01:51.978Z,unknown,BTC,0.00077857,74.93,
691887d0758f042a4889fb2c,7ea2dc834580a467a75a8dbd594cf257991533b5dc29692c1a56b42756fbae4d,bitcoin,,unknown,whale,2025-11-15T14:01:52.048Z,unknown,BTC,0.06275072,6038.82,
691887d1758f042a4889fb2d,bded764624a61e9e96aab95ff6db3a50ba03befb19b666630dbac5ed4d4ce79d,bitcoin,,unknown,whale,2025-11-15T14:01:52.116Z,unknown,BTC,0.00271046,260.84,
691887d1758f042a4889fb2e,ccd6c63212aec3f04be6c7075f42321da00a13e21242ae5c518392b781fa43c7,bitcoin,,unknown,whale,2025-11-15T14:01:52.183Z,unknown,BTC,0.00099216,95.48,
691887d1758f042a4889fb2f,45b8e6183c213c921ee5112ec4180f06dc44ae3c0a19741aab29129101c4a32f,bitcoin,,unknown,whale,2025-11-15T14:01:52.266Z,unknown,BTC,0.3656809,35191.3,
691887d1758f042a4889fb30,b4ea755af616fb7e892561764f1f147f03d9f5bccc2f64465fb8893e4b67a4c3,bitcoin,,unknown,whale,2025-11-15T14:01:52.348Z,unknown,BTC,0.1230436,11841.1,
691887d1758f042a4889fb31,93f43459fb3a79b1d2ccce0c118ff99f29ab1780c9ff3b2dcfe1b1260918029b,bitcoin,,unknown,whale,2025-11-15T14:01:52.416Z,unknown,BTC,0.02670633,2570.08,
691887d1758f042a4889fb32,9ec5b943e1a9ee4061670f6aaedba1f7407bfcdf7cede0c53ab8e16d20ece4c3,bitcoin,,unknown,whale,2025-11-15T14:01:52.483Z,unknown,BTC,0.0017403,167.48,
691887d1758f042a4889fb33,c451a82f0beba7640c6f888de050996f5213a72e418315ff74c3d524eebb5389,bitcoin,,unknown,whale,2025-11-15T14:01:52.554Z,unknown,BTC,0.01392426,1340,
691887d1758f042a4889fb34,d4866aaaac15dd925301dac355236a9f4a1ca1581fa8086ed85b6c08b7efcca3,bitcoin,,unknown,whale,2025-11-15T14:01:52.621Z,unknown,BTC,0.02418806,2327.74,
691887d1758f042a4889fb35,6cfa922a05e372da1e7e4355acb1c61e99d06e7467b18eb1502ecd25f50f6ddb,bitcoin,,unknown,whale,2025-11-15T14:01:52.693Z,unknown,BTC,0.00865673,833.08,
691887d1758f042a4889fb36,a575b2db0f76643a58fe9d633d7ac0699f5a8a9d2c5520d4e3dbaeae036f66e1,bitcoin,,unknown,whale,2025-11-15T14:01:53.053Z,unknown,BTC,0.15042741,14476.38,
691887d2758f042a4889fb37,4a20da36cc1ad55bc001a0a71fe1fe36407e7ce6901f0ba1c01ed87c8a70c861,bitcoin,,unknown,whale,2025-11-15T14:01:53.121Z,unknown,BTC,0.04507716,4338,
691887d2758f042a4889fb38,d6a5a1584edbab3b617b0f71c4abaab913107f4d8f89fd0cdaf0839ed9cb8994,bitcoin,,unknown,whale,2025-11-15T14:01:53.187Z,unknown,BTC,0.00733535,705.92,
691887d2758f042a4889fb39,afcec936b500bb807892390a147e1a32c30ec87493189f02238b162df1e6dd93,bitcoin,,unknown,whale,2025-11-15T14:01:53.254Z,unknown,BTC,1.38138437,132937.52,
691887d2758f042a4889fb3a,6414d4de236c95c4034fc362077565b467fb315400bcd62b65e856ed81c4afec,bitcoin,,unknown,whale,2025-11-15T14:01:53.322Z,unknown,BTC,1.41538098,136209.19,
691887d2758f042a4889fb3b,8396ccc0b25007cc26f49b504fc0109b9f35cd8e5fa8aa71ee949a7d9281b107,bitcoin,,unknown,whale,2025-11-15T14:01:53.391Z,unknown,BTC,0.00404225,389.01,
691887d2758f042a4889fb3c,e7891aa0993896762ec7066e26aef5f8211e5bb2adf87747a5e816eb233fa659,bitcoin,,unknown,whale,2025-11-15T14:01:53.458Z,unknown,BTC,0.00176605,169.96,
691887d2758f042a4889fb3d,f33d2c20cb2bbdfe39aa79a2deeced2b41aa058ebe78df6d537547cc59a42968,bitcoin,,unknown,whale,2025-11-15T14:01:53.525Z,unknown,BTC,0.000045,4.33,
691887d2758f042a4889fb3e,9095f547baee3582efac62d1838300a8cc0fc89b4b2351ba6591c85365cf3945,bitcoin,,unknown,whale,2025-11-15T14:01:53.591Z,unknown,BTC,0.8336416,80225.5,
691887d2758f042a4889fb3f,6868fa42bd269b7dd07220d5a607ffa15ab21d6ade9e7bc72bb6ad126acde1c4,bitcoin,,unknown,whale,2025-11-15T14:01:53.660Z,unknown,BTC,0.00413168,397.61,
691887d2758f042a4889fb40,b953d24ea463557d65b94f716584b2b34612411f40d549e25b02aae29cc79d56,bitcoin,,unknown,whale,2025-11-15T14:01:53.728Z,unknown,BTC,0.19276675,18550.91,
691887d2758f042a4889fb41,ea116b325b9e10d5363c1b848e473537a4e1e876ac915371779f3c81d435f780,bitcoin,,unknown,whale,2025-11-15T14:01:53.801Z,unknown,BTC,0.18606699,17906.16,
691887d2758f042a4889fb42,19e0f0026814c5d577002453e2ade123710970d4260f33de924655600e2c71ec,bitcoin,,unknown,whale,2025-11-15T14:01:53.868Z,unknown,BTC,0.0746,7179.13,
691887d2758f042a4889fb44,1065c431c5c70a72b40d5be41233e4e891a45ca9bc15f100f86be0fea3890215,bitcoin,,unknown,whale,2025-11-15T14:01:53.937Z,unknown,BTC,1.26140313,121391.13,
691887d2758f042a4889fb45,f506c6b06ee345aa9c914421c966d15a204c0c4e76fefe2b6ef9015dafec3c08,bitcoin,,unknown,whale,2025-11-15T14:01:54.005Z,unknown,BTC,0.02663349,2563.07,
691887d3758f042a4889fb46,6ecb3fd23bd50eafb99df3d32681cde044784c3b881ed1466589e2974a924b7c,bitcoin,,unknown,whale,2025-11-15T14:01:54.072Z,unknown,BTC,0.00684228,658.47,
691887d3758f042a4889fb47,17586bc1947b2874678a28aae3258f241ed02ba6750765bc1eba9c28ed7d43be,bitcoin,,unknown,whale,2025-11-15T14:01:54.139Z,unknown,BTC,0.02708687,2606.7,
691887d3758f042a4889fb48,e6b027aae1657adaaaeda927e78d5c9d7822746f27c89836835589109296e7ca,bitcoin,,unknown,whale,2025-11-15T14:01:54.206Z,unknown,BTC,0.00142036,136.69,
691887d3758f042a4889fb49,70d2bed9499a1fdcc2ebfd0e94401c641a890e05703d36582008dbf95ed51c99,bitcoin,,unknown,whale,2025-11-15T14:01:54.275Z,unknown,BTC,0.13518545,13009.57,
691887d3758f042a4889fb4a,65aacc1fbf8bcc3ae57b8f70740b9b0f3d38de34c41083e3027ad23f1e6b4701,bitcoin,,unknown,whale,2025-11-15T14:01:54.342Z,unknown,BTC,0.13406226,12901.48,
691887d3758f042a4889fb4b,9cd08ca0d12cef9d96c06d1e48b7ce643929010526b0a4d7bf01726d4d9a0e99,bitcoin,,unknown,whale,2025-11-15T14:01:54.410Z,unknown,BTC,0.13364868,12861.68,
691887d3758f042a4889fb4c,bc7741bd097261c87beb5480f0f269c320aab7ec31443144a3b0c019325edc1b,bitcoin,,unknown,whale,2025-11-15T14:01:54.480Z,unknown,BTC,0.1330645,12805.46,
691887d3758f042a4889fb4d,4074bae76c2e89fd2d55fefc9cdcb4be86d9aad9587c410f647a76e2cdca429c,bitcoin,,unknown,whale,2025-11-15T14:01:54.554Z,unknown,BTC,0.1320043,12703.43,
691887d3758f042a4889fb4f,bd3e523ccda68892eae090413e69c9433ba33581b750e72866bfc0f5d38a369b,bitcoin,,unknown,whale,2025-11-15T14:01:54.621Z,unknown,BTC,0.13129419,12635.1,
691887d3758f042a4889fb50,aae751786adbd5b0e37a17b8c73d60eb3cf9a494e9b77c778559ec434467ede4,bitcoin,,unknown,whale,2025-11-15T14:01:54.689Z,unknown,BTC,0.13061745,12569.97,
691887d3758f042a4889fb51,bb57c058f96bf71bd13e8361f41aa7b1b1a7c3a1c99afa602e38e94e1496425a,bitcoin,,unknown,whale,2025-11-15T14:01:54.759Z,unknown,BTC,0.1300262,12513.07,
691887d3758f042a4889fb52,3d3c93d2d8515807cc84316309e6263f01a0a25a41efd7b0ab3fbb893f655eca,bitcoin,,unknown,whale,2025-11-15T14:01:54.826Z,unknown,BTC,0.382004,36762.15,
691887d3758f042a4889fb53,b25d94d13a9fb3343f307dd676ede761055cced36a1623ad66a2532e2e3c5fda,bitcoin,,unknown,whale,2025-11-15T14:01:54.895Z,unknown,BTC,0.0005415,52.11,
691887d3758f042a4889fb54,69754b5053cf79263f72e28c1bdd739e909d47cd1a659361c92912d71ed717c7,bitcoin,,unknown,whale,2025-11-15T14:01:54.965Z,unknown,BTC,0.01194948,1149.96,
691887d3758f042a4889fb55,ad79b5347c48960942bbb19dad95485657a55c73bdd995f4bd9bba84eeaf0be6,bitcoin,,unknown,whale,2025-11-15T14:01:55.033Z,unknown,BTC,0.05427835,5223.48,
691887d4758f042a4889fb56,5fa406a956353cb429dd122de4be5f55fb01e0a9bbf15f88c51506e2398d1289,bitcoin,,unknown,whale,2025-11-15T14:01:55.100Z,unknown,BTC,0.13268708,12769.14,
691887d4758f042a4889fb57,790730e86543b840174cf27ca1005f92265505bb99d1fa5b191d42d6a0afc60b,bitcoin,,unknown,whale,2025-11-15T14:01:55.169Z,unknown,BTC,0.00983949,946.9,
691887d4758f042a4889fb58,33592311753ec0343333eb5e28685bc9603399394fe328c9d61e506029ad783e,bitcoin,,unknown,whale,2025-11-15T14:01:55.236Z,unknown,BTC,0.00025632,24.67,
691887d4758f042a4889fb59,6295bedfa0c8b902b21a3ef1d242abf1987c07ef96859c6969f0ad5bb23c0891,bitcoin,,unknown,whale,2025-11-15T14:01:55.303Z,unknown,BTC,0.00700535,674.16,
691887d4758f042a4889fb5a,b148b5a1d30ed841834c982db0fa218ebd1938a9d0a082cc8c8c22e54ceafd8f,bitcoin,,unknown,whale,2025-11-15T14:01:55.374Z,unknown,BTC,0.05832131,5612.55,
691887d4758f042a4889fb5b,3979f35edd0bc71eefd5e85e29ab4edba874bdfc9e246fdde79a829202f8ab3f,bitcoin,,unknown,whale,2025-11-15T14:01:55.441Z,unknown,BTC,0.01932465,1859.71,
691887d4758f042a4889fb5c,9ca8cc10dbaf1c71f044264f09ed48be49949cc5193002cc578c00b917e357af,bitcoin,,unknown,whale,2025-11-15T14:01:55.507Z,unknown,BTC,0.0041935,403.56,
691887d4758f042a4889fb5d,e4bf744a3e9114599e613cb5354223d6bb0af69dcb3295e98cc9c25a7fa55ed1,bitcoin,,unknown,whale,2025-11-15T14:01:55.589Z,unknown,BTC,0.00277648,267.19,
691887d4758f042a4889fb5e,ec5da57c9c4bc66bf7d64c27fc473663080fde8c2cef1565b261169f8a082394,bitcoin,,unknown,whale,2025-11-15T14:01:55.656Z,unknown,BTC,0.0450657,4336.9,
691887d4758f042a4889fb5f,a134f0065611814da9494d10026da45c0a09b28bda6970317d706b06171a467f,bitcoin,,unknown,whale,2025-11-15T14:01:55.722Z,unknown,BTC,0.01062707,1022.7,
691887d4758f042a4889fb60,d8579676424ff7d162c6d2ac99f33472ceac7571da990968c8839f9572cb5df0,bitcoin,,unknown,whale,2025-11-15T14:01:55.789Z,unknown,BTC,0.1253102,12059.23,
691887d4758f042a4889fb61,2c8d049ad62f9cdc40b690327e116f09e1ca6b289ec833a6dd66739ddf3cc29f,bitcoin,,unknown,whale,2025-11-15T14:01:55.857Z,unknown,BTC,0.00935813,900.58,
691887d4758f042a4889fb62,9e6c818c63ba1b346dc7b4f258eb4b80bcefb8930baf267457057507161528b8,bitcoin,,unknown,whale,2025-11-15T14:01:55.924Z,unknown,BTC,0.00429622,413.45,
691887d4758f042a4889fb63,6e06e1704eaed714617ac74cc56b2d50e439e12208f4bc413e526f2e1c495bd6,bitcoin,,unknown,whale,2025-11-15T14:01:55.991Z,unknown,BTC,0.00050946,49.03,
691887d5758f042a4889fb64,053e2e1dda33f163e2f0bf6358ef99cc3b2a08db835e7c2fd6e5ed6cd3154b75,bitcoin,,unknown,whale,2025-11-15T14:01:56.060Z,unknown,BTC,0.00185335,178.36,
691887d5758f042a4889fb65,ab9c5441ea6102e560607d96a3ed84def1cf01845880e1699ae9fe11e4f26c67,bitcoin,,unknown,whale,2025-11-15T14:01:56.130Z,unknown,BTC,0.97898158,94212.29,
691887d5758f042a4889fb66,363f3cb7414c0f36c1fe6f67837ee0c3cb98ed03764971886d86b359327acb9c,bitcoin,,unknown,whale,2025-11-15T14:01:56.196Z,unknown,BTC,0.00097074,93.42,
691887d5758f042a4889fb67,73866725200f28eb14b750b79125b3f89950d27a304bdcda051cd99171477e34,bitcoin,,unknown,whale,2025-11-15T14:01:56.265Z,unknown,BTC,0.26517396,25519.02,
691887d5758f042a4889fb68,190d2d4720d6738f9f38ab3022504e07ef52438b7ffc73397dc14a9867497da2,bitcoin,,unknown,whale,2025-11-15T14:01:56.334Z,unknown,BTC,11.38771208,1095896.47,
691887d5758f042a4889fb69,08da2e78852f41ad7a19b714fc7abae7499d308f41e5aab1e3054b42ff3b3f06,bitcoin,,unknown,whale,2025-11-15T14:01:56.402Z,unknown,BTC,0.51422085,49486.04,
691887d5758f042a4889fb6a,7fce68e64989fb56cb214fd71fe2b5dba1a1a5033ea94c0b6098532adf412015,bitcoin,,unknown,whale,2025-11-15T14:01:56.469Z,unknown,BTC,0.32613444,31385.55,
691887d5758f042a4889fb6b,005352d360c172b522b89d404b6b94929ceaefbdaeba99f41e7576c3dde97d36,bitcoin,,unknown,whale,2025-11-15T14:01:56.536Z,unknown,BTC,0.00153789,148,
691887d5758f042a4889fb6c,340fdbfdfbcea8173cc647b66a4aab9d8b0f3751aee5c36e7c3c450358f3473b,bitcoin,,unknown,whale,2025-11-15T14:01:56.604Z,unknown,BTC,0.00543202,522.75,
691887d5758f042a4889fb6d,9c5ccdda11b291e7c95bf2fbc3e5dbb7364af3c3c917ffd3ee555ff644007347,bitcoin,,unknown,whale,2025-11-15T14:01:56.671Z,unknown,BTC,0.01364464,1313.09,
691887d5758f042a4889fb6e,3eb7783ddcf0c8ef866d5a4fd0ba89eca14013610d94753b05308cc62662535f,bitcoin,,unknown,whale,2025-11-15T14:01:56.738Z,unknown,BTC,0.07678575,7389.48,
691887d5758f042a4889fb6f,5ba5364b2240fa9aa071d2e5ada50b44f5043a425dc100310fc01fac8a3ec870,bitcoin,,unknown,whale,2025-11-15T14:01:56.807Z,unknown,BTC,0.04202176,4043.96,
691887d5758f042a4889fb70,c66979bb6face5571ac9d074df43bd880417b3792ceb5df3806d642295930f96,bitcoin,,unknown,whale,2025-11-15T14:01:56.874Z,unknown,BTC,0.00519768,500.2,
691887d5758f042a4889fb71,52135215afe0038a5adbe241bd548fc03d3b36ddb25126c1651272792e94ad9e,bitcoin,,unknown,whale,2025-11-15T14:01:56.942Z,unknown,BTC,0.05437292,5232.58,
691887d5758f042a4889fb72,6d6f3e0e2ddb5369eb4bbc3470378f2b0f42149eaf553b11aeb3bf047ae68cfb,bitcoin,,unknown,whale,2025-11-15T14:01:57.012Z,unknown,BTC,0.00860062,827.68,
691887d6758f042a4889fb73,b2f5d06b206bb399396a28cf36a1c613143073ab83bb8b1710aae78c90f5a88f,bitcoin,,unknown,whale,2025-11-15T14:01:57.088Z,unknown,BTC,0.03911974,3764.69,
691887d6758f042a4889fb74,6b2169bd5936dc69cf6dd9d9b44ff7cb85a2dcf85bf5dc81c21a396061db1190,bitcoin,,unknown,whale,2025-11-15T14:01:57.155Z,unknown,BTC,0.57303237,55145.77,
691887d6758f042a4889fb75,91fc2567b04356c37ecf8176197b4e9e739b4a8a08af5cf8f82ed4368098759b,bitcoin,,unknown,whale,2025-11-15T14:01:57.222Z,unknown,BTC,0.09812698,9443.25,
691887d6758f042a4889fb76,822e650a142047666fa55054aa846a178890d707a294ef210eafe6c85560b3a1,bitcoin,,unknown,whale,2025-11-15T14:01:57.290Z,unknown,BTC,0.92986157,89485.23,
691887d6758f042a4889fb77,9e8b7144ed7ca2ba2e82c478a16d772127ea73b914335a21778cccb19903d1e9,bitcoin,,unknown,whale,2025-11-15T14:01:57.356Z,unknown,BTC,0.80715474,77676.54,
691887d6758f042a4889fb78,e65ab964353ac00120ccee9d43a8ec0e07021fd6fef3461104f3920004ff31cd,bitcoin,,unknown,whale,2025-11-15T14:01:57.425Z,unknown,BTC,0.31103908,29932.85,
691887d6758f042a4889fb79,15c3556a9b14035621281a79307441b686de856da8f9f82e52509facb7ec6c55,bitcoin,,unknown,whale,2025-11-15T14:01:57.495Z,unknown,BTC,0.45129817,43430.68,
691887d6758f042a4889fb7a,9482c547f4e61fce5d75abac6799a5150b98a668b35b30578a52f3e38173d49e,bitcoin,,unknown,whale,2025-11-15T14:01:57.562Z,unknown,BTC,0.4484011,43151.88,
691887d6758f042a4889fb7b,7fef2d1ecffe828f7278be63e490979ed599c7dfc0178d74734afac1f81c4fac,bitcoin,,unknown,whale,2025-11-15T14:01:57.630Z,unknown,BTC,0.6396361,61555.38,
691887d6758f042a4889fb7c,b91168cac9fbb62d3c24dd35b4701faa86a0defa9a3f649b35f0989c4b00b381,bitcoin,,unknown,whale,2025-11-15T14:01:57.699Z,unknown,BTC,0.00076845,73.95,
691887d6758f042a4889fb7d,fe65f7d3c2af962a1249fd831f76ceffd33a767d160b2f89e1eb77c7faaceb71,bitcoin,,unknown,whale,2025-11-15T14:01:57.768Z,unknown,BTC,0.00118217,113.77,
691887d6758f042a4889fb7e,c2e9de3d7d659aec0a878bbee66cc7b49e9235911112d38c1a13426a78faf60b,bitcoin,,unknown,whale,2025-11-15T14:01:57.834Z,unknown,BTC,0.00104171,100.25,
691887d6758f042a4889fb7f,7492addf3eb02b0bd9c8690f171674c7e4e562b613f23c58497d528fd01fc29d,bitcoin,,unknown,whale,2025-11-15T14:01:57.901Z,unknown,BTC,0.00142009,136.66,
691887d6758f042a4889fb80,eb22faf28d989014908be666e986616d4d3b54e2051c95309b5f6d896b5c4f19,bitcoin,,unknown,whale,2025-11-15T14:01:57.969Z,unknown,BTC,0.0242456,2333.28,
691887d6758f042a4889fb81,4c2eb01743e7b47269a20b348c110c2e3706a7e6fb20fe58bbb925a9cafde38a,bitcoin,,unknown,whale,2025-11-15T14:01:58.038Z,unknown,BTC,0.00142009,136.66,
691887d7758f042a4889fb82,dc6598ef557f02ff5e6cef0116e4435967c8dca6b66e8316389344743f7a8bd4,bitcoin,,unknown,whale,2025-11-15T14:01:58.107Z,unknown,BTC,0.00142009,136.66,
691887d7758f042a4889fb83,340dd91e0257183113c59590d476832e1a42d7a0133e59bad6ad23b68dbace5c,bitcoin,,unknown,whale,2025-11-15T14:01:58.173Z,unknown,BTC,0.01326,1276.08,
691887d7758f042a4889fb84,929d831383b423f8a34405f0eed04ea54052f81b96cf9fdad9c367c89fcb7487,bitcoin,,unknown,whale,2025-11-15T14:01:58.241Z,unknown,BTC,0.02101707,2022.58,
691887d7758f042a4889fb85,53c3121cd46316cda5128eaea6d5871d9e20a833918fee7adf284d1f23c4203b,bitcoin,,unknown,whale,2025-11-15T14:01:58.307Z,unknown,BTC,0.00984575,947.51,
691887d7758f042a4889fb86,cd668335488ad5e83dcbe00f8b5c03bca66332401c6c4ffe68c3e51370c4a44e,bitcoin,,unknown,whale,2025-11-15T14:01:58.373Z,unknown,BTC,0.000407,39.17,
691887d7758f042a4889fb87,dee79ed30f97bdf7a19645abc605c94cf47c2423c0369c1515364a4f5cc3a620,bitcoin,,unknown,whale,2025-11-15T14:01:58.441Z,unknown,BTC,0.001634,157.25,
691887d7758f042a4889fb88,ffc29bb1d14f20fd77c46d21c137216a57ae63a302afcf7472c4cc5605e8de38,bitcoin,,unknown,whale,2025-11-15T14:01:58.510Z,unknown,BTC,0.02716729,2614.44,
691887d7758f042a4889fb89,85604ae66383d86a0652d2ce0d98a3c8635adbbc2c1c7af1bd8793870bc868a2,bitcoin,,unknown,whale,2025-11-15T14:01:58.578Z,unknown,BTC,0.01766498,1699.99,
691887d7758f042a4889fb8a,fe01fb56c910c3bb0c065e38a300118cb766bdfc4b132944e916619a480127b6,bitcoin,,unknown,whale,2025-11-15T14:01:58.645Z,unknown,BTC,0.07529384,7245.9,
691887d7758f042a4889fb8b,ac9aeb366dacad4e929c7dc83f23e090b291667a91d1284788cf1e747ade4325,bitcoin,,unknown,whale,2025-11-15T14:01:58.716Z,unknown,BTC,0.01675611,1612.52,
691887d7758f042a4889fb8c,1366f86319c7a19aabd5439f55120ed2e1fad054c19dd613a3cbfc551c270922,bitcoin,,unknown,whale,2025-11-15T14:01:58.795Z,unknown,BTC,0.00142009,136.66,
691887d7758f042a4889fb8d,b8731eb357a5a86b0a2ffb65e562b04ed2b8c5c826e9e493e5617c999f7015e4,bitcoin,,unknown,whale,2025-11-15T14:01:58.862Z,unknown,BTC,0.02042207,1965.32,
691887d7758f042a4889fb8e,e5974a61eed8c03a038602dbe1440e5d4a6aa198dd1f6f781f23a6961f329d80,bitcoin,,unknown,whale,2025-11-15T14:01:58.930Z,unknown,BTC,0.012043,1158.96,
691887d7758f042a4889fb8f,a5e3596e7b3272be4b821c8fbe2d0b08b3451331376944588bf74d5e564c64dd,bitcoin,,unknown,whale,2025-11-15T14:01:58.997Z,unknown,BTC,0.00011789,11.35,
691887d8758f042a4889fb90,467641adcd91f32727c9c78a756dcb250391085925cc5927ae420125a9b843d8,bitcoin,,unknown,whale,2025-11-15T14:01:59.067Z,unknown,BTC,0.032852,3161.51,
691887d8758f042a4889fb91,65c58b4634bfee7256c3e38c64757398d3a1d84a78af0c85ffd6c8218236fa0f,bitcoin,,unknown,whale,2025-11-15T14:01:59.134Z,unknown,BTC,0.00020004,19.25,
691887d8758f042a4889fb92,bb3aa561242cc87493526ef815e4502deb658af82e21d662d3cf996db6c2bf34,bitcoin,,unknown,whale,2025-11-15T14:01:59.202Z,unknown,BTC,0.000584,56.2,
691887d8758f042a4889fb93,132bbcb49ee00626839e42cef83012113349c2f969e33ea19ac068e29b595760,bitcoin,,unknown,whale,2025-11-15T14:01:59.269Z,unknown,BTC,0.00351221,338,
691887d8758f042a4889fb94,c053387a5edcadaa3faf1463448ed6871c64a55a60af2efcd8d21ab770ab3c80,bitcoin,,unknown,whale,2025-11-15T14:01:59.343Z,unknown,BTC,1.63997259,157822.76,
691887d8758f042a4889fb95,e855329b1e5df1d8ba0ecea00fc4d35b086047a7af833cedaa2f41f1aa32f880,bitcoin,,unknown,whale,2025-11-15T14:01:59.412Z,unknown,BTC,0.06888499,6629.15,
691887d8758f042a4889fb96,39bc57c09a44764689670f9e0fea4a563153d58e99aef9421adb89208b8964a2,bitcoin,,unknown,whale,2025-11-15T14:01:59.478Z,unknown,BTC,0.00789452,759.73,
691887d8758f042a4889fb97,662f7fd1d54c8bd9c6c630b05bc5291f989fe5c5b0cad9a68a5f7292c78b81f2,bitcoin,,unknown,whale,2025-11-15T14:01:59.547Z,unknown,BTC,0.00032989,31.75,
691887d8758f042a4889fb98,585b567a7ff68f6e69e7bd02deb7dbb4c03203eb5318e1c0e18080ad1d4b8376,bitcoin,,unknown,whale,2025-11-15T14:01:59.615Z,unknown,BTC,1.64012682,157837.6,
691887d8758f042a4889fb99,c47e248513cfa84527549c27dd02efd6089dc9071d1be64cb4901cebf7d29237,bitcoin,,unknown,whale,2025-11-15T14:01:59.683Z,unknown,BTC,1.6368223,157519.59,
691887d8758f042a4889fb9a,7d4becd25b5712ab1ea137aff126a4a5a1aa85c7f225814747b3848276679ca2,bitcoin,,unknown,whale,2025-11-15T14:01:59.754Z,unknown,BTC,1.43110778,137722.66,
691887d8758f042a4889fb9b,36711eff1813d5b215eae4681ff03785a77fd2c78b7033f5fbdc5de2aeece1fa,bitcoin,,unknown,whale,2025-11-15T14:01:59.824Z,unknown,BTC,1.42611426,137242.11,
691887d8758f042a4889fb9c,580de414fd015cd8ed2d9bf4f9d4c61c65511519fafc9a83c5ace8c51d383539,bitcoin,,unknown,whale,2025-11-15T14:01:59.891Z,unknown,BTC,1.38583725,133366.05,
691887d8758f042a4889fb9d,39e0ed582116212d4d52515bab121c034ccfb817add6ba02dc51e0ec7720d449,bitcoin,,unknown,whale,2025-11-15T14:01:59.961Z,unknown,BTC,1.38567121,133350.07,
691887d8758f042a4889fb9e,fc5e033b5372b9fabaf2819b259133f500bb785902e1a9e446e206ed3c08791b,bitcoin,,unknown,whale,2025-11-15T14:02:00.036Z,unknown,BTC,1.38241317,133036.53,
691887d9758f042a4889fb9f,64d80da0bbc6ce7379cc75e30aae4db10dac2b8e190d2e0db8a7ef6125600d22,bitcoin,,unknown,whale,2025-11-15T14:02:00.103Z,unknown,BTC,1.37077121,131916.17,
691887d9758f042a4889fba0,2eb8f9b79f6f9c2c64bd304dbd7d27fab79e921f8d5333282d7b846f07d0c010,bitcoin,,unknown,whale,2025-11-15T14:02:00.171Z,unknown,BTC,1.36076617,130953.33,
691887d9758f042a4889fba1,1031fb7b12515f7cd7732df6e9231bc59dc0da226ee8d8cc1364ca13a5b02925,bitcoin,,unknown,whale,2025-11-15T14:02:00.241Z,unknown,BTC,1.33216913,128201.3,
691887d9758f042a4889fba2,bee4b21e04486efe830e0c7f03b939efafd73926db003388a0a6745e8185cbb3,bitcoin,,unknown,whale,2025-11-15T14:02:00.318Z,unknown,BTC,1.25711109,120978.09,
691887d9758f042a4889fba3,59547dd6d13170625c9a9cbedd357209547539798eaa4475b048f64a93b12881,bitcoin,,unknown,whale,2025-11-15T14:02:00.385Z,unknown,BTC,1.24172105,119497.03,
691887d9758f042a4889fba4,200f4275f47cac1d4a83b62b5c0ff74cec9690749728f1c130d195e20e42368d,bitcoin,,unknown,whale,2025-11-15T14:02:00.453Z,unknown,BTC,1.22632649,118015.53,
691887d9758f042a4889fba5,1fcb24f9ce6699b74ea136fd7ed45044e27918f03fb079a24d67fffdd1e9f0ff,bitcoin,,unknown,whale,2025-11-15T14:02:00.522Z,unknown,BTC,1.16466093,112081.14,
691887d9758f042a4889fba6,3fa72f2dedda11cfa4f354bbb27abcb739dd0d70cb5e87919deb31fcf662bb80,bitcoin,,unknown,whale,2025-11-15T14:02:00.588Z,unknown,BTC,1.15468537,111121.15,
691887d9758f042a4889fba7,3c46dd04c58e7071525bd7615b99b716e84391a297d19d5f71e4c5edbd0cb17c,bitcoin,,unknown,whale,2025-11-15T14:02:00.654Z,unknown,BTC,1.13931681,109642.15,
691887d9758f042a4889fba8,a406c251f21700a5ef52eea49bc81a4af68f2eb9b8738d75b1ee69c003bbb90e,bitcoin,,unknown,whale,2025-11-15T14:02:00.727Z,unknown,BTC,1.12562025,108324.06,
691887d9758f042a4889fba9,ddebe24d5b7f921554a54b32869ab0a1fde4e755d4ecd16cfe090c66cb087dc2,bitcoin,,unknown,whale,2025-11-15T14:02:00.795Z,unknown,BTC,0.08795051,8463.92,
691887d9758f042a4889fbaa,7f8056b5ae5c01d55d7d5ea71570ed516385aa831704bdb9702c9da79210a47e,bitcoin,,unknown,whale,2025-11-15T14:02:00.862Z,unknown,BTC,0.13025581,12535.17,
691887d9758f042a4889fbab,1cbbdbe7cd2ff5846bb017e5a38c81ae1d7311f90ac0f2197db68c9d030de068,bitcoin,,unknown,whale,2025-11-15T14:02:00.929Z,unknown,BTC,0.008048,774.5,
691887d9758f042a4889fbac,6973c9ddce7f82d345d7ddf4694413ea81bc4f1dc3fed74b07a1092e9b7dae6e,bitcoin,,unknown,whale,2025-11-15T14:02:00.997Z,unknown,BTC,0.07321848,7046.18,
691887da758f042a4889fbad,40a89b3d59a0560570ea70e7372be33c8d06823f9870d765622ef272cad0f9fe,bitcoin,,unknown,whale,2025-11-15T14:02:01.067Z,unknown,BTC,0.01160397,1116.71,
691887da758f042a4889fbae,a614d81b9722a774710938502ecdfc38d133141223cc14a2687d8f690a815740,bitcoin,,unknown,whale,2025-11-15T14:02:01.135Z,unknown,BTC,0.00874361,841.44,
691887da758f042a4889fbaf,f275f0ceeaa4fb5434071bda677b0c1f585c305a88c424c315378a7b0d25a65a,bitcoin,,unknown,whale,2025-11-15T14:02:01.203Z,unknown,BTC,0.00453766,436.68,
691887da758f042a4889fbb0,f86c6e7101bef18a1c9c4420971f7f886e610ca93acece37b84a7d1bdae0f1a8,bitcoin,,unknown,whale,2025-11-15T14:02:01.269Z,unknown,BTC,0.00674115,648.73,
691887da758f042a4889fbb1,531f2accce731555e8fb36b3a36d383d3cb883a26d5a7be3479753e4e39f8cc3,bitcoin,,unknown,whale,2025-11-15T14:02:01.340Z,unknown,BTC,0.01891014,1819.82,
691887da758f042a4889fbb2,53de1b0b85d3a07a67d13df26c3e2ecf0612f0e24565ec336f07917bfb29ab36,bitcoin,,unknown,whale,2025-11-15T14:02:01.408Z,unknown,BTC,0.0508129,4889.98,
691887da758f042a4889fbb3,bcfbfc2a2ab2c2f42ff0d35697ed04bd29f5209b8a82badf41f4bcc915684b5a,bitcoin,,unknown,whale,2025-11-15T14:02:01.475Z,unknown,BTC,0.0404118,3889.03,
691887da758f042a4889fbb4,626edea8cc5c625ff13c2e2de8559d8385efc473ee373797c877af260dcd37de,bitcoin,,unknown,whale,2025-11-15T14:02:01.548Z,unknown,BTC,0.03001958,2888.93,
691887da758f042a4889fbb5,6e48d8db1f2781c20adedb2af9973b1b609bc842ceb15f40314e93cdae783390,bitcoin,,unknown,whale,2025-11-15T14:02:01.615Z,unknown,BTC,0.08348982,8034.64,
691887da758f042a4889fbb6,0301f63970a6f61cec572ce90d8d2ff4558978f115335f55b29023ababa3e778,bitcoin,,unknown,whale,2025-11-15T14:02:01.686Z,unknown,BTC,0.00258578,248.84,
691887da758f042a4889fbb7,08e1232263ad09f500545f51f966adb68fcf26156243c92cab9132666eb3b207,bitcoin,,unknown,whale,2025-11-15T14:02:01.754Z,unknown,BTC,0.00930462,895.43,
691887da758f042a4889fbb8,62ac80ce7b411c11fdb52ff636d5f44238c4390980eec7c3ce65f2024e900a1d,bitcoin,,unknown,whale,2025-11-15T14:02:01.824Z,unknown,BTC,0.00465281,447.76,
691887da758f042a4889fbb9,43b013bd5a5ee4d8f0a68306d56157f080d5fb6ff98afddfcb26ae7272ae9f1d,bitcoin,,unknown,whale,2025-11-15T14:02:01.890Z,unknown,BTC,0.02946687,2835.74,
691887da758f042a4889fbba,90c120deb7a142ac8110368d0b24aac2d6f57880eed4637ab8ebbc6cee1ab22e,bitcoin,,unknown,whale,2025-11-15T14:02:01.958Z,unknown,BTC,0.01218216,1172.35,
691887da758f042a4889fbbb,df792aae03f22aa3e9e6bea5a1cf591dc35f1db4fd0af34573f215236627558f,bitcoin,,unknown,whale,2025-11-15T14:02:02.025Z,unknown,BTC,0.01124888,1082.54,
691887db758f042a4889fbbc,ce18417b4ad0fbf3abdcea89f7c7aec93fd7e8985b1e0c854019c9cefc3c1522,bitcoin,,unknown,whale,2025-11-15T14:02:02.094Z,unknown,BTC,0.3906077,37590.13,
691887db758f042a4889fbbd,ce98588d30aca77c6643d7b5ea1d39b893e83ada253a5893d208d4a58bb5e4c0,bitcoin,,unknown,whale,2025-11-15T14:02:02.161Z,unknown,BTC,0.09390788,9037.22,
691887db758f042a4889fbbe,78461132c4d675216ce3190111d64b7a33cdce689cc0a14daad682c38cef78d7,bitcoin,,unknown,whale,2025-11-15T14:02:02.228Z,unknown,BTC,0.08214684,7905.4,
691887db758f042a4889fbbf,087394804d46c41aafc8b3256e82e902f9613e9ddd038f084515a919fc28ae71,bitcoin,,unknown,whale,2025-11-15T14:02:02.296Z,unknown,BTC,0.00194637,187.31,
691887db758f042a4889fbc0,492a88579ad0f809d008297dccdd5c808f45290940a356bd9f71dfb5c161c009,bitcoin,,unknown,whale,2025-11-15T14:02:02.362Z,unknown,BTC,0.08599525,8275.75,
691887db758f042a4889fbc1,f2718856f12e05856efe675d7a14849098312d0857f49de9e80611918b803533,bitcoin,,unknown,whale,2025-11-15T14:02:02.430Z,unknown,BTC,0.09014277,8674.89,
691887db758f042a4889fbc2,2a76265fdd7f21e84feecdb3af47f69002fbd29c475b42b7f6f1d702b428a38c,bitcoin,,unknown,whale,2025-11-15T14:02:02.497Z,unknown,BTC,0.089263,8590.22,
691887db758f042a4889fbc3,b40e03d64ac28b1ad4f854fc0c4cadfe40bd28b7b4e63b2f2a109dfa33d4f2bd,bitcoin,,unknown,whale,2025-11-15T14:02:02.570Z,unknown,BTC,0.08640292,8314.99,
691887db758f042a4889fbc4,5cfed215ae9ebabcb7a71a343e18ee88bf2a4c4f1caf66637425e2d3588f58c7,bitcoin,,unknown,whale,2025-11-15T14:02:02.638Z,unknown,BTC,0.08804777,8473.28,
691887db758f042a4889fbc5,3c4641a391aa766c0ff1fab00ac65893a3760d6e9db41f82f3f5ddbbd98c03f0,bitcoin,,unknown,whale,2025-11-15T14:02:02.705Z,unknown,BTC,19.1559126,1843469.25,
691887db758f042a4889fbc6,7f6a98878cb61c5a49c11bfa1b2e1aba77f1e34f774f4520eb4b316bb705cacc,bitcoin,,unknown,whale,2025-11-15T14:02:02.774Z,unknown,BTC,84.99998617,8179973.67,
691887db758f042a4889fbc7,95e08241f3ce078ed77d4d7ccef7a2b6254d6fd579e1887886df4be49d78ab52,bitcoin,,unknown,whale,2025-11-15T14:02:02.844Z,unknown,BTC,0.00018717,18.01,
691887db758f042a4889fbc8,f4235329052ae7521f621988cfaca137c8526e420a2d596deae3fb975ad48f01,bitcoin,,unknown,whale,2025-11-15T14:02:02.916Z,unknown,BTC,0.00964453,928.14,
691887db758f042a4889fbc9,5c477d8a0fd9809a1d387a68aef28d11dda24715eefbb708224d6d16a99731d3,bitcoin,,unknown,whale,2025-11-15T14:02:02.984Z,unknown,BTC,0.00002082,2,
691887db758f042a4889fbca,ede568048645dce8eadd916fff46990ec9d0f9fb46da50f88671dfe11430d111,bitcoin,,unknown,whale,2025-11-15T14:02:03.054Z,unknown,BTC,2.08125585,200289.66,
691887dc758f042a4889fbcb,71b40de08cdac5f7ce2bb4123670856410a1929d648853335f051ac171670766,bitcoin,,unknown,whale,2025-11-15T14:02:03.123Z,unknown,BTC,0.40531586,39005.57,
691887dc758f042a4889fbcc,a8620b1a398aef5baa2ef8d2278526a248f6373c446f7314e12442302cbbda02,bitcoin,,unknown,whale,2025-11-15T14:02:03.190Z,unknown,BTC,0.00413023,397.47,
691887dc758f042a4889fbcd,e1b9727d7e2a62c3cdc8e16521b146fe4a6833ea0ff557639800e2ee4e2edf46,bitcoin,,unknown,whale,2025-11-15T14:02:03.258Z,unknown,BTC,19.52452058,1878942.24,
691887dc758f042a4889fbce,0e2e206c9aeb2353b9f955b11b7014ebb4f7c248f88e44c790a90d96381915f0,bitcoin,,unknown,whale,2025-11-15T14:02:03.325Z,unknown,BTC,0.47842114,46040.86,
691887dc758f042a4889fbcf,51fc1f0daa820dc614af2f2ecaa497cb719298c5208cc0bc84247f8258c732d9,bitcoin,,unknown,whale,2025-11-15T14:02:03.395Z,unknown,BTC,0.46840968,45077.41,
691887dc758f042a4889fbd0,01e102b26ff1792416067fd421648d41c631808df2d38ee754190ca798fb5b3d,bitcoin,,unknown,whale,2025-11-15T14:02:03.463Z,unknown,BTC,3.22307028,310172.17,
691887dc758f042a4889fbd1,7b5a9bee08cde026983d89e24888e5117d5e2c87fc0f5c5c2d83df7096f2bb79,bitcoin,,unknown,whale,2025-11-15T14:02:03.531Z,unknown,BTC,0.00106152,102.16,
691887dc758f042a4889fbd2,149fecd80fe2d3f00ac50ff2f3f9219ba6b3dba35523fdf48b75447f2ddfc1fc,bitcoin,,unknown,whale,2025-11-15T14:02:03.600Z,unknown,BTC,0.05501484,5294.35,
691887dc758f042a4889fbd3,466a2fe3fa57457de0b332cea8ec7769173a7a6bb57c8a83609812eb50b8f8af,bitcoin,,unknown,whale,2025-11-15T14:02:03.668Z,unknown,BTC,0.0079442,764.51,
691887dc758f042a4889fbd4,735963130246e180fc9327c80d595aded170c8cf01e19c93ac5d498108202ad4,bitcoin,,unknown,whale,2025-11-15T14:02:03.736Z,unknown,BTC,0.00010858,10.45,
691887dc758f042a4889fbd5,97704e333e2df4dd92f2f00f9a22750763058d3163a14739a7fe510d053e11ec,bitcoin,,unknown,whale,2025-11-15T14:02:03.808Z,unknown,BTC,0.35583475,34243.76,
691887dc758f042a4889fbd6,ef7505e40a21a37f6789706414155fa712dbd55619487ee0d700a6169d7a142b,bitcoin,,unknown,whale,2025-11-15T14:02:03.888Z,unknown,BTC,0.00482079,463.93,
691887dc758f042a4889fbd7,1fd88307e08cd6fb2e4a08614dd8348ef0a31f7ed702898f62af53ae44098f9e,bitcoin,,unknown,whale,2025-11-15T14:02:03.955Z,unknown,BTC,0.02997575,2884.72,
691887dc758f042a4889fbd8,af7091221e4da7cd9bcff8f548554dddfc2725b4070ce688e37a67417dbab925,bitcoin,,unknown,whale,2025-11-15T14:02:04.030Z,unknown,BTC,0.03148146,3029.62,
691887dd758f042a4889fbd9,936ed2a2d0f154a28323d969bc9ec6550ff782991a7c10d1109b4cb333f74241,bitcoin,,unknown,whale,2025-11-15T14:02:04.098Z,unknown,BTC,0.00138957,133.73,
691887dd758f042a4889fbda,01752282c95c4f5983c98d6a87cd8e7f9e33b2a3ad6d65afff9a3a8a71edacf0,bitcoin,,unknown,whale,2025-11-15T14:02:04.166Z,unknown,BTC,0.01829629,1760.74,
691887dd758f042a4889fbdb,30f254add57af9d47b84e54d9c56fdda83e7bf38c6b9084b0ce3d9510be21245,bitcoin,,unknown,whale,2025-11-15T14:02:04.237Z,unknown,BTC,36.14455826,3478371.56,
691887dd758f042a4889fbdc,38b135c2325d565bef14e9372e1c3076c092ec3e8498fbd85e14232fb7756b4c,bitcoin,,unknown,whale,2025-11-15T14:02:04.307Z,unknown,BTC,8.18594076,787774.01,
691887dd758f042a4889fbdd,cbfb37bc6c4c83c92f4802a5c52883de5bc93b288f578e9ee6f6053f7411fb91,bitcoin,,unknown,whale,2025-11-15T14:02:04.376Z,unknown,BTC,0.00526447,506.63,
691887dd758f042a4889fbde,8effaa5a012f0a8d606473d52f2efea08e9b1a97c31070abff65e47c9428bb3e,bitcoin,,unknown,whale,2025-11-15T14:02:04.444Z,unknown,BTC,0.58907967,56690.08,
691887dd758f042a4889fbdf,22f7699fc29b6d79c6ef7d552026a0fd8a8fd1f7ab7e8506e1c3666af9763b05,bitcoin,,unknown,whale,2025-11-15T14:02:04.522Z,unknown,BTC,45.27178513,4356730.24,
691887dd758f042a4889fbe0,1869a7ed7ca127f738fe503818a87d0ca22d3fbdad2df717ede3348f2ca9f905,bitcoin,,unknown,whale,2025-11-15T14:02:04.590Z,unknown,BTC,0.38760693,37301.35,
691887dd758f042a4889fbe1,a7edcaf9d6ea8c70b3e22641fb76007171419f2f0a4d57eea7cd283610658b09,bitcoin,,unknown,whale,2025-11-15T14:02:04.657Z,unknown,BTC,46.72280959,4496369.58,
691887dd758f042a4889fbe2,667ed900188276db58879bbe795011d92e2a565d144f9f846541d82da8a2ae0b,bitcoin,,unknown,whale,2025-11-15T14:02:04.739Z,unknown,BTC,0.61339996,59030.55,
691887dd758f042a4889fbe3,8c2ce0dacca4caf830587c3cfb3128f72cc4bb4546dd99a07e09ae626075b90d,bitcoin,,unknown,whale,2025-11-15T14:02:04.806Z,unknown,BTC,0.96961084,93310.5,
691887dd758f042a4889fbe4,c3ab408a08ad823deb69791e55c47162bffb135f7738ac4b64efc72085b16712,bitcoin,,unknown,whale,2025-11-15T14:02:04.875Z,unknown,BTC,0.3818563,36747.94,
691887dd758f042a4889fbe5,762d3548a6bf966f4c954d0fa7216947db22257c54d5a5da7d9df480835b481d,bitcoin,,unknown,whale,2025-11-15T14:02:04.946Z,unknown,BTC,0.00534443,514.32,
691887dd758f042a4889fbe6,5800e69e0badb8e3bce06589b50732ed5effba4a6a19d16c8fa4b7830ba4701d,bitcoin,,unknown,whale,2025-11-15T14:02:05.015Z,unknown,BTC,1.22985872,118355.45,
691887de758f042a4889fbe7,0ed40e97671fca8757f7cb03c9f7e448ee555f62b2d0061c517ad1c12f74df22,bitcoin,,unknown,whale,2025-11-15T14:02:05.082Z,unknown,BTC,42.26844928,4067704.22,
691887de758f042a4889fbe8,118b9c2b3fe0963a88cc8acc755561478a8b2cc0f8b8ae77afe8a0e903cf6228,bitcoin,,unknown,whale,2025-11-15T14:02:05.154Z,unknown,BTC,46.6499443,4489357.39,
691887de758f042a4889fbe9,d594f3d691e5a45b3d3534db2c833cbf7c6f77520fa5bba5649be6173f027529,bitcoin,,unknown,whale,2025-11-15T14:02:05.222Z,unknown,BTC,0.0010371,99.81,
691887de758f042a4889fbea,8a12fd1a6ba9cc3a6e7e34af282396f29620eea1fdbb1f625e1c6fb230ffba2a,bitcoin,,unknown,whale,2025-11-15T14:02:05.290Z,unknown,BTC,42.98262523,4136432.94,
691887de758f042a4889fbeb,f881086fb9ac3d3e3d7f33e4443933fdc3e3a6c7697849cf5694e1d05bfbb231,bitcoin,,unknown,whale,2025-11-15T14:02:05.359Z,unknown,BTC,2.20600345,212294.74,
691887de758f042a4889fbec,c312c3410f9d2b827ae300d8ea111b5d0acd880a51d7f40ce72b36edf8022935,bitcoin,,unknown,whale,2025-11-15T14:02:05.428Z,unknown,BTC,46.51650534,4476515.89,
691887de758f042a4889fbed,92d60af1eabfc83bf336500f28b16a3031ac50bb8eab856c40ee68f12e7fec37,bitcoin,,unknown,whale,2025-11-15T14:02:05.495Z,unknown,BTC,7.48621699,720436.09,
691887de758f042a4889fbee,4eaa3241f6e802af8fc572a1784dd4b5806497ab924597d85efa50105137c43d,bitcoin,,unknown,whale,2025-11-15T14:02:05.565Z,unknown,BTC,0.01500076,1443.6,
691887de758f042a4889fbef,a78dedba011e775f6dadb0df75f76bb0461ebd8b765977f0ddc1bbee65bff53e,bitcoin,,unknown,whale,2025-11-15T14:02:05.636Z,unknown,BTC,47.02161048,4525124.68,
691887de758f042a4889fbf0,911da544e40ca11d67e190c9c451ffb7c55f3ab6e2cd22c3c59e615743a5f040,bitcoin,,unknown,whale,2025-11-15T14:02:05.705Z,unknown,BTC,0.24034941,23130.03,
691887de758f042a4889fbf1,99e9449ffb3c376d43187e7da20f06b430a9e16f2f490cde073f01a812fb4341,bitcoin,,unknown,whale,2025-11-15T14:02:05.772Z,unknown,BTC,0.01129295,1086.78,
691887de758f042a4889fbf2,fd81c257634eefe454766f7a7bc27ec8d7732975763219a5bedcb1c733e82043,bitcoin,,unknown,whale,2025-11-15T14:02:05.838Z,unknown,BTC,0.052541,5056.28,
691887de758f042a4889fbf3,1a4ac16260b06948b4ca4724985e644b41f2f48041f90b88ab67982790b83f43,bitcoin,,unknown,whale,2025-11-15T14:02:05.906Z,unknown,BTC,47.08642344,4531361.96,
691887de758f042a4889fbf4,5bc01baa5b45d91be175a9877121a1917d4321bac73db7d28e9c1daa52f68c4a,bitcoin,,unknown,whale,2025-11-15T14:02:05.975Z,unknown,BTC,0.02143742,2063.03,
691887de758f042a4889fbf5,7e9b505f30bba64b8b98fd77238ec562801896f2f066ef173be5f65199089f4a,bitcoin,,unknown,whale,2025-11-15T14:02:06.045Z,unknown,BTC,44.94145773,4324941.18,
691887df758f042a4889fbf6,7e047d171fbad7d9d62001638b809dc2f18e15875d40d86047ff41f61952a64d,bitcoin,,unknown,whale,2025-11-15T14:02:06.116Z,unknown,BTC,26.93792568,2592371.28,
691887df758f042a4889fbf7,067ee85931db4ae19b58ca0f41f3a53f7f25d5196549f02a3cb7ba6af0d5f44e,bitcoin,,unknown,whale,2025-11-15T14:02:06.200Z,unknown,BTC,45.50996937,4379651.9,
691887df758f042a4889fbf8,221709362d005a407e3878559381f4117c37fb07b8811534caba7000e0f2d550,bitcoin,,unknown,whale,2025-11-15T14:02:06.269Z,unknown,BTC,3.61789121,348167.76,
691887df758f042a4889fbf9,ee380539f2f37512575eb86dc99b5ad5e8d1cef084252ba2f62ce03036136751,bitcoin,,unknown,whale,2025-11-15T14:02:06.336Z,unknown,BTC,0.13357609,12854.7,
691887df758f042a4889fbfa,9ffe259324b35d63fae1a6157b6d931feca4bdec3b1cf5215b86d0541f04d555,bitcoin,,unknown,whale,2025-11-15T14:02:06.403Z,unknown,BTC,0.05236366,5039.22,
691887df758f042a4889fbfb,468d1adef597ef0cb88ac1d0a1c72835a427c2524d131ca51abab5bf8292d258,bitcoin,,unknown,whale,2025-11-15T14:02:06.475Z,unknown,BTC,0.01245395,1198.51,
691887df758f042a4889fbfc,c6a5879c35df24e632fc353a0f3c052dc289dbc438b8b41c69cf24f1856b3e5a,bitcoin,,unknown,whale,2025-11-15T14:02:06.543Z,unknown,BTC,0.01797765,1730.08,
691887df758f042a4889fbfd,38dfaa3a96ebc02cd28837d80920d63cd29c8519ea5dbc7d927cb134e800665d,bitcoin,,unknown,whale,2025-11-15T14:02:06.613Z,unknown,BTC,1.88129833,181046.74,
691887df758f042a4889fbfe,e9ce408703e10738c214d980674c0c20861f4c3f5bec5c0d703ef4f18a118c5d,bitcoin,,unknown,whale,2025-11-15T14:02:06.680Z,unknown,BTC,0.11844171,11398.24,
691887df758f042a4889fbff,33978d1b1582131e31f798edcce83bceb1bb0a8543aa3a8d57084c6452445a5f,bitcoin,,unknown,whale,2025-11-15T14:02:06.752Z,unknown,BTC,46.37870782,4463254.95,
691887df758f042a4889fc00,048a0f2e9eac61a6212d6ac198c5b7924136d86fb73de5fb7cbaf7aff6ac4e63,bitcoin,,unknown,whale,2025-11-15T14:02:06.821Z,unknown,BTC,0.02963117,2851.56,
691887df758f042a4889fc01,37e09989e30264172137acc98f4b7d6cbb714f46b10929c1d6b076fc94ae7565,bitcoin,,unknown,whale,2025-11-15T14:02:06.888Z,unknown,BTC,41.24204955,3968928.64,
691887df758f042a4889fc02,40ab270ebe628f4887dd6a5bc65bc2b13be7e81a04182b54099f20776100d969,bitcoin,,unknown,whale,2025-11-15T14:02:06.956Z,unknown,BTC,0.00078511,75.56,
691887df758f042a4889fc03,8eb605935f1406a7efcd7b69ea39cf3137c836e64cc46dab4b3d802f0c55936a,bitcoin,,unknown,whale,2025-11-15T14:02:07.026Z,unknown,BTC,46.42605665,4467811.56,
691887e0758f042a4889fc04,8927082e99cfdfc1cc3ca0a01714f40350bc8b1469bbaedfec9db8646ca0ac6d,bitcoin,,unknown,whale,2025-11-15T14:02:07.101Z,unknown,BTC,13.41193475,1290697.54,
691887e0758f042a4889fc05,606bcb71872720db22959a057757c23cc0a47b5ac6086bc251396fa581e8946e,bitcoin,,unknown,whale,2025-11-15T14:02:07.170Z,unknown,BTC,21.1806281,2038317.75,
691887e0758f042a4889fc06,63da5f7ccb16fafcf8e4ae678ac3c4d607d16ad98aaaf7343ed59eb84183486f,bitcoin,,unknown,whale,2025-11-15T14:02:07.236Z,unknown,BTC,0.01846995,1777.46,
691887e0758f042a4889fc07,1c0fa393b76d9e3fad1d418b943382a6f3a871dc81d2008c5c6a87f4d50c4a6f,bitcoin,,unknown,whale,2025-11-15T14:02:07.306Z,unknown,BTC,45.72534225,4400378.31,
691887e0758f042a4889fc08,2ca3f7fcd97139a4d45e1427e4eadb2c2d63d167c2c9acd47c77b1dc0d695373,bitcoin,,unknown,whale,2025-11-15T14:02:07.376Z,unknown,BTC,2.64104755,254161.21,
691887e0758f042a4889fc09,15cedd47a7150bd1ca030ce1d789501d0895da020979983da1778729bdcdec73,bitcoin,,unknown,whale,2025-11-15T14:02:07.447Z,unknown,BTC,45.63502374,4391686.51,
691887e0758f042a4889fc0a,acf21b5851344308ab0eba7adcd3c12748c32dc2965da0d00f3cd7134d877575,bitcoin,,unknown,whale,2025-11-15T14:02:07.516Z,unknown,BTC,22.66120756,2180801.31,
691887e0758f042a4889fc0b,7bcfc718f1c01e93f611ce3c55c761831eb2e21fb327e0147d9c8ff1a9d17b76,bitcoin,,unknown,whale,2025-11-15T14:02:07.597Z,unknown,BTC,1.58905486,152922.69,
691887e0758f042a4889fc0c,8d5e77071f9af34a717b195886f402dddc1422a24f3ec5d1e6181c57d362d976,bitcoin,,unknown,whale,2025-11-15T14:02:07.665Z,unknown,BTC,0.30189221,29052.6,
691887e0758f042a4889fc0d,b5e0e6112a833e76b7056b50ddcc334068cbaacf422bcee6aff8f5d225257477,bitcoin,,unknown,whale,2025-11-15T14:02:07.731Z,unknown,BTC,46.96875462,4520038.1,
691887e0758f042a4889fc0e,6dc6272e565dddbd568e7c23bb39c12d2d0f29e2b246e217c637cffcc29dbc77,bitcoin,,unknown,whale,2025-11-15T14:02:07.799Z,unknown,BTC,0.0009929,95.55,
691887e0758f042a4889fc0f,e22a23e71267bcf21466861a0b03bdd274e30e6824a8d39ad5a5a500e4c4c778,bitcoin,,unknown,whale,2025-11-15T14:02:07.866Z,unknown,BTC,4.31938998,415676.49,
691887e0758f042a4889fc10,ec90c6485bb851e7f0dcdf1484e2747c0dce405f0503dda73434dbe77b9abd7a,bitcoin,,unknown,whale,2025-11-15T14:02:07.934Z,unknown,BTC,0.59271055,57039.5,
691887e0758f042a4889fc11,7f8ab2f4f1637d4ee50767aa28aaddec5896dac12e62fadb5ad1f41a2702617c,bitcoin,,unknown,whale,2025-11-15T14:02:08.003Z,unknown,BTC,2.19273241,211017.6,
691887e1758f042a4889fc12,136eaeccad690611738907c292991f379d8cbc441954789447e56470cebed27d,bitcoin,,unknown,whale,2025-11-15T14:02:08.071Z,unknown,BTC,22.39953935,2155619.67,
691887e1758f042a4889fc13,0afd41e48b393a4570654a3d0014446a2504aa4e22a001690f838c82ddff8280,bitcoin,,unknown,whale,2025-11-15T14:02:08.138Z,unknown,BTC,38.79044519,3732998.49,
691887e1758f042a4889fc14,f5402ffc91e778a08e4c1ead606521b692493895a8900ca51794410e0f384281,bitcoin,,unknown,whale,2025-11-15T14:02:08.206Z,unknown,BTC,24.52497826,2360161.28,
691887e1758f042a4889fc15,a1834ac90e7039e4945817ad3c2e4d80e0a6b6afd329071db4bba00a1f161085,bitcoin,,unknown,whale,2025-11-15T14:02:08.276Z,unknown,BTC,0.00146276,140.77,
691887e1758f042a4889fc16,418f8063d6a01aa783e9fe6f6d24714c3a900a23049dbb49edbe789501471c87,bitcoin,,unknown,whale,2025-11-15T14:02:08.348Z,unknown,BTC,44.64914013,4296810,
691887e1758f042a4889fc17,937e50b4f4ed77bd0c5b45c0addf829a35ca4f8685cf425e72554880e9a71f8b,bitcoin,,unknown,whale,2025-11-15T14:02:08.414Z,unknown,BTC,0.00060035,57.77,
691887e1758f042a4889fc18,cdb4865318ff59ad9cebd68c942b99a67bda764aa02604afe1da1e6c80685d8b,bitcoin,,unknown,whale,2025-11-15T14:02:08.484Z,unknown,BTC,5.16236794,496800.48,
691887e1758f042a4889fc19,38372aeae5277fd4e90f24fbbd352fa5b1b107ca6bd732eeb852b661328e2b8f,bitcoin,,unknown,whale,2025-11-15T14:02:08.551Z,unknown,BTC,1.52649279,146902.03,
691887e1758f042a4889fc1a,a132330da842f9b9e791c34fa08666432cf435f9917f38d8ce4e68ea62472790,bitcoin,,unknown,whale,2025-11-15T14:02:08.618Z,unknown,BTC,0.00928719,893.75,
691887e1758f042a4889fc1b,c0e1f72f13fa584f46c62735f176dcc70d3377fdbe0b7f660f7674a9e00c5d92,bitcoin,,unknown,whale,2025-11-15T14:02:08.687Z,unknown,BTC,0.00921803,887.1,
691887e1758f042a4889fc1c,506bcd0697d9d009a9448f5b9693d2194b75d29dc5b34554b19420a01dc14293,bitcoin,,unknown,whale,2025-11-15T14:02:08.755Z,unknown,BTC,0.01312947,1263.51,
691887e1758f042a4889fc1d,9cb19a43268c949977707e046b386a768db3c7a7a1e9cb2ae43d302e51bc6994,bitcoin,,unknown,whale,2025-11-15T14:02:08.824Z,unknown,BTC,0.02621035,2522.35,
691887e1758f042a4889fc1e,286a2d08157c821f8194b80ad959fa3e3f68bb27231e79bf644bcd4e06390099,bitcoin,,unknown,whale,2025-11-15T14:02:08.894Z,unknown,BTC,46.19956951,4446015.57,
691887e1758f042a4889fc20,8676495d37e7e0038f59c04e9f76e7dc99a0b123dea9747053af8d9582ae439c,bitcoin,,unknown,whale,2025-11-15T14:02:08.963Z,unknown,BTC,0.00136184,131.06,
691887e1758f042a4889fc21,4b22b21d659b795af330f4647e47aae48a71a3b506f60a325acf959435c5b79c,bitcoin,,unknown,whale,2025-11-15T14:02:09.033Z,unknown,BTC,6.37495601,613493.89,
691887e2758f042a4889fc22,c7501e2811fd1d3055b3bbdc96b18be724d83a3952c44c13d80969dae12a8fa9,bitcoin,,unknown,whale,2025-11-15T14:02:09.102Z,unknown,BTC,0.00087267,83.98,
691887e2758f042a4889fc23,ffb6c8a63e04985ec1346ceafcf0f760bd334e18aef1a85b62ad2074eee46daf,bitcoin,,unknown,whale,2025-11-15T14:02:09.169Z,unknown,BTC,0.31629642,30438.79,
691887e2758f042a4889fc24,113fc13d1f3e8d68de4ec8a26fe4e4a0597e74e11eea2920161dea9b3f50f1b1,bitcoin,,unknown,whale,2025-11-15T14:02:09.236Z,unknown,BTC,42.94177195,4132501.42,
691887e2758f042a4889fc25,51c9b4656422dd271a29543f1a2620f352ba5a750ca40124f71ae3618f0107b9,bitcoin,,unknown,whale,2025-11-15T14:02:09.302Z,unknown,BTC,1.275418,122739.85,
691887e2758f042a4889fc26,887f3f0dc73cbaaa92c6e43c13ff0516a3a677f131a190993d5335f26456c4b9,bitcoin,,unknown,whale,2025-11-15T14:02:09.370Z,unknown,BTC,1.87840528,180768.33,
691887e2758f042a4889fc27,75a13a42366c0c0ea51b99a800ba7adf5500eafa887a0aa14d6ca1ce1a8a02bb,bitcoin,,unknown,whale,2025-11-15T14:02:09.437Z,unknown,BTC,10.64120623,1024056.48,
691887e2758f042a4889fc28,1ac568c17359ff4e4fa3e83e0619a21c5d9c3efec701a56a9f0f82effb415ebd,bitcoin,,unknown,whale,2025-11-15T14:02:09.505Z,unknown,BTC,0.78783203,75817.02,
691887e2758f042a4889fc29,9c31a2955d8ca5af118fc19c4df599deed858b6aca7e5bd8380a884b7b8e21be,bitcoin,,unknown,whale,2025-11-15T14:02:09.574Z,unknown,BTC,0.00313666,301.86,
691887e2758f042a4889fc2b,a58e5db014331413b55afd961fb68b9096245e2d209a9db0763d6253f115e4bf,bitcoin,,unknown,whale,2025-11-15T14:02:09.641Z,unknown,BTC,0.49725785,47853.61,
691887e2758f042a4889fc2c,11849111428290874da5c0572bc438f8a9e88268a5402655d6363245e52969c2,bitcoin,,unknown,whale,2025-11-15T14:02:09.709Z,unknown,BTC,1.92353042,185110.95,
691887e2758f042a4889fc2d,edb5dc376f41f17b4361f9c5a7a9ee86c798adbe3fb0b6773539a532ff13e0c2,bitcoin,,unknown,whale,2025-11-15T14:02:09.777Z,unknown,BTC,0.44951852,43259.41,
691887e2758f042a4889fc2e,ee2df1cb2d40219302f3aa05b93a01b33f1d5e07e0ea1468cb44b1769d83a4c3,bitcoin,,unknown,whale,2025-11-15T14:02:09.846Z,unknown,BTC,45.85275105,4412639.5,
691887e2758f042a4889fc2f,843e63dce71aeb93a6f992316b2bd4a39a7f204d032e76022f6a7faca69649c5,bitcoin,,unknown,whale,2025-11-15T14:02:09.916Z,unknown,BTC,1.18670955,114202.99,
691887e2758f042a4889fc30,e5fa855797f194ea376667d972596b418154eda4a8cdea4571c9bb18bd33aec7,bitcoin,,unknown,whale,2025-11-15T14:02:09.984Z,unknown,BTC,43.40138489,4176732.27,
691887e2758f042a4889fc31,908bd7fbd3a581fc4aa7179f062591ab604908940b62b9e0dab81cb4051a74ca,bitcoin,,unknown,whale,2025-11-15T14:02:10.052Z,unknown,BTC,1.64262437,158077.96,
691887e3758f042a4889fc32,63e71e32697970411903319f356a54bc2186a8d1274a645fd46e80f4e0b41bcc,bitcoin,,unknown,whale,2025-11-15T14:02:10.120Z,unknown,BTC,0.99098262,95367.21,
691887e3758f042a4889fc33,802afe6df3180b64cd7bb2811d43ed231260b61109ded7e06818f36edc3d2bcf,bitcoin,,unknown,whale,2025-11-15T14:02:10.188Z,unknown,BTC,0.02942921,2832.12,
691887e3758f042a4889fc34,370c8f1ba7f402804d173f9433ae0760f8adc081a82c9921954f10af093fdcd6,bitcoin,,unknown,whale,2025-11-15T14:02:10.258Z,unknown,BTC,0.02883491,2774.93,
691887e3758f042a4889fc35,44c704160200d0c10b1b0c89bb1b1a8bad05243d63e63c8c78a2cfe8a43bf0df,bitcoin,,unknown,whale,2025-11-15T14:02:10.326Z,unknown,BTC,1.4899794,143388.17,
691887e3758f042a4889fc36,c9b01f67667c9d64d5707904a924b05bfbff6de687e07c45cf6ab6dae72620e2,bitcoin,,unknown,whale,2025-11-15T14:02:10.394Z,unknown,BTC,0.00106278,102.28,
691887e3758f042a4889fc37,db19ee49adda3e5f75a39cd641b0aaa9146b810f148620da0c284e35446a44e2,bitcoin,,unknown,whale,2025-11-15T14:02:10.461Z,unknown,BTC,1.01650687,97823.54,
691887e3758f042a4889fc38,b3bef74196b974c864e2722fdc27e91e9acceb3e99c447449c6987c60b1f20e5,bitcoin,,unknown,whale,2025-11-15T14:02:10.528Z,unknown,BTC,44.87847752,4318880.28,
691887e3758f042a4889fc39,37ba1bd26685d919a5cef6a7046df8b794063bf0608cf230fdc6a7f49bd3d0ea,bitcoin,,unknown,whale,2025-11-15T14:02:10.595Z,unknown,BTC,1.8893796,181824.45,
691887e3758f042a4889fc3a,4fc3718e5fa302634e053f636a459d3caccdab13c7dde5c11ae87d4842480deb,bitcoin,,unknown,whale,2025-11-15T14:02:10.663Z,unknown,BTC,0.03414822,3286.25,
691887e3758f042a4889fc3b,b0279cc1f1b9e68c8546376bf198f2d89f0d780104285dcd8264e42c2e0958f2,bitcoin,,unknown,whale,2025-11-15T14:02:10.733Z,unknown,BTC,0.00086824,83.56,
691887e3758f042a4889fc3c,b28e90f0c2bf4de085cf786faded633d61e8eca78813fe31bf2b2ffa0a554bf8,bitcoin,,unknown,whale,2025-11-15T14:02:10.800Z,unknown,BTC,46.61956812,4486434.14,
691887e3758f042a4889fc3d,dd1d13834b18e8ca74e083efc5ca627c4758ad2c0b0bcdd3a6edcffa40086ef9,bitcoin,,unknown,whale,2025-11-15T14:02:10.869Z,unknown,BTC,0.00071329,68.64,
691887e3758f042a4889fc3e,48dc8da8649eb5847ef0ea98a61591c9817c7899af60a1507243ec1900edbafb,bitcoin,,unknown,whale,2025-11-15T14:02:10.938Z,unknown,BTC,0.3765981,36241.92,
691887e3758f042a4889fc3f,ff98e6405896b1890516bd9ae979ea52590c8c7d8630c816c8ddf4b2bc3b6cfd,bitcoin,,unknown,whale,2025-11-15T14:02:11.005Z,unknown,BTC,0.01403969,1351.11,
691887e4758f042a4889fc40,3595ced82a16df0547f8567a22aafc78b64f2473157f33c92b3ff94d79e614fe,bitcoin,,unknown,whale,2025-11-15T14:02:11.072Z,unknown,BTC,0.92320482,88844.62,
691887e4758f042a4889fc41,3d0af50127f802da88b696853714dc7838eb3f57dfeaadbdc1fa28e1398791fe,bitcoin,,unknown,whale,2025-11-15T14:02:11.139Z,unknown,BTC,168.12989501,16179980.45,
691887e4758f042a4889fc42,4cebc5d47fe5927b92b7f642e2fa23f0503ca7c20c318b6c7a30052a16f22262,bitcoin,,unknown,whale,2025-11-15T14:02:11.210Z,unknown,BTC,0.00103192,99.31,
691887e4758f042a4889fc43,d7ceafab3c2836f73217a820296f8b6ff862d7004233436768616e07a1366c78,bitcoin,,unknown,whale,2025-11-15T14:02:11.280Z,unknown,BTC,0.00014529,13.98,
691887e4758f042a4889fc44,7b67622bed3c7c8fe8c308bb3435da883f1f8c0ed5bf7f197104842208b2a9b1,bitcoin,,unknown,whale,2025-11-15T14:02:11.352Z,unknown,BTC,0.00173659,167.12,
691887e4758f042a4889fc45,5fafe103088325252c27f2543628731043694233dcc59d16491484f53fc8ba19,bitcoin,,unknown,whale,2025-11-15T14:02:11.419Z,unknown,BTC,0.020901,2011.41,
691887e4758f042a4889fc46,7accdc9f737106a3c06d3b731b136d3e9bd64a4a669780447df259c2e7327674,bitcoin,,unknown,whale,2025-11-15T14:02:11.487Z,unknown,BTC,0.002687,258.58,
691887e4758f042a4889fc47,8398fffd3bb02258b779ddcd6361d18e0ceab83df698c8ad530a742d653ca928,bitcoin,,unknown,whale,2025-11-15T14:02:11.554Z,unknown,BTC,0.00188454,181.36,
691887e4758f042a4889fc48,f4a78a6ed0cdde7e5a7ca64a8f879c30a2220e4f406d0a57b66747807bdcc550,bitcoin,,unknown,whale,2025-11-15T14:02:11.622Z,unknown,BTC,0.00207348,199.54,
691887e4758f042a4889fc49,e0671db19d138d88f2b3e7b937846240fb7d993cb010f995a65962396659019f,bitcoin,,unknown,whale,2025-11-15T14:02:11.689Z,unknown,BTC,0.03435891,3306.53,
691887e4758f042a4889fc4a,8c77244a7ee7887c9c87cafd103bbfed230d525d4beb8bb704d94480e0a1d927,bitcoin,,unknown,whale,2025-11-15T14:02:11.758Z,unknown,BTC,0.00229942,221.28,
691887e4758f042a4889fc4b,9f8189357cfc2fa4d34ec3c29851c89813fc5c0b421a4617f837499a1b3aa06f,bitcoin,,unknown,whale,2025-11-15T14:02:11.825Z,unknown,BTC,0.01310961,1261.6,
691887e4758f042a4889fc4c,dd212481280514abf6f40a4cbdc8acd5c2dde376248dc047eba0fe28d7035965,bitcoin,,unknown,whale,2025-11-15T14:02:11.896Z,unknown,BTC,0.00378664,364.41,
691887e4758f042a4889fc4d,7c09911e1435a7d2f48122b10a91170d80e370120d44b4d25863f1c544996f7d,bitcoin,,unknown,whale,2025-11-15T14:02:11.964Z,unknown,BTC,0.0129,1241.43,
691887e4758f042a4889fc4e,0e6c8658de16c48811762c54af177b205bf20b90f57a42fafe51194f65dad434,bitcoin,,unknown,whale,2025-11-15T14:02:12.032Z,unknown,BTC,0.00027075,26.06,
69188fbb758f042a4889fd77,4dfe5dcb2d421a73d667ebd108e1b07dddf3c4a5a0ad3cbb85bf07e9018a49c1,ethereum,2025-11-15T14:35:38.482Z,0x6Cc9397c3B38739daCbfaA68EaD5F5D77Ba5F455,whale,2025-11-15T14:35:36.000Z,0x65e88Cb332E30538B51b92ea62ff05778F02D2c2,ETH,0.31387186,997.27,
69188fbc758f042a4889fd78,29c4e0dc29900337602a7ebaaebf02c875b5c79722c29beb3a23939c1e955c7a,ethereum,2025-11-15T14:35:39.548Z,0x476949413e60f33a381869217AEbDA324C5b5379,whale,2025-11-15T14:35:36.000Z,0xD21d4Be2b97a72B58cE1E1ac5A9855683175d24F,ETH,0.009882999999789999,31.4,
69188fc1758f042a4889fd7b,0addb02cb46e49b022e9732b50c498988d3153aca87d8cfa5ada663ab2762a20,ethereum,2025-11-15T14:35:44.468Z,0xa7568Eb05eE9BeB2E0F8aE7e40336c66937faEf7,whale,2025-11-15T14:35:36.000Z,0x2554b421a40F3ABCB0D967494C0f2B2B49980e6c,ETH,0.01,31.77,
69188fc3758f042a4889fd7c,ffe79a4c2904852324f16ab07bcfd4b9f29bd5b87383f588310ccfb940fb0839,ethereum,2025-11-15T14:35:46.112Z,0x42645cE4Dd0B766dE53ee483cbf54bcEa670f9b2,whale,2025-11-15T14:35:36.000Z,0x0E67Ce7da06875eC116654Bdbea4727E5Fa49D47,ETH,0.05,158.87,
69188fcc758f042a4889fd7e,9315eb664a4add743c09d6591db85becdc1eb5dae7e7f086656a4204a1a2cc29,ethereum,2025-11-15T14:35:55.247Z,0x2eCf94a3CD5c5Cd994292c5a25B686115fe9F8Fd,whale,2025-11-15T14:35:36.000Z,0xad0C1732F8581188136c522fA1b948a3eD2d1F0B,ETH,0.0005,1.59,
69188fd1758f042a4889fd80,f36963c0db9a6e5a47cc6cf7d36ff0e2a33b9fdd97443941b403b866a7f228a5,ethereum,2025-11-15T14:36:00.346Z,0xD0592AB3499b9d52bc01D652659f9D5a3C4Dcd65,whale,2025-11-15T14:35:36.000Z,0x253758C8904F64B5E4D4521E64109D056396Bcfb,ETH,9.9702,31678.42,
69188fd1758f042a4889fd81,a494eb7e840cd7f486964f08088e125a28dbefe167cf6e2468241dc663a4c07e,ethereum,2025-11-15T14:36:00.671Z,0x2Ab7Ecde40B6eAb834A11ABd3A185ee4513D4d6c,whale,2025-11-15T14:35:36.000Z,0x0467e9811621faE0ba59F20F3B2462180C004c1E,ETH,0.003,9.53,
69188fd1758f042a4889fd82,bb37660717d5b19ef4550ad91e49ec8955db43dc07da24eb4a98becc2b370f5e,ethereum,2025-11-15T14:36:00.870Z,0x2Ab7Ecde40B6eAb834A11ABd3A185ee4513D4d6c,whale,2025-11-15T14:35:36.000Z,0xfba35bAaB1b84D575480f78aa686137C05eA8bdc,ETH,0.0004,1.27,
69188fd5758f042a4889fd83,1805edec8ab822b52b8a63426bd2fc9eb89204a386e498d7e82d78b147f57b84,ethereum,2025-11-15T14:36:04.799Z,0xC40aEc834AcfBCEe637f361Ac44c883A9829f4a7,whale,2025-11-15T14:35:36.000Z,0xAF4c680E83f782A3d29bCb8f07FF9A0AE4d4d014,ETH,0.001,3.18,
69188fd6758f042a4889fd84,cbf42d30a0ba5b34e4fb3736ad42c4a2e483141a619ea7f6147200d389ae7c67,ethereum,2025-11-15T14:36:05.518Z,0x9F2CD9f4FC32F3f66694CF0A84dc06CE30EAaF2d,whale,2025-11-15T14:35:36.000Z,0xc497E485C414dB594F0030fa6C32365578C7E99E,ETH,0.001,3.18,
69188fde758f042a4889fd87,7c9b98555634cb3dbb690eb85661d4aaf5c07c6e9f36f0421ed1394c2fa599c4,ethereum,2025-11-15T14:36:13.144Z,0xC6392aD8A14794eA57D237D12017E7295bea2363,whale,2025-11-15T14:35:48.000Z,0x57E3c037E38B21359790260adED0617E35697518,ETH,0.005,15.89,
69188fdf758f042a4889fd88,7ac7a07fc22b8aafba429b8d0c8fe374912f2eb562629dada5d64041b0c19495,ethereum,2025-11-15T14:36:14.116Z,0xaD19234C40f738dD093BA800e642B84709E6Dfc1,whale,2025-11-15T14:35:48.000Z,0x2A9d6aD9B138c687d8d9a43A169a2e04499e7751,ETH,10,31773.1,
69188fe1758f042a4889fd89,3e68b59f9b267fafeba15804a0fb5dc7226c564608b0974f20b53f30ec21eddb,ethereum,2025-11-15T14:36:16.509Z,0x993a0f3653887078215914BAdCF039263293adD9,whale,2025-11-15T14:35:48.000Z,0x9EE79dFfD4D26B522224d19B0a722eC9C7Dd5D61,ETH,0.05,158.87,
69188fe3758f042a4889fd8a,5aa2e3e224100e0396db77f58504cbf0fdbbcbe2e7f98c21c113e9ad253a032b,ethereum,2025-11-15T14:36:18.965Z,0xC40aEc834AcfBCEe637f361Ac44c883A9829f4a7,whale,2025-11-15T14:35:48.000Z,0x9E41D0F665087eb12194e7dA5F670117F785B914,ETH,0.001,3.18,
69188fea758f042a4889fd8d,f11a6b8fe00a868080e67de5e5dc8614ba9e94450086369b46475e837f2b36a2,ethereum,2025-11-15T14:36:25.876Z,0x566e33c4Df7b88FDA38247d7F11463ba17B91517,whale,2025-11-15T14:36:00.000Z,0x1B48A6d0273199e0cE0C775caD29FDedFc7fA1FB,ETH,0.0499,158.55,
69188feb758f042a4889fd8e,1c81cd8d9336ff96e86d2fdee89c2480ec7253e16dc5570d1e7961b7944ce638,ethereum,2025-11-15T14:36:26.472Z,0xcEf2061862d31997EffC111bc0F4452Bf843F6EB,whale,2025-11-15T14:36:00.000Z,0xfFf9976782d46CC05630D1f6eBAb18b2324d6B14,ETH,0.002,6.35,
69188feb758f042a4889fd8f,61a3a76e3a2d07645ab5b778e70939f91ab6c90331942e480038020992752bc3,ethereum,2025-11-15T14:36:26.803Z,0xB166d86da3ee4910F724aD5161B9d9EE87d85e46,whale,2025-11-15T14:36:00.000Z,0x1C5e233c7BB975A0753b3970678bdee660f99992,ETH,1,3177.31,
69188fec758f042a4889fd90,2ff4a645f390e6d3c71bd6688b947a30068f1fef10e75ab10b7294fbc1b178d8,ethereum,2025-11-15T14:36:28.044Z,0x5A5694854e2945241F78f24E951c9807191f64f1,whale,2025-11-15T14:36:00.000Z,0x227310b4fee571824FBB4D6197aDc94e0c75125a,ETH,10,31773.1,
69188ff5758f042a4889fd91,3b0b1798f197e94573bf8474f6192113f84e5a14f31eb0180465f078bf37ef89,ethereum,2025-11-15T14:36:36.756Z,0xC6392aD8A14794eA57D237D12017E7295bea2363,whale,2025-11-15T14:36:36.000Z,0xE34c26Cf600143fA95173d2A98f03cc0575C7a06,ETH,0.005,15.89,
69188ff6758f042a4889fd92,d19cafc77f97ca551eb02f133d6f97e52f2f3591083083ea83a8fbf9e292d0d7,ethereum,2025-11-15T14:36:37.856Z,0x6Cc9397c3B38739daCbfaA68EaD5F5D77Ba5F455,whale,2025-11-15T14:36:36.000Z,0xB4b261174161359a20BF09D863e7E1A5C1629f7B,ETH,1.78870906,5683.28,
69188ff7758f042a4889fd93,3bced35771acf67033238d7b51d5b7395b1b68dc0c94d42cbdee6729bf47fc51,ethereum,2025-11-15T14:36:38.053Z,0x6Cc9397c3B38739daCbfaA68EaD5F5D77Ba5F455,whale,2025-11-15T14:36:36.000Z,0x494CD2F64f729A037c813a6433Fd880891fE0e19,ETH,2.30152947,7312.67,
69188ff7758f042a4889fd94,f470858c4da94a4f7964ba0650a22dbd8a003d150aea17713f839a8aa43b37f9,ethereum,2025-11-15T14:36:38.619Z,0x6Cc9397c3B38739daCbfaA68EaD5F5D77Ba5F455,whale,2025-11-15T14:36:36.000Z,0xB4304077fDAeFE0A2d6c06fAC403C3f3844A8A62,ETH,0.05324719,169.18,
69188ff8758f042a4889fd95,04e5d58f48dfb20a06571fc06506abe23ecd17df41e5a0e3fa5302f4363d1970,ethereum,2025-11-15T14:36:39.196Z,0xaec73Bb7F292a169190CFD1A4Eb93C7DFF777ecF,whale,2025-11-15T14:36:36.000Z,0x956962C34687A954e611A83619ABaA37Ce6bC78A,ETH,0.001,3.18,
69188ffb758f042a4889fd98,3c688cc73fcadadcf1b6ab20338f601ee55bf570bf44694c69449f77c8d3c2b2,ethereum,2025-11-15T14:36:42.529Z,0x5683d9faC35E5e2f4Cd8FD5c7f9279618945aC90,whale,2025-11-15T14:36:36.000Z,0x10078cE1044Df3D6C33bD4904856698B5a243DB2,ETH,10,31773.1,
69188ffd758f042a4889fd99,522155ae83aff7f458b2eeeb045eac2f98356c6538f3ecd08da8216b3eede6cd,ethereum,2025-11-15T14:36:44.533Z,0x49277EE36A024120Ee218127354c4a3591dc90A9,whale,2025-11-15T14:36:36.000Z,0x05F9613aDB30026FFd634f38e5C4dFd30a197Fa1,ETH,0.08,254.18,
69189000758f042a4889fd9a,9b4d8264f2ed63378dcff6237860b01ceb116b6fd4c56ff267ef9d4cea286d5f,ethereum,2025-11-15T14:36:47.630Z,0x993a0f3653887078215914BAdCF039263293adD9,whale,2025-11-15T14:36:36.000Z,0x57E3c037E38B21359790260adED0617E35697518,ETH,0.05,158.87,
69189000758f042a4889fd9b,0c67892a9302bf5818f6824ddc2faf869c997193e8be0e380963b3bf23fab3fd,ethereum,2025-11-15T14:36:47.832Z,0x6EFB29CEe3b414272EB7A8F3Ebabf873D36bC033,whale,2025-11-15T14:36:36.000Z,0x4447ECCDa8910eBbd1E8f62eF241dE89bbF82e61,ETH,0.05,158.87,
69189004758f042a4889fd9c,d2d1e12bc473e684de9b75d64b01afa021a80d479507b74a3258cf5a6d215e62,ethereum,2025-11-15T14:36:51.588Z,0x9D17db7073Ea468AD6B96C34a4D04f1745eC7DdE,whale,2025-11-15T14:36:36.000Z,0x57C45d82D1a995F1e135B8D7EDc0a6BB5211cfAA,ETH,0.001,3.18,
6918900e758f042a4889fd9f,a3990fffacfbd016e0d1147c26439639a09ae4881821271bd455e47131d12cc3,ethereum,2025-11-15T14:37:01.263Z,0xC6392aD8A14794eA57D237D12017E7295bea2363,whale,2025-11-15T14:37:00.000Z,0xade375e8e16a29604d87c1e68B786822FC90C3b6,ETH,0.005,15.89,
6918900e758f042a4889fda0,313773334ac0fb4e3f481f50ffca125b129d2fceb979648a6d159c7821a782cc,ethereum,2025-11-15T14:37:01.469Z,0xC6392aD8A14794eA57D237D12017E7295bea2363,whale,2025-11-15T14:37:00.000Z,0x7b0d35DFbab9aC259ED6AEDbF08B3b3B33270625,ETH,0.005,15.89,
6918900f758f042a4889fda1,d2110b979a571782b43aef6aeefc00be9394fde8b3cfdde5c8efb2704b14860e,ethereum,2025-11-15T14:37:02.346Z,0x6Cc9397c3B38739daCbfaA68EaD5F5D77Ba5F455,whale,2025-11-15T14:37:00.000Z,0xd580F42052a6B61f2d29A3a36Ee9e840F7C4c3bC,ETH,0.05008758,159.14,
6918900f758f042a4889fda2,370addf042129fde1b2ce49e274e5221d6095db63a8e895bd056d5035ae807a4,ethereum,2025-11-15T14:37:02.546Z,0x6Cc9397c3B38739daCbfaA68EaD5F5D77Ba5F455,whale,2025-11-15T14:37:00.000Z,0x32901a9B743981d8EEb65e347b7032ddA3f3309b,ETH,0.07472408,237.42,
6918900f758f042a4889fda3,1b7a1fe6c21af941725eb4ca6cb12274faa640d38e6518eaa0c8b29c087436f8,ethereum,2025-11-15T14:37:03.005Z,0x160f3EC564EA0051E21D1b632BcC1fC45b4B55e4,whale,2025-11-15T14:37:00.000Z,0x956962C34687A954e611A83619ABaA37Ce6bC78A,ETH,0.002993896245516546,9.51,
69189010758f042a4889fda4,29d4bc700e704411c692cf3381f422d96374d343942b3e232402748d7d56afdf,ethereum,2025-11-15T14:37:03.886Z,0x2FFd36d1B5d3D4F7D1Ae90b94f4fF7B326d10b35,whale,2025-11-15T14:37:00.000Z,0x956962C34687A954e611A83619ABaA37Ce6bC78A,ETH,0.00197222502383279,6.27,
69189011758f042a4889fda5,88ac36b8d6d9c6f980be0254cb736b55ee0ef1f6cbb46754b4fe659cb651db89,ethereum,2025-11-15T14:37:04.474Z,0xf8cB0dE310D192606A5741EF4CccfEDF962b04ce,whale,2025-11-15T14:37:00.000Z,0x956962C34687A954e611A83619ABaA37Ce6bC78A,ETH,0.002557430085755458,8.13,
69189011758f042a4889fda6,6aa90ad650846935354a7d049be849d8fcf9332e1866723d09baa75722842761,ethereum,2025-11-15T14:37:04.803Z,0xbc095619b435C5aEeE9715EE3E2Abce79549708d,whale,2025-11-15T14:37:00.000Z,0x2807d2d5B62d6e916b858Ef16633e8703e47C04A,ETH,1,3177.31,
69189015758f042a4889fda7,65241e36fdfe9055856a73fc1597010277550be8b8cc9dc8b74ec64564effa69,ethereum,2025-11-15T14:37:08.527Z,0xb076413401172CBB73C082107514De3376E4FF6c,whale,2025-11-15T14:37:00.000Z,0x2538587c5cEaAE6FFA1E9FCe93BDAdD3227c42A1,ETH,0.0099999755581,31.77,
69189016758f042a4889fda8,0dddaa0881d05988bd672d118f182ea03a40de23eeebb002b0c3418bfb1a4a13,ethereum,2025-11-15T14:37:09.261Z,0x9484449f2BE7CD6E01eF55bC5438C733e0759e0f,whale,2025-11-15T14:37:00.000Z,0x97b0EcD347bE5f4e2AC41Ea6e406be969Cd7F2E4,ETH,0.05,158.87,
69189016758f042a4889fda9,875d9a66cec09d783ccb511a6bd776c5c987ae86bcefbbcc04331160400abd34,ethereum,2025-11-15T14:37:09.459Z,0xd5F0E6DE7242D519357712286F9d19eAdbee8c90,whale,2025-11-15T14:37:00.000Z,0xaDB4f3334825E645dD201de5CF1778a09515936f,ETH,0.014,44.48,
69189016758f042a4889fdaa,ef68fe0768bb1c748b1a51e90d6d8a5958e7c76d72bd585575262b1685f0f36c,ethereum,2025-11-15T14:37:09.661Z,0x63DA824B46061416c7eb9Ce1A1bEC406DB5aC9d9,whale,2025-11-15T14:37:00.000Z,0x87A3effB84CBE1E4caB6Ab430139eC41d156D55A,ETH,0.05257186325538497,167.04,
6918901d758f042a4889fdad,ac6d5fde9f311e177e944c7c53d3ccb056dfe80b1f8db32bc7988c3288b9196b,ethereum,2025-11-15T14:37:16.459Z,0xa73f72b5E580D0819b08B707B667c45556b85442,whale,2025-11-15T14:37:00.000Z,0xB86688EaBb093c81D62cA9d439Ae15997f062B0F,ETH,0.001,3.18,
69189020758f042a4889fdae,5a5f507b0984933dc03578ae766ace3a7bd20cf1cce4baf76b5acb86508d09f0,ethereum,2025-11-15T14:37:19.847Z,0x6Cc9397c3B38739daCbfaA68EaD5F5D77Ba5F455,whale,2025-11-15T14:37:12.000Z,0xEd496FABA9934225BfEd9E45c0dAB6120dBDb919,ETH,2.5,7943.27,
69189021758f042a4889fdaf,b5d51f370376ef1aae69c654b7c493a04e73bd194e7da20ed21fc8a22fa74c75,ethereum,2025-11-15T14:37:20.447Z,0xaec73Bb7F292a169190CFD1A4Eb93C7DFF777ecF,whale,2025-11-15T14:37:12.000Z,0x956962C34687A954e611A83619ABaA37Ce6bC78A,ETH,0.001,3.18,
69189021758f042a4889fdb0,75771233f805870426b71fe42077c49b15480fa8bb2680a7701ffcb5312aba99,ethereum,2025-11-15T14:37:20.663Z,0x424304E78aCC2f28B6FB236682E89b9F069370a5,whale,2025-11-15T14:37:12.000Z,0x956962C34687A954e611A83619ABaA37Ce6bC78A,ETH,0.002867694114528634,9.11,
69189022758f042a4889fdb1,ed0fd7c961e47d36bfe0c2318141dae30cdee700c2852b7a9fee485a2e48c032,ethereum,2025-11-15T14:37:21.119Z,0xA10527a54deF2B71f64B764C0C5D55A9Df879AaD,whale,2025-11-15T14:37:12.000Z,0x956962C34687A954e611A83619ABaA37Ce6bC78A,ETH,0.002,6.35,
69189022758f042a4889fdb2,7c965ac7095fc09fb10e08d7aefa28a96aa2026ba242c29bf913dead0c957eb8,ethereum,2025-11-15T14:37:21.454Z,0x5ab08676815beA7AAF0F2d0A0e49106787437908,whale,2025-11-15T14:37:12.000Z,0x04CfD3a87faE273aa93b95F9ef32E83f74003c48,ETH,1,3177.31,
6918902d758f042a4889fdb5,a28e1713aeda9d3eba6ed0ad2416321e89aa8ee081c0100874904a8c410ae6b6,ethereum,2025-11-15T14:37:32.754Z,0x6Cc9397c3B38739daCbfaA68EaD5F5D77Ba5F455,whale,2025-11-15T14:37:24.000Z,0x7852248baFe4e9367643283B6fC1b8800ccae47d,ETH,2.5,7943.27,
6918902e758f042a4889fdb6,b00e9710a5559f75faa2051964f6f631e393b6078e783889d9231d693401dc3b,ethereum,2025-11-15T14:37:33.219Z,0xa2DFF6f1A7A8F1dDd22529C4ec9133fE444529A8,whale,2025-11-15T14:37:24.000Z,0x52C21fae527D1b12dC64C5C36270B743857AfE28,ETH,0.01,31.77,
6918902f758f042a4889fdb7,8df8a74763bc03080ca9714c0526be89f884d9c910d1a28ca6a5a25188055351,ethereum,2025-11-15T14:37:35.013Z,0x5ab08676815beA7AAF0F2d0A0e49106787437908,whale,2025-11-15T14:37:24.000Z,0x0B8704161382a479f544cE58BCED10D868E7597F,ETH,1,3177.31,
69189032758f042a4889fdb8,52963efcb58920be86da66084075ddef073c56f94a637af6cadf9b8f7945311c,ethereum,2025-11-15T14:37:37.193Z,0x159cA92b12F67E5676d82C238f4906692618A555,whale,2025-11-15T14:37:24.000Z,0x9C23F632c53BA3A36e7018cc930d9C63fB3Dd352,ETH,0.05,158.87,
69189032758f042a4889fdb9,3a39279fe2c07a895f9f7aa0bba2a82729748eff6364c284a27d6d956853ed2e,ethereum,2025-11-15T14:37:37.521Z,0xd5F0E6DE7242D519357712286F9d19eAdbee8c90,whale,2025-11-15T14:37:24.000Z,0xaDB4f3334825E645dD201de5CF1778a09515936f,ETH,0.0159,50.52,
69189036758f042a4889fdbc,ff27c718f41c22691c09fea584c7f3cda0dd2c40121beb10a3480a9f2f01687f,ethereum,2025-11-15T14:37:41.398Z,0x64D81e88784F5218C9E6B4e619cd3CE0a4Ba0679,whale,2025-11-15T14:37:24.000Z,0xc497E485C414dB594F0030fa6C32365578C7E99E,ETH,0.001,3.18,
6918903a758f042a4889fdbd,855fa6245c9cc3709772a406ee818d8f6dcfef4c243bb6d8f7b26454d46b2c00,ethereum,2025-11-15T14:37:45.782Z,0x6Cc9397c3B38739daCbfaA68EaD5F5D77Ba5F455,whale,2025-11-15T14:37:36.000Z,0xf11C6d7C154CB1096F3ba89E7C0A5884266068A5,ETH,2.5,7947.07,
6918903a758f042a4889fdbe,b9f0ff5b4216a1257cae1d3b5456b74badcac05172493e6c4a5f65ed9b0e00a7,ethereum,2025-11-15T14:37:45.987Z,0x6Cc9397c3B38739daCbfaA68EaD5F5D77Ba5F455,whale,2025-11-15T14:37:36.000Z,0x87a19C722B5D6DEEFA41B5067902ee54CD4E669e,ETH,1.607357,5109.51,
6918903b758f042a4889fdbf,f37505808c25973cb2293d753c6090b933cc0db8199d104a2c63e4252cc8a9af,ethereum,2025-11-15T14:37:46.187Z,0x6Cc9397c3B38739daCbfaA68EaD5F5D77Ba5F455,whale,2025-11-15T14:37:36.000Z,0x2fe931C55Ac7077911B7d68F09fC8974dcc778f5,ETH,1.71750605,5459.66,
6918903b758f042a4889fdc0,117b9e81d41fd65b1fd027bbf73bd442ae0be10965c44d303a983efcb4b79d10,ethereum,2025-11-15T14:37:46.390Z,0x6Cc9397c3B38739daCbfaA68EaD5F5D77Ba5F455,whale,2025-11-15T14:37:36.000Z,0xCC281763864A0409074ABa55dF919EB43286803b,ETH,2.5,7947.07,
6918903b758f042a4889fdc1,179190d574cd95932c4e4766575c59c658b67f6d1df7ee176430a3f78f8388fd,ethereum,2025-11-15T14:37:46.868Z,0x541D89D2Bd6c12bF2bA8992E0a47867917F0073F,whale,2025-11-15T14:37:36.000Z,0x0995AcBDcb4D31A0e98Fe434bDcF2212a2029F05,ETH,1,3178.83,
69189040758f042a4889fdc2,a00aed19aff6f983ca61727eff402d8b893ed48ea09d2be8718898967b4f0f61,ethereum,2025-11-15T14:37:51.208Z,0x52f1984Cd3e46e1214dB222D3Ff63712E7aCEedD,whale,2025-11-15T14:37:36.000Z,0x419de5908691C84118D31B5D4C5F6276803944F0,ETH,0.05,158.94,
69189044758f042a4889fdc4,2311838fa831745f721d4da3c042be03867a21ed6d14cad640410e7f5186ed24,ethereum,2025-11-15T14:37:55.485Z,0x2eCf94a3CD5c5Cd994292c5a25B686115fe9F8Fd,whale,2025-11-15T14:37:36.000Z,0xad0C1732F8581188136c522fA1b948a3eD2d1F0B,ETH,0.0005,1.59,
69189044758f042a4889fdc5,b17d9e2b008b40e4b4c3d3a452b66547fca82444ec1552538a961afef2068c9b,ethereum,2025-11-15T14:37:55.685Z,0x2eCf94a3CD5c5Cd994292c5a25B686115fe9F8Fd,whale,2025-11-15T14:37:36.000Z,0xad0C1732F8581188136c522fA1b948a3eD2d1F0B,ETH,0.0005,1.59,
69189044758f042a4889fdc7,7fe916319f91777f5d497c22265db890551618d9c950cf3c4a7621904e87e99e,ethereum,2025-11-15T14:37:55.884Z,0x2eCf94a3CD5c5Cd994292c5a25B686115fe9F8Fd,whale,2025-11-15T14:37:36.000Z,0x451cAD27828dFCcbec6A5db5aA7239178f53b9C4,ETH,0.0005,1.59,
69189045758f042a4889fdc8,e5c28dcb1f65cfb2fec2d4f67c2b9eaac4df5f3596635c93eef09544aebb6eeb,ethereum,2025-11-15T14:37:56.602Z,0x1107BB0F156bFc85cddE1f2d326FfDD36c10CBb4,whale,2025-11-15T14:37:36.000Z,0xd398Bad567445d7c97B9815302caaF59221302Ba,ETH,0.001,3.18,
69189045758f042a4889fdc9,94dbbe27e713b6e0cfe303f3e912c8c9440af74d3f25747d34b9f4a51638c325,ethereum,2025-11-15T14:37:56.817Z,0x1107BB0F156bFc85cddE1f2d326FfDD36c10CBb4,whale,2025-11-15T14:37:36.000Z,0xd398Bad567445d7c97B9815302caaF59221302Ba,ETH,0.001,3.18,
69189045758f042a4889fdca,b6658e2ba8870caaa052bfa3681606f1293f223feffd6adb00e7f4848601ce17,ethereum,2025-11-15T14:37:57.015Z,0x1107BB0F156bFc85cddE1f2d326FfDD36c10CBb4,whale,2025-11-15T14:37:36.000Z,0xd398Bad567445d7c97B9815302caaF59221302Ba,ETH,0.001,3.18,
69189046758f042a4889fdcb,12e2f51ab578d8ac7880a9160f6fe44498fa1f0f2bdfcb7c56e0465e80738158,ethereum,2025-11-15T14:37:57.217Z,0x1107BB0F156bFc85cddE1f2d326FfDD36c10CBb4,whale,2025-11-15T14:37:36.000Z,0xd398Bad567445d7c97B9815302caaF59221302Ba,ETH,0.001,3.18,
69189046758f042a4889fdcc,853f12dd0f751199034c46809e1764ad69b085b3ad0e13c26027767373632b93,ethereum,2025-11-15T14:37:57.414Z,0x1107BB0F156bFc85cddE1f2d326FfDD36c10CBb4,whale,2025-11-15T14:37:36.000Z,0xd398Bad567445d7c97B9815302caaF59221302Ba,ETH,0.001,3.18,
6918905e758f042a4889fdcf,6b943e0f029f86703803ded49f8e5e155ae629045911e2399bca2bb03689a055,ethereum,2025-11-15T14:38:21.656Z,0xFda8452066a0b78dcF6c10Dcd988bF18cB19D3f5,whale,2025-11-15T14:37:36.000Z,0x386BC236A7f0F6Ef450a5B1462326A815749232e,ETH,0.06,190.73,
6918905f758f042a4889fdd0,5c2166e314fe8bd2b552bd8d29332966905ba1743821be0206cffdb18cd66f47,ethereum,2025-11-15T14:38:22.117Z,0x7C5529Da79c1764E79687f69f3223De41A5747d3,whale,2025-11-15T14:37:36.000Z,0x87A3effB84CBE1E4caB6Ab430139eC41d156D55A,ETH,0.004336,13.78,
6918905f758f042a4889fdd1,04c99a1b6d2aa0552745cda92fc8d64a3fb3af74a15121a6e89e1ccb46fda4cc,ethereum,2025-11-15T14:38:22.706Z,0xBBDaf05f49BcA95c6Af92D10d495A62B574bB1A1,whale,2025-11-15T14:37:36.000Z,0x552D97dB7384cfc682a45E8d5af0C262f6F519b9,ETH,0.0335644380421875,106.7,
69189060758f042a4889fdd2,442276770fd56f3617af7c45ec85a6301eb8313d6c6956af39c36ac0e678d361,ethereum,2025-11-15T14:38:23.444Z,0x112f92f195359285aE06B56A2F581f804c806Dab,whale,2025-11-15T14:37:36.000Z,0xc497E485C414dB594F0030fa6C32365578C7E99E,ETH,0.001,3.18,
69189060758f042a4889fdd3,65fe155f304603289b023cb115608507a3d48b8decfd91d8bcbaf9172a725ba7,ethereum,2025-11-15T14:38:23.772Z,0x5a0D45a1D147E17007A422343703da0105BcE3d0,whale,2025-11-15T14:37:36.000Z,0xc497E485C414dB594F0030fa6C32365578C7E99E,ETH,0.001,3.18,
69189060758f042a4889fdd4,e323cad4d20d0314b3ef17119bfd3578e859f4dc3e33025addd5b22ae07be41c,ethereum,2025-11-15T14:38:23.975Z,0xeffB656E6d161F0230D3078ed268030392002e26,whale,2025-11-15T14:37:36.000Z,0x0ae7537c4f523afE4d6f98c89a4360dd6f27278c,ETH,0.01,31.79,
69189061758f042a4889fdd5,4294f07030a24f105db552a506f11a026c391d9699cd0d8cd6a9524f9d142f13,ethereum,2025-11-15T14:38:24.175Z,0xd411DF344083b871dA86422b6E5A3Be00536bcf7,whale,2025-11-15T14:37:36.000Z,0x956962C34687A954e611A83619ABaA37Ce6bC78A,ETH,0.001,3.18,
69189062758f042a4889fdd7,c7ec85a21d7a7ce4d4560191e96c16afbdd5df4632ff3ef5a7780a916e2c0ec5,ethereum,2025-11-15T14:38:25.564Z,0x8BA11305369443058D2B09870FF1D96dA27056Bd,whale,2025-11-15T14:37:36.000Z,0x136d377D3F820F8D6e3d5Cb16f51e7E5037BD876,ETH,0.002,6.36,
69189069758f042a4889fdd9,f17b6b5bd824dd2a5d288412b8bac3d33bfbb02e6f0fea5a27b555e10c0ac290,ethereum,2025-11-15T14:38:32.984Z,0x6Cc9397c3B38739daCbfaA68EaD5F5D77Ba5F455,whale,2025-11-15T14:37:48.000Z,0xD94d2d8fC5B1e1dDf1bE26CAb38dD9eE75fb5a7C,ETH,0.05351558,170.12,
6918906a758f042a4889fdda,f6bb8d4ef2dbeccff456e8adf590449cfea9d414c85dbc7b347dffb31d569b2c,ethereum,2025-11-15T14:38:33.437Z,0x51d96A0F6069848C4069f7706ca85ed084ae1eeC,whale,2025-11-15T14:37:48.000Z,0x2Edc97c28F1c495A2ad83F9727d6e357da2001bF,ETH,0.2,635.77,
6918906a758f042a4889fddb,e0c49dc1c4778754a8b1af4be4668e372c95f94e1df816a6267418e9a352fb75,ethereum,2025-11-15T14:38:33.773Z,0x5ab08676815beA7AAF0F2d0A0e49106787437908,whale,2025-11-15T14:37:48.000Z,0x0B5003c0df59aB367dfb97Aa7eDbA8C300523B8E,ETH,1,3178.83,
6918906b758f042a4889fddc,7b59f1813b55be28e26bc26cb30c938e1cb7f1d025d1f9c0e63161f5110650cd,ethereum,2025-11-15T14:38:34.765Z,0xaD19234C40f738dD093BA800e642B84709E6Dfc1,whale,2025-11-15T14:37:48.000Z,0x1D6e36e69778AA64aDe6Fd709FF8e5B2D1Ea987B,ETH,10,31788.3,
6918906f758f042a4889fddd,750d10c7586119c5b9be0c9d560f9ba1fad8db9c1134f241f7168a252fa70e01,ethereum,2025-11-15T14:38:38.835Z,0x1107BB0F156bFc85cddE1f2d326FfDD36c10CBb4,whale,2025-11-15T14:37:48.000Z,0xd398Bad567445d7c97B9815302caaF59221302Ba,ETH,0.001,3.18,
69189070758f042a4889fdde,53f36a9dd73832625f9ff9a08e6000582076c80d357efa05eb38e5a532ae6934,ethereum,2025-11-15T14:38:39.195Z,0x2eCf94a3CD5c5Cd994292c5a25B686115fe9F8Fd,whale,2025-11-15T14:37:48.000Z,0xad0C1732F8581188136c522fA1b948a3eD2d1F0B,ETH,0.0005,1.59,
69189070758f042a4889fddf,3404d451349c3fc365dc9dfd6bad1919b871775c8d6dcab396f943aef1006696,ethereum,2025-11-15T14:38:39.742Z,0x6Cc9397c3B38739daCbfaA68EaD5F5D77Ba5F455,whale,2025-11-15T14:38:00.000Z,0xf0427861D1b4C39f6fD27bec510d728e15C8F1b2,ETH,0.05308668,168.75,
69189070758f042a4889fde0,880815b4f677ab281dc9c97f1743c62c57938ffee4c0f354ef3b0c58c5f9d8e7,ethereum,2025-11-15T14:38:39.936Z,0xAb34b2e19f6212FA87FB503B4fDedE2467034A42,whale,2025-11-15T14:38:00.000Z,0x9fa68FcA1d97aCf3d5398669e4Bb4161d59FFd1f,ETH,0.05,158.94,
69189071758f042a4889fde2,57dba9e3cede499ce693a8a386588e567823a7e59f3ab347f15ffe7c54318258,ethereum,2025-11-15T14:38:40.448Z,0x241092121DA16431eDfD51191702e3870960a50A,whale,2025-11-15T14:38:00.000Z,0x956962C34687A954e611A83619ABaA37Ce6bC78A,ETH,0.00193287834018219,6.14,
69189072758f042a4889fde4,fef677ecb07635b3a94e76fa6c47fcabbaab9739194f48abedd6e5cbdb5955d7,ethereum,2025-11-15T14:38:41.310Z,0xB15d792E30C5b7f67CBe5fe9Ba76685b537B4543,whale,2025-11-15T14:38:00.000Z,0x860e626c700AF381133D9f4aF31412A2d1DB3D5d,ETH,0.08,254.31,
69189074758f042a4889fde5,82ec0122d35a176808408df7f841f06507962b1bef824df1d7b1fc70cbd9d1fa,ethereum,2025-11-15T14:38:43.766Z,0x51922763Cd3a015465451F8D2726d643Aa23c568,whale,2025-11-15T14:38:00.000Z,0x4Cec3461DD63F22554B7fA2AbBA5bBfE9e86DdFD,ETH,0.000795825368615966,2.53,
69189076758f042a4889fde6,38dcfdfe1cab5b5d76471ff9e8255d74ac64a67808891d105e1ab8c78363ba5d,ethereum,2025-11-15T14:38:46.018Z,0xCD6fa459aC07bA7cc8ED87e2a4886c6255D8Bf57,whale,2025-11-15T14:38:00.000Z,0xaDB4f3334825E645dD201de5CF1778a09515936f,ETH,0.1,317.88,
69189077758f042a4889fde7,9328996dc54528ef2de160ca7fcbfaa4231b71fd66401ba5e4227e44d69d5f8d,ethereum,2025-11-15T14:38:46.247Z,0x9936E08F470FCD164b392d926dfBF4F6AE00E69F,whale,2025-11-15T14:38:00.000Z,0xaDB4f3334825E645dD201de5CF1778a09515936f,ETH,0.1,317.88,
69189077758f042a4889fde8,a4ad0c5a6309c70eaa3130792364d55826cf37bd8723eba3a2f9133e082da317,ethereum,2025-11-15T14:38:46.479Z,0xB37CB198EE537a65FacAAaf6812C8C29286CE7fA,whale,2025-11-15T14:38:00.000Z,0xaDB4f3334825E645dD201de5CF1778a09515936f,ETH,0.1,317.88,
69189077758f042a4889fde9,f88a0eee521bf8d43024b87d81048864e3a846f6ba4d130798309408f3cf1989,ethereum,2025-11-15T14:38:46.720Z,0x62c042b4f951B984D1698C80a4FF32592bB1232F,whale,2025-11-15T14:38:00.000Z,0xaDB4f3334825E645dD201de5CF1778a09515936f,ETH,0.1,317.88,
69189077758f042a4889fdea,3583019d962dde025cdf8253b34bf0f772f12b9bd6be5330a1c6fcbdf36ffeac,ethereum,2025-11-15T14:38:46.955Z,0xA7afbF06d5C2A81ef81016daee6ffb2b475EA1DB,whale,2025-11-15T14:38:00.000Z,0xaDB4f3334825E645dD201de5CF1778a09515936f,ETH,0.1,317.88,
69189078758f042a4889fdeb,d281f39b9d32fd2579ffac7c5c4b3cd626fca2b66417cfbf8cc667e30aa67330,ethereum,2025-11-15T14:38:47.156Z,0x13f61Fc4dbD289794C3e741e5115b5551D3139B2,whale,2025-11-15T14:38:00.000Z,0xaDB4f3334825E645dD201de5CF1778a09515936f,ETH,0.1,317.88,
69189078758f042a4889fdec,67556127e5313f691b28946e0da48c9ab8891001b2b4b9028ca839fea6b01893,ethereum,2025-11-15T14:38:47.357Z,0x821b061bD7F58bC9b3f2B9039D021A10b1F035e9,whale,2025-11-15T14:38:00.000Z,0xaDB4f3334825E645dD201de5CF1778a09515936f,ETH,0.1,317.88,
69189078758f042a4889fded,8489b386c967da336dd9764697fd0e6207dfba2ce1bc44c835f6779a9c1c4aa6,ethereum,2025-11-15T14:38:47.580Z,0xAac5782AC05d66F4932719487f3a12f41A675919,whale,2025-11-15T14:38:00.000Z,0xaDB4f3334825E645dD201de5CF1778a09515936f,ETH,0.1,317.88,
6918907c758f042a4889fdee,71cd2816de27bd580df6ba4535c0a8feb2482f5c4b13e233c771e6a5ad99bfd0,ethereum,2025-11-15T14:38:51.636Z,0x1107BB0F156bFc85cddE1f2d326FfDD36c10CBb4,whale,2025-11-15T14:38:00.000Z,0xd398Bad567445d7c97B9815302caaF59221302Ba,ETH,0.001,3.18,
69189080758f042a4889fdf0,e852efaf8485dc698c58b8346b0b65f2a5fce854ed1d174df5847c4237a8fb5d,ethereum,2025-11-15T14:38:55.483Z,0x6Cc9397c3B38739daCbfaA68EaD5F5D77Ba5F455,whale,2025-11-15T14:38:12.000Z,0x076E4126123558e995424B0D730fd8f602aC63Fb,ETH,0.1906337,605.99,
69189080758f042a4889fdf2,f48256385e642ff7e3ec0ace78d251818f6e5f4e1a347665dcc4593c67a82d2b,ethereum,2025-11-15T14:38:55.954Z,0xaec73Bb7F292a169190CFD1A4Eb93C7DFF777ecF,whale,2025-11-15T14:38:12.000Z,0x956962C34687A954e611A83619ABaA37Ce6bC78A,ETH,0.001,3.18,
69189083758f042a4889fdf3,8bde71dcf3a311ca2dc9502fe13f101123304e32cb75308a1b82bf9ac8f1e99f,ethereum,2025-11-15T14:38:58.905Z,0x69D8d0a816148722679f88a50948d03DC51505Dd,whale,2025-11-15T14:38:12.000Z,0x956962C34687A954e611A83619ABaA37Ce6bC78A,ETH,0.001,3.18,
69189084758f042a4889fdf4,5a814ccd4433dbd87db089663182e0ed1e0cb780e54f5340e6d8228af9a340b2,ethereum,2025-11-15T14:39:00.021Z,0x993a0f3653887078215914BAdCF039263293adD9,whale,2025-11-15T14:38:12.000Z,0xd23355750340cc5B630Ec7C45D6D29d8c119C8Cb,ETH,0.05,158.94,
69189085758f042a4889fdf5,91da3bd93e42468ba7ce14cc16cdf3d63d02ecb31e0ae86ffa4c6fea206ab488,ethereum,2025-11-15T14:39:00.362Z,0x9484449f2BE7CD6E01eF55bC5438C733e0759e0f,whale,2025-11-15T14:38:12.000Z,0x5dB8A72011779fEbcFCfC907d98F4F179A432Ab3,ETH,0.05,158.94,
69189088758f042a4889fdf6,c69a1f1f3c8c7e830214904779b41bada45b59d6b23a630128f829d0fabf701c,ethereum,2025-11-15T14:39:03.871Z,0x2eCf94a3CD5c5Cd994292c5a25B686115fe9F8Fd,whale,2025-11-15T14:38:12.000Z,0xad0C1732F8581188136c522fA1b948a3eD2d1F0B,ETH,0.0005,1.59,
6918908d758f042a4889fdf7,d5d92ba7b7a9c0ef6492b8b8fb658674b9e68e20600b59e5ace17164bf899bdf,ethereum,2025-11-15T14:39:09.028Z,0x6Cc9397c3B38739daCbfaA68EaD5F5D77Ba5F455,whale,2025-11-15T14:38:24.000Z,0x6F01eB09B97be8c2eA592350400E453660e28122,ETH,2.5,7947.07,
6918908e758f042a4889fdf8,fff089123be1adf6e120975221d3d641b65047f169e3f1695df098b6e90ffc4a,ethereum,2025-11-15T14:39:09.775Z,0xB166d86da3ee4910F724aD5161B9d9EE87d85e46,whale,2025-11-15T14:38:24.000Z,0x0205d14A2fD7929b97a31cF4341349CC0A322f96,ETH,1,3178.83,
69189093758f042a4889fdfb,63270c4fc13204f4571652cc812aee3cc988eb144ebdee21a690b79522562a08,ethereum,2025-11-15T14:39:14.879Z,0x1107BB0F156bFc85cddE1f2d326FfDD36c10CBb4,whale,2025-11-15T14:38:24.000Z,0xd398Bad567445d7c97B9815302caaF59221302Ba,ETH,0.001,3.18,
69189094758f042a4889fdfc,d55c7f80e704d7a4c9cbbd14d98d46d434ef3c217d9c479c7f2b97b0702e5731,ethereum,2025-11-15T14:39:15.086Z,0x1107BB0F156bFc85cddE1f2d326FfDD36c10CBb4,whale,2025-11-15T14:38:24.000Z,0xd398Bad567445d7c97B9815302caaF59221302Ba,ETH,0.001,3.18,
6918909e758f042a4889fdfe,d0f5681375d7dd330780e16931843d5c726cdbb4e008303af783dec16960d433,ethereum,2025-11-15T14:39:25.388Z,0xD0592AB3499b9d52bc01D652659f9D5a3C4Dcd65,whale,2025-11-15T14:38:24.000Z,0x1Cc0375D30e92491Faf3E9B576AdA8b4C376a25A,ETH,9.9701,31693.25,
6918909f758f042a4889fe00,0bf973ed04342040385b2d9b13b831b58f88580fe84e2e256042b1693621c867,ethereum,2025-11-15T14:39:26.651Z,0xD0592AB3499b9d52bc01D652659f9D5a3C4Dcd65,whale,2025-11-15T14:38:24.000Z,0x16e6c925e07D32359BF513121a72C2c08f313dA5,ETH,9.9704,31694.21,
691890a2758f042a4889fe01,d771e1038f7352d014748a8c50de9383166ebcc498c96b66307a4cbed23eb9d6,ethereum,2025-11-15T14:39:29.742Z,0xC6C30Fc32C74dDbd91DaA42A5a616c7392b88Ef8,whale,2025-11-15T14:38:24.000Z,0xfd0Bf71F60660E2f608ed56e1659C450eB113120,ETH,2,6357.66,
691890a7758f042a4889fe02,e9e391c93ee5fbafbb664bbb70c6a97a59f5439178df65aa1b15803295f86a9e,ethereum,2025-11-15T14:39:34.196Z,0x1B48A6d0273199e0cE0C775caD29FDedFc7fA1FB,whale,2025-11-15T14:38:36.000Z,0x956962C34687A954e611A83619ABaA37Ce6bC78A,ETH,0.0028,8.9,
691890a9758f042a4889fe03,bf5bfc204156e69f35a3683d7debf18e6af045dbe1921701ea363b4951fd5092,ethereum,2025-11-15T14:39:36.821Z,0xB4b261174161359a20BF09D863e7E1A5C1629f7B,whale,2025-11-15T14:38:36.000Z,0xc98f13A632a9048631D192a5de19C2e546d504B5,ETH,10.4,33059.83,
691890aa758f042a4889fe04,5ecc26fe56b3f5d8d2f9fdf269ce2c95cee2819f765aa6cef069abc839e7e2e5,ethereum,2025-11-15T14:39:37.844Z,0x2eCf94a3CD5c5Cd994292c5a25B686115fe9F8Fd,whale,2025-11-15T14:38:36.000Z,0xad0C1732F8581188136c522fA1b948a3eD2d1F0B,ETH,0.0005,1.59,
691890ae758f042a4889fe07,fb1dc8dea4001e6a6096855f3e026d016e028e22065911deb8aeb9094fc5d24f,ethereum,2025-11-15T14:39:41.047Z,0xD0592AB3499b9d52bc01D652659f9D5a3C4Dcd65,whale,2025-11-15T14:38:36.000Z,0x05385DBC3572262301703C6429953B9a541D4139,ETH,9.9703,31730.78,
691890ae758f042a4889fe08,04e59fdf46edaa9f2f9b63d406cd8168b3bcb0af77d7b9cb1abcb32cb841343a,ethereum,2025-11-15T14:39:41.983Z,0x7C5529Da79c1764E79687f69f3223De41A5747d3,whale,2025-11-15T14:38:36.000Z,0x87A3effB84CBE1E4caB6Ab430139eC41d156D55A,ETH,0.004919,15.65,
691890b0758f042a4889fe09,8cf27a9b6ffab9e0f0c54e84ec5289f5372631fc17209dfd28e85b8ff365fc35,ethereum,2025-11-15T14:39:43.887Z,0x6Cc9397c3B38739daCbfaA68EaD5F5D77Ba5F455,whale,2025-11-15T14:38:48.000Z,0x8D7E2b11b7AF2F900eFaE5Fdec034E0B83651055,ETH,2.5,7956.33,
691890b1758f042a4889fe0a,14a37c689cb9a34607e5bd5579c902eeef71f5da96696b8d711c6b7978bfe5eb,ethereum,2025-11-15T14:39:44.085Z,0x6Cc9397c3B38739daCbfaA68EaD5F5D77Ba5F455,whale,2025-11-15T14:38:48.000Z,0x1a0905bBD5369972E89410650DbAb35fC847b3f1,ETH,2.5,7956.33,
691890b1758f042a4889fe0b,d11422c8e2432bc44b95dfc8145d7818f6ddd8579658118c0ced3e4d5da26cec,ethereum,2025-11-15T14:39:44.291Z,0x476949413e60f33a381869217AEbDA324C5b5379,whale,2025-11-15T14:38:48.000Z,0xD21d4Be2b97a72B58cE1E1ac5A9855683175d24F,ETH,0.009882999999811,31.45,
691890b5758f042a4889fe0c,f8a6f41c67851dfe1ce086c52955dccb53085f22a89c6ce883ca1772323d065c,ethereum,2025-11-15T14:39:48.735Z,0xcED312c7040934aA5E694d72Ed0276f442C9b5B1,whale,2025-11-15T14:38:48.000Z,0xc497E485C414dB594F0030fa6C32365578C7E99E,ETH,0.001,3.18,
691890b7758f042a4889fe0d,102b82f9f5eb43fcac9f3d8d587ff2a499b3c483cd34047712b515bdbde1b485,ethereum,2025-11-15T14:39:50.234Z,0x8BA11305369443058D2B09870FF1D96dA27056Bd,whale,2025-11-15T14:38:48.000Z,0x136d377D3F820F8D6e3d5Cb16f51e7E5037BD876,ETH,0.01,31.83,
691890bc758f042a4889fe10,500feb19997218447f90def14c9b739fab3b0645e2721549948942dfa7259f19,ethereum,2025-11-15T14:39:55.951Z,0x6Cc9397c3B38739daCbfaA68EaD5F5D77Ba5F455,whale,2025-11-15T14:39:00.000Z,0x5f08208B2b1a9702472E08cc084B8085Ecd896AF,ETH,2.5,7956.33,
691890bd758f042a4889fe11,cb362245022c7d78f132255a024a422d6efcd22b376f6b166af6a4785aaffdec,ethereum,2025-11-15T14:39:56.279Z,0x6Cc9397c3B38739daCbfaA68EaD5F5D77Ba5F455,whale,2025-11-15T14:39:00.000Z,0xB867bEC55899fef9d3C065FfCFcA9a9D52DA697b,ETH,2.5,7956.33,
691890be758f042a4889fe12,c85270a198e3bc9dc37bd5ff0cb1e3339b4ca47f33ff6f31dfb9e42d2d9d3992,ethereum,2025-11-15T14:39:57.130Z,0x19623e51885D518B77cE4462bab75396F01a591C,whale,2025-11-15T14:39:00.000Z,0xcD425efFafC7788f3Db4DdAE531102d28b82f5fA,ETH,0.04,127.3,
691890be758f042a4889fe13,43a088347eeeb8e19e84e24f58c0ac99d482a2eaf0e1cffa2f87cb4d6776528b,ethereum,2025-11-15T14:39:57.327Z,0x1B48A6d0273199e0cE0C775caD29FDedFc7fA1FB,whale,2025-11-15T14:39:00.000Z,0x956962C34687A954e611A83619ABaA37Ce6bC78A,ETH,0.0028,8.91,
691890be758f042a4889fe14,5a67d719cbb24d0f1fc148b8fea0fd94a3165f29f5d3e0b377909b600a62e1cc,ethereum,2025-11-15T14:39:57.788Z,0xbc095619b435C5aEeE9715EE3E2Abce79549708d,whale,2025-11-15T14:39:00.000Z,0x28f20D7c25c832e77fD99f028B36e3954C846738,ETH,1,3182.53,
691890c2758f042a4889fe15,9642575f67ab17f45ccce8a91aa2cfb765c976d77b12ee96848122f28f98f88a,ethereum,2025-11-15T14:40:01.527Z,0x9a0C272bD8bb40edB2689bF48B395F8EcB561d55,whale,2025-11-15T14:39:00.000Z,0xfAAb8a1936a773403492297fb186162808CD7F0f,ETH,0.05,159.13,
691890c4758f042a4889fe16,1699ed0a9439d029dbc997d8023e848eb8f2dd48b6e8248877b1012ae670e2a4,ethereum,2025-11-15T14:40:03.984Z,0x2eCf94a3CD5c5Cd994292c5a25B686115fe9F8Fd,whale,2025-11-15T14:39:00.000Z,0xad0C1732F8581188136c522fA1b948a3eD2d1F0B,ETH,0.0005,1.59,
691890ca758f042a4889fe17,a26f251c0912faa292e1e281620c50536ea4ca26dcafa770178909119c8d088c,ethereum,2025-11-15T14:40:09.510Z,0xBBDaf05f49BcA95c6Af92D10d495A62B574bB1A1,whale,2025-11-15T14:39:00.000Z,0x552D97dB7384cfc682a45E8d5af0C262f6F519b9,ETH,1.4101907465625,4487.97,
691890ce758f042a4889fe1a,fe70cf7e30cdd9528a0038670ad70492803d51126078d24f120e4e9942d64d4c,ethereum,2025-11-15T14:40:13.300Z,0x6Cc9397c3B38739daCbfaA68EaD5F5D77Ba5F455,whale,2025-11-15T14:39:12.000Z,0x4306a55AE225B0d7F6684674E7C0d357af27B4D4,ETH,2.5,7956.33,
691890cf758f042a4889fe1b,5e4d8db15b59eddf32c08e8da028ae3c759c95410478e18a8d4549e6211422e4,ethereum,2025-11-15T14:40:14.152Z,0xD3c983F60289221a8B41c6DBD838E8B7Be00a9d9,whale,2025-11-15T14:39:12.000Z,0x3E7f800E288Af0274160b0989d63b71954f08eDe,ETH,0.2,636.51,
691890d2758f042a4889fe1c,940016a845d90ec45c8c1a82740dad1fd32721e16a771ec537295d75dda0e880,ethereum,2025-11-15T14:40:17.818Z,0x9484449f2BE7CD6E01eF55bC5438C733e0759e0f,whale,2025-11-15T14:39:12.000Z,0xD6b8954C98EE8736D36d8352cFc8837D413D6815,ETH,0.05,159.13,
691890d2758f042a4889fe1d,21deb7b92cb248038e99726982f18f6767bcd18b79dc69f3c46b5ffb5d3d7a07,ethereum,2025-11-15T14:40:18.019Z,0x6EFB29CEe3b414272EB7A8F3Ebabf873D36bC033,whale,2025-11-15T14:39:12.000Z,0xf2EEe1f58f6f37643BB473ec3EBA54257364Ec85,ETH,0.05,159.13,
691890e0758f042a4889fe20,c6831ebae8d5bcbfb3c7ec52522ebf184b833dad88e0552c43cdf926afe491b3,ethereum,2025-11-15T14:40:31.236Z,0x9C9C001E5a92803Ad3E32B0dDC283212cD191813,whale,2025-11-15T14:39:24.000Z,0x08CCC9468211099DE4CF1Bea54518A9763131d03,ETH,1,3182.53,
691890e4758f042a4889fe21,7ba23aa3173085deb40eed3c2b5cdd6e4b70f101233ca25d36b6547d66b83a13,ethereum,2025-11-15T14:40:36.031Z,0xD0592AB3499b9d52bc01D652659f9D5a3C4Dcd65,whale,2025-11-15T14:39:24.000Z,0x262f75903D5379A4Ef3EcFD929D8C7Bc3e92fF08,ETH,9.9702,31730.46,
691890ec758f042a4889fe24,7b530e82c239c76b3624820e86f46ecf59d15fc38ca0413c5a7b7a81159894ab,ethereum,2025-11-15T14:40:43.874Z,0x6Cc9397c3B38739daCbfaA68EaD5F5D77Ba5F455,whale,2025-11-15T14:39:36.000Z,0x4549313Ef8342f36C1759e23d3526E25Bb9A5c19,ETH,0.0619514,197.16,
691890ed758f042a4889fe25,9e540233083218c321aa931599a25f3b83ccd3bceaf857df1a2c9185653a7170,ethereum,2025-11-15T14:40:44.203Z,0x1B48A6d0273199e0cE0C775caD29FDedFc7fA1FB,whale,2025-11-15T14:39:36.000Z,0x956962C34687A954e611A83619ABaA37Ce6bC78A,ETH,0.0028,8.91,
691890f0758f042a4889fe26,ed0a2a3d38a072579bdcc733ceb25ff9293e22b4c7381715f7d44bdf3bf4215d,ethereum,2025-11-15T14:40:47.409Z,0x95A13F457C76d10A40D7e8497eD4F40c53F4d04b,whale,2025-11-15T14:39:36.000Z,0x97c0e228750E2050937925A682478123443741fF,ETH,0.05,159.13,
691890f1758f042a4889fe27,eabb4d244cfd643f731e7aacf6e09e5e4eecc500509c6947f14d0da900c38b44,ethereum,2025-11-15T14:40:48.532Z,0xBBDaf05f49BcA95c6Af92D10d495A62B574bB1A1,whale,2025-11-15T14:39:36.000Z,0x552D97dB7384cfc682a45E8d5af0C262f6F519b9,ETH,1.8027069965625,5737.17,
691890fc758f042a4889fe2a,2eac73c8826d5d30288c248a8d2e67118a6257e837cbe1cb19019522433b4412,ethereum,2025-11-15T14:40:59.931Z,0xaD19234C40f738dD093BA800e642B84709E6Dfc1,whale,2025-11-15T14:39:48.000Z,0x07322Fd1f11e7Bf9ed1B44751Fa74bAD0775B04C,ETH,10,31825.3,
691890fe758f042a4889fe2b,3bc1d8d3ca046cc6247339bff24f3036b138931643795e70213078fe98b5cdbd,ethereum,2025-11-15T14:41:01.730Z,0x7C5529Da79c1764E79687f69f3223De41A5747d3,whale,2025-11-15T14:39:48.000Z,0x87A3effB84CBE1E4caB6Ab430139eC41d156D55A,ETH,0.004198,13.36,
691890ff758f042a4889fe2c,16dc036d5f6561f427aab6f7cd0a8099237b645beb9d105b545cb5cbf4672b50,ethereum,2025-11-15T14:41:02.459Z,0xBBDaf05f49BcA95c6Af92D10d495A62B574bB1A1,whale,2025-11-15T14:39:48.000Z,0x552D97dB7384cfc682a45E8d5af0C262f6F519b9,ETH,2.2477232465625,7153.45,
69189106758f042a4889fe2d,3c5193c3768cf11a1f0aae748b2f9486458072c4cedb7d623d10db287f030a47,ethereum,2025-11-15T14:41:09.377Z,0x13CB6AE34A13a0977F4d7101eBc24B87Bb23F0d5,whale,2025-11-15T14:39:48.000Z,0x670B24610DF99b1685aEAC0dfD5307B92e0cF4d7,ETH,0.005322616644585078,16.94,
69189107758f042a4889fe2f,056660be55cb484218b21b822c85d785ffddc78061f1a5255b953c4d40d2af84,ethereum,2025-11-15T14:41:10.324Z,0xC6392aD8A14794eA57D237D12017E7295bea2363,whale,2025-11-15T14:40:00.000Z,0x777a0C6feD4C690B49c146611ee5fca521804FE6,ETH,0.005,15.91,
69189108758f042a4889fe31,ec1c40182efb6161bd4b55016cbfcf7941c2c48fc4d1860ecbcea2b03a971f0e,ethereum,2025-11-15T14:41:11.188Z,0x6Cc9397c3B38739daCbfaA68EaD5F5D77Ba5F455,whale,2025-11-15T14:40:00.000Z,0x38B3602656e82A577e2a62F419f0bD9930D7bE52,ETH,0.0517706,164.76,
69189108758f042a4889fe32,86ad3ff98db0ecc308725bd65f3dea5a1de7152c530a3ac0c0ab9150dcd10884,ethereum,2025-11-15T14:41:11.383Z,0x8807Eb9C4A8f71A5aa1E22a8bC3826C9369A18c6,whale,2025-11-15T14:40:00.000Z,0x956962C34687A954e611A83619ABaA37Ce6bC78A,ETH,0.003059075630808948,9.74,
69189108758f042a4889fe33,2e75aa61c0aa7c9bd815f22c626366a6856830e6f1b94063ece1748c952386eb,ethereum,2025-11-15T14:41:11.581Z,0x28F38762b0DcCe63f868372f052b832E9B78A243,whale,2025-11-15T14:40:00.000Z,0x956962C34687A954e611A83619ABaA37Ce6bC78A,ETH,0.002074831231601326,6.6,
69189108758f042a4889fe34,bdcf43ce850647e1927721d007fc7e4a27a53306aa3617250688f662b5e4c975,ethereum,2025-11-15T14:41:11.914Z,0x657988fF9bD539D4cDB3D3cC5a6a07864eC7485b,whale,2025-11-15T14:40:00.000Z,0xaDB4f3334825E645dD201de5CF1778a09515936f,ETH,0.01402849584351359,44.65,
6918910f758f042a4889fe35,feed02d442ebe131535b5ca191c27d382c806fa6153c98c1ad5d13ec2b85e10d,ethereum,2025-11-15T14:41:18.303Z,0x97b0EcD347bE5f4e2AC41Ea6e406be969Cd7F2E4,whale,2025-11-15T14:40:00.000Z,0x0384DF200580d007b001205AC027d75211452aa8,ETH,0.23958991431017476,762.5,
6918910f758f042a4889fe36,3f334b4148d04cd01e16660ee3a00236d810489b235cecf59f18b19145c33e86,ethereum,2025-11-15T14:41:18.634Z,0xc8266DC1f75E2D9D13Dc2ccb3D0e1DB2b98F3AeC,whale,2025-11-15T14:40:00.000Z,0xc497E485C414dB594F0030fa6C32365578C7E99E,ETH,0.001,3.18,
69189110758f042a4889fe37,2a7fe73df3deba43880a1ba61bd3b2438d83341b795fafd9c6f134a7281f1dfa,ethereum,2025-11-15T14:41:19.605Z,0xBBDaf05f49BcA95c6Af92D10d495A62B574bB1A1,whale,2025-11-15T14:40:00.000Z,0x552D97dB7384cfc682a45E8d5af0C262f6F519b9,ETH,0.636591553828125,2025.97,
69189111758f042a4889fe38,936a8a58045ed1db9dfd3ba04d1fd2dfc6911565e7ec2aa9cd5d3b1232869dc9,ethereum,2025-11-15T14:41:20.214Z,0xC6392aD8A14794eA57D237D12017E7295bea2363,whale,2025-11-15T14:40:12.000Z,0x683e2379b2af3221a150a7540299B75b15aacec6,ETH,0.005,15.91,
69189111758f042a4889fe39,afdda05e70f7e0bceba986f4d25588413da660da880950b1b4804650b72310b2,ethereum,2025-11-15T14:41:20.799Z,0x6Cc9397c3B38739daCbfaA68EaD5F5D77Ba5F455,whale,2025-11-15T14:40:12.000Z,0x6e62fA7CF48B5f5ECa39163879d89C6E3049244A,ETH,2.31739167,7375.17,
69189112758f042a4889fe3a,c2bac303ce29e85c149369912b0415e40107eb31c1d5b910a213a6bd75f95a90,ethereum,2025-11-15T14:41:21.132Z,0x6Cc9397c3B38739daCbfaA68EaD5F5D77Ba5F455,whale,2025-11-15T14:40:12.000Z,0xcB4CE491151A53f57Bc36eB67B10039f6f61EA37,ETH,2.30323392,7330.11,
69189112758f042a4889fe3b,dba2a397fefa1432959ab055d2d03615207d26ccb0ed433e9f42f85e673dbd40,ethereum,2025-11-15T14:41:21.473Z,0xAF98292ed1f489e6ada94b9484Fa04d14b567AE2,whale,2025-11-15T14:40:12.000Z,0x956962C34687A954e611A83619ABaA37Ce6bC78A,ETH,0.00185042797008293,5.89,
69189112758f042a4889fe3c,4612f1e0fab69db98f2eacbf0ba98dab8e181e6d77472944da7d6496500c5a7a,ethereum,2025-11-15T14:41:21.932Z,0x80ee1bB8930b1a7d596d9C7fbb4B436EB6f8EF1E,whale,2025-11-15T14:40:12.000Z,0x956962C34687A954e611A83619ABaA37Ce6bC78A,ETH,0.002366621309938277,7.53,
69189114758f042a4889fe3d,558606ad37623cc884b0ca36db1b38065cb14fdd8d3becf5a3c49a30b5d14124,ethereum,2025-11-15T14:41:23.715Z,0x61ed2D0665399a9b2AEDCE93dCEb4223d4Dc4849,whale,2025-11-15T14:40:12.000Z,0x02aDF8c23f4c95c8bcD8c34E944115dC8E6A8ab3,ETH,1.05,3341.66,
69189116758f042a4889fe3f,750674e4873dfdd3e720b99bf415981a4911e4b28192f9dc33ba470416554460,ethereum,2025-11-15T14:41:25.626Z,0x49cC048D0CD136d28D6Ca929a6a55e45fB4ecF84,whale,2025-11-15T14:40:12.000Z,0x7cb512008ECD844FCab522d1F8683aA6a8Dd075B,ETH,0.01,31.83,
69189119758f042a4889fe41,8d94932dc99ddb46b65615865cedb6660eea63dac24b2b86d8db565d04ccf8db,ethereum,2025-11-15T14:41:28.704Z,0xFcd627899fD2f2e925E2fB2067Eb54878312a05c,whale,2025-11-15T14:40:12.000Z,0xc497E485C414dB594F0030fa6C32365578C7E99E,ETH,0.001,3.18,
69189121758f042a4889fe42,68f56b1a5987d3534e95549fd07285083ebbe549efe8ecb5f8b4d9e7c1e23fe9,ethereum,2025-11-15T14:41:36.929Z,0x6Cc9397c3B38739daCbfaA68EaD5F5D77Ba5F455,whale,2025-11-15T14:40:24.000Z,0x3D239151C27952c41d35704e939bb20646b3057E,ETH,0.30019196,955.37,
69189126758f042a4889fe45,dd1636ce365e26cb82227f76c65294d57b8048cf9133b90f1938dadc62886791,ethereum,2025-11-15T14:41:41.185Z,0x159cA92b12F67E5676d82C238f4906692618A555,whale,2025-11-15T14:40:24.000Z,0x3a7F1DfdF9dd59bb4DCF0cAd50BEbCb5541192CF,ETH,0.05,159.14,
69189126758f042a4889fe46,dc760501e8f89e72d8d2c719b96eb3522bcaf40fd41db5451e660df4bde8a66d,ethereum,2025-11-15T14:41:41.382Z,0x15095Ec8FB1Fc9C664b3223459dFF43158ACe7aD,whale,2025-11-15T14:40:24.000Z,0x2f6bE2184972C7786Ef1c5cc2D92F11C55C33d08,ETH,0.05,159.14,
6918912b758f042a4889fe47,68815d5181061346a606d188bfc220246284374002fc09e5315ab936575bef02,ethereum,2025-11-15T14:41:46.417Z,0xD0592AB3499b9d52bc01D652659f9D5a3C4Dcd65,whale,2025-11-15T14:40:24.000Z,0x199381176e0FED15f7729c4feD9Bc216F58474A7,ETH,9.9704,31734.09,
6918912e758f042a4889fe48,c29a045c9389911ec16370ccb3ce90a2102618479dd7d8e59cf35f7da5cbb972,ethereum,2025-11-15T14:41:49.623Z,0x5D1a0E65577B43a52E6dA1E825BD113b1Ac10717,whale,2025-11-15T14:40:24.000Z,0xE27A3840def6eA5ca1cCCb1fA8f7FdD69010c3de,ETH,0.983317125,3129.73,
69189131758f042a4889fe49,a5a640b2330c23db4b68ddd8358d0cf17fc42d8ed225128fbb925512de46b5a9,ethereum,2025-11-15T14:41:52.907Z,0x6Cc9397c3B38739daCbfaA68EaD5F5D77Ba5F455,whale,2025-11-15T14:40:36.000Z,0x9f86e5edfbEBe0de5A0E58dC2e8C4a3a6D8ebB47,ETH,0.05095832,162.19,
69189132758f042a4889fe4a,7e24ff407aeb973914993930eec3082a7f414d72b2cfc9cbbcb9c8e7dc98f5f1,ethereum,2025-11-15T14:41:54.031Z,0xB166d86da3ee4910F724aD5161B9d9EE87d85e46,whale,2025-11-15T14:40:36.000Z,0x0936E83341F3E7bFe0a83E8c95b847F849F1FDe2,ETH,1,3182.83,
69189134758f042a4889fe4d,7d2c20baea1098d3c5a2fe7f80625c5cb113cecb417ad8b9e246d02e82646036,ethereum,2025-11-15T14:41:56.037Z,0x0F694458a437c2aF299B66164D4935d3539E319b,whale,2025-11-15T14:40:36.000Z,0x0fEa1dE3f1dfDAa0E0CB848aa85625Ce2433689B,ETH,0.02,63.66,
69189135758f042a4889fe4e,a060945c007abbe67ac40038306a9ad5235572cb690e6ff1af19df74ad1cd0eb,ethereum,2025-11-15T14:41:56.241Z,0x9a0C272bD8bb40edB2689bF48B395F8EcB561d55,whale,2025-11-15T14:40:36.000Z,0x54E449959BDFBBdDf9d6e7F05CE633E8f5044519,ETH,0.05,159.14,
6921ec5382c05455042c2cb9,f950a4f8d4ac3d30283d08e236a984332f56a33ed14904bccd71411eee6268e6,bitcoin,2025-11-22T17:01:07.880Z,,whale,2025-11-22T16:54:37.000Z,,BTC,3.20334006,271239.62,
6921ec5382c05455042c2cba,db815ca52016ed458cb4806d928fc466f4f51522f3bc0811e36bde77db7ea330,bitcoin,2025-11-22T17:01:08.325Z,,whale,2025-11-22T16:54:37.000Z,,BTC,2300.3101863,194776464.71,
6921ec5382c05455042c2cbb,255a2229a154a7fea899a37667c7cb7f0ff80f0304d8c5bb4ed9722bf9c2fe92,bitcoin,2025-11-22T17:01:08.394Z,,whale,2025-11-22T16:54:37.000Z,,BTC,2299.5013817,194707979.99,
6921ec5482c05455042c2cbc,cb4a8a1ff5cda636e288a89a77ffd51209dc6aa83dbd7f94700df4da16f7f1e5,bitcoin,2025-11-22T17:01:08.460Z,,whale,2025-11-22T16:54:37.000Z,,BTC,2299.50147495,194707987.89,
6921ec5482c05455042c2cbd,947ea713d1b1ae38f3978069c933f612d619c49ca0e66e92104ae180ea0ab5df,bitcoin,2025-11-22T17:01:08.543Z,,whale,2025-11-22T16:54:37.000Z,,BTC,2299.50149825,194707989.86,
6921ec5482c05455042c2cbe,ba9cc6063cfebf03476c48c48f19a588c36e59a8745e1f173229b8602b40080a,bitcoin,2025-11-22T17:01:08.609Z,,whale,2025-11-22T16:54:37.000Z,,BTC,2249.22488664,190450868.05,
6921ec5482c05455042c2cbf,a53a11c5bf9f1a3707475c83f57e7006125aa369a10bf426b05894dfd7744fe7,bitcoin,2025-11-22T17:01:08.678Z,,whale,2025-11-22T16:54:37.000Z,,BTC,2226.27106451,188507276.12,
6921ec5482c05455042c2cc0,9d807bb9b5140558ec1ff7d9656a35b8237eb31f378bd2b8c79f0e9ad5b1fc60,bitcoin,2025-11-22T17:01:08.749Z,,whale,2025-11-22T16:54:37.000Z,,BTC,2226.27108786,188507278.09,
6921ec5482c05455042c2cc1,158943de1b80ab67f32056632ff2de6353825066741ae458eed72b398bb5f975,bitcoin,2025-11-22T17:01:08.813Z,,whale,2025-11-22T16:54:37.000Z,,BTC,2226.27106451,188507276.12,
6921ec5482c05455042c2cc2,aa76e6fb43b22b6462e8f2d6d37b94cd12ca5ccd7159e6bb092b46416bc715ab,bitcoin,2025-11-22T17:01:08.878Z,,whale,2025-11-22T16:54:37.000Z,,BTC,2226.27099461,188507270.2,
6921ec5482c05455042c2cc3,6354181029ccfd5dfece38c2cb71702121b0e287152535165b3d1e6062c956fc,bitcoin,2025-11-22T17:01:08.945Z,,whale,2025-11-22T16:54:37.000Z,,BTC,2226.27111116,188507280.07,
6921ec5482c05455042c2cc4,f779fcd02232ee03ca42d07d8f3e8c956c92d6e483a19c89c261a7518936a2e3,bitcoin,2025-11-22T17:01:09.008Z,,whale,2025-11-22T16:54:37.000Z,,BTC,2226.27108786,188507278.09,
6921ec5482c05455042c2cc5,eb0b775c97eb3c088f2e00782035403ecb9a7fbbd3a7424502484b74c5b43c94,bitcoin,2025-11-22T17:01:09.072Z,,whale,2025-11-22T16:54:37.000Z,,BTC,1631.50984958,138146465,
6921ec5482c05455042c2cc6,f8faee6ccfe7db3a7d8ee9afa06e37af0d931f64939cb123cefbb259955f467a,bitcoin,2025-11-22T17:01:09.137Z,,whale,2025-11-22T16:54:37.000Z,,BTC,1620.36200671,137202532.56,
6921ec5482c05455042c2cc7,da403c9449f34cfd7549730978ceb28bd52078e7772f0dee58d113562c347f97,bitcoin,2025-11-22T17:01:09.199Z,,whale,2025-11-22T16:54:37.000Z,,BTC,1619.43126039,137123722.54,
6921ec5482c05455042c2cc8,852595ba1f360568f9562bd024505d28a65592d9c87d43bf7a1a0fa188cbe415,bitcoin,2025-11-22T17:01:09.264Z,,whale,2025-11-22T16:54:37.000Z,,BTC,1619.43107389,137123706.75,
6921ec5482c05455042c2cc9,912367616de97a3874c7e49944732d87f966152f3f2b8f3f13daeb21521cdd56,bitcoin,2025-11-22T17:01:09.329Z,,whale,2025-11-22T16:54:37.000Z,,BTC,1619.43107389,137123706.75,
6921ec5482c05455042c2cca,7c4437eab048512a10467146bcb80417a16240fdadd16a2a269ddf044b24d6a1,bitcoin,2025-11-22T17:01:09.400Z,,whale,2025-11-22T16:54:37.000Z,,BTC,1619.43109724,137123708.73,
6921ec5582c05455042c2ccb,2a3c8632a76775cddd76710b8339e94ffa8a76d68a4237c1b5d4f55f1d81e1a7,bitcoin,2025-11-22T17:01:09.469Z,,whale,2025-11-22T16:54:37.000Z,,BTC,350.220895,29654604.06,
6921ec5582c05455042c2ccc,2465d9235131f45a719ae2344bd0330cdb94fe143a0c32f6eeb4e44249510d08,bitcoin,2025-11-22T17:01:09.547Z,,whale,2025-11-22T16:54:37.000Z,,BTC,6.49999,550380.15,
6921ec5582c05455042c2ccd,dcfb95303b34688213b9b5266f3efa925c8d3488aa0741f757b3f379a8c253d1,bitcoin,2025-11-22T17:01:09.613Z,,whale,2025-11-22T16:54:37.000Z,,BTC,209.81026763,17765474.6,
6921ec5582c05455042c2cce,b9e3e649f74202fde189ce15d249df7d91447a36f07c7608ac5a3cff7c01efb8,bitcoin,2025-11-22T17:01:09.677Z,,whale,2025-11-22T16:54:37.000Z,,BTC,0.99999716,84673.76,
6921ec5582c05455042c2ccf,d669f4ac098d0fed76073f89a5d47ec573f7ec6d802394952b99b364fc323245,bitcoin,2025-11-22T17:01:09.746Z,,whale,2025-11-22T16:54:37.000Z,,BTC,0.35974483,30461.03,
6921ec5582c05455042c2cd0,1346c43d989b4b2699609ef03a53cf76861e25a341700934f59d122ec4087093,bitcoin,2025-11-22T17:01:09.812Z,,whale,2025-11-22T16:54:37.000Z,,BTC,1.52388614,129033.54,
6921ec5582c05455042c2cd1,0f22befe316b06942a65a8d750da88af7e7578358c4eafe228c4f632e70ff2ff,bitcoin,2025-11-22T17:01:09.875Z,,whale,2025-11-22T16:54:37.000Z,,BTC,273.40443335,23150246.99,
