_id,cryptocurrency,confidence,twitter_score,reddit_score,news_score,predicted_next_price,market_trend,current_price,generated_at
691dc8082f291d03d8138313,Bitcoin,85.71,0.5023662346531407,0,0,44263.55,Bullish,43669.49,2025-11-19T13:37:02.536Z
691dc8122f291d03d8138314,Ethereum,95.24,0.5532642691267736,0,0,3254.45,Bearish,3312.56,2025-11-19T13:37:02.536Z
691dc81d2f291d03d8138315,Solana,90.48,0.47246612904169016,0,0,83.98,Bullish,78.65,2025-11-19T13:37:02.536Z
691dd66ba0f9672f6df0ac1b,Bitcoin,8.34,0.8341,0,0,91505,Bullish,91505,2025-11-19T14:38:34.818Z
691dd675a0f9672f6df0ac1c,Ethereum,0,0,0,0,3051.79,Bullish,3051.79,2025-11-19T14:38:45.398Z
691dd689a0f9672f6df0ac1d,Solana,0,0,0,0,136.75,Bullish,136.75,2025-11-19T14:39:04.601Z
691dd695a0f9672f6df0ac1e,Bitcoin,8.34,0.8341,0,0,91521,Bullish,91521,2025-11-19T14:39:16.964Z
691dd6a5a0f9672f6df0ac1f,Ethereum,0,0,0,0,3050.2,Bullish,3050.2,2025-11-19T14:39:33.179Z
691dd6b0a0f9672f6df0ac20,Solana,0,0,0,0,136.77,Bullish,136.77,2025-11-19T14:39:43.726Z
691dd6baa0f9672f6df0ac21,Bitcoin,8.34,0.8341,0,0,91521,Bullish,91521,2025-11-19T14:39:54.391Z
691dd6c4a0f9672f6df0ac22,Ethereum,0,0,0,0,3049.27,Bullish,3049.27,2025-11-19T14:40:03.828Z
691dd6cca0f9672f6df0ac23,Solana,0,0,0,0,136.77,Bullish,136.77,2025-11-19T14:40:12.536Z
691dd6d9a0f9672f6df0ac24,Bitcoin,8.34,0.8341,0,0,91417,Bullish,91417,2025-11-19T14:40:24.853Z
691dd6e3a0f9672f6df0ac25,Ethereum,0,0,0,0,3049.27,Bullish,3049.27,2025-11-19T14:40:35.240Z
691dd734a0f9672f6df0ac26,Bitcoin,8.34,0.8341,0,0,91429,Bullish,91429,2025-11-19T14:41:55.725Z
691dd744a0f9672f6df0ac27,Ethereum,0,0,0,0,3042.48,Bullish,3042.48,2025-11-19T14:42:11.786Z
691dd752a0f9672f6df0ac28,Solana,0,0,0,0,136.79,Bullish,136.79,2025-11-19T14:42:26.017Z
691dd75ca0f9672f6df0ac29,Bitcoin,8.34,0.8341,0,0,91395,Bullish,91395,2025-11-19T14:42:35.351Z
691dd766a0f9672f6df0ac2a,Ethereum,0,0,0,0,3042.48,Bullish,3042.48,2025-11-19T14:42:46.404Z
691dd776a0f9672f6df0ac2b,Solana,0,0,0,0,136.82,Bullish,136.82,2025-11-19T14:43:01.713Z
691dd783a0f9672f6df0ac2c,Bitcoin,8.34,0.8341,0,0,91395,Bullish,91395,2025-11-19T14:43:14.944Z
691dd78ea0f9672f6df0ac2d,Ethereum,0,0,0,0,3041.79,Bullish,3041.79,2025-11-19T14:43:26.574Z
691dd799a0f9672f6df0ac2e,Solana,0,0,0,0,136.83,Bullish,136.83,2025-11-19T14:43:37.142Z
691dd7aea0f9672f6df0ac2f,Ethereum,0,0,0,0,3045.5,Bullish,3045.5,2025-11-19T14:43:57.839Z
691dd7bea0f9672f6df0ac30,Solana,0,0,0,0,136.83,Bullish,136.83,2025-11-19T14:44:14.015Z
691dd7cda0f9672f6df0ac31,Bitcoin,8.34,0.8341,0,0,91539,Bullish,91539,2025-11-19T14:44:28.858Z
691dd7d6a0f9672f6df0ac32,Ethereum,0,0,0,0,3045.5,Bullish,3045.5,2025-11-19T14:44:37.895Z
691dd7dfa0f9672f6df0ac33,Solana,0,0,0,0,136.92,Bullish,136.92,2025-11-19T14:44:47.473Z
691dd7eda0f9672f6df0ac34,Bitcoin,8.34,0.8341,0,0,91539,Bullish,91539,2025-11-19T14:45:00.715Z
691dd7f7a0f9672f6df0ac35,Ethereum,0,0,0,0,3048.11,Bullish,3048.11,2025-11-19T14:45:11.115Z
691dd843a0f9672f6df0ac36,Bitcoin,8.34,0.8341,0,0,91664,Bullish,91664,2025-11-19T14:46:27.288Z
691dd84da0f9672f6df0ac37,Ethereum,0,0,0,0,3051.91,Bullish,3051.91,2025-11-19T14:46:36.680Z
691dd855a0f9672f6df0ac38,Solana,0,0,0,0,137.15,Bullish,137.15,2025-11-19T14:46:44.854Z
691dd864a0f9672f6df0ac39,Bitcoin,8.34,0.8341,0,0,91664,Bullish,91664,2025-11-19T14:47:00.527Z
691dd86da0f9672f6df0ac3a,Ethereum,0,0,0,0,3057.06,Bullish,3057.06,2025-11-19T14:47:09.282Z
691dd878a0f9672f6df0ac3b,Solana,0,0,0,0,137.15,Bullish,137.15,2025-11-19T14:47:20.264Z
691dd882a0f9672f6df0ac3c,Bitcoin,8.34,0.8341,0,0,91687,Bullish,91687,2025-11-19T14:47:30.059Z
691dd88da0f9672f6df0ac3d,Ethereum,0,0,0,0,3057.06,Bullish,3057.06,2025-11-19T14:47:41.388Z
691dd8dca0f9672f6df0ac3e,Bitcoin,8.34,0.8341,0,0,91612,Bullish,91612,2025-11-19T14:48:59.836Z
691dd8e5a0f9672f6df0ac3f,Ethereum,0,0,0,0,3055.97,Bullish,3055.97,2025-11-19T14:49:09.261Z
691dd8f2a0f9672f6df0ac40,Solana,0,0,0,0,137.16,Bullish,137.16,2025-11-19T14:49:22.331Z
691dd8fca0f9672f6df0ac41,Bitcoin,8.34,0.8341,0,0,91642,Bullish,91642,2025-11-19T14:49:31.916Z
691dd906a0f9672f6df0ac42,Ethereum,0,0,0,0,3055.97,Bullish,3055.97,2025-11-19T14:49:41.811Z
691dd911a0f9672f6df0ac43,Solana,0,0,0,0,137.16,Bullish,137.16,2025-11-19T14:49:53.346Z
691dd959a0f9672f6df0ac44,Ethereum,0,0,0,0,3058.39,Bullish,3058.39,2025-11-19T14:51:04.750Z
691dd962a0f9672f6df0ac45,Solana,0,0,0,0,137.17,Bullish,137.17,2025-11-19T14:51:13.947Z
691dd974a0f9672f6df0ac46,Bitcoin,8.34,0.8341,0,0,91634,Bullish,91634,2025-11-19T14:51:32.215Z
691dd97ea0f9672f6df0ac47,Ethereum,0,0,0,0,3058.39,Bullish,3058.39,2025-11-19T14:51:41.930Z
691dd986a0f9672f6df0ac48,Solana,0,0,0,0,137.18,Bullish,137.18,2025-11-19T14:51:50.090Z
691dd992a0f9672f6df0ac49,Bitcoin,8.34,0.8341,0,0,91634,Bullish,91634,2025-11-19T14:52:02.584Z
691dd99ba0f9672f6df0ac4a,Ethereum,0,0,0,0,3056.06,Bullish,3056.06,2025-11-19T14:52:11.340Z
691dd9eca0f9672f6df0ac4b,Bitcoin,8.34,0.8341,0,0,91563,Bullish,91563,2025-11-19T14:53:32.062Z
691dd9f4a0f9672f6df0ac4c,Ethereum,0,0,0,0,3052.09,Bullish,3052.09,2025-11-19T14:53:40.429Z
691dd9fda0f9672f6df0ac4d,Solana,0,0,0,0,137.11,Bullish,137.11,2025-11-19T14:53:49.102Z
691dda0aa0f9672f6df0ac4e,Bitcoin,8.34,0.8341,0,0,91563,Bullish,91563,2025-11-19T14:54:02.307Z
691dda13a0f9672f6df0ac4f,Ethereum,0,0,0,0,3053.04,Bullish,3053.04,2025-11-19T14:54:11.210Z
691dda1ca0f9672f6df0ac50,Solana,0,0,0,0,137.11,Bullish,137.11,2025-11-19T14:54:19.890Z
691dda28a0f9672f6df0ac51,Bitcoin,8.34,0.8341,0,0,91604,Bullish,91604,2025-11-19T14:54:32.056Z
691dda33a0f9672f6df0ac52,Ethereum,0,0,0,0,3053.04,Bullish,3053.04,2025-11-19T14:54:43.084Z
691de33924f47f4a2a6c4ef9,Bitcoin,8.34,0.83407,0,0,90965,Bullish,90965,2025-11-19T15:33:13.472Z
691de37524f47f4a2a6c4efa,Ethereum,0,0,0,0,3025.79,Bullish,3025.79,2025-11-19T15:34:13.424Z
691de38124f47f4a2a6c4efb,Solana,0,0,0,0,136.42,Bullish,136.42,2025-11-19T15:34:25.397Z
691de39724f47f4a2a6c4efc,Bitcoin,8.34,0.83407,0,0,90868,Bullish,90868,2025-11-19T15:34:46.938Z
691de3a624f47f4a2a6c4efd,Ethereum,0,0,0,0,3015.91,Bullish,3015.91,2025-11-19T15:35:01.693Z
691de3ae24f47f4a2a6c4efe,Solana,0,0,0,0,136.18,Bullish,136.18,2025-11-19T15:35:10.353Z
691de3bc24f47f4a2a6c4eff,Bitcoin,8.34,0.83407,0,0,90868,Bullish,90868,2025-11-19T15:35:22.591Z
691de3c624f47f4a2a6c4f00,Ethereum,0,0,0,0,3012.77,Bullish,3012.77,2025-11-19T15:35:34.320Z
691de3d224f47f4a2a6c4f01,Solana,0,0,0,0,136,Bullish,136,2025-11-19T15:35:46.598Z
691de3e624f47f4a2a6c4f02,Bitcoin,8.34,0.83407,0,0,90795,Bullish,90795,2025-11-19T15:36:06.514Z
691de3ef24f47f4a2a6c4f03,Ethereum,0,0,0,0,3009.67,Bullish,3009.67,2025-11-19T15:36:15.219Z
691de3fa24f47f4a2a6c4f04,Solana,0,0,0,0,136,Bullish,136,2025-11-19T15:36:25.694Z
691de40224f47f4a2a6c4f05,Bitcoin,8.34,0.83407,0,0,90721,Bullish,90721,2025-11-19T15:36:34.362Z
691de45f24f47f4a2a6c4f06,Bitcoin,8.34,0.83407,0,0,90710,Bullish,90710,2025-11-19T15:38:07.451Z
691de46824f47f4a2a6c4f07,Ethereum,0,0,0,0,3003.95,Bullish,3003.95,2025-11-19T15:38:15.751Z
691de47524f47f4a2a6c4f08,Solana,0,0,0,0,135.8,Bullish,135.8,2025-11-19T15:38:28.775Z
691de48924f47f4a2a6c4f09,Ethereum,0,0,0,0,3003.95,Bullish,3003.95,2025-11-19T15:38:48.755Z
691de4d924f47f4a2a6c4f0a,Bitcoin,8.34,0.83407,0,0,90710,Bullish,90710,2025-11-19T15:40:09.283Z
691de4e324f47f4a2a6c4f0b,Ethereum,0,0,0,0,3000.73,Bullish,3000.73,2025-11-19T15:40:19.467Z
691de4fd24f47f4a2a6c4f0c,Bitcoin,8.34,0.83407,0,0,90666,Bullish,90666,2025-11-19T15:40:45.132Z
691de50e24f47f4a2a6c4f0d,Ethereum,0,0,0,0,3000.73,Bullish,3000.73,2025-11-19T15:41:01.702Z
691de51724f47f4a2a6c4f0e,Solana,0,0,0,0,135.55,Bullish,135.55,2025-11-19T15:41:10.865Z
691de52a24f47f4a2a6c4f0f,Bitcoin,8.34,0.83407,0,0,90666,Bullish,90666,2025-11-19T15:41:26.268Z
691de53524f47f4a2a6c4f10,Ethereum,0,0,0,0,2999.93,Bullish,2999.93,2025-11-19T15:41:40.709Z
691de53f24f47f4a2a6c4f11,Solana,0,0,0,0,135.51,Bullish,135.51,2025-11-19T15:41:50.886Z
691de55224f47f4a2a6c4f12,Bitcoin,8.34,0.83407,0,0,90592,Bullish,90592,2025-11-19T15:42:09.738Z
691de55a24f47f4a2a6c4f13,Ethereum,0,0,0,0,2997.52,Bullish,2997.52,2025-11-19T15:42:18.549Z
691de56b24f47f4a2a6c4f14,Solana,0,0,0,0,135.51,Bullish,135.51,2025-11-19T15:42:34.696Z
691de57424f47f4a2a6c4f15,Bitcoin,8.34,0.83407,0,0,90596,Bullish,90596,2025-11-19T15:42:44.217Z
691de57e24f47f4a2a6c4f16,Ethereum,0,0,0,0,2997.52,Bullish,2997.52,2025-11-19T15:42:53.842Z
691e17a39a3c8163d600b985,Bitcoin,8.72,0.83407,0,0,85455.785632,Bearish,89036,2025-11-19T19:16:50.821Z
691e17a89a3c8163d600b986,Ethereum,6.22,0,0,0,3085.932961,Bullish,2886.64,2025-11-19T19:16:56.663Z
691e17ae9a3c8163d600b987,Solana,2.62,0,0,0,124.94306,Bearish,131.19,2025-11-19T19:17:02.571Z
691e17c09a3c8163d600b988,Bitcoin,8.72,0.83407,0,0,85329.37157,Bearish,89036,2025-11-19T19:17:20.634Z
691e17c79a3c8163d600b989,Ethereum,6.22,0,0,0,3080.640968,Bullish,2886.64,2025-11-19T19:17:26.822Z
691e17cc9a3c8163d600b98a,Solana,2.62,0,0,0,124.528643,Bearish,131.19,2025-11-19T19:17:32.369Z
691e17de9a3c8163d600b98b,Bitcoin,8.72,0.83407,0,0,85139.663286,Bearish,88998,2025-11-19T19:17:50.056Z
691e17e49a3c8163d600b98c,Ethereum,6.22,0,0,0,3074.075097,Bullish,2885.21,2025-11-19T19:17:55.779Z
691e18389a3c8163d600b98d,Bitcoin,8.72,0.83407,0,0,84897.102183,Bearish,88978,2025-11-19T19:19:20.206Z
691e183e9a3c8163d600b98e,Ethereum,6.22,0,0,0,3066.911508,Bullish,2883.14,2025-11-19T19:19:25.941Z
691e18439a3c8163d600b98f,Solana,2.62,0,0,0,124.111661,Bearish,131.29,2025-11-19T19:19:31.696Z
691e18569a3c8163d600b990,Bitcoin,8.72,0.83407,0,0,84655.882176,Bearish,88996,2025-11-19T19:19:50.323Z
691e185c9a3c8163d600b991,Ethereum,6.22,0,0,0,3060.899301,Bullish,2883.14,2025-11-19T19:19:55.832Z
691e18b09a3c8163d600b992,Bitcoin,8.72,0.83407,0,0,84426.100435,Bearish,89031,2025-11-19T19:21:20.274Z
691e18b69a3c8163d600b993,Ethereum,6.22,0,0,0,3055.436008,Bullish,2884.04,2025-11-19T19:21:25.985Z
691e18bb9a3c8163d600b994,Solana,2.62,0,0,0,123.62751,Bearish,131.28,2025-11-19T19:21:31.406Z
691e18ce9a3c8163d600b995,Bitcoin,8.72,0.83407,0,0,84416.142219,Bearish,89020,2025-11-19T19:21:50.464Z
691e18d49a3c8163d600b996,Ethereum,6.22,0,0,0,3055.295505,Bullish,2884.04,2025-11-19T19:21:56.106Z
691e19289a3c8163d600b997,Bitcoin,8.72,0.83407,0,0,84389.321213,Bearish,88974,2025-11-19T19:23:20.242Z
691e192e9a3c8163d600b998,Ethereum,6.22,0,0,0,3054.002572,Bullish,2881.86,2025-11-19T19:23:25.899Z
691e19339a3c8163d600b999,Solana,2.62,0,0,0,123.151257,Bearish,131.31,2025-11-19T19:23:31.368Z
691e19469a3c8163d600b99a,Bitcoin,8.72,0.83407,0,0,84387.571492,Bearish,88970,2025-11-19T19:23:50.242Z
691e194c9a3c8163d600b99b,Ethereum,6.22,0,0,0,3053.847665,Bullish,2881.86,2025-11-19T19:23:55.820Z
691e19a09a3c8163d600b99c,Bitcoin,8.72,0.83407,0,0,84361.290247,Bearish,88914,2025-11-19T19:25:20.185Z
691e19a59a3c8163d600b99d,Ethereum,6.22,0,0,0,3051.875275,Bullish,2878.26,2025-11-19T19:25:25.677Z
691e19ab9a3c8163d600b99e,Solana,2.62,0,0,0,122.642764,Bearish,131.22,2025-11-19T19:25:31.175Z
691e19be9a3c8163d600b99f,Bitcoin,8.72,0.83407,0,0,84346.377302,Bearish,88898,2025-11-19T19:25:50.202Z
691e19c39a3c8163d600b9a0,Ethereum,6.22,0,0,0,3051.649323,Bullish,2878.26,2025-11-19T19:25:55.679Z
691e1a189a3c8163d600b9a1,Bitcoin,8.72,0.83407,0,0,84332.824218,Bearish,88903,2025-11-19T19:27:20.301Z
691e1a1d9a3c8163d600b9a2,Ethereum,6.22,0,0,0,3049.655303,Bullish,2875.05,2025-11-19T19:27:25.723Z
691e1a239a3c8163d600b9a3,Solana,2.62,0,0,0,122.648642,Bearish,131.22,2025-11-19T19:27:31.145Z
691e1a369a3c8163d600b9a4,Bitcoin,8.72,0.83407,0,0,84305.169505,Bearish,88881,2025-11-19T19:27:50.726Z
691e1a3c9a3c8163d600b9a5,Ethereum,6.22,0,0,0,3049.218536,Bullish,2875.05,2025-11-19T19:27:56.308Z
691e1a909a3c8163d600b9a6,Bitcoin,8.72,0.83407,0,0,84261.560553,Bearish,88819,2025-11-19T19:29:20.489Z
691e1a969a3c8163d600b9a7,Ethereum,6.22,0,0,0,3048.408271,Bullish,2874.17,2025-11-19T19:29:26.237Z
691e1a9c9a3c8163d600b9a8,Solana,2.62,0,0,0,122.618752,Bearish,131.15,2025-11-19T19:29:31.782Z
691e1aae9a3c8163d600b9a9,Bitcoin,8.72,0.83407,0,0,84253.762421,Bearish,88837,2025-11-19T19:29:50.285Z
691e1ab49a3c8163d600b9aa,Ethereum,6.22,0,0,0,3048.023383,Bullish,2874.17,2025-11-19T19:29:55.996Z
691e1b089a3c8163d600b9ab,Bitcoin,8.72,0.83407,0,0,84247.638885,Bearish,88844,2025-11-19T19:31:20.255Z
691e1b0e9a3c8163d600b9ac,Ethereum,6.22,0,0,0,3049.206495,Bullish,2876.79,2025-11-19T19:31:25.876Z
691e1b139a3c8163d600b9ad,Solana,2.62,0,0,0,122.566899,Bearish,131.07,2025-11-19T19:31:31.427Z
691e1b279a3c8163d600b9ae,Bitcoin,8.72,0.83407,0,0,84250.342357,Bearish,88867,2025-11-19T19:31:50.871Z
691e1b2c9a3c8163d600b9af,Ethereum,6.22,0,0,0,3049.115308,Bullish,2876.79,2025-11-19T19:31:56.574Z
691e1b809a3c8163d600b9b0,Bitcoin,8.72,0.83407,0,0,84251.149694,Bearish,88885,2025-11-19T19:33:20.437Z
691e1b869a3c8163d600b9b1,Ethereum,6.22,0,0,0,3050.393294,Bullish,2879.04,2025-11-19T19:33:26.119Z
691e1b8c9a3c8163d600b9b2,Solana,2.62,0,0,0,122.532352,Bearish,131.04,2025-11-19T19:33:32.004Z
691e1b9e9a3c8163d600b9b3,Bitcoin,8.72,0.83407,0,0,84218.300439,Bearish,88824,2025-11-19T19:33:50.504Z
691e1ba49a3c8163d600b9b4,Ethereum,6.22,0,0,0,3050.582381,Bullish,2879.04,2025-11-19T19:33:55.997Z
691e1bf89a3c8163d600b9b5,Bitcoin,8.72,0.83407,0,0,84217.377379,Bearish,88813,2025-11-19T19:35:20.506Z
691e1bfe9a3c8163d600b9b6,Ethereum,6.22,0,0,0,3049.977736,Bullish,2877.44,2025-11-19T19:35:26.017Z
691e1c039a3c8163d600b9b7,Solana,2.62,0,0,0,122.524427,Bearish,131.08,2025-11-19T19:35:31.679Z
691e1c169a3c8163d600b9b8,Bitcoin,8.72,0.83407,0,0,84208.605198,Bearish,88795,2025-11-19T19:35:50.360Z
691e1c1c9a3c8163d600b9b9,Ethereum,6.22,0,0,0,3050.154494,Bullish,2877.44,2025-11-19T19:35:55.886Z
691e1c709a3c8163d600b9ba,Bitcoin,8.72,0.83407,0,0,84213.27191,Bearish,88813,2025-11-19T19:37:20.358Z
691e1c769a3c8163d600b9bb,Ethereum,6.22,0,0,0,3049.894675,Bullish,2876.88,2025-11-19T19:37:26.028Z
691e1c7b9a3c8163d600b9bc,Solana,2.62,0,0,0,122.483996,Bearish,131.03,2025-11-19T19:37:31.659Z
691e1c8e9a3c8163d600b9bd,Bitcoin,8.72,0.83407,0,0,84203.533768,Bearish,88811,2025-11-19T19:37:50.503Z
691e1c949a3c8163d600b9be,Ethereum,6.22,0,0,0,3049.901389,Bullish,2876.88,2025-11-19T19:37:56.362Z
691e1ce89a3c8163d600b9bf,Bitcoin,8.72,0.83407,0,0,84173.626126,Bearish,88775,2025-11-19T19:39:20.401Z
691e1cee9a3c8163d600b9c0,Ethereum,6.22,0,0,0,3049.042672,Bullish,2875.47,2025-11-19T19:39:26.188Z
691e1cf49a3c8163d600b9c1,Solana,2.62,0,0,0,122.439883,Bearish,130.98,2025-11-19T19:39:31.837Z
691e1d069a3c8163d600b9c2,Bitcoin,8.72,0.83407,0,0,84151.89022,Bearish,88741,2025-11-19T19:39:50.455Z
691e1d0c9a3c8163d600b9c3,Ethereum,6.22,0,0,0,3048.871042,Bullish,2875.47,2025-11-19T19:39:56.302Z
691e1d619a3c8163d600b9c4,Bitcoin,8.72,0.83407,0,0,84122.133736,Bearish,88694,2025-11-19T19:41:21.019Z
691e1d679a3c8163d600b9c5,Ethereum,6.22,0,0,0,3047.546297,Bullish,2873.16,2025-11-19T19:41:27.055Z
691e1d6d9a3c8163d600b9c6,Solana,2.62,0,0,0,122.408724,Bearish,130.95,2025-11-19T19:41:33.056Z
691e1d7f9a3c8163d600b9c7,Bitcoin,8.72,0.83407,0,0,84093.984047,Bearish,88656,2025-11-19T19:41:51.327Z
691e1d869a3c8163d600b9c8,Ethereum,6.22,0,0,0,3047.343904,Bullish,2873.16,2025-11-19T19:41:58.721Z
691e1dd89a3c8163d600b9c9,Bitcoin,8.72,0.83407,0,0,84089.255668,Bearish,88682,2025-11-19T19:43:20.633Z
691e1dde9a3c8163d600b9ca,Ethereum,6.22,0,0,0,3046.743976,Bullish,2872.38,2025-11-19T19:43:26.078Z
691e1de39a3c8163d600b9cb,Solana,2.62,0,0,0,122.392506,Bearish,130.94,2025-11-19T19:43:31.648Z
691e1df69a3c8163d600b9cc,Bitcoin,8.72,0.83407,0,0,84084.650127,Bearish,88711,2025-11-19T19:43:50.661Z
691e1dfc9a3c8163d600b9cd,Ethereum,6.22,0,0,0,3046.520222,Bullish,2872.38,2025-11-19T19:43:56.244Z
6920b49af8185940d4395174,Bitcoin,2.54,0.094562,0,0,84820.384024,Bullish,84805,2025-11-21T18:51:06.791Z
6920b49ef8185940d4395175,Ethereum,8.5,0.167996,0,0,3000.449497,Bullish,2781.17,2025-11-21T18:51:10.867Z
6920b4a2f8185940d4395176,Solana,5.63,0.344362,0,0,119.031254,Bearish,129.44,2025-11-21T18:51:14.349Z
6920b4b8f8185940d4395177,Bitcoin,2.54,0.094562,0,0,84450.88793,Bearish,84805,2025-11-21T18:51:35.944Z
6920b4baf8185940d4395178,Ethereum,8.5,0.167996,0,0,2995.375888,Bullish,2781.17,2025-11-21T18:51:38.538Z
6920b512f8185940d4395179,Bitcoin,2.54,0.094562,0,0,84017.941706,Bearish,84843,2025-11-21T18:53:06.518Z
6920b515f8185940d439517a,Ethereum,8.5,0.167996,0,0,2992.595751,Bullish,2785.29,2025-11-21T18:53:09.126Z
6920b518f8185940d439517b,Solana,5.63,0.344362,0,0,119.005805,Bearish,129.57,2025-11-21T18:53:11.902Z
6920b530f8185940d439517c,Bitcoin,2.54,0.094562,0,0,83526.034277,Bearish,84815,2025-11-21T18:53:36.116Z
6920b533f8185940d439517d,Ethereum,8.5,0.167996,0,0,2987.957323,Bullish,2785.29,2025-11-21T18:53:39.035Z
6920b58af8185940d439517e,Bitcoin,2.54,0.094562,0,0,82963.970519,Bearish,84679,2025-11-21T18:55:06.266Z
6920b58ef8185940d439517f,Ethereum,8.5,0.167996,0,0,2983.753488,Bullish,2785.65,2025-11-21T18:55:09.870Z
6920b591f8185940d4395180,Solana,5.63,0.344362,0,0,118.918635,Bearish,129.6,2025-11-21T18:55:12.823Z
6920b5a8f8185940d4395181,Bitcoin,2.54,0.094562,0,0,82476.669738,Bearish,84679,2025-11-21T18:55:35.949Z
6920b5aaf8185940d4395182,Ethereum,8.5,0.167996,0,0,2979.624826,Bullish,2785.65,2025-11-21T18:55:38.550Z
6920b602f8185940d4395183,Bitcoin,2.54,0.094562,0,0,82428.95054,Bearish,84612,2025-11-21T18:57:06.294Z
6920b605f8185940d4395184,Ethereum,8.5,0.167996,0,0,2977.026869,Bullish,2780.36,2025-11-21T18:57:09.393Z
6920b609f8185940d4395185,Solana,5.63,0.344362,0,0,118.801532,Bearish,129.59,2025-11-21T18:57:13.647Z
6920b620f8185940d4395186,Bitcoin,2.54,0.094562,0,0,82422.104243,Bearish,84641,2025-11-21T18:57:36.101Z
6920b623f8185940d4395187,Ethereum,8.5,0.167996,0,0,2976.957167,Bullish,2780.36,2025-11-21T18:57:39.171Z
6920b67af8185940d4395188,Bitcoin,2.54,0.094562,0,0,82349.239518,Bearish,84547,2025-11-21T18:59:06.322Z
6920b67df8185940d4395189,Ethereum,8.5,0.167996,0,0,2976.256952,Bullish,2779.55,2025-11-21T18:59:09.476Z
6920b680f8185940d439518a,Solana,5.63,0.344362,0,0,118.699576,Bearish,129.6,2025-11-21T18:59:12.717Z
6920b698f8185940d439518b,Bitcoin,2.54,0.094562,0,0,82319.177018,Bearish,84547,2025-11-21T18:59:36.210Z
6920b69bf8185940d439518c,Ethereum,8.5,0.167996,0,0,2975.951532,Bullish,2779.55,2025-11-21T18:59:39.230Z
6920b6f2f8185940d439518d,Bitcoin,2.54,0.094269,0,0,82306.494332,Bearish,84552,2025-11-21T19:01:06.281Z
6920b6f6f8185940d439518e,Ethereum,8.5,0.167996,0,0,2974.038258,Bullish,2776.55,2025-11-21T19:01:10.628Z
6920b6faf8185940d439518f,Solana,5.63,0.344362,0,0,118.594043,Bearish,129.59,2025-11-21T19:01:13.877Z
6920b710f8185940d4395190,Bitcoin,2.54,0.094269,0,0,82288.024492,Bearish,84546,2025-11-21T19:01:36.751Z
6920b714f8185940d4395191,Ethereum,8.5,0.167996,0,0,2973.580739,Bullish,2776.55,2025-11-21T19:01:39.935Z
6920b76af8185940d4395192,Bitcoin,2.54,0.094269,0,0,82243.241887,Bearish,84474,2025-11-21T19:03:06.691Z
6920b76ef8185940d4395193,Ethereum,8.5,0.167996,0,0,2975.460926,Bullish,2780.45,2025-11-21T19:03:10.170Z
6920b771f8185940d4395194,Solana,5.63,0.344362,0,0,118.546845,Bearish,129.47,2025-11-21T19:03:13.516Z
6920b788f8185940d4395195,Bitcoin,2.54,0.094269,0,0,82225.175481,Bearish,84474,2025-11-21T19:03:36.710Z
6920b78cf8185940d4395196,Ethereum,8.5,0.167996,0,0,2975.474598,Bullish,2780.45,2025-11-21T19:03:39.881Z
6920b7e2f8185940d4395197,Bitcoin,2.54,0.094269,0,0,82227.2963,Bearish,84494,2025-11-21T19:05:06.096Z
6920b7e4f8185940d4395198,Ethereum,8.5,0.167996,0,0,2974.257377,Bullish,2778.06,2025-11-21T19:05:08.768Z
6920b7e7f8185940d4395199,Solana,5.63,0.344362,0,0,118.547112,Bearish,129.48,2025-11-21T19:05:11.678Z
6920b800f8185940d439519a,Bitcoin,2.54,0.094269,0,0,82229.436287,Bearish,84512,2025-11-21T19:05:36.333Z
6920b803f8185940d439519b,Ethereum,8.5,0.167996,0,0,2975.02371,Bullish,2779.62,2025-11-21T19:05:39.253Z
6920b85af8185940d439519c,Bitcoin,2.54,0.094269,0,0,82261.188006,Bearish,84586,2025-11-21T19:07:06.320Z
6920b85df8185940d439519d,Ethereum,8.5,0.167996,0,0,2976.318827,Bullish,2781.76,2025-11-21T19:07:09.208Z
6920b860f8185940d439519e,Solana,5.63,0.344362,0,0,118.543691,Bearish,129.49,2025-11-21T19:07:12.087Z
6920b878f8185940d439519f,Bitcoin,2.54,0.094269,0,0,82263.695819,Bearish,84586,2025-11-21T19:07:36.119Z
6920b87af8185940d43951a0,Ethereum,8.5,0.167996,0,0,2976.578959,Bullish,2781.76,2025-11-21T19:07:38.816Z
6920b8d2f8185940d43951a1,Bitcoin,2.48,0.087942,0,0,82258.740244,Bearish,84551,2025-11-21T19:09:06.145Z
6920b8d5f8185940d43951a2,Ethereum,8.55,0.172792,0,0,2974.172448,Bullish,2777.11,2025-11-21T19:09:09.093Z
6920b8d8f8185940d43951a3,Solana,5.57,0.338671,0,0,118.44243,Bearish,129.3,2025-11-21T19:09:12.014Z
6920b8f0f8185940d43951a4,Bitcoin,2.48,0.087942,0,0,82263.542934,Bearish,84540,2025-11-21T19:09:36.413Z
6920b8f3f8185940d43951a5,Ethereum,8.55,0.172792,0,0,2973.998742,Bullish,2777.11,2025-11-21T19:09:39.114Z
6920b94af8185940d43951a6,Bitcoin,2.48,0.087942,0,0,82353.385215,Bearish,84704,2025-11-21T19:11:06.403Z
6920b94df8185940d43951a7,Ethereum,8.55,0.172792,0,0,2973.476137,Bullish,2776.26,2025-11-21T19:11:09.335Z
6920b950f8185940d43951a8,Solana,5.57,0.338671,0,0,118.453273,Bearish,129.36,2025-11-21T19:11:12.245Z
6920b969f8185940d43951a9,Bitcoin,2.48,0.087942,0,0,82371.998496,Bearish,84704,2025-11-21T19:11:37.516Z
6920b96ef8185940d43951aa,Ethereum,8.55,0.172792,0,0,2973.287416,Bullish,2776.26,2025-11-21T19:11:42.561Z
6920b9c2f8185940d43951ab,Bitcoin,2.48,0.087942,0,0,82359.497411,Bearish,84655,2025-11-21T19:13:06.421Z
6920b9c5f8185940d43951ac,Ethereum,8.55,0.172792,0,0,2972.915854,Bullish,2776.09,2025-11-21T19:13:09.370Z
6920b9c8f8185940d43951ad,Solana,5.57,0.338671,0,0,118.397035,Bearish,129.28,2025-11-21T19:13:12.590Z
6920b9e0f8185940d43951ae,Bitcoin,2.48,0.087942,0,0,82379.903568,Bearish,84676,2025-11-21T19:13:36.478Z
6920b9e3f8185940d43951af,Ethereum,8.55,0.172792,0,0,2972.639853,Bullish,2776.09,2025-11-21T19:13:39.230Z
6920ba3af8185940d43951b0,Bitcoin,2.48,0.087942,0,0,82299.552841,Bearish,84487,2025-11-21T19:15:06.578Z
6920ba3df8185940d43951b1,Ethereum,8.55,0.172792,0,0,2968.560463,Bullish,2768.55,2025-11-21T19:15:09.494Z
6920ba40f8185940d43951b2,Solana,5.57,0.338671,0,0,118.246502,Bearish,129,2025-11-21T19:15:12.421Z
6920ba58f8185940d43951b3,Bitcoin,2.48,0.087942,0,0,82298.384873,Bearish,84487,2025-11-21T19:15:36.290Z
6920ba5bf8185940d43951b4,Ethereum,8.55,0.172792,0,0,2968.10392,Bullish,2768.55,2025-11-21T19:15:38.987Z
6920bab2f8185940d43951b5,Bitcoin,2.48,0.087942,0,0,82273.443285,Bearish,84486,2025-11-21T19:17:06.407Z
6920bab5f8185940d43951b6,Ethereum,8.55,0.172792,0,0,2966.165784,Bullish,2765.7,2025-11-21T19:17:09.311Z
6920bab8f8185940d43951b7,Solana,5.57,0.338671,0,0,118.187976,Bearish,128.94,2025-11-21T19:17:12.242Z
6920bad0f8185940d43951b8,Bitcoin,2.48,0.087942,0,0,82255.278221,Bearish,84502,2025-11-21T19:17:36.514Z
6920bad3f8185940d43951b9,Ethereum,8.55,0.172792,0,0,2965.606457,Bullish,2765.7,2025-11-21T19:17:39.189Z
6920bb2af8185940d43951ba,Bitcoin,2.48,0.087942,0,0,82288.965257,Bearish,84607,2025-11-21T19:19:06.622Z
6920bb2df8185940d43951bb,Ethereum,8.55,0.172792,0,0,2966.439381,Bullish,2768.26,2025-11-21T19:19:09.747Z
6920bb30f8185940d43951bc,Solana,5.57,0.338671,0,0,118.15509,Bearish,128.95,2025-11-21T19:19:12.752Z
6920bb48f8185940d43951bd,Bitcoin,2.48,0.087942,0,0,82277.422288,Bearish,84607,2025-11-21T19:19:36.418Z
6920bb4bf8185940d43951be,Ethereum,8.55,0.172792,0,0,2966.067433,Bullish,2768.26,2025-11-21T19:19:39.116Z
6920bba2f8185940d43951bf,Bitcoin,2.48,0.087942,0,0,82275.049471,Bearish,84576,2025-11-21T19:21:06.553Z
6920bba5f8185940d43951c0,Ethereum,8.55,0.172792,0,0,2964.673227,Bullish,2765.66,2025-11-21T19:21:09.460Z
6920bba8f8185940d43951c1,Solana,5.57,0.338671,0,0,118.117961,Bearish,128.93,2025-11-21T19:21:12.369Z
6920bbc0f8185940d43951c2,Bitcoin,2.48,0.087942,0,0,82341.635489,Bearish,84684,2025-11-21T19:21:36.689Z
6920bbc4f8185940d43951c3,Ethereum,8.55,0.172792,0,0,2964.531626,Bullish,2765.66,2025-11-21T19:21:40.125Z
6920bc1af8185940d43951c4,Bitcoin,2.48,0.087942,0,0,82416.533462,Bearish,84789,2025-11-21T19:23:06.422Z
6920bc1df8185940d43951c5,Ethereum,8.55,0.172792,0,0,2970.299576,Bullish,2776.48,2025-11-21T19:23:09.330Z
6920bc20f8185940d43951c6,Solana,5.57,0.338671,0,0,118.212204,Bearish,129.19,2025-11-21T19:23:12.251Z
6920bc38f8185940d43951c7,Bitcoin,2.48,0.087942,0,0,82447.080337,Bearish,84789,2025-11-21T19:23:36.416Z
6920bc3bf8185940d43951c8,Ethereum,8.55,0.172792,0,0,2970.868912,Bullish,2776.48,2025-11-21T19:23:39.119Z
6920bc92f8185940d43951c9,Bitcoin,2.48,0.087942,0,0,82481.604772,Bearish,84816,2025-11-21T19:25:06.418Z
6920bc95f8185940d43951ca,Ethereum,8.55,0.172792,0,0,2972.208554,Bullish,2778.14,2025-11-21T19:25:09.399Z
6920bc98f8185940d43951cb,Solana,5.57,0.338671,0,0,118.253267,Bearish,129.3,2025-11-21T19:25:12.377Z
6920bcb1f8185940d43951cc,Bitcoin,2.48,0.087942,0,0,82497.918091,Bearish,84799,2025-11-21T19:25:37.218Z
6920bcb4f8185940d43951cd,Ethereum,8.55,0.172792,0,0,2972.744199,Bullish,2778.14,2025-11-21T19:25:40.105Z
6920bd0af8185940d43951ce,Bitcoin,2.48,0.087942,0,0,82580.425984,Bearish,84907,2025-11-21T19:27:06.672Z
6920bd0df8185940d43951cf,Ethereum,8.55,0.172792,0,0,2973.710973,Bullish,2778.76,2025-11-21T19:27:09.635Z
6920bd10f8185940d43951d0,Solana,5.57,0.338671,0,0,118.349312,Bearish,129.46,2025-11-21T19:27:12.740Z
6920bd28f8185940d43951d1,Bitcoin,2.48,0.087942,0,0,82604.539265,Bearish,84907,2025-11-21T19:27:36.539Z
6920bd2bf8185940d43951d2,Ethereum,8.55,0.172792,0,0,2974.348791,Bullish,2778.76,2025-11-21T19:27:39.583Z
6920bd83f8185940d43951d3,Bitcoin,2.48,0.087942,0,0,82617.285177,Bearish,84906,2025-11-21T19:29:07.313Z
6920bd85f8185940d43951d4,Ethereum,8.55,0.172792,0,0,2974.77589,Bullish,2779.34,2025-11-21T19:29:09.739Z
6920bd88f8185940d43951d5,Solana,5.57,0.338671,0,0,118.394418,Bearish,129.48,2025-11-21T19:29:12.499Z
6920bda0f8185940d43951d6,Bitcoin,2.48,0.087942,0,0,82605.049172,Bearish,84854,2025-11-21T19:29:36.509Z
6920bda3f8185940d43951d7,Ethereum,8.55,0.172792,0,0,2974.919201,Bullish,2779.34,2025-11-21T19:29:38.901Z
6920bdfaf8185940d43951d8,Bitcoin,2.48,0.087942,0,0,82596.348412,Bearish,84824,2025-11-21T19:31:06.469Z
6920bdfcf8185940d43951d9,Ethereum,8.55,0.172792,0,0,2973.235127,Bullish,2776.07,2025-11-21T19:31:08.866Z
6920bdfff8185940d43951da,Solana,5.57,0.338671,0,0,118.438508,Bearish,129.49,2025-11-21T19:31:11.589Z
6920be18f8185940d43951db,Bitcoin,2.48,0.087942,0,0,82600.840599,Bearish,84824,2025-11-21T19:31:36.230Z
6920be1af8185940d43951dc,Ethereum,8.55,0.172792,0,0,2973.118794,Bullish,2776.07,2025-11-21T19:31:38.737Z
6920be72f8185940d43951dd,Bitcoin,2.48,0.087942,0,0,82595.654734,Bearish,84833,2025-11-21T19:33:06.234Z
6920be74f8185940d43951de,Ethereum,8.55,0.172792,0,0,2971.582743,Bullish,2773.47,2025-11-21T19:33:08.829Z
6920be77f8185940d43951df,Solana,5.57,0.338671,0,0,118.402842,Bearish,129.33,2025-11-21T19:33:11.455Z
6920be90f8185940d43951e0,Bitcoin,2.48,0.087942,0,0,82534.390118,Bearish,84731,2025-11-21T19:33:36.379Z
6920be92f8185940d43951e1,Ethereum,8.55,0.172792,0,0,2971.297831,Bullish,2773.47,2025-11-21T19:33:38.873Z
6920beeaf8185940d43951e2,Bitcoin,2.48,0.087942,0,0,82494.562178,Bearish,84689,2025-11-21T19:35:06.329Z
6920beedf8185940d43951e3,Ethereum,8.55,0.172792,0,0,2968.55136,Bullish,2768.9,2025-11-21T19:35:09.037Z
6920beeff8185940d43951e4,Solana,5.57,0.338671,0,0,118.309977,Bearish,129.11,2025-11-21T19:35:11.787Z
6920bf08f8185940d43951e5,Bitcoin,2.48,0.087942,0,0,82476.851241,Bearish,84689,2025-11-21T19:35:36.333Z
6920bf0af8185940d43951e6,Ethereum,8.55,0.172792,0,0,2968.011443,Bullish,2768.9,2025-11-21T19:35:38.703Z
6920bf62f8185940d43951e7,Bitcoin,2.48,0.087942,0,0,82419.293382,Bearish,84607,2025-11-21T19:37:06.322Z
6920bf64f8185940d43951e8,Ethereum,8.55,0.172792,0,0,2966.223314,Bullish,2766.26,2025-11-21T19:37:08.882Z
6920bf67f8185940d43951e9,Solana,5.57,0.338671,0,0,118.228885,Bearish,128.96,2025-11-21T19:37:11.422Z
6920bf80f8185940d43951ea,Bitcoin,2.48,0.087942,0,0,82394.984788,Bearish,84607,2025-11-21T19:37:36.333Z
6920bf82f8185940d43951eb,Ethereum,8.55,0.172792,0,0,2965.715867,Bullish,2766.26,2025-11-21T19:37:38.662Z
6920bfdaf8185940d43951ec,Bitcoin,2.48,0.087942,0,0,82406.41247,Bearish,84682,2025-11-21T19:39:06.364Z
6920bfddf8185940d43951ed,Ethereum,8.55,0.172792,0,0,2966.822089,Bullish,2769.03,2025-11-21T19:39:09.367Z
6920bfe0f8185940d43951ee,Solana,5.57,0.338671,0,0,118.156874,Bearish,128.88,2025-11-21T19:39:11.898Z
6920bff8f8185940d43951ef,Bitcoin,2.48,0.087942,0,0,82428.774928,Bearish,84742,2025-11-21T19:39:36.574Z
6920bffaf8185940d43951f0,Ethereum,8.55,0.172792,0,0,2966.614448,Bullish,2769.03,2025-11-21T19:39:38.889Z
6920c052f8185940d43951f1,Bitcoin,2.48,0.087942,0,0,82447.585063,Bearish,84772,2025-11-21T19:41:06.598Z
6920c055f8185940d43951f2,Ethereum,8.55,0.172792,0,0,2967.586758,Bullish,2770.82,2025-11-21T19:41:09.183Z
6920c057f8185940d43951f3,Solana,5.57,0.338671,0,0,118.118456,Bearish,128.89,2025-11-21T19:41:11.751Z
6920c070f8185940d43951f4,Bitcoin,2.48,0.087942,0,0,82456.128032,Bearish,84772,2025-11-21T19:41:36.663Z
6920c073f8185940d43951f5,Ethereum,8.55,0.172792,0,0,2967.703335,Bullish,2770.82,2025-11-21T19:41:39.017Z
6920c0caf8185940d43951f6,Bitcoin,2.48,0.087942,0,0,82410.038019,Bearish,84642,2025-11-21T19:43:06.409Z
6920c0cdf8185940d43951f7,Ethereum,8.55,0.172792,0,0,2965.984906,Bullish,2767.16,2025-11-21T19:43:09.151Z
6920c0d0f8185940d43951f8,Solana,5.57,0.338671,0,0,118.018838,Bearish,128.78,2025-11-21T19:43:11.978Z
6920c0e8f8185940d43951f9,Bitcoin,2.5,0.09035,0,0,82402.536296,Bearish,84611,2025-11-21T19:43:36.626Z
6920c0ebf8185940d43951fa,Ethereum,8.68,0.185334,0,0,2966.013958,Bullish,2767.16,2025-11-21T19:43:39.020Z
6920c142f8185940d43951fb,Bitcoin,2.5,0.09035,0,0,82380.085172,Bearish,84579,2025-11-21T19:45:06.608Z
6920c145f8185940d43951fc,Ethereum,9.28,0.185334,0,0,2972.331854,Bullish,2763.61,2025-11-21T19:45:09.294Z
6920c148f8185940d43951fd,Solana,5.54,0.335673,0,0,117.837547,Bearish,128.49,2025-11-21T19:45:11.894Z
6920c160f8185940d43951fe,Bitcoin,2.5,0.09035,0,0,82361.589079,Bearish,84579,2025-11-21T19:45:36.575Z
6920c163f8185940d43951ff,Ethereum,9.28,0.185334,0,0,2967.542486,Bullish,2755.25,2025-11-21T19:45:38.962Z
6920c1baf8185940d4395200,Bitcoin,2.5,0.09035,0,0,82228.846912,Bearish,84364,2025-11-21T19:47:06.486Z
6920c1bdf8185940d4395201,Ethereum,9.28,0.185334,0,0,2965.269967,Bullish,2752.56,2025-11-21T19:47:09.040Z
6920c1bff8185940d4395202,Solana,5.54,0.335673,0,0,117.749681,Bearish,128.39,2025-11-21T19:47:11.610Z
6920c1d8f8185940d4395203,Bitcoin,2.5,0.09035,0,0,82166.746443,Bearish,84327,2025-11-21T19:47:36.685Z
6920c1dbf8185940d4395204,Ethereum,9.28,0.185334,0,0,2964.311593,Bullish,2752.56,2025-11-21T19:47:39.040Z
6920c232f8185940d4395205,Bitcoin,2.5,0.09035,0,0,82095.307588,Bearish,84255,2025-11-21T19:49:06.803Z
6920c235f8185940d4395206,Ethereum,9.28,0.185334,0,0,2961.565052,Bullish,2748.87,2025-11-21T19:49:09.637Z
6920c238f8185940d4395207,Solana,5.54,0.335673,0,0,117.657497,Bearish,128.28,2025-11-21T19:49:12.511Z
6920c250f8185940d4395208,Bitcoin,2.5,0.09035,0,0,82054.737275,Bearish,84255,2025-11-21T19:49:36.536Z
6920c253f8185940d4395209,Ethereum,9.28,0.185334,0,0,2960.633289,Bullish,2748.87,2025-11-21T19:49:38.916Z
6920c2aaf8185940d439520a,Bitcoin,2.5,0.09035,0,0,82035.92032,Bearish,84295,2025-11-21T19:51:06.579Z
6920c2adf8185940d439520b,Ethereum,9.28,0.185334,0,0,2961.414479,Bullish,2751.69,2025-11-21T19:51:09.180Z
6920c2aff8185940d439520c,Solana,5.54,0.335673,0,0,117.536313,Bearish,128.12,2025-11-21T19:51:11.788Z
6920c2c8f8185940d439520d,Bitcoin,2.5,0.09035,0,0,82007.489268,Bearish,84309,2025-11-21T19:51:36.877Z
6920c2cbf8185940d439520e,Ethereum,9.28,0.185334,0,0,2961.244313,Bullish,2751.69,2025-11-21T19:51:39.500Z
6920c322f8185940d439520f,Bitcoin,2.5,0.09035,0,0,81972.854644,Bearish,84256,2025-11-21T19:53:06.652Z
6920c325f8185940d4395210,Ethereum,9.28,0.185334,0,0,2960.302748,Bullish,2750,2025-11-21T19:53:09.286Z
6920c328f8185940d4395211,Solana,5.54,0.335673,0,0,117.413733,Bearish,127.98,2025-11-21T19:53:11.920Z
6920c340f8185940d4395212,Bitcoin,2.5,0.09035,0,0,81965.667144,Bearish,84256,2025-11-21T19:53:36.615Z
6920c343f8185940d4395213,Ethereum,9.28,0.185334,0,0,2960.183973,Bullish,2750,2025-11-21T19:53:39.422Z
6920c39af8185940d4395214,Bitcoin,2.5,0.09035,0,0,81923.319678,Bearish,84171,2025-11-21T19:55:06.711Z
6920c39df8185940d4395215,Ethereum,9.28,0.185334,0,0,2957.769444,Bullish,2745.41,2025-11-21T19:55:09.533Z
6920c3a0f8185940d4395216,Solana,5.54,0.335673,0,0,117.313901,Bearish,127.89,2025-11-21T19:55:12.106Z
6920c3b8f8185940d4395217,Bitcoin,2.5,0.09035,0,0,81876.551789,Bearish,84094,2025-11-21T19:55:36.875Z
6920c3bbf8185940d4395218,Ethereum,9.28,0.185334,0,0,2957.567173,Bullish,2745.41,2025-11-21T19:55:39.262Z
6920c413f8185940d4395219,Bitcoin,2.5,0.09035,0,0,81892.830852,Bearish,84168,2025-11-21T19:57:07.061Z
6920c415f8185940d439521a,Ethereum,9.28,0.185334,0,0,2956.245966,Bullish,2743.57,2025-11-21T19:57:09.697Z
6920c418f8185940d439521b,Solana,5.54,0.335673,0,0,117.271485,Bearish,127.89,2025-11-21T19:57:12.295Z
6920c430f8185940d439521c,Bitcoin,2.5,0.09035,0,0,81874.545696,Bearish,84168,2025-11-21T19:57:36.728Z
6920c433f8185940d439521d,Ethereum,9.28,0.185334,0,0,2955.824579,Bullish,2743.57,2025-11-21T19:57:39.295Z
6920c48af8185940d439521e,Bitcoin,2.5,0.09035,0,0,81870.485919,Bearish,84183,2025-11-21T19:59:06.818Z
6920c48df8185940d439521f,Ethereum,9.28,0.185334,0,0,2957.223576,Bullish,2746.79,2025-11-21T19:59:09.430Z
6920c490f8185940d4395220,Solana,5.54,0.335673,0,0,117.238904,Bearish,127.9,2025-11-21T19:59:12.314Z
6920c4a9f8185940d4395221,Bitcoin,2.48,0.088302,0,0,81854.397621,Bearish,84170,2025-11-21T19:59:37.229Z
6920c4abf8185940d4395222,Ethereum,9.26,0.183824,0,0,2957.08173,Bullish,2746.79,2025-11-21T19:59:39.702Z
6920c503f8185940d4395223,Bitcoin,2.48,0.088302,0,0,81842.06105,Bearish,84145,2025-11-21T20:01:07.123Z
6920c506f8185940d4395224,Ethereum,9.26,0.183824,0,0,2958.231676,Bullish,2748.78,2025-11-21T20:01:10.010Z
6920c508f8185940d4395225,Solana,5.5,0.331145,0,0,117.234163,Bearish,127.95,2025-11-21T20:01:12.626Z
6920c521f8185940d4395226,Bitcoin,2.48,0.088302,0,0,81849.045425,Bearish,84145,2025-11-21T20:01:36.904Z
6920c523f8185940d4395227,Ethereum,9.26,0.183824,0,0,2958.420885,Bullish,2748.78,2025-11-21T20:01:39.348Z
6920c57af8185940d4395228,Bitcoin,2.48,0.088302,0,0,81857.764264,Bearish,84167,2025-11-21T20:03:06.827Z
6920c57df8185940d4395229,Ethereum,9.26,0.183824,0,0,2959.990396,Bullish,2751.2,2025-11-21T20:03:09.436Z
6920c580f8185940d439522a,Solana,5.5,0.331145,0,0,117.268974,Bearish,128.05,2025-11-21T20:03:12.026Z
6920c598f8185940d439522b,Bitcoin,2.48,0.088302,0,0,81892.022887,Bearish,84236,2025-11-21T20:03:36.867Z
6920c59bf8185940d439522c,Ethereum,9.26,0.183824,0,0,2960.37919,Bullish,2751.2,2025-11-21T20:03:39.319Z
6920c5f3f8185940d439522d,Bitcoin,2.48,0.088302,0,0,81883.916967,Bearish,84212,2025-11-21T20:05:07.060Z
6920c5f6f8185940d439522e,Ethereum,9.26,0.183824,0,0,2960.352202,Bullish,2750.72,2025-11-21T20:05:10.457Z
6920c5f9f8185940d439522f,Solana,5.5,0.331145,0,0,117.266651,Bearish,128.04,2025-11-21T20:05:13.069Z
6920c611f8185940d4395230,Bitcoin,2.48,0.088302,0,0,81888.932592,Bearish,84212,2025-11-21T20:05:37.036Z
6920c613f8185940d4395231,Ethereum,9.26,0.183824,0,0,2958.824299,Bullish,2747.51,2025-11-21T20:05:39.819Z
6920c66bf8185940d4395232,Bitcoin,2.48,0.088302,0,0,81858.223297,Bearish,84135,2025-11-21T20:07:06.890Z
6920c66df8185940d4395233,Ethereum,9.26,0.183824,0,0,2955.975432,Bullish,2742.35,2025-11-21T20:07:09.500Z
6920c670f8185940d4395234,Solana,5.5,0.331145,0,0,117.150298,Bearish,127.78,2025-11-21T20:07:12.222Z
6920c689f8185940d4395235,Bitcoin,2.48,0.088302,0,0,81807.138187,Bearish,84032,2025-11-21T20:07:37.123Z
6920c68bf8185940d4395236,Ethereum,9.26,0.183824,0,0,2955.613737,Bullish,2742.35,2025-11-21T20:07:39.491Z
6920c6e3f8185940d4395237,Bitcoin,2.48,0.088302,0,0,81783.368567,Bearish,84010,2025-11-21T20:09:07.552Z
6920c6e6f8185940d4395238,Ethereum,9.26,0.183824,0,0,2949.851559,Bullish,2732.5,2025-11-21T20:09:10.665Z
6920c6e9f8185940d4395239,Solana,5.5,0.331145,0,0,117.055793,Bearish,127.59,2025-11-21T20:09:13.644Z
6920c701f8185940d439523a,Bitcoin,2.48,0.088302,0,0,81757.880286,Bearish,84010,2025-11-21T20:09:37.248Z
6920c704f8185940d439523b,Ethereum,9.26,0.183824,0,0,2948.863522,Bullish,2732.5,2025-11-21T20:09:40.011Z
6920c75bf8185940d439523c,Bitcoin,2.48,0.088302,0,0,81665.461422,Bearish,83876,2025-11-21T20:11:07.270Z
6920c75ef8185940d439523d,Ethereum,9.26,0.183824,0,0,2946.356134,Bullish,2729.59,2025-11-21T20:11:10.234Z
6920c761f8185940d439523e,Solana,5.5,0.331145,0,0,116.985616,Bearish,127.48,2025-11-21T20:11:13.408Z
6920c77af8185940d439523f,Bitcoin,2.48,0.088302,0,0,81637.663909,Bearish,83894,2025-11-21T20:11:37.945Z
6920c77cf8185940d4395240,Ethereum,9.26,0.183824,0,0,2945.435113,Bullish,2729.59,2025-11-21T20:11:40.711Z
6920c7d3f8185940d4395241,Bitcoin,2.48,0.088302,0,0,81636.974496,Bearish,83948,2025-11-21T20:13:07.573Z
6920c7d6f8185940d4395242,Ethereum,9.26,0.183824,0,0,2947.043482,Bullish,2733.8,2025-11-21T20:13:10.291Z
6920c7d9f8185940d4395243,Solana,5.5,0.331145,0,0,116.973254,Bearish,127.52,2025-11-21T20:13:13.269Z
6920c7f1f8185940d4395244,Bitcoin,2.48,0.088302,0,0,81625.161996,Bearish,83948,2025-11-21T20:13:37.318Z
6920c7f4f8185940d4395245,Ethereum,9.26,0.183824,0,0,2946.648706,Bullish,2733.8,2025-11-21T20:13:40.055Z
6920c84bf8185940d4395246,Bitcoin,2.48,0.088302,0,0,81701.008546,Bearish,84114,2025-11-21T20:15:07.503Z
6920c84ef8185940d4395247,Ethereum,9.26,0.183824,0,0,2950.736394,Bullish,2741.26,2025-11-21T20:15:10.448Z
6920c851f8185940d4395248,Solana,5.5,0.331145,0,0,116.961761,Bearish,127.58,2025-11-21T20:15:13.416Z
6920c869f8185940d4395249,Bitcoin,2.48,0.088302,0,0,81691.084222,Bearish,84079,2025-11-21T20:15:37.550Z
6920c86cf8185940d439524a,Ethereum,9.26,0.183824,0,0,2951.221868,Bullish,2741.26,2025-11-21T20:15:40.289Z
6920c8c4f8185940d439524b,Bitcoin,2.48,0.088302,0,0,81723.532621,Bearish,84096,2025-11-21T20:17:07.973Z
6920c8c7f8185940d439524c,Ethereum,9.26,0.183824,0,0,2951.014315,Bullish,2739.73,2025-11-21T20:17:10.928Z
6920c8caf8185940d439524d,Solana,5.5,0.331145,0,0,116.881048,Bearish,127.49,2025-11-21T20:17:13.896Z
6920c8e1f8185940d439524e,Bitcoin,2.48,0.088302,0,0,81747.677152,Bearish,84096,2025-11-21T20:17:37.430Z
6920c8e4f8185940d439524f,Ethereum,9.26,0.183824,0,0,2951.524569,Bullish,2739.73,2025-11-21T20:17:40.217Z
6920c93bf8185940d4395250,Bitcoin,2.48,0.088302,0,0,81669.873301,Bearish,83907,2025-11-21T20:19:07.615Z
6920c93ff8185940d4395251,Ethereum,9.26,0.183824,0,0,2948.868809,Bullish,2734.24,2025-11-21T20:19:10.893Z
6920c942f8185940d4395252,Solana,5.5,0.331145,0,0,116.821923,Bearish,127.41,2025-11-21T20:19:13.948Z
6920c959f8185940d4395253,Bitcoin,2.48,0.088302,0,0,81657.47423,Bearish,83882,2025-11-21T20:19:37.591Z
6920c95cf8185940d4395254,Ethereum,9.26,0.183824,0,0,2948.847324,Bullish,2734.24,2025-11-21T20:19:40.297Z
6920c9b3f8185940d4395255,Bitcoin,2.48,0.088302,0,0,81604.413461,Bearish,83827,2025-11-21T20:21:07.804Z
6920c9b6f8185940d4395256,Ethereum,9.26,0.183824,0,0,2945.734664,Bullish,2729.14,2025-11-21T20:21:10.730Z
6920c9b9f8185940d4395257,Solana,5.5,0.331145,0,0,116.738138,Bearish,127.26,2025-11-21T20:21:13.710Z
6920c9d1f8185940d4395258,Bitcoin,2.48,0.088302,0,0,81575.952524,Bearish,83827,2025-11-21T20:21:37.393Z
6920c9d4f8185940d4395259,Ethereum,9.26,0.183824,0,0,2945.097701,Bullish,2729.14,2025-11-21T20:21:40.096Z
6920ca2bf8185940d439525a,Bitcoin,2.48,0.088302,0,0,81512.070172,Bearish,83765,2025-11-21T20:23:07.506Z
6920ca2ef8185940d439525b,Ethereum,5.69,0.183824,0,0,2893.221362,Bullish,2724.11,2025-11-21T20:23:10.749Z
6920ca31f8185940d439525c,Solana,5.5,0.331145,0,0,116.647468,Bearish,127.1,2025-11-21T20:23:13.795Z
6920ca49f8185940d439525d,Bitcoin,2.48,0.088302,0,0,81473.554365,Bearish,83764,2025-11-21T20:23:37.643Z
6920ca4cf8185940d439525e,Ethereum,5.69,0.183824,0,0,2892.420093,Bullish,2724.11,2025-11-21T20:23:40.381Z
6920caa3f8185940d439525f,Bitcoin,2.4,0.080318,0,0,81460.958161,Bearish,83772,2025-11-21T20:25:07.629Z
6920caa6f8185940d4395260,Ethereum,5.69,0.183331,0,0,2891.289771,Bullish,2722.95,2025-11-21T20:25:10.556Z
6920caa9f8185940d4395261,Solana,5.42,0.323283,0,0,116.586412,Bearish,127.03,2025-11-21T20:25:13.452Z
6920cac1f8185940d4395262,Bitcoin,2.4,0.080318,0,0,81447.571443,Bearish,83772,2025-11-21T20:25:37.421Z
6920cac4f8185940d4395263,Ethereum,5.69,0.183331,0,0,2890.719215,Bullish,2722.95,2025-11-21T20:25:40.215Z
6920cb1bf8185940d4395264,Bitcoin,2.4,0.080318,0,0,81402.581261,Bearish,83697,2025-11-21T20:27:07.824Z
6920cb20f8185940d4395265,Ethereum,5.69,0.183331,0,0,2890.381915,Bullish,2722.91,2025-11-21T20:27:12.535Z
6920cb23f8185940d4395266,Solana,5.42,0.323283,0,0,116.528249,Bearish,126.99,2025-11-21T20:27:15.459Z
6920cb39f8185940d4395267,Bitcoin,2.4,0.080318,0,0,81429.775476,Bearish,83777,2025-11-21T20:27:37.649Z
6920cb3cf8185940d4395268,Ethereum,5.69,0.183331,0,0,2890.078815,Bullish,2722.91,2025-11-21T20:27:40.369Z
6920cb93f8185940d4395269,Bitcoin,2.4,0.080318,0,0,81431.295552,Bearish,83780,2025-11-21T20:29:07.740Z
6920cb97f8185940d439526a,Ethereum,5.69,0.183331,0,0,2890.594671,Bullish,2724.02,2025-11-21T20:29:10.969Z
6920cb9af8185940d439526b,Solana,5.42,0.323283,0,0,116.447738,Bearish,126.9,2025-11-21T20:29:13.969Z
6920cbb2f8185940d439526c,Bitcoin,2.4,0.080318,0,0,81432.283833,Bearish,83780,2025-11-21T20:29:38.086Z
6920cbb4f8185940d439526d,Ethereum,5.69,0.183331,0,0,2890.599676,Bullish,2724.02,2025-11-21T20:29:40.817Z
6920cc0bf8185940d439526e,Bitcoin,2.4,0.080318,0,0,81323.225078,Bearish,83564,2025-11-21T20:31:07.570Z
6920cc0ef8185940d439526f,Ethereum,5.69,0.183331,0,0,2885.392016,Bullish,2713.88,2025-11-21T20:31:10.495Z
6920cc11f8185940d4395270,Solana,5.42,0.323283,0,0,116.274836,Bearish,126.62,2025-11-21T20:31:13.413Z
6920cc29f8185940d4395271,Bitcoin,2.4,0.080318,0,0,81274.218089,Bearish,83504,2025-11-21T20:31:37.780Z
6920cc2cf8185940d4395272,Ethereum,5.69,0.183331,0,0,2884.862231,Bullish,2713.88,2025-11-21T20:31:40.439Z
6920cc84f8185940d4395273,Bitcoin,2.4,0.080318,0,0,81236.250433,Bearish,83467,2025-11-21T20:33:07.938Z
6920cc87f8185940d4395274,Ethereum,5.69,0.183331,0,0,2882.724539,Bullish,2710.73,2025-11-21T20:33:10.942Z
6920cc8af8185940d4395275,Solana,5.42,0.323283,0,0,116.146354,Bearish,126.44,2025-11-21T20:33:13.991Z
6920cca1f8185940d4395276,Bitcoin,2.4,0.080318,0,0,81200.820746,Bearish,83467,2025-11-21T20:33:37.831Z
6920cca5f8185940d4395277,Ethereum,5.69,0.183331,0,0,2882.052664,Bullish,2710.73,2025-11-21T20:33:40.527Z
6920ccfbf8185940d4395278,Bitcoin,2.42,0.082052,0,0,81158.979449,Bearish,83459,2025-11-21T20:35:07.849Z
6920ccfff8185940d4395279,Ethereum,5.69,0.183331,0,0,2882.221558,Bullish,2712.39,2025-11-21T20:35:11.173Z
6920cd02f8185940d439527a,Solana,5.42,0.323283,0,0,116.074202,Bearish,126.38,2025-11-21T20:35:14.095Z
6920cd19f8185940d439527b,Bitcoin,2.42,0.082052,0,0,81177.620881,Bearish,83571,2025-11-21T20:35:37.854Z
6920cd1cf8185940d439527c,Ethereum,5.69,0.183331,0,0,2881.681885,Bullish,2712.39,2025-11-21T20:35:40.726Z
6920cd74f8185940d439527d,Bitcoin,2.42,0.082052,0,0,81175.80075,Bearish,83572,2025-11-21T20:37:08.058Z
6920cd77f8185940d439527e,Ethereum,5.69,0.183331,0,0,2884.53329,Bullish,2718,2025-11-21T20:37:10.993Z
6920cd7af8185940d439527f,Solana,5.42,0.323283,0,0,116.008241,Bearish,126.34,2025-11-21T20:37:13.918Z
6920cd91f8185940d4395280,Bitcoin,2.42,0.082052,0,0,81182.734344,Bearish,83572,2025-11-21T20:37:37.673Z
6920cd94f8185940d4395281,Ethereum,5.69,0.183331,0,0,2884.803798,Bullish,2718,2025-11-21T20:37:40.350Z
6920cdecf8185940d4395282,Bitcoin,2.42,0.082052,0,0,81244.513677,Bearish,83669,2025-11-21T20:39:08.346Z
6920cdeff8185940d4395283,Ethereum,5.69,0.183331,0,0,2885.499569,Bullish,2718.57,2025-11-21T20:39:11.233Z
6920cdf2f8185940d4395284,Solana,5.42,0.323283,0,0,115.916351,Bearish,126.25,2025-11-21T20:39:14.148Z
6920ce0af8185940d4395285,Bitcoin,2.42,0.082052,0,0,81328.778199,Bearish,83792,2025-11-21T20:39:37.977Z
6920ce0cf8185940d4395286,Ethereum,5.69,0.183331,0,0,2885.904964,Bullish,2718.57,2025-11-21T20:39:40.633Z
6920ce64f8185940d4395287,Bitcoin,2.42,0.082052,0,0,81461.617752,Bearish,83984,2025-11-21T20:41:07.996Z
6920ce67f8185940d4395288,Ethereum,5.69,0.183331,0,0,2890.89644,Bullish,2727.58,2025-11-21T20:41:10.942Z
6920ce69f8185940d4395289,Solana,5.42,0.323283,0,0,115.997468,Bearish,126.51,2025-11-21T20:41:13.866Z
6920ce81f8185940d439528a,Bitcoin,2.42,0.082052,0,0,81504.320877,Bearish,83984,2025-11-21T20:41:37.723Z
6920ce84f8185940d439528b,Ethereum,5.69,0.183331,0,0,2891.694902,Bullish,2727.58,2025-11-21T20:41:40.399Z
6920cedbf8185940d439528c,Bitcoin,2.41,0.081554,0,0,81568.737026,Bearish,84017,2025-11-21T20:43:07.772Z
6920cedef8185940d439528d,Ethereum,9.25,0.181943,0,0,2942.325386,Bullish,2730.24,2025-11-21T20:43:10.758Z
6920cee1f8185940d439528e,Solana,5.38,0.319317,0,0,115.983987,Bearish,126.51,2025-11-21T20:43:13.663Z
6920cefaf8185940d439528f,Bitcoin,2.41,0.081554,0,0,81629.173343,Bearish,84032,2025-11-21T20:43:38.016Z
6920cefcf8185940d4395290,Ethereum,9.25,0.181943,0,0,2942.969551,Bullish,2730.24,2025-11-21T20:43:40.796Z
6920cf54f8185940d4395291,Bitcoin,2.41,0.081554,0,0,81666.522727,Bearish,84020,2025-11-21T20:45:07.991Z
6920cf57f8185940d4395292,Ethereum,9.25,0.181943,0,0,2943.566353,Bullish,2730.24,2025-11-21T20:45:11.065Z
6920cf5af8185940d4395293,Solana,5.38,0.319317,0,0,116.016031,Bearish,126.57,2025-11-21T20:45:14.017Z
6920cf71f8185940d4395294,Bitcoin,2.41,0.081554,0,0,81694.069602,Bearish,84020,2025-11-21T20:45:37.787Z
6920cf74f8185940d4395295,Ethereum,9.25,0.181943,0,0,2944.131661,Bullish,2730.24,2025-11-21T20:45:40.465Z
6920cfccf8185940d4395296,Bitcoin,2.41,0.081554,0,0,81778.394986,Bearish,84177,2025-11-21T20:47:07.885Z
6920cfcef8185940d4395297,Ethereum,9.25,0.181943,0,0,2947.155338,Bullish,2735.62,2025-11-21T20:47:10.801Z
6920cfd2f8185940d4395298,Solana,5.38,0.319317,0,0,116.102734,Bearish,126.72,2025-11-21T20:47:13.928Z
6920cfeaf8185940d4395299,Bitcoin,2.41,0.081554,0,0,81830.696034,Bearish,84243,2025-11-21T20:47:38.052Z
6920cfedf8185940d439529a,Ethereum,9.25,0.181943,0,0,2947.572452,Bullish,2735.62,2025-11-21T20:47:40.961Z
6920d044f8185940d439529b,Bitcoin,2.41,0.081554,0,0,81921.337191,Bearish,84375,2025-11-21T20:49:08.088Z
6920d047f8185940d439529c,Ethereum,9.25,0.181943,0,0,2950.854312,Bullish,2741.19,2025-11-21T20:49:11.094Z
6920d04af8185940d439529d,Solana,5.38,0.319317,0,0,116.215576,Bearish,126.9,2025-11-21T20:49:14.191Z
6920d062f8185940d439529e,Bitcoin,2.41,0.081554,0,0,81958.134066,Bearish,84375,2025-11-21T20:49:38.284Z
6920d065f8185940d439529f,Ethereum,9.25,0.181943,0,0,2951.437931,Bullish,2741.19,2025-11-21T20:49:40.978Z
6920d0bcf8185940d43952a0,Bitcoin,2.41,0.081554,0,0,82060.495519,Bearish,84494,2025-11-21T20:51:07.936Z
6920d0bff8185940d43952a1,Ethereum,9.25,0.181943,0,0,2953.588508,Bullish,2744.13,2025-11-21T20:51:11.115Z
6920d0c2f8185940d43952a2,Solana,5.38,0.319317,0,0,116.356071,Bearish,127.1,2025-11-21T20:51:14.020Z
6920d0daf8185940d43952a3,Bitcoin,2.41,0.081554,0,0,82119.024497,Bearish,84503,2025-11-21T20:51:38.470Z
6920d0ddf8185940d43952a4,Ethereum,9.25,0.181943,0,0,2954.296271,Bullish,2744.13,2025-11-21T20:51:41.143Z
6920d134f8185940d43952a5,Bitcoin,2.41,0.081554,0,0,82092.790497,Bearish,84376,2025-11-21T20:53:08.346Z
6920d137f8185940d43952a6,Ethereum,9.25,0.181943,0,0,2953.945775,Bullish,2742.66,2025-11-21T20:53:11.246Z
6920d13af8185940d43952a7,Solana,5.38,0.319317,0,0,116.448098,Bearish,127.21,2025-11-21T20:53:14.151Z
6920d152f8185940d43952a8,Bitcoin,2.41,0.081554,0,0,82112.411591,Bearish,84376,2025-11-21T20:53:37.976Z
6920d154f8185940d43952a9,Ethereum,9.25,0.181943,0,0,2954.286474,Bullish,2742.66,2025-11-21T20:53:40.687Z
6920d1acf8185940d43952aa,Bitcoin,2.41,0.081554,0,0,82127.529594,Bearish,84402,2025-11-21T20:55:07.944Z
6920d1aff8185940d43952ab,Ethereum,9.25,0.181943,0,0,2953.640937,Bullish,2741.33,2025-11-21T20:55:10.884Z
6920d1b2f8185940d43952ac,Solana,5.38,0.319317,0,0,116.521112,Bearish,127.26,2025-11-21T20:55:14.119Z
6920d1caf8185940d43952ad,Bitcoin,2.41,0.081554,0,0,82115.336828,Bearish,84373,2025-11-21T20:55:38.231Z
6920d1cdf8185940d43952ae,Ethereum,9.25,0.181943,0,0,2953.631781,Bullish,2741.33,2025-11-21T20:55:40.918Z
6920d224f8185940d43952af,Bitcoin,2.41,0.081554,0,0,82086.089374,Bearish,84344,2025-11-21T20:57:08.209Z
6920d227f8185940d43952b0,Ethereum,9.25,0.181943,0,0,2950.343812,Bullish,2735.48,2025-11-21T20:57:11.114Z
6920d22af8185940d43952b1,Solana,5.38,0.319317,0,0,116.57118,Bearish,127.26,2025-11-21T20:57:14.011Z
6920d242f8185940d43952b2,Bitcoin,2.41,0.081554,0,0,82068.038593,Bearish,84344,2025-11-21T20:57:38.563Z
6920d245f8185940d43952b3,Ethereum,9.25,0.181943,0,0,2949.888001,Bullish,2735.48,2025-11-21T20:57:41.260Z
6920d29cf8185940d43952b4,Bitcoin,2.41,0.081554,0,0,82129.600899,Bearish,84472,2025-11-21T20:59:08.028Z
6920d29ff8185940d43952b5,Ethereum,9.25,0.181943,0,0,2951.809726,Bullish,2739.77,2025-11-21T20:59:10.931Z
6920d2a2f8185940d43952b6,Solana,5.38,0.319317,0,0,116.665348,Bearish,127.37,2025-11-21T20:59:14.045Z
6920d2baf8185940d43952b7,Bitcoin,2.41,0.081554,0,0,82163.313285,Bearish,84523,2025-11-21T20:59:38.731Z
6920d2bdf8185940d43952b8,Ethereum,9.25,0.181943,0,0,2951.670199,Bullish,2739.77,2025-11-21T20:59:41.441Z
6920d314f8185940d43952b9,Bitcoin,2.41,0.081554,0,0,82125.197833,Bearish,84425,2025-11-21T21:01:08.368Z
6920d317f8185940d43952ba,Ethereum,9.25,0.181943,0,0,2949.130792,Bullish,2735.16,2025-11-21T21:01:11.317Z
6920d31af8185940d43952bb,Solana,5.38,0.319317,0,0,116.624627,Bearish,127.22,2025-11-21T21:01:14.433Z
6920d332f8185940d43952bc,Bitcoin,2.41,0.081554,0,0,82133.756426,Bearish,84425,2025-11-21T21:01:38.361Z
6920d335f8185940d43952bd,Ethereum,9.25,0.181943,0,0,2948.828912,Bullish,2735.16,2025-11-21T21:01:41.099Z
6920d38cf8185940d43952be,Bitcoin,2.41,0.081554,0,0,82230.900396,Bearish,84594,2025-11-21T21:03:08.082Z
6920d38ff8185940d43952bf,Ethereum,9.25,0.181943,0,0,2951.82574,Bullish,2740.8,2025-11-21T21:03:11.007Z
6920d392f8185940d43952c0,Solana,5.38,0.319317,0,0,116.670401,Bearish,127.29,2025-11-21T21:03:13.950Z
6920d3aaf8185940d43952c1,Bitcoin,2.41,0.081554,0,0,82266.579809,Bearish,84614,2025-11-21T21:03:38.300Z
6920d3adf8185940d43952c2,Ethereum,9.25,0.181943,0,0,2952.092097,Bullish,2740.8,2025-11-21T21:03:40.995Z
6920d404f8185940d43952c3,Bitcoin,2.41,0.081554,0,0,82254.593804,Bearish,84562,2025-11-21T21:05:08.315Z
6920d407f8185940d43952c4,Ethereum,9.25,0.181943,0,0,2950.907353,Bullish,2738.46,2025-11-21T21:05:11.227Z
6920d40af8185940d43952c5,Solana,5.38,0.319317,0,0,116.593154,Bearish,127.12,2025-11-21T21:05:14.162Z
6920d422f8185940d43952c6,Bitcoin,2.41,0.081554,0,0,82260.59771,Bearish,84562,2025-11-21T21:05:38.111Z
6920d424f8185940d43952c7,Ethereum,9.25,0.181943,0,0,2950.858037,Bullish,2738.46,2025-11-21T21:05:40.797Z
6920d47cf8185940d43952c8,Bitcoin,2.41,0.081554,0,0,82217.384514,Bearish,84442,2025-11-21T21:07:08.175Z
6920d47ff8185940d43952c9,Ethereum,9.25,0.181943,0,0,2949.393615,Bullish,2735.44,2025-11-21T21:07:11.130Z
6920d482f8185940d43952ca,Solana,5.38,0.319317,0,0,116.556521,Bearish,127.06,2025-11-21T21:07:14.064Z
6920d49af8185940d43952cb,Bitcoin,2.41,0.081554,0,0,82239.749881,Bearish,84475,2025-11-21T21:07:38.378Z
6920d49df8185940d43952cc,Ethereum,9.25,0.181943,0,0,2949.376159,Bullish,2735.44,2025-11-21T21:07:41.093Z
6920d4f4f8185940d43952cd,Bitcoin,2.41,0.081554,0,0,82241.747879,Bearish,84507,2025-11-21T21:09:08.185Z
6920d4f7f8185940d43952ce,Ethereum,9.25,0.181943,0,0,2950.610108,Bullish,2738.26,2025-11-21T21:09:11.094Z
6920d4faf8185940d43952cf,Solana,5.38,0.319317,0,0,116.539374,Bearish,127.05,2025-11-21T21:09:14.011Z
6920d512f8185940d43952d0,Bitcoin,2.43,0.083357,0,0,82227.525223,Bearish,84507,2025-11-21T21:09:38.449Z
6920d515f8185940d43952d1,Ethereum,9.25,0.181943,0,0,2950.492188,Bullish,2738.26,2025-11-21T21:09:41.133Z
6920d56cf8185940d43952d2,Bitcoin,2.43,0.083357,0,0,82211.96763,Bearish,84491,2025-11-21T21:11:08.301Z
6920d56ff8185940d43952d3,Ethereum,9.25,0.181943,0,0,2950.454589,Bullish,2738.19,2025-11-21T21:11:11.215Z
6920d572f8185940d43952d4,Solana,5.38,0.319317,0,0,116.476887,Bearish,126.97,2025-11-21T21:11:14.143Z
6920d58af8185940d43952d5,Bitcoin,2.43,0.083357,0,0,82191.779678,Bearish,84467,2025-11-21T21:11:38.465Z
6920d58df8185940d43952d6,Ethereum,9.25,0.181943,0,0,2950.455321,Bullish,2738.19,2025-11-21T21:11:41.166Z
6920d5e4f8185940d43952d7,Bitcoin,2.43,0.083357,0,0,82219.6554,Bearish,84514,2025-11-21T21:13:08.489Z
6920d5e7f8185940d43952d8,Ethereum,9.26,0.183059,0,0,2950.73853,Bullish,2738.46,2025-11-21T21:13:11.411Z
6920d5eaf8185940d43952d9,Solana,5.38,0.319317,0,0,116.435158,Bearish,126.92,2025-11-21T21:13:14.313Z
6920d608f8185940d43952da,Ethereum,9.26,0.183059,0,0,2950.883794,Bullish,2738.46,2025-11-21T21:13:44.183Z
6920d60bf8185940d43952db,Solana,5.38,0.319317,0,0,116.409454,Bearish,126.92,2025-11-21T21:13:47.146Z
6920d620f8185940d43952dc,Bitcoin,2.43,0.083357,0,0,82223.276494,Bearish,84514,2025-11-21T21:14:08.289Z
6920d67af8185940d43952dd,Bitcoin,2.43,0.083357,0,0,82240.321549,Bearish,84547,2025-11-21T21:15:38.522Z
6920d67df8185940d43952de,Ethereum,9.26,0.183059,0,0,2950.803468,Bullish,2738.29,2025-11-21T21:15:41.197Z
6920d680f8185940d43952df,Solana,5.37,0.318039,0,0,116.453466,Bearish,127.04,2025-11-21T21:15:44.231Z
6920d698f8185940d43952e0,Bitcoin,2.43,0.083357,0,0,82244.118424,Bearish,84547,2025-11-21T21:16:08.291Z
6920d69bf8185940d43952e1,Ethereum,9.26,0.183059,0,0,2952.49714,Bullish,2741.44,2025-11-21T21:16:11.197Z
6920d69ef8185940d43952e2,Solana,5.37,0.318039,0,0,116.448854,Bearish,127.04,2025-11-21T21:16:13.887Z
6920d6b6f8185940d43952e3,Bitcoin,2.43,0.083357,0,0,82250.704362,Bearish,84547,2025-11-21T21:16:38.329Z
6920d710f8185940d43952e4,Bitcoin,2.46,0.086118,0,0,82232.956275,Bearish,84493,2025-11-21T21:18:08.551Z
6920d713f8185940d43952e5,Ethereum,9.26,0.183613,0,0,2952.257988,Bullish,2740.67,2025-11-21T21:18:11.461Z
6920d716f8185940d43952e6,Solana,5.22,0.303374,0,0,116.432394,Bearish,127.01,2025-11-21T21:18:14.430Z
6920d72ef8185940d43952e7,Bitcoin,2.46,0.086118,0,0,82232.092993,Bearish,84493,2025-11-21T21:18:38.340Z
6920d731f8185940d43952e8,Ethereum,9.26,0.183613,0,0,2952.390312,Bullish,2740.67,2025-11-21T21:18:41.043Z
6920d788f8185940d43952e9,Bitcoin,2.46,0.086118,0,0,82232.66812,Bearish,84498,2025-11-21T21:20:08.557Z
6920d78bf8185940d43952ea,Ethereum,9.26,0.183613,0,0,2954.998079,Bullish,2745.31,2025-11-21T21:20:11.496Z
6920d78ef8185940d43952eb,Solana,5.22,0.303374,0,0,116.465842,Bearish,127.07,2025-11-21T21:20:14.411Z
6920d7a6f8185940d43952ec,Bitcoin,2.46,0.086118,0,0,82226.593901,Bearish,84498,2025-11-21T21:20:38.341Z
6920d7a9f8185940d43952ed,Ethereum,9.26,0.183613,0,0,2955.358675,Bullish,2745.31,2025-11-21T21:20:41.021Z
6920d800f8185940d43952ee,Bitcoin,2.46,0.086118,0,0,82209.758057,Bearish,84477,2025-11-21T21:22:08.615Z
6920d803f8185940d43952ef,Ethereum,9.26,0.183613,0,0,2956.617257,Bullish,2746.98,2025-11-21T21:22:11.782Z
6920d806f8185940d43952f0,Solana,5.22,0.303374,0,0,116.622829,Bearish,127.37,2025-11-21T21:22:14.810Z
6920d81ef8185940d43952f1,Bitcoin,2.46,0.086118,0,0,82201.894775,Bearish,84477,2025-11-21T21:22:38.368Z
6920d821f8185940d43952f2,Ethereum,9.26,0.183613,0,0,2956.914864,Bullish,2746.98,2025-11-21T21:22:41.026Z
6920d878f8185940d43952f3,Bitcoin,2.46,0.086118,0,0,82302.822081,Bearish,84679,2025-11-21T21:24:08.652Z
6920d87bf8185940d43952f4,Ethereum,9.26,0.183613,0,0,2961.970843,Bullish,2755.79,2025-11-21T21:24:11.594Z
6920d87ef8185940d43952f5,Solana,5.22,0.303374,0,0,116.668179,Bearish,127.41,2025-11-21T21:24:14.495Z
6920d896f8185940d43952f6,Bitcoin,2.46,0.086118,0,0,82319.474425,Bearish,84679,2025-11-21T21:24:38.421Z
6920d899f8185940d43952f7,Ethereum,9.26,0.183613,0,0,2962.755511,Bullish,2755.79,2025-11-21T21:24:41.250Z
6920d8d8f8185940d43952f8,Ethereum,9.26,0.183613,0,0,2966.34438,Bullish,2761.43,2025-11-21T21:25:44.616Z
6920d8dbf8185940d43952f9,Solana,5.22,0.303374,0,0,116.858653,Bearish,127.75,2025-11-21T21:25:47.493Z
6920d8f0f8185940d43952fa,Bitcoin,2.46,0.086118,0,0,82397.034189,Bearish,84793,2025-11-21T21:26:08.646Z
6920d8f3f8185940d43952fb,Ethereum,9.26,0.183613,0,0,2967.192158,Bullish,2761.43,2025-11-21T21:26:11.325Z
6920d8f6f8185940d43952fc,Solana,5.22,0.303374,0,0,116.904402,Bearish,127.75,2025-11-21T21:26:14.012Z
6920d90ef8185940d43952fd,Bitcoin,2.46,0.086118,0,0,82429.436532,Bearish,84793,2025-11-21T21:26:38.415Z
6920d911f8185940d43952fe,Ethereum,9.26,0.183613,0,0,2967.940693,Bullish,2761.43,2025-11-21T21:26:41.088Z
6920d968f8185940d43952ff,Bitcoin,2.46,0.086118,0,0,82504.817158,Bearish,84867,2025-11-21T21:28:08.680Z
6920d96bf8185940d4395300,Ethereum,9.26,0.183613,0,0,2970.580542,Bullish,2765.01,2025-11-21T21:28:11.582Z
6920d96ef8185940d4395301,Solana,5.22,0.303374,0,0,117.084556,Bearish,128.01,2025-11-21T21:28:14.468Z
6920d986f8185940d4395302,Bitcoin,2.46,0.086118,0,0,82549.965595,Bearish,84867,2025-11-21T21:28:38.485Z
6920d989f8185940d4395303,Ethereum,9.26,0.183613,0,0,2971.058325,Bullish,2765.01,2025-11-21T21:28:41.180Z
6920d9e0f8185940d4395304,Bitcoin,2.46,0.086118,0,0,82587.627293,Bearish,84897,2025-11-21T21:30:08.742Z
6920d9e3f8185940d4395305,Ethereum,9.26,0.183613,0,0,2971.504614,Bullish,2764.98,2025-11-21T21:30:11.697Z
6920d9e6f8185940d4395306,Solana,5.22,0.303374,0,0,117.257167,Bearish,128.23,2025-11-21T21:30:14.644Z
6920d9fef8185940d4395307,Bitcoin,2.46,0.086118,0,0,82613.232761,Bearish,84897,2025-11-21T21:30:38.483Z
6920da01f8185940d4395308,Ethereum,9.26,0.183613,0,0,2971.691503,Bullish,2764.98,2025-11-21T21:30:41.171Z
6920da58f8185940d4395309,Bitcoin,2.46,0.086118,0,0,82633.946604,Bearish,84913,2025-11-21T21:32:08.782Z
6920da5bf8185940d439530a,Ethereum,9.26,0.183613,0,0,2970.640428,Bullish,2762.69,2025-11-21T21:32:11.695Z
6920da5ef8185940d439530b,Solana,5.22,0.303374,0,0,117.412611,Bearish,128.43,2025-11-21T21:32:14.680Z
6920da76f8185940d439530c,Bitcoin,2.46,0.086118,0,0,82648.059886,Bearish,84913,2025-11-21T21:32:38.551Z
6920da79f8185940d439530d,Ethereum,9.26,0.183613,0,0,2970.686082,Bullish,2762.69,2025-11-21T21:32:41.245Z
6920dad0f8185940d439530e,Bitcoin,2.46,0.086118,0,0,82682.034898,Bearish,84969,2025-11-21T21:34:08.777Z
6920dad3f8185940d439530f,Ethereum,9.26,0.183613,0,0,2970.303137,Bullish,2762.21,2025-11-21T21:34:11.692Z
6920dad6f8185940d4395310,Solana,5.22,0.303374,0,0,117.566091,Bearish,128.6,2025-11-21T21:34:14.573Z
6920daeef8185940d4395311,Bitcoin,2.46,0.086118,0,0,82692.800523,Bearish,84969,2025-11-21T21:34:38.597Z
6920daf1f8185940d4395312,Ethereum,9.26,0.183613,0,0,2970.155066,Bullish,2762.21,2025-11-21T21:34:41.306Z
6920db48f8185940d4395313,Bitcoin,2.46,0.086118,0,0,82689.323691,Bearish,84946,2025-11-21T21:36:08.830Z
6920db4bf8185940d4395314,Ethereum,9.26,0.183613,0,0,2969.508805,Bullish,2761.27,2025-11-21T21:36:11.766Z
6920db4ef8185940d4395315,Solana,5.22,0.303374,0,0,117.581371,Bearish,128.51,2025-11-21T21:36:14.685Z
6920db66f8185940d4395316,Bitcoin,2.46,0.086118,0,0,82695.952597,Bearish,84946,2025-11-21T21:36:38.619Z
6920db69f8185940d4395317,Ethereum,9.26,0.183613,0,0,2969.323502,Bullish,2761.27,2025-11-21T21:36:41.312Z
6920dbc0f8185940d4395318,Bitcoin,2.46,0.086118,0,0,82746.652715,Bearish,85037,2025-11-21T21:38:08.855Z
6920dbc3f8185940d4395319,Ethereum,9.26,0.183613,0,0,2970.623607,Bullish,2763.83,2025-11-21T21:38:11.771Z
6920dbc6f8185940d439531a,Solana,5.22,0.303374,0,0,117.649796,Bearish,128.53,2025-11-21T21:38:14.684Z
6920dbdef8185940d439531b,Bitcoin,2.46,0.086118,0,0,82759.078496,Bearish,85037,2025-11-21T21:38:38.657Z
6920dbe1f8185940d439531c,Ethereum,9.26,0.183613,0,0,2970.689403,Bullish,2763.83,2025-11-21T21:38:41.365Z
6920dc38f8185940d439531d,Bitcoin,2.46,0.086118,0,0,82790.149531,Bearish,85084,2025-11-21T21:40:08.823Z
6920dc3bf8185940d439531e,Ethereum,9.26,0.183613,0,0,2971.279755,Bullish,2764.76,2025-11-21T21:40:11.749Z
6920dc3ef8185940d439531f,Solana,5.22,0.303374,0,0,117.719346,Bearish,128.59,2025-11-21T21:40:14.683Z
6920dc57f8185940d4395320,Bitcoin,2.46,0.086118,0,0,82830.194493,Bearish,85138,2025-11-21T21:40:38.923Z
6920dc59f8185940d4395321,Ethereum,9.26,0.183613,0,0,2971.419892,Bullish,2764.76,2025-11-21T21:40:41.651Z
6920dcb1f8185940d4395322,Bitcoin,2.46,0.086118,0,0,82878.227373,Bearish,85190,2025-11-21T21:42:08.988Z
6920dcb4f8185940d4395323,Ethereum,8.66,0.183613,0,0,2965.677725,Bullish,2769.26,2025-11-21T21:42:11.950Z
6920dcb6f8185940d4395324,Solana,5.22,0.303374,0,0,117.764341,Bearish,128.63,2025-11-21T21:42:14.871Z
6920dccef8185940d4395325,Bitcoin,2.46,0.086118,0,0,82905.840655,Bearish,85190,2025-11-21T21:42:38.749Z
6920dcd1f8185940d4395326,Ethereum,8.66,0.183613,0,0,2966.09191,Bullish,2769.26,2025-11-21T21:42:41.446Z
6920dd29f8185940d4395327,Bitcoin,2.46,0.086118,0,0,82960.158235,Bearish,85261,2025-11-21T21:44:08.970Z
6920dd2cf8185940d4395328,Ethereum,8.66,0.183613,0,0,2967.193567,Bullish,2770.78,2025-11-21T21:44:11.877Z
6920dd2ff8185940d4395329,Solana,5.22,0.303374,0,0,117.851021,Bearish,128.78,2025-11-21T21:44:15.819Z
6920dd46f8185940d439532a,Bitcoin,2.46,0.086118,0,0,82985.584016,Bearish,85261,2025-11-21T21:44:38.727Z
6920dd49f8185940d439532b,Ethereum,8.66,0.183613,0,0,2967.557093,Bullish,2770.78,2025-11-21T21:44:41.411Z
6920dda1f8185940d439532c,Bitcoin,2.46,0.086118,0,0,83007.111541,Bearish,85262,2025-11-21T21:46:09.081Z
6920dda4f8185940d439532d,Ethereum,8.66,0.183613,0,0,2967.903685,Bullish,2770.85,2025-11-21T21:46:12.015Z
6920dda7f8185940d439532e,Solana,5.22,0.303374,0,0,117.895223,Bearish,128.85,2025-11-21T21:46:14.924Z
6920ddddf8185940d439532f,Bitcoin,2.46,0.086118,0,0,83022.220916,Bearish,85262,2025-11-21T21:47:09.089Z
6920dddff8185940d4395330,Ethereum,8.66,0.183613,0,0,2968.202269,Bullish,2770.85,2025-11-21T21:47:11.772Z
6920dde2f8185940d4395331,Solana,5.22,0.303374,0,0,117.918123,Bearish,128.85,2025-11-21T21:47:14.473Z
6920ddfbf8185940d4395332,Bitcoin,2.46,0.086118,0,0,82987.076212,Bearish,85175,2025-11-21T21:47:38.999Z
6920de55f8185940d4395333,Bitcoin,2.46,0.086118,0,0,82970.550507,Bearish,85141,2025-11-21T21:49:09.018Z
6920de58f8185940d4395334,Ethereum,8.66,0.183613,0,0,2966.098284,Bullish,2766.76,2025-11-21T21:49:11.975Z
6920de5bf8185940d4395335,Solana,5.22,0.303374,0,0,117.976401,Bearish,128.92,2025-11-21T21:49:14.931Z
6920de72f8185940d4395336,Bitcoin,2.46,0.086118,0,0,82957.8591,Bearish,85141,2025-11-21T21:49:38.849Z
6920de75f8185940d4395337,Ethereum,8.66,0.183613,0,0,2965.953753,Bullish,2766.76,2025-11-21T21:49:41.566Z
6920deccf8185940d4395338,Bitcoin,2.46,0.086118,0,0,83002.008889,Bearish,85256,2025-11-21T21:51:08.840Z
6920decff8185940d4395339,Ethereum,8.66,0.183613,0,0,2966.655032,Bullish,2768.48,2025-11-21T21:51:11.761Z
6920ded2f8185940d439533a,Solana,5.22,0.303374,0,0,118.000152,Bearish,128.92,2025-11-21T21:51:14.692Z
6920deebf8185940d439533b,Bitcoin,2.46,0.086118,0,0,82991.967829,Bearish,85245,2025-11-21T21:51:39.091Z
6920deedf8185940d439533c,Ethereum,8.66,0.183613,0,0,2966.53577,Bullish,2768.48,2025-11-21T21:51:41.812Z
6920df45f8185940d439533d,Bitcoin,2.43,0.082862,0,0,82996.435397,Bearish,85260,2025-11-21T21:53:09.092Z
6920df48f8185940d439533e,Ethereum,8.7,0.187929,0,0,2967.367637,Bullish,2770.25,2025-11-21T21:53:12.066Z
6920df4bf8185940d439533f,Solana,5.18,0.299523,0,0,118.031249,Bearish,128.94,2025-11-21T21:53:15.007Z
6920df62f8185940d4395340,Bitcoin,2.43,0.082862,0,0,83006.482272,Bearish,85260,2025-11-21T21:53:38.861Z
6920df65f8185940d4395341,Ethereum,8.7,0.187929,0,0,2967.358604,Bullish,2770.25,2025-11-21T21:53:41.571Z
6920dfbdf8185940d4395342,Bitcoin,2.43,0.082862,0,0,83052.258974,Bearish,85321,2025-11-21T21:55:08.882Z
6920dfbff8185940d4395343,Ethereum,8.7,0.187929,0,0,2968.26738,Bullish,2771.61,2025-11-21T21:55:11.828Z
6920dfc2f8185940d4395344,Solana,5.18,0.299523,0,0,118.062595,Bearish,128.98,2025-11-21T21:55:14.774Z
6920dfdbf8185940d4395345,Bitcoin,2.43,0.082862,0,0,83044.475549,Bearish,85266,2025-11-21T21:55:39.126Z
6920dfddf8185940d4395346,Ethereum,8.7,0.187929,0,0,2968.516037,Bullish,2771.61,2025-11-21T21:55:41.868Z
6920e035f8185940d4395347,Bitcoin,2.43,0.082862,0,0,83017.242361,Bearish,85208,2025-11-21T21:57:09.164Z
6920e038f8185940d4395348,Ethereum,8.7,0.187929,0,0,2967.204707,Bullish,2768.85,2025-11-21T21:57:12.143Z
6920e03bf8185940d4395349,Solana,5.18,0.299523,0,0,118.061657,Bearish,128.96,2025-11-21T21:57:15.210Z
6920e053f8185940d439534a,Bitcoin,2.43,0.082862,0,0,83015.043142,Bearish,85208,2025-11-21T21:57:39.006Z
6920e055f8185940d439534b,Ethereum,8.7,0.187929,0,0,2967.21191,Bullish,2768.85,2025-11-21T21:57:41.719Z
6920e0adf8185940d439534c,Bitcoin,2.43,0.082862,0,0,83000.414873,Bearish,85190,2025-11-21T21:59:08.977Z
6920e0b0f8185940d439534d,Ethereum,9.31,0.187929,0,0,2973.642441,Bullish,2765.45,2025-11-21T21:59:11.910Z
6920e0b2f8185940d439534e,Solana,5.18,0.299523,0,0,118.035872,Bearish,128.89,2025-11-21T21:59:14.853Z
6920e0cbf8185940d439534f,Bitcoin,2.43,0.082862,0,0,82981.532154,Bearish,85169,2025-11-21T21:59:39.218Z
6920e0cef8185940d4395350,Ethereum,9.31,0.187929,0,0,2973.378403,Bullish,2765.45,2025-11-21T21:59:41.920Z
6920e125f8185940d4395351,Bitcoin,2.43,0.082862,0,0,82941.219476,Bearish,85125,2025-11-21T22:01:09.254Z
6920e128f8185940d4395352,Ethereum,9.31,0.187929,0,0,2972.566738,Bullish,2764.54,2025-11-21T22:01:12.181Z
6920e12bf8185940d4395353,Solana,5.18,0.299523,0,0,117.996503,Bearish,128.81,2025-11-21T22:01:15.118Z
6920e143f8185940d4395354,Bitcoin,2.43,0.082862,0,0,82925.531976,Bearish,85125,2025-11-21T22:01:39.044Z
6920e145f8185940d4395355,Ethereum,9.31,0.187929,0,0,2972.206752,Bullish,2764.54,2025-11-21T22:01:41.771Z
6920e19df8185940d4395356,Bitcoin,2.43,0.082862,0,0,82940.204755,Bearish,85173,2025-11-21T22:03:09.035Z
6920e1a0f8185940d4395357,Ethereum,8.7,0.187929,0,0,2964.772775,Bullish,2766.62,2025-11-21T22:03:11.982Z
6920e1a3f8185940d4395358,Solana,5.18,0.299523,0,0,118.034751,Bearish,128.9,2025-11-21T22:03:14.944Z
6920e1bbf8185940d4395359,Bitcoin,2.43,0.082862,0,0,82966.954658,Bearish,85237,2025-11-21T22:03:39.279Z
6920e1bef8185940d439535a,Ethereum,8.7,0.187929,0,0,2964.674874,Bullish,2766.62,2025-11-21T22:03:42.023Z
6920e215f8185940d439535b,Bitcoin,2.43,0.082862,0,0,82990.934759,Bearish,85278,2025-11-21T22:05:09.297Z
6920e218f8185940d439535c,Ethereum,8.7,0.187929,0,0,2966.680137,Bullish,2770.25,2025-11-21T22:05:12.266Z
6920e21bf8185940d439535d,Solana,5.18,0.299523,0,0,118.054412,Bearish,128.95,2025-11-21T22:05:15.208Z
6920e233f8185940d439535e,Bitcoin,2.43,0.082862,0,0,83002.305853,Bearish,85278,2025-11-21T22:05:39.068Z
6920e235f8185940d439535f,Ethereum,8.7,0.187929,0,0,2966.942222,Bullish,2770.25,2025-11-21T22:05:41.770Z
6920e28df8185940d4395360,Bitcoin,2.43,0.082862,0,0,83019.688302,Bearish,85276,2025-11-21T22:07:09.114Z
6920e290f8185940d4395361,Ethereum,8.7,0.187929,0,0,2966.628887,Bullish,2769.1,2025-11-21T22:07:12.065Z
6920e293f8185940d4395362,Solana,5.18,0.299523,0,0,118.088899,Bearish,129.03,2025-11-21T22:07:15.022Z
6920e2abf8185940d4395363,Bitcoin,2.43,0.082862,0,0,82991.183133,Bearish,85183,2025-11-21T22:07:39.357Z
6920e2aef8185940d4395364,Ethereum,8.7,0.187929,0,0,2966.857403,Bullish,2769.1,2025-11-21T22:07:42.096Z
6920e305f8185940d4395365,Bitcoin,2.43,0.082862,0,0,83016.675135,Bearish,85225,2025-11-21T22:09:09.378Z
6920e308f8185940d4395366,Ethereum,8.7,0.187929,0,0,2966.289481,Bullish,2767.81,2025-11-21T22:09:12.324Z
6920e30bf8185940d4395367,Solana,5.18,0.299523,0,0,118.067555,Bearish,128.98,2025-11-21T22:09:15.297Z
6920e323f8185940d4395368,Bitcoin,2.43,0.082862,0,0,83014.999354,Bearish,85225,2025-11-21T22:09:39.144Z
6920e326f8185940d4395369,Ethereum,8.7,0.187929,0,0,2966.33245,Bullish,2767.81,2025-11-21T22:09:41.944Z
6920e37df8185940d439536a,Bitcoin,2.43,0.082862,0,0,83012.629894,Bearish,85234,2025-11-21T22:11:09.197Z
6920e380f8185940d439536b,Ethereum,8.7,0.187929,0,0,2966.076576,Bullish,2767.57,2025-11-21T22:11:12.146Z
6920e383f8185940d439536c,Solana,5.18,0.299523,0,0,118.104615,Bearish,129.04,2025-11-21T22:11:15.118Z
6920e39bf8185940d439536d,Bitcoin,2.43,0.082862,0,0,83005.117631,Bearish,85231,2025-11-21T22:11:39.433Z
6920e39ef8185940d439536e,Ethereum,8.7,0.187929,0,0,2965.940833,Bullish,2767.57,2025-11-21T22:11:42.161Z
6920e3f5f8185940d439536f,Bitcoin,2.43,0.082862,0,0,82994.174227,Bearish,85220,2025-11-21T22:13:09.442Z
6920e3f8f8185940d4395370,Ethereum,8.7,0.187929,0,0,2965.146987,Bullish,2766.23,2025-11-21T22:13:12.389Z
6920e3fbf8185940d4395371,Solana,5.18,0.299523,0,0,118.121297,Bearish,129.04,2025-11-21T22:13:15.460Z
6920e413f8185940d4395372,Bitcoin,2.43,0.082862,0,0,82999.049227,Bearish,85220,2025-11-21T22:13:39.287Z
6920e416f8185940d4395373,Ethereum,8.7,0.187929,0,0,2965.000503,Bullish,2766.23,2025-11-21T22:13:41.990Z
6920e46df8185940d4395374,Bitcoin,2.43,0.082862,0,0,82925.956854,Bearish,85077,2025-11-21T22:15:09.276Z
6920e470f8185940d4395375,Ethereum,9.31,0.187929,0,0,2971.623227,Bullish,2763.21,2025-11-21T22:15:12.234Z
6920e473f8185940d4395376,Solana,5.18,0.299523,0,0,118.092212,Bearish,128.96,2025-11-21T22:15:15.182Z
6920e48bf8185940d4395377,Bitcoin,2.43,0.082862,0,0,82925.301419,Bearish,85103,2025-11-21T22:15:39.521Z
6920e48ef8185940d4395378,Ethereum,9.31,0.187929,0,0,2971.37811,Bullish,2763.21,2025-11-21T22:15:42.249Z
6920e4e5f8185940d4395379,Bitcoin,2.43,0.082862,0,0,82906.018716,Bearish,85095,2025-11-21T22:17:09.306Z
6920e4e8f8185940d439537a,Ethereum,8.7,0.187929,0,0,2964.21587,Bullish,2765.81,2025-11-21T22:17:12.040Z
6920e4eaf8185940d439537b,Solana,5.18,0.299523,0,0,118.094902,Bearish,128.96,2025-11-21T22:17:14.777Z
6920e503f8185940d439537c,Bitcoin,2.43,0.082862,0,0,82889.374185,Bearish,85095,2025-11-21T22:17:39.297Z
6920e506f8185940d439537d,Ethereum,8.7,0.187929,0,0,2964.133228,Bullish,2765.81,2025-11-21T22:17:42.005Z
6920e55df8185940d439537e,Bitcoin,2.43,0.082862,0,0,82877.24655,Bearish,85102,2025-11-21T22:19:09.313Z
6920e560f8185940d439537f,Ethereum,9.31,0.187929,0,0,2972.234481,Bullish,2765.41,2025-11-21T22:19:12.261Z
6920e563f8185940d4395380,Solana,5.18,0.299523,0,0,118.080692,Bearish,128.94,2025-11-21T22:19:15.164Z
6920e57bf8185940d4395381,Bitcoin,2.43,0.082862,0,0,82875.442496,Bearish,85127,2025-11-21T22:19:39.552Z
6920e57ef8185940d4395382,Ethereum,9.31,0.187929,0,0,2972.205673,Bullish,2765.41,2025-11-21T22:19:42.234Z
6920e5d4f8185940d4395383,Bitcoin,2.43,0.082862,0,0,82862.404708,Bearish,85091,2025-11-21T22:21:08.467Z
6920e5d6f8185940d4395384,Ethereum,9.31,0.187929,0,0,2971.262515,Bullish,2763.45,2025-11-21T22:21:10.152Z
6920e5d7f8185940d4395385,Solana,5.18,0.299523,0,0,118.033834,Bearish,128.85,2025-11-21T22:21:11.805Z
6920e5f2f8185940d4395386,Bitcoin,2.43,0.082862,0,0,82861.725021,Bearish,85091,2025-11-21T22:21:38.235Z
6920e5f3f8185940d4395387,Ethereum,9.31,0.187929,0,0,2971.259707,Bullish,2763.45,2025-11-21T22:21:39.702Z
6920e64df8185940d4395388,Bitcoin,2.43,0.082862,0,0,82841.842939,Bearish,85052,2025-11-21T22:23:09.420Z
6920e650f8185940d4395389,Ethereum,9.35,0.192086,0,0,2970.596477,Bullish,2762.45,2025-11-21T22:23:12.334Z
6920e653f8185940d439538a,Solana,5.18,0.299523,0,0,117.953159,Bearish,128.71,2025-11-21T22:23:15.265Z
6920e66bf8185940d439538b,Bitcoin,2.43,0.082862,0,0,82829.71894,Bearish,85036,2025-11-21T22:23:39.657Z
6920e66ef8185940d439538c,Ethereum,9.35,0.192086,0,0,2970.420208,Bullish,2762.45,2025-11-21T22:23:42.359Z
6920e6c5f8185940d439538d,Bitcoin,2.43,0.082862,0,0,82785.869928,Bearish,84964,2025-11-21T22:25:09.686Z
6920e6c8f8185940d439538e,Ethereum,9.35,0.192086,0,0,2968.779522,Bullish,2759.68,2025-11-21T22:25:12.622Z
6920e6cbf8185940d439538f,Solana,5.18,0.299523,0,0,117.859002,Bearish,128.56,2025-11-21T22:25:15.560Z
6920e6e3f8185940d4395390,Bitcoin,2.43,0.082862,0,0,82768.295709,Bearish,84964,2025-11-21T22:25:39.434Z
6920e6e7f8185940d4395391,Ethereum,9.35,0.192086,0,0,2968.483746,Bullish,2759.68,2025-11-21T22:25:43.084Z
6920e73cf8185940d4395392,Bitcoin,2.43,0.082862,0,0,82653.392749,Bearish,84767,2025-11-21T22:27:08.313Z
6920e73ef8185940d4395393,Ethereum,9.35,0.192086,0,0,2962.982309,Bullish,2749.81,2025-11-21T22:27:09.965Z
6920e73ff8185940d4395394,Solana,5.18,0.299523,0,0,117.779467,Bearish,128.45,2025-11-21T22:27:11.602Z
6920e75af8185940d4395395,Bitcoin,2.43,0.082862,0,0,82611.534374,Bearish,84751,2025-11-21T22:27:38.567Z
6920e75cf8185940d4395396,Ethereum,9.35,0.192086,0,0,2962.255868,Bullish,2749.81,2025-11-21T22:27:40.011Z
6920e7b4f8185940d4395397,Bitcoin,2.48,0.08773,0,0,82612.820523,Bearish,84821,2025-11-21T22:29:08.727Z
6920e7b6f8185940d4395398,Ethereum,9.55,0.21228,0,0,2963.78025,Bullish,2753.9,2025-11-21T22:29:10.386Z
6920e7b8f8185940d4395399,Solana,5.22,0.303217,0,0,117.631789,Bearish,128.22,2025-11-21T22:29:12.063Z
6920e7d2f8185940d439539a,Bitcoin,2.48,0.08773,0,0,82584.812711,Bearish,84821,2025-11-21T22:29:38.329Z
6920e7d3f8185940d439539b,Ethereum,9.55,0.21228,0,0,2963.349342,Bullish,2753.9,2025-11-21T22:29:39.770Z
6920e82cf8185940d439539c,Bitcoin,2.48,0.08773,0,0,82580.17717,Bearish,84849,2025-11-21T22:31:08.358Z
6920e82ef8185940d439539d,Ethereum,9.55,0.21228,0,0,2962.830777,Bullish,2753.45,2025-11-21T22:31:10.028Z
6920e82ff8185940d439539e,Solana,5.22,0.303217,0,0,117.558763,Bearish,128.17,2025-11-21T22:31:11.712Z
6920e84af8185940d439539f,Bitcoin,2.48,0.08773,0,0,82515.553906,Bearish,84751,2025-11-21T22:31:38.615Z
6920e84cf8185940d43953a0,Ethereum,9.55,0.21228,0,0,2962.551114,Bullish,2753.45,2025-11-21T22:31:40.030Z
6920e8a4f8185940d43953a1,Bitcoin,2.48,0.08773,0,0,82434.637951,Bearish,84590,2025-11-21T22:33:08.616Z
6920e8a6f8185940d43953a2,Ethereum,9.55,0.21228,0,0,2955.873833,Bullish,2740.68,2025-11-21T22:33:10.259Z
6920e8a7f8185940d43953a3,Solana,5.22,0.303217,0,0,117.304739,Bearish,127.75,2025-11-21T22:33:11.909Z
6920e8c2f8185940d43953a4,Bitcoin,2.48,0.08773,0,0,82420.83717,Bearish,84590,2025-11-21T22:33:38.411Z
6920e8c3f8185940d43953a5,Ethereum,9.55,0.21228,0,0,2955.355766,Bullish,2740.68,2025-11-21T22:33:39.820Z
6920e91cf8185940d43953a6,Bitcoin,2.48,0.08773,0,0,82341.814378,Bearish,84486,2025-11-21T22:35:08.457Z
6920e91ef8185940d43953a7,Ethereum,9.55,0.21228,0,0,2953.607189,Bullish,2738.75,2025-11-21T22:35:10.106Z
6920e91ff8185940d43953a8,Solana,5.22,0.303217,0,0,117.15895,Bearish,127.58,2025-11-21T22:35:11.745Z
6920e93af8185940d43953a9,Bitcoin,2.48,0.08773,0,0,82270.321925,Bearish,84420,2025-11-21T22:35:38.697Z
6920e93cf8185940d43953aa,Ethereum,9.55,0.21228,0,0,2952.809581,Bullish,2738.75,2025-11-21T22:35:40.128Z
6920e994f8185940d43953ab,Bitcoin,2.48,0.08773,0,0,82197.938753,Bearish,84375,2025-11-21T22:37:08.697Z
6920e996f8185940d43953ac,Ethereum,9.55,0.21228,0,0,2950.38068,Bullish,2735.62,2025-11-21T22:37:10.353Z
6920e998f8185940d43953ad,Solana,5.22,0.303217,0,0,117.019036,Bearish,127.43,2025-11-21T22:37:11.997Z
6920e9b2f8185940d43953ae,Bitcoin,2.48,0.08773,0,0,82154.446566,Bearish,84375,2025-11-21T22:37:38.461Z
6920e9b3f8185940d43953af,Ethereum,9.55,0.21228,0,0,2949.501774,Bullish,2735.62,2025-11-21T22:37:39.885Z
6920ea0cf8185940d43953b0,Bitcoin,2.48,0.08773,0,0,82197.139049,Bearish,84510,2025-11-21T22:39:08.534Z
6920ea0ef8185940d43953b1,Ethereum,9.55,0.21228,0,0,2951.88384,Bullish,2740.55,2025-11-21T22:39:10.206Z
6920ea0ff8185940d43953b2,Solana,5.22,0.303217,0,0,116.843579,Bearish,127.22,2025-11-21T22:39:11.830Z
6920ea2af8185940d43953b3,Bitcoin,2.48,0.08773,0,0,82173.186199,Bearish,84490,2025-11-21T22:39:38.558Z
6920ea2cf8185940d43953b4,Ethereum,9.55,0.21228,0,0,2951.893361,Bullish,2740.55,2025-11-21T22:39:40.021Z
6920ea84f8185940d43953b5,Bitcoin,2.48,0.08773,0,0,82158.927389,Bearish,84463,2025-11-21T22:41:08.782Z
6920ea86f8185940d43953b6,Ethereum,9.55,0.21228,0,0,2951.034801,Bullish,2738.75,2025-11-21T22:41:10.452Z
6920ea88f8185940d43953b7,Solana,5.22,0.303217,0,0,116.753983,Bearish,127.18,2025-11-21T22:41:12.088Z
6920eaa2f8185940d43953b8,Bitcoin,2.48,0.08773,0,0,82165.114889,Bearish,84463,2025-11-21T22:41:38.551Z
6920eaa4f8185940d43953b9,Ethereum,9.55,0.21228,0,0,2951.047863,Bullish,2738.75,2025-11-21T22:41:39.996Z
6920eafcf8185940d43953ba,Bitcoin,2.48,0.08773,0,0,82164.333187,Bearish,84439,2025-11-21T22:43:08.583Z
6920eafef8185940d43953bb,Ethereum,9.55,0.21228,0,0,2950.946656,Bullish,2738.28,2025-11-21T22:43:10.235Z
6920eafff8185940d43953bc,Solana,5.22,0.303217,0,0,116.618651,Bearish,127.05,2025-11-21T22:43:11.900Z
6920eb1af8185940d43953bd,Bitcoin,2.48,0.08773,0,0,82175.228627,Bearish,84444,2025-11-21T22:43:38.799Z
6920eb1cf8185940d43953be,Ethereum,9.55,0.21228,0,0,2951.061402,Bullish,2738.28,2025-11-21T22:43:40.225Z
6920eb74f8185940d43953bf,Bitcoin,2.48,0.08773,0,0,82185.55157,Bearish,84480,2025-11-21T22:45:08.864Z
6920eb76f8185940d43953c0,Ethereum,9.55,0.21228,0,0,2951.804723,Bullish,2739.88,2025-11-21T22:45:10.503Z
6920eb78f8185940d43953c1,Solana,5.22,0.303217,0,0,116.56407,Bearish,127.04,2025-11-21T22:45:12.139Z
6920eb92f8185940d43953c2,Bitcoin,2.48,0.08773,0,0,82183.250789,Bearish,84480,2025-11-21T22:45:38.619Z
6920eb94f8185940d43953c3,Ethereum,9.55,0.21228,0,0,2951.780675,Bullish,2739.88,2025-11-21T22:45:40.160Z
6920ebecf8185940d43953c4,Bitcoin,2.48,0.08773,0,0,82258.499776,Bearish,84625,2025-11-21T22:47:08.672Z
6920ebeef8185940d43953c5,Ethereum,9.55,0.21228,0,0,2954.195932,Bullish,2744.26,2025-11-21T22:47:10.363Z
6920ebf0f8185940d43953c6,Solana,5.22,0.303217,0,0,116.568725,Bearish,127.13,2025-11-21T22:47:12.016Z
6920ec0af8185940d43953c7,Bitcoin,2.48,0.08773,0,0,82332.837246,Bearish,84741,2025-11-21T22:47:38.890Z
6920ec0cf8185940d43953c8,Ethereum,9.55,0.21228,0,0,2954.49415,Bullish,2744.26,2025-11-21T22:47:40.322Z
6920ec64f8185940d43953c9,Bitcoin,2.48,0.08773,0,0,82315.300101,Bearish,84644,2025-11-21T22:49:08.925Z
6920ec66f8185940d43953ca,Ethereum,9.55,0.21228,0,0,2953.505938,Bullish,2741.83,2025-11-21T22:49:10.619Z
6920ec68f8185940d43953cb,Solana,5.22,0.303217,0,0,116.504919,Bearish,127.05,2025-11-21T22:49:12.265Z
6920ec82f8185940d43953cc,Bitcoin,2.48,0.08773,0,0,82341.065726,Bearish,84644,2025-11-21T22:49:38.727Z
6920ec84f8185940d43953cd,Ethereum,9.55,0.21228,0,0,2953.681231,Bullish,2741.83,2025-11-21T22:49:40.172Z
6920ecdcf8185940d43953ce,Bitcoin,2.48,0.08773,0,0,82286.804294,Bearish,84495,2025-11-21T22:51:08.763Z
6920ecdef8185940d43953cf,Ethereum,9.55,0.21228,0,0,2949.027961,Bullish,2733,2025-11-21T22:51:10.413Z
6920ece0f8185940d43953d0,Solana,5.22,0.303217,0,0,116.361055,Bearish,126.78,2025-11-21T22:51:12.140Z
6920ecfbf8185940d43953d1,Bitcoin,2.48,0.08773,0,0,82310.638593,Bearish,84529,2025-11-21T22:51:38.969Z
6920ecfcf8185940d43953d2,Ethereum,9.55,0.21228,0,0,2948.632087,Bullish,2733,2025-11-21T22:51:40.409Z
6920ed55f8185940d43953d3,Bitcoin,2.48,0.08773,0,0,82281.491612,Bearish,84494,2025-11-21T22:53:09.024Z
6920ed56f8185940d43953d4,Ethereum,9.55,0.21228,0,0,2946.330626,Bullish,2729.83,2025-11-21T22:53:10.698Z
6920ed58f8185940d43953d5,Solana,5.22,0.303217,0,0,116.19682,Bearish,126.49,2025-11-21T22:53:12.338Z
6920ed72f8185940d43953d6,Bitcoin,2.48,0.08773,0,0,82252.237706,Bearish,84494,2025-11-21T22:53:38.792Z
6920ed74f8185940d43953d7,Ethereum,9.55,0.21228,0,0,2945.579284,Bullish,2729.83,2025-11-21T22:53:40.244Z
6920edccf8185940d43953d8,Bitcoin,2.48,0.08773,0,0,82197.341819,Bearish,84422,2025-11-21T22:55:08.856Z
6920edcef8185940d43953d9,Ethereum,5.98,0.21228,0,0,2893.564106,Bullish,2724.68,2025-11-21T22:55:10.524Z
6920edd0f8185940d43953da,Solana,5.22,0.303217,0,0,116.139709,Bearish,126.44,2025-11-21T22:55:12.155Z
6920edebf8185940d43953db,Bitcoin,2.48,0.08773,0,0,82158.465641,Bearish,84394,2025-11-21T22:55:39.036Z
6920edecf8185940d43953dc,Ethereum,5.98,0.21228,0,0,2892.698994,Bullish,2724.68,2025-11-21T22:55:40.482Z
6920ee45f8185940d43953dd,Bitcoin,2.48,0.08773,0,0,82123.832106,Bearish,84347,2025-11-21T22:57:09.067Z
6920ee46f8185940d43953de,Ethereum,5.98,0.21228,0,0,2893.326266,Bullish,2726.73,2025-11-21T22:57:10.738Z
6920ee48f8185940d43953df,Solana,5.22,0.303217,0,0,115.994907,Bearish,126.23,2025-11-21T22:57:12.382Z
6920ee62f8185940d43953e0,Bitcoin,2.48,0.08773,0,0,82103.488356,Bearish,84347,2025-11-21T22:57:38.879Z
6920ee64f8185940d43953e1,Ethereum,5.98,0.21228,0,0,2893.015231,Bullish,2726.73,2025-11-21T22:57:40.346Z
6920eebcf8185940d43953e2,Bitcoin,2.48,0.08773,0,0,82103.752524,Bearish,84382,2025-11-21T22:59:08.921Z
6920eebef8185940d43953e3,Ethereum,9.55,0.21228,0,0,2942.320703,Bullish,2728.19,2025-11-21T22:59:10.563Z
6920eec0f8185940d43953e4,Solana,5.22,0.303217,0,0,115.878172,Bearish,126.12,2025-11-21T22:59:12.215Z
6920eedbf8185940d43953e5,Bitcoin,2.48,0.08773,0,0,82091.155595,Bearish,84386,2025-11-21T22:59:39.124Z
6920eedcf8185940d43953e6,Ethereum,9.55,0.21228,0,0,2942.262231,Bullish,2728.19,2025-11-21T22:59:40.561Z
6920ef35f8185940d43953e7,Bitcoin,2.48,0.08773,0,0,82054.656055,Bearish,84324,2025-11-21T23:01:09.164Z
6920ef36f8185940d43953e8,Ethereum,5.98,0.21228,0,0,2891.333575,Bullish,2723.54,2025-11-21T23:01:10.799Z
6920ef38f8185940d43953e9,Solana,5.22,0.303217,0,0,115.695657,Bearish,125.88,2025-11-21T23:01:12.438Z
6920ef53f8185940d43953ea,Bitcoin,2.48,0.08773,0,0,82047.945117,Bearish,84324,2025-11-21T23:01:38.970Z
6920ef54f8185940d43953eb,Ethereum,5.98,0.21228,0,0,2891.256792,Bullish,2723.54,2025-11-21T23:01:40.413Z
6920efadf8185940d43953ec,Bitcoin,2.39,0.079609,0,0,82022.593014,Bearish,84278,2025-11-21T23:03:08.950Z
6920efaef8185940d43953ed,Ethereum,5.89,0.203729,0,0,2889.355408,Bullish,2720.22,2025-11-21T23:03:10.599Z
6920efb0f8185940d43953ee,Solana,5.23,0.304233,0,0,115.537222,Bearish,125.68,2025-11-21T23:03:12.240Z
6920efcbf8185940d43953ef,Bitcoin,2.39,0.079609,0,0,81956.161612,Bearish,84161,2025-11-21T23:03:39.213Z
6920efccf8185940d43953f0,Ethereum,5.89,0.203729,0,0,2888.992004,Bullish,2720.22,2025-11-21T23:03:40.658Z
6920f025f8185940d43953f1,Bitcoin,2.39,0.079609,0,0,81920.422697,Bearish,84136,2025-11-21T23:05:09.253Z
6920f026f8185940d43953f2,Ethereum,5.89,0.203729,0,0,2887.439859,Bullish,2718.03,2025-11-21T23:05:10.929Z
6920f028f8185940d43953f3,Solana,5.23,0.304233,0,0,115.444108,Bearish,125.6,2025-11-21T23:05:12.565Z
6920f043f8185940d43953f4,Bitcoin,2.39,0.079609,0,0,81892.235197,Bearish,84136,2025-11-21T23:05:38.995Z
6920f044f8185940d43953f5,Ethereum,5.89,0.203729,0,0,2886.914835,Bullish,2718.03,2025-11-21T23:05:40.444Z
6920f09df8185940d43953f6,Bitcoin,2.39,0.079609,0,0,81889.488373,Bearish,84175,2025-11-21T23:07:09.020Z
6920f09ef8185940d43953f7,Ethereum,5.89,0.203729,0,0,2886.978884,Bullish,2718.71,2025-11-21T23:07:10.653Z
6920f0a0f8185940d43953f8,Solana,5.23,0.304233,0,0,115.365276,Bearish,125.56,2025-11-21T23:07:12.320Z
6920f0bbf8185940d43953f9,Bitcoin,2.39,0.079609,0,0,81864.93187,Bearish,84165,2025-11-21T23:07:39.241Z
6920f0bcf8185940d43953fa,Ethereum,5.89,0.203729,0,0,2886.743899,Bullish,2718.71,2025-11-21T23:07:40.685Z
6920f116f8185940d43953fb,Bitcoin,2.39,0.079609,0,0,81817.595666,Bearish,84099,2025-11-21T23:09:10.810Z
6920f11af8185940d43953fc,Ethereum,5.89,0.203729,0,0,2884.557301,Bullish,2714.64,2025-11-21T23:09:14.201Z
6920f11df8185940d43953fd,Solana,5.23,0.304233,0,0,115.203968,Bearish,125.33,2025-11-21T23:09:17.555Z
6920f134f8185940d43953fe,Bitcoin,2.39,0.079609,0,0,81812.12301,Bearish,84099,2025-11-21T23:09:40.633Z
6920f137f8185940d43953ff,Ethereum,5.89,0.203729,0,0,2884.25481,Bullish,2714.64,2025-11-21T23:09:43.788Z
6920f18ef8185940d4395400,Bitcoin,2.39,0.079609,0,0,81807.49374,Bearish,84097,2025-11-21T23:11:10.661Z
6920f192f8185940d4395401,Ethereum,5.89,0.203729,0,0,2886.202236,Bullish,2718.76,2025-11-21T23:11:14.039Z
6920f195f8185940d4395402,Solana,5.23,0.304233,0,0,115.170552,Bearish,125.37,2025-11-21T23:11:17.422Z
6920f1adf8185940d4395403,Bitcoin,2.39,0.079609,0,0,81846.501544,Bearish,84183,2025-11-21T23:11:40.894Z
6920f1b0f8185940d4395404,Ethereum,5.89,0.203729,0,0,2886.255581,Bullish,2718.76,2025-11-21T23:11:44.042Z
6920f207f8185940d4395405,Bitcoin,2.39,0.079609,0,0,81841.246367,Bearish,84176,2025-11-21T23:13:10.891Z
6920f20af8185940d4395406,Ethereum,5.89,0.203729,0,0,2888.409662,Bullish,2722.86,2025-11-21T23:13:14.262Z
6920f20df8185940d4395407,Solana,5.23,0.304233,0,0,115.148626,Bearish,125.4,2025-11-21T23:13:17.635Z
6920f224f8185940d4395408,Bitcoin,2.39,0.079609,0,0,81841.863555,Bearish,84176,2025-11-21T23:13:40.681Z
6920f227f8185940d4395409,Ethereum,5.89,0.203729,0,0,2888.681513,Bullish,2722.86,2025-11-21T23:13:43.830Z
6920f27ef8185940d439540a,Bitcoin,2.39,0.079609,0,0,81904.026971,Bearish,84280,2025-11-21T23:15:10.706Z
6920f282f8185940d439540b,Ethereum,5.89,0.203729,0,0,2890.794529,Bullish,2726.1,2025-11-21T23:15:14.066Z
6920f285f8185940d439540c,Solana,5.23,0.304233,0,0,115.185005,Bearish,125.52,2025-11-21T23:15:17.632Z
6920f29df8185940d439540d,Bitcoin,2.39,0.079609,0,0,81961.255434,Bearish,84355,2025-11-21T23:15:40.914Z
6920f2a0f8185940d439540e,Ethereum,5.89,0.203729,0,0,2891.379489,Bullish,2726.1,2025-11-21T23:15:44.081Z
6920f2f7f8185940d439540f,Bitcoin,2.39,0.079609,0,0,82005.812208,Bearish,84388,2025-11-21T23:17:10.919Z
6920f2faf8185940d4395410,Ethereum,9.46,0.203729,0,0,2942.782545,Bullish,2730.5,2025-11-21T23:17:14.330Z
6920f2fdf8185940d4395411,Solana,5.23,0.304233,0,0,115.258978,Bearish,125.69,2025-11-21T23:17:17.763Z
6920f314f8185940d4395412,Bitcoin,2.39,0.079609,0,0,82028.769239,Bearish,84388,2025-11-21T23:17:40.711Z
6920f317f8185940d4395413,Ethereum,9.46,0.203729,0,0,2943.382399,Bullish,2730.5,2025-11-21T23:17:43.847Z
6920f36df8185940d4395414,Bitcoin,2.39,0.079609,0,0,82094.486709,Bearish,84467,2025-11-21T23:19:09.699Z
6920f370f8185940d4395415,Ethereum,9.46,0.203729,0,0,2944.889158,Bullish,2732.56,2025-11-21T23:19:12.382Z
6920f373f8185940d4395416,Solana,5.23,0.304233,0,0,115.44014,Bearish,126.05,2025-11-21T23:19:15.732Z
6920f38df8185940d4395417,Bitcoin,2.39,0.079609,0,0,82174.839535,Bearish,84560,2025-11-21T23:19:41.006Z
6920f390f8185940d4395418,Ethereum,9.46,0.203729,0,0,2945.385862,Bullish,2732.56,2025-11-21T23:19:44.170Z
6920f3e7f8185940d4395419,Bitcoin,2.39,0.079609,0,0,82215.40176,Bearish,84580,2025-11-21T23:21:11.008Z
6920f3eaf8185940d439541a,Ethereum,9.46,0.203729,0,0,2946.717568,Bullish,2734.42,2025-11-21T23:21:14.389Z
6920f3edf8185940d439541b,Solana,5.23,0.304233,0,0,115.635454,Bearish,126.36,2025-11-21T23:21:17.785Z
6920f404f8185940d439541c,Bitcoin,2.39,0.079609,0,0,82241.018948,Bearish,84580,2025-11-21T23:21:40.825Z
6920f408f8185940d439541d,Ethereum,9.46,0.203729,0,0,2947.135658,Bullish,2734.42,2025-11-21T23:21:43.999Z
6920f45df8185940d439541e,Bitcoin,2.39,0.079609,0,0,82288.179826,Bearish,84627,2025-11-21T23:23:09.312Z
6920f45ff8185940d439541f,Ethereum,9.46,0.203729,0,0,2951.029852,Bullish,2741.29,2025-11-21T23:23:11.026Z
6920f460f8185940d4395420,Solana,5.23,0.304233,0,0,115.855476,Bearish,126.68,2025-11-21T23:23:12.711Z
6920f47bf8185940d4395421,Bitcoin,2.39,0.079609,0,0,82387.181811,Bearish,84767,2025-11-21T23:23:39.514Z
6920f47df8185940d4395422,Ethereum,9.46,0.203729,0,0,2951.596502,Bullish,2741.29,2025-11-21T23:23:41.013Z
6920f4d5f8185940d4395423,Bitcoin,2.39,0.079609,0,0,82408.345967,Bearish,84746,2025-11-21T23:25:09.601Z
6920f4d7f8185940d4395424,Ethereum,9.46,0.203729,0,0,2953.747328,Bullish,2744.43,2025-11-21T23:25:11.368Z
6920f4d9f8185940d4395425,Solana,5.23,0.304233,0,0,116.053734,Bearish,126.91,2025-11-21T23:25:13.055Z
6920f4f3f8185940d4395426,Bitcoin,2.39,0.079609,0,0,82429.974873,Bearish,84746,2025-11-21T23:25:39.654Z
6920f4f5f8185940d4395427,Ethereum,9.46,0.203729,0,0,2954.366713,Bullish,2744.43,2025-11-21T23:25:41.147Z
6920f54df8185940d4395428,Bitcoin,2.39,0.079609,0,0,82475.890202,Bearish,84796,2025-11-21T23:27:09.364Z
6920f54ff8185940d4395429,Ethereum,9.46,0.203729,0,0,2955.000262,Bullish,2744.65,2025-11-21T23:27:11.057Z
6920f550f8185940d439542a,Solana,5.23,0.304233,0,0,116.321127,Bearish,127.26,2025-11-21T23:27:12.760Z
6920f56bf8185940d439542b,Bitcoin,2.39,0.079609,0,0,82485.392385,Bearish,84765,2025-11-21T23:27:39.575Z
6920f56df8185940d439542c,Ethereum,9.46,0.203729,0,0,2955.504535,Bullish,2744.65,2025-11-21T23:27:41.068Z
6920f5c5f8185940d439542d,Bitcoin,2.39,0.079609,0,0,82493.283648,Bearish,84747,2025-11-21T23:29:09.795Z
6920f5c7f8185940d439542e,Ethereum,9.46,0.203729,0,0,2957.624365,Bullish,2748.28,2025-11-21T23:29:11.486Z
6920f5c9f8185940d439542f,Solana,5.23,0.304233,0,0,116.526441,Bearish,127.46,2025-11-21T23:29:13.189Z
6920f5e3f8185940d4395430,Bitcoin,2.39,0.079609,0,0,82491.717242,Bearish,84747,2025-11-21T23:29:39.434Z
6920f5e5f8185940d4395431,Ethereum,9.46,0.203729,0,0,2957.981543,Bullish,2748.28,2025-11-21T23:29:40.981Z
6920f63df8185940d4395432,Bitcoin,2.39,0.079609,0,0,82537.42481,Bearish,84836,2025-11-21T23:31:09.465Z
6920f63ff8185940d4395433,Ethereum,9.46,0.203729,0,0,2962.512359,Bullish,2756.33,2025-11-21T23:31:11.190Z
6920f640f8185940d4395434,Solana,5.23,0.304233,0,0,116.727285,Bearish,127.67,2025-11-21T23:31:12.899Z
6920f65bf8185940d4395435,Bitcoin,2.39,0.079609,0,0,82603.558792,Bearish,84950,2025-11-21T23:31:39.678Z
6920f65df8185940d4395436,Ethereum,9.46,0.203729,0,0,2963.148467,Bullish,2756.33,2025-11-21T23:31:41.177Z
6920f6b5f8185940d4395437,Bitcoin,2.39,0.079609,0,0,82631.606664,Bearish,84977,2025-11-21T23:33:09.676Z
6920f6b7f8185940d4395438,Ethereum,9.46,0.203729,0,0,2965.721057,Bullish,2759.97,2025-11-21T23:33:11.629Z
6920f6b9f8185940d4395439,Solana,5.23,0.304233,0,0,116.936792,Bearish,127.91,2025-11-21T23:33:13.310Z
6920f6d3f8185940d439543a,Bitcoin,2.39,0.079609,0,0,82655.317601,Bearish,84977,2025-11-21T23:33:39.497Z
6920f6d5f8185940d439543b,Ethereum,9.46,0.203729,0,0,2966.514147,Bullish,2759.97,2025-11-21T23:33:40.984Z
6920f72df8185940d439543c,Bitcoin,2.39,0.079609,0,0,82693.965946,Bearish,84998,2025-11-21T23:35:09.522Z
6920f72ff8185940d439543d,Ethereum,9.46,0.203729,0,0,2967.530033,Bullish,2760.74,2025-11-21T23:35:11.240Z
6920f731f8185940d439543e,Solana,5.23,0.304233,0,0,117.134717,Bearish,128.14,2025-11-21T23:35:12.959Z
6920f74bf8185940d439543f,Bitcoin,2.39,0.079609,0,0,82726.834041,Bearish,85003,2025-11-21T23:35:39.762Z
6920f74df8185940d4395440,Ethereum,9.46,0.203729,0,0,2968.147099,Bullish,2760.74,2025-11-21T23:35:41.244Z
6920f7a5f8185940d4395441,Bitcoin,2.39,0.079609,0,0,82748.412711,Bearish,85006,2025-11-21T23:37:09.752Z
6920f7a7f8185940d4395442,Ethereum,9.46,0.203729,0,0,2967.507415,Bullish,2759.13,2025-11-21T23:37:11.463Z
6920f7a9f8185940d4395443,Solana,5.25,0.306296,0,0,117.288379,Bearish,128.28,2025-11-21T23:37:13.183Z
6920f7c3f8185940d4395444,Bitcoin,2.39,0.079609,0,0,82755.084586,Bearish,85006,2025-11-21T23:37:39.588Z
6920f7c5f8185940d4395445,Ethereum,9.46,0.203729,0,0,2967.634734,Bullish,2759.13,2025-11-21T23:37:41.070Z
6920f81df8185940d4395446,Bitcoin,2.45,0.084727,0,0,82725.643095,Bearish,84941,2025-11-21T23:39:09.605Z
6920f81ff8185940d4395447,Ethereum,9.56,0.212989,0,0,2965.706679,Bullish,2755.63,2025-11-21T23:39:11.313Z
6920f821f8185940d4395448,Solana,5.24,0.30536,0,0,117.370243,Bearish,128.3,2025-11-21T23:39:13.068Z
6920f83bf8185940d4395449,Bitcoin,2.45,0.084727,0,0,82688.130565,Bearish,84872,2025-11-21T23:39:39.821Z
6920f83df8185940d439544a,Ethereum,9.56,0.212989,0,0,2965.469741,Bullish,2755.63,2025-11-21T23:39:41.380Z
6920f895f8185940d439544b,Bitcoin,2.45,0.084727,0,0,82703.988391,Bearish,84928,2025-11-21T23:41:09.870Z
6920f897f8185940d439544c,Ethereum,9.56,0.212989,0,0,2965.183485,Bullish,2755.6,2025-11-21T23:41:11.618Z
6920f899f8185940d439544d,Solana,5.24,0.30536,0,0,117.422794,Bearish,128.28,2025-11-21T23:41:13.349Z
6920f8b3f8185940d439544e,Bitcoin,2.45,0.084727,0,0,82693.976672,Bearish,84928,2025-11-21T23:41:39.656Z
6920f8b5f8185940d439544f,Ethereum,9.56,0.212989,0,0,2964.92079,Bullish,2755.6,2025-11-21T23:41:41.144Z
6920f90df8185940d4395450,Bitcoin,2.45,0.084727,0,0,82703.452504,Bearish,84967,2025-11-21T23:43:09.694Z
6920f90ff8185940d4395451,Ethereum,9.56,0.212989,0,0,2966.778417,Bullish,2759.39,2025-11-21T23:43:11.412Z
6920f911f8185940d4395452,Solana,5.24,0.30536,0,0,117.49405,Bearish,128.33,2025-11-21T23:43:13.154Z
6920f92cf8185940d4395453,Bitcoin,2.45,0.084727,0,0,82770.963209,Bearish,85112,2025-11-21T23:43:39.978Z
6920f92df8185940d4395454,Ethereum,9.56,0.212989,0,0,2966.81455,Bullish,2759.39,2025-11-21T23:43:41.473Z
6920f985f8185940d4395455,Bitcoin,2.45,0.084727,0,0,82817.262986,Bearish,85171,2025-11-21T23:45:09.918Z
6920f987f8185940d4395456,Ethereum,9.56,0.212989,0,0,2969.203677,Bullish,2763.46,2025-11-21T23:45:11.627Z
6920f989f8185940d4395457,Solana,5.24,0.30536,0,0,117.588336,Bearish,128.46,2025-11-21T23:45:13.357Z
6920f9a3f8185940d4395458,Bitcoin,2.45,0.084727,0,0,82850.337204,Bearish,85171,2025-11-21T23:45:39.715Z
6920f9a5f8185940d4395459,Ethereum,9.56,0.212989,0,0,2969.621524,Bullish,2763.46,2025-11-21T23:45:41.221Z
6920f9fdf8185940d439545a,Bitcoin,2.45,0.084727,0,0,82875.355283,Bearish,85163,2025-11-21T23:47:09.745Z
6920f9fff8185940d439545b,Ethereum,9.56,0.212989,0,0,2970.327712,Bullish,2764.01,2025-11-21T23:47:11.493Z
6920fa01f8185940d439545c,Solana,5.24,0.30536,0,0,117.608752,Bearish,128.46,2025-11-21T23:47:13.202Z
6920fa1cf8185940d439545d,Bitcoin,2.45,0.084727,0,0,82943.369084,Bearish,85239,2025-11-21T23:47:39.974Z
6920fa1df8185940d439545e,Ethereum,9.56,0.212989,0,0,2970.752517,Bullish,2764.01,2025-11-21T23:47:41.481Z
6920fa76f8185940d439545f,Bitcoin,2.45,0.084727,0,0,82950.247086,Bearish,85191,2025-11-21T23:49:09.967Z
6920fa77f8185940d4395460,Ethereum,9.56,0.212989,0,0,2971.739486,Bullish,2765.41,2025-11-21T23:49:11.671Z
6920fa79f8185940d4395461,Solana,5.24,0.30536,0,0,117.670163,Bearish,128.56,2025-11-21T23:49:13.365Z
6920fa93f8185940d4395462,Bitcoin,2.45,0.084727,0,0,82960.469742,Bearish,85191,2025-11-21T23:49:39.783Z
6920fa95f8185940d4395463,Ethereum,9.56,0.212989,0,0,2972.038192,Bullish,2765.41,2025-11-21T23:49:41.268Z
6920faedf8185940d4395464,Bitcoin,2.45,0.084727,0,0,82923.271803,Bearish,85112,2025-11-21T23:51:09.748Z
6920faeff8185940d4395465,Ethereum,8.95,0.212989,0,0,2964.001664,Bullish,2765.76,2025-11-21T23:51:11.441Z
6920faf1f8185940d4395466,Solana,5.24,0.30536,0,0,117.663444,Bearish,128.51,2025-11-21T23:51:13.119Z
6920fb0cf8185940d4395467,Bitcoin,2.45,0.084727,0,0,82918.177871,Bearish,85111,2025-11-21T23:51:40.046Z
6920fb0df8185940d4395468,Ethereum,8.95,0.212989,0,0,2964.12056,Bullish,2765.76,2025-11-21T23:51:41.531Z
6920fb66f8185940d4395469,Bitcoin,2.45,0.084727,0,0,82881.576951,Bearish,85050,2025-11-21T23:53:10.433Z
6920fb68f8185940d439546a,Ethereum,8.95,0.212989,0,0,2964.140602,Bullish,2765.63,2025-11-21T23:53:12.123Z
6920fb69f8185940d439546b,Solana,5.24,0.30536,0,0,117.69109,Bearish,128.53,2025-11-21T23:53:13.808Z
6920fb83f8185940d439546c,Bitcoin,2.45,0.084727,0,0,82860.330857,Bearish,85050,2025-11-21T23:53:39.806Z
6920fb85f8185940d439546d,Ethereum,8.95,0.212989,0,0,2964.218849,Bullish,2765.63,2025-11-21T23:53:41.271Z
6920fbddf8185940d439546e,Bitcoin,2.45,0.084727,0,0,82842.49065,Bearish,85048,2025-11-21T23:55:09.897Z
6920fbdff8185940d439546f,Ethereum,8.95,0.212989,0,0,2964.747566,Bullish,2766.6,2025-11-21T23:55:11.602Z
6920fbe1f8185940d4395470,Solana,5.24,0.30536,0,0,117.711205,Bearish,128.54,2025-11-21T23:55:13.298Z
6920fbfcf8185940d4395471,Bitcoin,2.45,0.084727,0,0,82858.13136,Bearish,85113,2025-11-21T23:55:40.157Z
6920fbfdf8185940d4395472,Ethereum,8.95,0.212989,0,0,2964.809822,Bullish,2766.6,2025-11-21T23:55:41.667Z
6920fc5ff8185940d4395473,Bitcoin,2.45,0.084727,0,0,82827.183509,Bearish,85056,2025-11-21T23:57:18.931Z
6920fc60f8185940d4395474,Ethereum,9.56,0.212989,0,0,2971.714306,Bullish,2763.86,2025-11-21T23:57:20.723Z
6920fc62f8185940d4395475,Solana,5.24,0.30536,0,0,117.677752,Bearish,128.46,2025-11-21T23:57:22.426Z
6920fc7af8185940d4395476,Bitcoin,2.45,0.084727,0,0,82821.445228,Bearish,85056,2025-11-21T23:57:45.987Z
6920fc7df8185940d4395477,Ethereum,9.56,0.212989,0,0,2971.611401,Bullish,2763.86,2025-11-21T23:57:48.997Z
6920fccdf8185940d4395478,Bitcoin,2.45,0.084727,0,0,82806.529261,Bearish,85024,2025-11-21T23:59:09.905Z
6920fccff8185940d4395479,Ethereum,9.56,0.212989,0,0,2971.657305,Bullish,2764.13,2025-11-21T23:59:11.638Z
6920fcd1f8185940d439547a,Solana,5.24,0.30536,0,0,117.679458,Bearish,128.46,2025-11-21T23:59:13.356Z
6920fcecf8185940d439547b,Bitcoin,2.45,0.084727,0,0,82827.912614,Bearish,85070,2025-11-21T23:59:40.103Z
6920fcedf8185940d439547c,Ethereum,9.56,0.212989,0,0,2971.573809,Bullish,2764.13,2025-11-21T23:59:41.569Z
6920fd46f8185940d439547d,Bitcoin,2.45,0.084727,0,0,82843.105017,Bearish,85097,2025-11-22T00:01:10.155Z
6920fd47f8185940d439547e,Ethereum,9.56,0.212989,0,0,2971.761688,Bullish,2764.71,2025-11-22T00:01:11.846Z
6920fd49f8185940d439547f,Solana,5.24,0.30536,0,0,117.692287,Bearish,128.5,2025-11-22T00:01:13.542Z
6920fd64f8185940d4395480,Bitcoin,2.45,0.084727,0,0,82839.85111,Bearish,85097,2025-11-22T00:01:39.947Z
6920fd65f8185940d4395481,Ethereum,9.56,0.212989,0,0,2971.676483,Bullish,2764.71,2025-11-22T00:01:41.440Z
6920fdbef8185940d4395482,Bitcoin,2.45,0.084727,0,0,82841.893171,Bearish,85092,2025-11-22T00:03:10.023Z
6920fdbff8185940d4395483,Ethereum,9.56,0.212989,0,0,2971.426104,Bullish,2764.16,2025-11-22T00:03:11.753Z
6920fdc1f8185940d4395484,Solana,5.24,0.30536,0,0,117.724564,Bearish,128.57,2025-11-22T00:03:13.485Z
6920fddcf8185940d4395485,Bitcoin,2.45,0.084727,0,0,82847.100384,Bearish,85093,2025-11-22T00:03:40.247Z
6920fdddf8185940d4395486,Ethereum,9.56,0.212989,0,0,2971.439776,Bullish,2764.16,2025-11-22T00:03:41.770Z
6920fe36f8185940d4395487,Bitcoin,2.45,0.084727,0,0,82883.575215,Bearish,85148,2025-11-22T00:05:10.303Z
6920fe38f8185940d4395488,Ethereum,8.95,0.212989,0,0,2965.637235,Bullish,2768.88,2025-11-22T00:05:12.043Z
6920fe39f8185940d4395489,Solana,5.24,0.30536,0,0,117.798744,Bearish,128.72,2025-11-22T00:05:13.760Z
6920fe54f8185940d439548a,Bitcoin,2.45,0.084727,0,0,82891.458028,Bearish,85148,2025-11-22T00:05:40.054Z
6920fe55f8185940d439548b,Ethereum,8.95,0.212989,0,0,2965.890775,Bullish,2768.88,2025-11-22T00:05:41.552Z
6920feaef8185940d439548c,Bitcoin,2.45,0.084727,0,0,82923.463564,Bearish,85200,2025-11-22T00:07:10.071Z
6920feaff8185940d439548d,Ethereum,8.95,0.212989,0,0,2964.36057,Bullish,2765.59,2025-11-22T00:07:11.769Z
6920feb1f8185940d439548e,Solana,5.24,0.30536,0,0,117.788768,Bearish,128.68,2025-11-22T00:07:13.480Z
6920feccf8185940d439548f,Bitcoin,2.45,0.084727,0,0,82914.175051,Bearish,85160,2025-11-22T00:07:40.292Z
6920fecdf8185940d4395490,Ethereum,8.95,0.212989,0,0,2964.40537,Bullish,2765.59,2025-11-22T00:07:41.801Z
6920ff26f8185940d4395491,Bitcoin,2.45,0.084727,0,0,82932.424413,Bearish,85178,2025-11-22T00:09:10.368Z
6920ff28f8185940d4395492,Ethereum,8.95,0.212989,0,0,2966.629104,Bullish,2769.64,2025-11-22T00:09:12.051Z
6920ff29f8185940d4395493,Solana,5.24,0.30536,0,0,117.824863,Bearish,128.72,2025-11-22T00:09:13.739Z
6920ff44f8185940d4395494,Bitcoin,2.45,0.084727,0,0,82942.709569,Bearish,85178,2025-11-22T00:09:40.104Z
6920ff45f8185940d4395495,Ethereum,8.95,0.212989,0,0,2966.899734,Bullish,2769.64,2025-11-22T00:09:41.583Z
6920ff9ef8185940d4395496,Bitcoin,2.45,0.084727,0,0,82981.417411,Bearish,85247,2025-11-22T00:11:10.125Z
6920ff9ff8185940d4395497,Ethereum,8.95,0.212989,0,0,2969.382715,Bullish,2774.19,2025-11-22T00:11:11.829Z
6920ffa1f8185940d4395498,Solana,5.24,0.30536,0,0,117.888463,Bearish,128.81,2025-11-22T00:11:13.533Z
6920ffbcf8185940d4395499,Bitcoin,2.45,0.084727,0,0,83040.083281,Bearish,85343,2025-11-22T00:11:40.130Z
6920ffbdf8185940d439549a,Ethereum,8.95,0.212989,0,0,2969.684595,Bullish,2774.19,2025-11-22T00:11:41.608Z
69210016f8185940d439549b,Bitcoin,2.39,0.078837,0,0,83028.597639,Bearish,85293,2025-11-22T00:13:10.400Z
69210018f8185940d439549c,Ethereum,9,0.217424,0,0,2969.995797,Bullish,2773.93,2025-11-22T00:13:12.168Z
69210019f8185940d439549d,Solana,5.22,0.303207,0,0,117.919279,Bearish,128.83,2025-11-22T00:13:13.882Z
69210034f8185940d439549e,Bitcoin,2.39,0.078837,0,0,83045.257796,Bearish,85293,2025-11-22T00:13:40.200Z
69210035f8185940d439549f,Ethereum,9,0.217424,0,0,2970.414864,Bullish,2773.93,2025-11-22T00:13:41.706Z
6921008ef8185940d43954a0,Bitcoin,2.39,0.078837,0,0,83072.805304,Bearish,85318,2025-11-22T00:15:10.246Z
69210090f8185940d43954a1,Ethereum,9,0.217424,0,0,2970.737264,Bullish,2774.13,2025-11-22T00:15:11.979Z
69210091f8185940d43954a2,Solana,5.22,0.303207,0,0,117.937543,Bearish,128.83,2025-11-22T00:15:13.711Z
692100acf8185940d43954a3,Bitcoin,2.39,0.078837,0,0,83133.23889,Bearish,85404,2025-11-22T00:15:40.428Z
692100aef8185940d43954a4,Ethereum,9,0.217424,0,0,2970.95162,Bullish,2774.13,2025-11-22T00:15:41.946Z
69210106f8185940d43954a5,Bitcoin,2.39,0.078837,0,0,83158.066195,Bearish,85421,2025-11-22T00:17:10.507Z
69210108f8185940d43954a6,Ethereum,9,0.217424,0,0,2970.383011,Bullish,2773.07,2025-11-22T00:17:12.219Z
6921010af8185940d43954a7,Solana,5.22,0.303207,0,0,118.024327,Bearish,128.99,2025-11-22T00:17:13.941Z
69210124f8185940d43954a8,Bitcoin,2.39,0.078837,0,0,83166.132602,Bearish,85421,2025-11-22T00:17:40.227Z
69210125f8185940d43954a9,Ethereum,9,0.217424,0,0,2970.324051,Bullish,2773.07,2025-11-22T00:17:41.739Z
6921017ef8185940d43954aa,Bitcoin,2.39,0.078837,0,0,83151.207644,Bearish,85361,2025-11-22T00:19:10.289Z
69210180f8185940d43954ab,Ethereum,9,0.217424,0,0,2969.331539,Bullish,2771.3,2025-11-22T00:19:12.000Z
69210181f8185940d43954ac,Solana,5.22,0.303207,0,0,118.058816,Bearish,129.02,2025-11-22T00:19:13.689Z
6921019cf8185940d43954ad,Bitcoin,2.39,0.078837,0,0,83122.513974,Bearish,85284,2025-11-22T00:19:40.532Z
6921019ef8185940d43954ae,Ethereum,9,0.217424,0,0,2969.189571,Bullish,2771.3,2025-11-22T00:19:42.025Z
692101f6f8185940d43954af,Bitcoin,2.39,0.078837,0,0,83082.785329,Bearish,85208,2025-11-22T00:21:10.526Z
692101f8f8185940d43954b0,Ethereum,9,0.217424,0,0,2967.587717,Bullish,2768.58,2025-11-22T00:21:12.226Z
692101faf8185940d43954b1,Solana,5.22,0.303207,0,0,118.025542,Bearish,128.91,2025-11-22T00:21:13.939Z
69210214f8185940d43954b2,Bitcoin,2.39,0.078837,0,0,83061.914236,Bearish,85208,2025-11-22T00:21:40.326Z
69210215f8185940d43954b3,Ethereum,9,0.217424,0,0,2967.297067,Bullish,2768.58,2025-11-22T00:21:41.853Z
6921026ef8185940d43954b4,Bitcoin,2.39,0.078837,0,0,83028.868543,Bearish,85193,2025-11-22T00:23:10.353Z
69210270f8185940d43954b5,Ethereum,9,0.217424,0,0,2966.44116,Bullish,2767.42,2025-11-22T00:23:12.072Z
69210271f8185940d43954b6,Solana,5.22,0.303207,0,0,118.006609,Bearish,128.85,2025-11-22T00:23:13.785Z
6921028cf8185940d43954b7,Bitcoin,2.39,0.078837,0,0,83000.653518,Bearish,85192,2025-11-22T00:23:40.382Z
6921028df8185940d43954b8,Ethereum,9,0.217424,0,0,2966.150754,Bullish,2767.42,2025-11-22T00:23:41.918Z
692102e6f8185940d43954b9,Bitcoin,2.39,0.078837,0,0,82989.05913,Bearish,85210,2025-11-22T00:25:10.599Z
692102e8f8185940d43954ba,Ethereum,9,0.217424,0,0,2965.288494,Bullish,2766.18,2025-11-22T00:25:12.376Z
692102eaf8185940d43954bb,Solana,5.22,0.303207,0,0,117.991407,Bearish,128.81,2025-11-22T00:25:14.084Z
69210304f8185940d43954bc,Bitcoin,2.39,0.078837,0,0,82979.49663,Bearish,85210,2025-11-22T00:25:40.411Z
69210305f8185940d43954bd,Ethereum,9,0.217424,0,0,2965.030682,Bullish,2766.18,2025-11-22T00:25:41.908Z
6921035ef8185940d43954be,Bitcoin,2.39,0.078837,0,0,82958.66106,Bearish,85169,2025-11-22T00:27:10.389Z
69210360f8185940d43954bf,Ethereum,9.6,0.217424,0,0,2971.982738,Bullish,2763.85,2025-11-22T00:27:12.077Z
69210361f8185940d43954c0,Solana,5.22,0.303207,0,0,117.912722,Bearish,128.65,2025-11-22T00:27:13.775Z
6921037cf8185940d43954c1,Bitcoin,2.39,0.078837,0,0,82913.450857,Bearish,85087,2025-11-22T00:27:40.632Z
6921037ef8185940d43954c2,Ethereum,9.6,0.217424,0,0,2971.7364,Bullish,2763.85,2025-11-22T00:27:42.134Z
692103d6f8185940d43954c3,Bitcoin,2.39,0.078837,0,0,82882.111199,Bearish,85045,2025-11-22T00:29:10.733Z
692103d8f8185940d43954c4,Ethereum,9.6,0.217424,0,0,2971.075248,Bullish,2762.97,2025-11-22T00:29:12.429Z
692103daf8185940d43954c5,Solana,5.22,0.303207,0,0,117.817402,Bearish,128.5,2025-11-22T00:29:14.138Z
692103f4f8185940d43954c6,Bitcoin,2.39,0.078837,0,0,82866.31823,Bearish,85045,2025-11-22T00:29:40.463Z
692103f6f8185940d43954c7,Ethereum,9.6,0.217424,0,0,2970.845878,Bullish,2762.97,2025-11-22T00:29:41.930Z
6921044ef8185940d43954c8,Bitcoin,2.39,0.078837,0,0,82832.281896,Bearish,85017,2025-11-22T00:31:10.480Z
69210450f8185940d43954c9,Ethereum,9.6,0.217424,0,0,2968.091866,Bullish,2758.15,2025-11-22T00:31:12.196Z
69210451f8185940d43954ca,Solana,5.22,0.303207,0,0,117.70469,Bearish,128.34,2025-11-22T00:31:13.888Z
6921046cf8185940d43954cb,Bitcoin,2.39,0.078837,0,0,82749.326875,Bearish,84899,2025-11-22T00:31:40.700Z
6921046ef8185940d43954cc,Ethereum,9.6,0.217424,0,0,2967.67402,Bullish,2758.15,2025-11-22T00:31:42.159Z
692104c6f8185940d43954cd,Bitcoin,2.39,0.078837,0,0,82761.18924,Bearish,84980,2025-11-22T00:33:10.771Z
692104c8f8185940d43954ce,Ethereum,9.6,0.217424,0,0,2969.835009,Bullish,2762.74,2025-11-22T00:33:12.454Z
692104caf8185940d43954cf,Solana,5.22,0.303207,0,0,117.646694,Bearish,128.3,2025-11-22T00:33:14.145Z
692104e4f8185940d43954d0,Bitcoin,2.39,0.078837,0,0,82747.072052,Bearish,84980,2025-11-22T00:33:40.524Z
692104e6f8185940d43954d1,Ethereum,9.6,0.217424,0,0,2969.786913,Bullish,2762.74,2025-11-22T00:33:41.996Z
6921053ef8185940d43954d2,Bitcoin,2.39,0.078837,0,0,82762.049337,Bearish,85027,2025-11-22T00:35:10.555Z
69210540f8185940d43954d3,Ethereum,9,0.217424,0,0,2964.132646,Bullish,2767.72,2025-11-22T00:35:12.271Z
69210542f8185940d43954d4,Solana,5.22,0.303207,0,0,117.680129,Bearish,128.45,2025-11-22T00:35:13.950Z
6921055cf8185940d43954d5,Bitcoin,2.39,0.078837,0,0,82782.933235,Bearish,85076,2025-11-22T00:35:40.780Z
6921055ef8185940d43954d6,Ethereum,9,0.217424,0,0,2964.413285,Bullish,2767.72,2025-11-22T00:35:42.246Z
692105b6f8185940d43954d7,Bitcoin,2.39,0.078837,0,0,82757.46122,Bearish,85015,2025-11-22T00:37:10.807Z
692105b8f8185940d43954d8,Ethereum,9,0.217424,0,0,2964.769439,Bullish,2767.45,2025-11-22T00:37:12.507Z
692105baf8185940d43954d9,Solana,5.22,0.303207,0,0,117.683292,Bearish,128.52,2025-11-22T00:37:14.181Z
692105d4f8185940d43954da,Bitcoin,2.39,0.078837,0,0,82772.847939,Bearish,85015,2025-11-22T00:37:40.559Z
692105d6f8185940d43954db,Ethereum,9,0.217424,0,0,2965.236114,Bullish,2767.45,2025-11-22T00:37:42.028Z
69210630f8185940d43954dc,Bitcoin,2.39,0.078837,0,0,82775.921431,Bearish,85011,2025-11-22T00:39:12.141Z
69210633f8185940d43954dd,Ethereum,9,0.217424,0,0,2967.977832,Bullish,2772.14,2025-11-22T00:39:15.546Z
69210637f8185940d43954de,Solana,5.22,0.303207,0,0,117.694653,Bearish,128.57,2025-11-22T00:39:18.945Z
6921064ef8185940d43954df,Bitcoin,2.39,0.078837,0,0,82855.178775,Bearish,85159,2025-11-22T00:39:42.382Z
69210651f8185940d43954e0,Ethereum,9,0.217424,0,0,2968.454517,Bullish,2772.14,2025-11-22T00:39:45.581Z
692106a8f8185940d43954e1,Bitcoin,2.39,0.078837,0,0,82864.701486,Bearish,85155,2025-11-22T00:41:12.352Z
692106abf8185940d43954e2,Ethereum,9,0.217424,0,0,2968.208091,Bullish,2771.23,2025-11-22T00:41:15.755Z
692106aff8185940d43954e3,Solana,5.22,0.303207,0,0,117.786686,Bearish,128.75,2025-11-22T00:41:19.128Z
692106c6f8185940d43954e4,Bitcoin,2.39,0.078837,0,0,82872.810861,Bearish,85155,2025-11-22T00:41:42.177Z
692106c9f8185940d43954e5,Ethereum,9,0.217424,0,0,2968.39315,Bullish,2771.23,2025-11-22T00:41:45.364Z
69210720f8185940d43954e6,Bitcoin,2.39,0.078837,0,0,82861.44913,Bearish,85099,2025-11-22T00:43:12.222Z
69210723f8185940d43954e7,Ethereum,9,0.217424,0,0,2966.647257,Bullish,2767.61,2025-11-22T00:43:15.624Z
69210727f8185940d43954e8,Solana,5.22,0.303207,0,0,117.793868,Bearish,128.71,2025-11-22T00:43:19.015Z
6921073ef8185940d43954e9,Bitcoin,2.39,0.078837,0,0,82805.815422,Bearish,84965,2025-11-22T00:43:42.437Z
69210741f8185940d43954ea,Ethereum,9,0.217424,0,0,2966.627726,Bullish,2767.61,2025-11-22T00:43:45.627Z
69210798f8185940d43954eb,Bitcoin,2.39,0.078837,0,0,82817.464493,Bearish,84990,2025-11-22T00:45:12.456Z
6921079cf8185940d43954ec,Ethereum,9,0.217424,0,0,2966.776178,Bullish,2768.34,2025-11-22T00:45:15.868Z
6921079ff8185940d43954ed,Solana,5.22,0.303207,0,0,117.81454,Bearish,128.69,2025-11-22T00:45:19.285Z
692107b6f8185940d43954ee,Bitcoin,2.39,0.078837,0,0,82797.597305,Bearish,84990,2025-11-22T00:45:42.280Z
692107b9f8185940d43954ef,Ethereum,9,0.217424,0,0,2966.581354,Bullish,2768.34,2025-11-22T00:45:45.461Z
69210810f8185940d43954f0,Bitcoin,2.34,0.074349,0,0,82798.851208,Bearish,85033,2025-11-22T00:47:12.285Z
69210813f8185940d43954f1,Ethereum,9,0.217648,0,0,2965.044112,Bullish,2765.73,2025-11-22T00:47:15.679Z
69210817f8185940d43954f2,Solana,5.21,0.302518,0,0,117.819407,Bearish,128.66,2025-11-22T00:47:19.068Z
6921082ef8185940d43954f3,Bitcoin,2.34,0.074349,0,0,82719.754653,Bearish,84910,2025-11-22T00:47:42.645Z
69210832f8185940d43954f4,Ethereum,9,0.217648,0,0,2964.768843,Bullish,2765.73,2025-11-22T00:47:45.850Z
69210888f8185940d43954f5,Bitcoin,2.34,0.074349,0,0,82665.926081,Bearish,84843,2025-11-22T00:49:12.533Z
6921088cf8185940d43954f6,Ethereum,9.6,0.217648,0,0,2972.460785,Bullish,2764.74,2025-11-22T00:49:15.954Z
6921088ff8185940d43954f7,Solana,5.21,0.302518,0,0,117.772393,Bearish,128.54,2025-11-22T00:49:19.404Z
692108a6f8185940d43954f8,Bitcoin,2.34,0.074349,0,0,82654.390924,Bearish,84843,2025-11-22T00:49:42.332Z
692108a9f8185940d43954f9,Ethereum,9.6,0.217648,0,0,2972.304779,Bullish,2764.74,2025-11-22T00:49:45.548Z
69210900f8185940d43954fa,Bitcoin,2.34,0.074349,0,0,82611.995126,Bearish,84793,2025-11-22T00:51:12.362Z
69210903f8185940d43954fb,Ethereum,9.6,0.217648,0,0,2971.30853,Bullish,2763.23,2025-11-22T00:51:15.823Z
69210907f8185940d43954fc,Solana,5.21,0.302518,0,0,117.758301,Bearish,128.51,2025-11-22T00:51:19.268Z
6921091ef8185940d43954fd,Bitcoin,2.34,0.074349,0,0,82559.593969,Bearish,84735,2025-11-22T00:51:42.603Z
69210921f8185940d43954fe,Ethereum,9.6,0.217648,0,0,2971.050352,Bullish,2763.23,2025-11-22T00:51:45.805Z
69210978f8185940d43954ff,Bitcoin,2.34,0.074349,0,0,82524.8516,Bearish,84734,2025-11-22T00:53:12.623Z
6921097cf8185940d4395500,Ethereum,9.6,0.217648,0,0,2971.644009,Bullish,2764.58,2025-11-22T00:53:16.008Z
6921097ff8185940d4395501,Solana,5.21,0.302518,0,0,117.732059,Bearish,128.49,2025-11-22T00:53:19.438Z
69210996f8185940d4395502,Bitcoin,2.34,0.074349,0,0,82504.136756,Bearish,84734,2025-11-22T00:53:42.423Z
69210999f8185940d4395503,Ethereum,9.6,0.217648,0,0,2971.590054,Bullish,2764.58,2025-11-22T00:53:45.627Z
692109f0f8185940d4395504,Bitcoin,2.34,0.074349,0,0,82510.546182,Bearish,84773,2025-11-22T00:55:12.420Z
692109f3f8185940d4395505,Ethereum,9.6,0.217648,0,0,2970.969179,Bullish,2763.43,2025-11-22T00:55:15.812Z
692109f7f8185940d4395506,Solana,5.21,0.302518,0,0,117.769571,Bearish,128.6,2025-11-22T00:55:19.217Z
69210a0ef8185940d4395507,Bitcoin,2.34,0.074349,0,0,82445.331076,Bearish,84664,2025-11-22T00:55:42.627Z
69210a11f8185940d4395508,Ethereum,9.6,0.217648,0,0,2970.906069,Bullish,2763.43,2025-11-22T00:55:45.834Z
69210a68f8185940d4395509,Bitcoin,2.34,0.074349,0,0,82417.181097,Bearish,84634,2025-11-22T00:57:12.439Z
69210a6bf8185940d439550a,Ethereum,9.6,0.217648,0,0,2969.64442,Bullish,2761.07,2025-11-22T00:57:15.843Z
69210a6ff8185940d439550b,Solana,5.21,0.302518,0,0,117.686648,Bearish,128.45,2025-11-22T00:57:19.253Z
69210a86f8185940d439550c,Bitcoin,2.34,0.074349,0,0,82406.977972,Bearish,84634,2025-11-22T00:57:42.471Z
69210a89f8185940d439550d,Ethereum,9.6,0.217648,0,0,2969.520885,Bullish,2761.07,2025-11-22T00:57:45.671Z
69210ae0f8185940d439550e,Bitcoin,2.34,0.074349,0,0,82410.053551,Bearish,84663,2025-11-22T00:59:12.484Z
69210ae4f8185940d439550f,Ethereum,9.6,0.217648,0,0,2970.672917,Bullish,2763.56,2025-11-22T00:59:16.005Z
69210ae7f8185940d4395510,Solana,5.21,0.302518,0,0,117.668528,Bearish,128.44,2025-11-22T00:59:19.447Z
69210afff8185940d4395511,Bitcoin,2.34,0.074349,0,0,82411.381765,Bearish,84685,2025-11-22T00:59:43.009Z
69210b02f8185940d4395512,Ethereum,9.6,0.217648,0,0,2970.628118,Bullish,2763.56,2025-11-22T00:59:46.203Z
69210b58f8185940d4395513,Bitcoin,2.34,0.074349,0,0,82401.183091,Bearish,84688,2025-11-22T01:01:12.758Z
69210b5cf8185940d4395514,Ethereum,9.6,0.217648,0,0,2971.051718,Bullish,2764.32,2025-11-22T01:01:16.170Z
69210b5ff8185940d4395515,Solana,5.21,0.302518,0,0,117.66286,Bearish,128.44,2025-11-22T01:01:19.588Z
69210b76f8185940d4395516,Bitcoin,2.34,0.074349,0,0,82403.761216,Bearish,84688,2025-11-22T01:01:42.546Z
69210b79f8185940d4395517,Ethereum,9.6,0.217648,0,0,2971.111289,Bullish,2764.32,2025-11-22T01:01:45.741Z
69210bd0f8185940d4395518,Bitcoin,2.34,0.074349,0,0,82408.854421,Bearish,84685,2025-11-22T01:03:12.565Z
69210bd4f8185940d4395519,Ethereum,9.6,0.217648,0,0,2971.261801,Bullish,2764.29,2025-11-22T01:03:15.967Z
69210bd7f8185940d439551a,Solana,5.21,0.302518,0,0,117.65745,Bearish,128.44,2025-11-22T01:03:19.378Z
69210beef8185940d439551b,Bitcoin,2.34,0.074349,0,0,82404.538107,Bearish,84664,2025-11-22T01:03:42.772Z
69210bf2f8185940d439551c,Ethereum,9.6,0.217648,0,0,2971.419027,Bullish,2764.29,2025-11-22T01:03:45.958Z
69210c48f8185940d439551d,Bitcoin,2.34,0.074349,0,0,82442.402926,Bearish,84737,2025-11-22T01:05:12.806Z
69210c4cf8185940d439551e,Ethereum,9,0.217648,0,0,2966.085963,Bullish,2769.82,2025-11-22T01:05:16.234Z
69210c4ff8185940d439551f,Solana,5.21,0.302518,0,0,117.677692,Bearish,128.49,2025-11-22T01:05:19.668Z
69210c66f8185940d4395520,Bitcoin,2.34,0.074349,0,0,82446.809176,Bearish,84737,2025-11-22T01:05:42.582Z
69210c69f8185940d4395521,Ethereum,9,0.217648,0,0,2966.419215,Bullish,2769.82,2025-11-22T01:05:45.773Z
69210cc0f8185940d4395522,Bitcoin,2.34,0.074349,0,0,82488.017381,Bearish,84808,2025-11-22T01:07:12.605Z
69210cc4f8185940d4395523,Ethereum,9,0.217648,0,0,2967.175678,Bullish,2770.68,2025-11-22T01:07:16.017Z
69210cc7f8185940d4395524,Solana,5.21,0.302518,0,0,117.771022,Bearish,128.7,2025-11-22T01:07:19.422Z
69210cdef8185940d4395525,Bitcoin,2.34,0.074349,0,0,82450.136123,Bearish,84709,2025-11-22T01:07:42.833Z
69210ce2f8185940d4395526,Ethereum,9,0.217648,0,0,2967.511981,Bullish,2770.68,2025-11-22T01:07:46.035Z
69210d38f8185940d4395527,Bitcoin,2.34,0.074349,0,0,82451.357326,Bearish,84701,2025-11-22T01:09:12.837Z
69210d3cf8185940d4395528,Ethereum,9,0.217648,0,0,2966.501998,Bullish,2768.18,2025-11-22T01:09:16.387Z
69210d3ff8185940d4395529,Solana,5.21,0.302518,0,0,117.789325,Bearish,128.71,2025-11-22T01:09:19.822Z
69210d56f8185940d439552a,Bitcoin,2.34,0.074349,0,0,82457.150295,Bearish,84701,2025-11-22T01:09:42.682Z
69210d5af8185940d439552b,Ethereum,9,0.217648,0,0,2966.676437,Bullish,2768.18,2025-11-22T01:09:45.908Z
69210db0f8185940d439552c,Bitcoin,2.34,0.074349,0,0,82436.871047,Bearish,84669,2025-11-22T01:11:12.650Z
69210db4f8185940d439552d,Ethereum,9,0.217648,0,0,2966.269631,Bullish,2767.59,2025-11-22T01:11:16.089Z
69210db7f8185940d439552e,Solana,5.21,0.302518,0,0,117.812652,Bearish,128.72,2025-11-22T01:11:19.510Z
69210dcff8185940d439552f,Bitcoin,2.34,0.074349,0,0,82390.079721,Bearish,84592,2025-11-22T01:11:42.929Z
69210dd2f8185940d4395530,Ethereum,9,0.217648,0,0,2966.147195,Bullish,2767.59,2025-11-22T01:11:46.137Z
69210e29f8185940d4395531,Bitcoin,2.34,0.074349,0,0,82367.45899,Bearish,84594,2025-11-22T01:13:12.979Z
69210e2cf8185940d4395532,Ethereum,9.6,0.217648,0,0,2971.16421,Bullish,2761.71,2025-11-22T01:13:16.464Z
69210e30f8185940d4395533,Solana,5.21,0.302518,0,0,117.804854,Bearish,128.66,2025-11-22T01:13:19.888Z
69210e46f8185940d4395534,Bitcoin,2.34,0.074349,0,0,82354.291021,Bearish,84594,2025-11-22T01:13:42.672Z
69210e4af8185940d4395535,Ethereum,9.6,0.217648,0,0,2970.696436,Bullish,2761.71,2025-11-22T01:13:45.882Z
69210ea7f8185940d4395536,Ethereum,9.6,0.217648,0,0,2971.047417,Bullish,2763.01,2025-11-22T01:15:18.998Z
69210eaaf8185940d4395537,Solana,5.21,0.302518,0,0,117.857471,Bearish,128.73,2025-11-22T01:15:22.444Z
69210ebff8185940d4395538,Bitcoin,2.34,0.074349,0,0,82358.461258,Bearish,84628,2025-11-22T01:15:42.946Z
69210ec2f8185940d4395539,Ethereum,9.6,0.217648,0,0,2970.779717,Bullish,2763.01,2025-11-22T01:15:46.167Z
69210ec5f8185940d439553a,Solana,5.21,0.302518,0,0,117.874302,Bearish,128.73,2025-11-22T01:15:49.387Z
69210eddf8185940d439553b,Bitcoin,2.34,0.074349,0,0,82348.351883,Bearish,84628,2025-11-22T01:16:13.613Z
69210ee0f8185940d439553c,Ethereum,9.6,0.217648,0,0,2970.553276,Bullish,2763.01,2025-11-22T01:16:16.816Z
69210f37f8185940d439553d,Bitcoin,2.34,0.074349,0,0,82358.771575,Bearish,84659,2025-11-22T01:17:42.981Z
69210f3af8185940d439553e,Ethereum,9.6,0.217648,0,0,2970.620426,Bullish,2763.53,2025-11-22T01:17:46.441Z
69210f3ef8185940d439553f,Solana,5.21,0.302518,0,0,117.924684,Bearish,128.83,2025-11-22T01:17:49.876Z
69210f54f8185940d4395540,Bitcoin,2.34,0.074349,0,0,82365.990325,Bearish,84659,2025-11-22T01:18:12.822Z
69210f58f8185940d4395541,Ethereum,9.6,0.217648,0,0,2970.714054,Bullish,2763.53,2025-11-22T01:18:16.032Z
69210f5bf8185940d4395542,Solana,5.21,0.302518,0,0,117.93144,Bearish,128.83,2025-11-22T01:18:19.245Z
69210f72f8185940d4395543,Bitcoin,2.34,0.074349,0,0,82373.658293,Bearish,84659,2025-11-22T01:18:42.791Z
69210f76f8185940d4395544,Ethereum,9.6,0.217648,0,0,2970.804264,Bullish,2763.53,2025-11-22T01:18:46.005Z
69210fcdf8185940d4395545,Bitcoin,2.34,0.074349,0,0,82436.900743,Bearish,84768,2025-11-22T01:20:13.014Z
69210fd0f8185940d4395546,Ethereum,9,0.217648,0,0,2964.321072,Bullish,2766.92,2025-11-22T01:20:16.439Z
69210fd3f8185940d4395547,Solana,5.21,0.302518,0,0,117.958636,Bearish,128.87,2025-11-22T01:20:19.841Z
69210feaf8185940d4395548,Bitcoin,2.34,0.074349,0,0,82450.810899,Bearish,84768,2025-11-22T01:20:42.823Z
69210feef8185940d4395549,Ethereum,9,0.217648,0,0,2964.530301,Bullish,2766.92,2025-11-22T01:20:46.004Z
69211045f8185940d439554a,Bitcoin,2.34,0.074349,0,0,82495.563437,Bearish,84825,2025-11-22T01:22:13.041Z
69211048f8185940d439554b,Ethereum,9,0.217648,0,0,2966.078828,Bullish,2769.43,2025-11-22T01:22:16.462Z
6921104cf8185940d439554c,Solana,5.23,0.304566,0,0,118.037369,Bearish,129,2025-11-22T01:22:19.871Z
69211063f8185940d439554d,Bitcoin,2.34,0.074349,0,0,82514.036093,Bearish,84825,2025-11-22T01:22:42.869Z
69211066f8185940d439554e,Ethereum,9,0.217648,0,0,2966.392793,Bullish,2769.43,2025-11-22T01:22:46.074Z
692110bdf8185940d439554f,Bitcoin,2.33,0.073342,0,0,82521.25421,Bearish,84800,2025-11-22T01:24:13.117Z
692110c0f8185940d4395550,Ethereum,9,0.217976,0,0,2966.320086,Bullish,2768.72,2025-11-22T01:24:16.575Z
692110c4f8185940d4395551,Solana,5.24,0.305443,0,0,118.030075,Bearish,128.95,2025-11-22T01:24:19.990Z
692110dbf8185940d4395552,Bitcoin,2.33,0.073342,0,0,82539.09796,Bearish,84800,2025-11-22T01:24:42.907Z
692110def8185940d4395553,Ethereum,9,0.217976,0,0,2966.575824,Bullish,2768.72,2025-11-22T01:24:46.093Z
69211135f8185940d4395554,Bitcoin,2.33,0.073342,0,0,82530.769201,Bearish,84775,2025-11-22T01:26:13.164Z
69211138f8185940d4395555,Ethereum,9,0.217976,0,0,2966.477138,Bullish,2768.37,2025-11-22T01:26:16.646Z
6921113cf8185940d4395556,Solana,5.24,0.305443,0,0,118.041912,Bearish,128.94,2025-11-22T01:26:20.071Z
69211153f8185940d4395557,Bitcoin,2.33,0.073342,0,0,82532.351233,Bearish,84775,2025-11-22T01:26:42.943Z
69211156f8185940d4395558,Ethereum,9,0.217976,0,0,2966.540737,Bullish,2768.37,2025-11-22T01:26:46.156Z
692111adf8185940d4395559,Bitcoin,2.33,0.073342,0,0,82541.18853,Bearish,84804,2025-11-22T01:28:13.005Z
692111b0f8185940d439555a,Ethereum,9,0.217976,0,0,2967.404736,Bullish,2770.09,2025-11-22T01:28:16.453Z
692111b4f8185940d439555b,Solana,5.24,0.305443,0,0,118.085625,Bearish,129.01,2025-11-22T01:28:19.897Z
692111cbf8185940d439555c,Bitcoin,2.33,0.073342,0,0,82534.234134,Bearish,84797,2025-11-22T01:28:43.162Z
692111cef8185940d439555d,Ethereum,9,0.217976,0,0,2967.445142,Bullish,2770.09,2025-11-22T01:28:46.366Z
69211225f8185940d439555e,Bitcoin,2.33,0.073342,0,0,82531.127757,Bearish,84792,2025-11-22T01:30:13.502Z
69211229f8185940d439555f,Ethereum,9,0.217976,0,0,2966.842126,Bullish,2768.82,2025-11-22T01:30:16.935Z
6921122cf8185940d4395560,Solana,5.24,0.305443,0,0,118.078178,Bearish,128.97,2025-11-22T01:30:20.365Z
69211243f8185940d4395561,Bitcoin,2.33,0.073342,0,0,82530.377757,Bearish,84792,2025-11-22T01:30:43.012Z
69211246f8185940d4395562,Ethereum,9,0.217976,0,0,2966.847497,Bullish,2768.82,2025-11-22T01:30:46.227Z
6921129df8185940d4395563,Bitcoin,2.33,0.073342,0,0,82563.591959,Bearish,84853,2025-11-22T01:32:13.279Z
692112a1f8185940d4395564,Ethereum,9,0.217976,0,0,2967.933926,Bullish,2770.82,2025-11-22T01:32:16.886Z
692112a4f8185940d4395565,Solana,5.24,0.305443,0,0,118.134748,Bearish,129.07,2025-11-22T01:32:20.323Z
692112bbf8185940d4395566,Bitcoin,2.33,0.073342,0,0,82571.259928,Bearish,84853,2025-11-22T01:32:43.049Z
692112bef8185940d4395567,Ethereum,9,0.217976,0,0,2968.057095,Bullish,2770.82,2025-11-22T01:32:46.236Z
69211315f8185940d4395568,Bitcoin,2.33,0.073342,0,0,82681.680329,Bearish,85060,2025-11-22T01:34:13.283Z
69211318f8185940d4395569,Ethereum,9,0.217976,0,0,2971.449974,Bullish,2777.09,2025-11-22T01:34:16.824Z
6921131cf8185940d439556a,Solana,5.24,0.305443,0,0,118.280066,Bearish,129.36,2025-11-22T01:34:20.253Z
69211333f8185940d439556b,Bitcoin,2.33,0.073342,0,0,82707.57486,Bearish,85060,2025-11-22T01:34:43.085Z
69211336f8185940d439556c,Ethereum,9,0.217976,0,0,2971.833031,Bullish,2777.09,2025-11-22T01:34:46.291Z
6921138df8185940d439556d,Bitcoin,2.33,0.073342,0,0,82705.098213,Bearish,84995,2025-11-22T01:36:13.126Z
69211390f8185940d439556e,Ethereum,9,0.217976,0,0,2972.101687,Bullish,2776.77,2025-11-22T01:36:16.515Z
69211394f8185940d439556f,Solana,5.24,0.305443,0,0,118.347321,Bearish,129.45,2025-11-22T01:36:19.956Z
692113abf8185940d4395570,Bitcoin,2.33,0.073342,0,0,82731.688057,Bearish,84995,2025-11-22T01:36:43.152Z
692113aef8185940d4395571,Ethereum,9,0.217976,0,0,2972.510257,Bullish,2776.77,2025-11-22T01:36:46.383Z
69211405f8185940d4395572,Bitcoin,2.33,0.073342,0,0,82798.701402,Bearish,85090,2025-11-22T01:38:13.394Z
69211409f8185940d4395573,Ethereum,9,0.217976,0,0,2974.486711,Bullish,2779.91,2025-11-22T01:38:16.881Z
6921140cf8185940d4395574,Solana,5.24,0.305443,0,0,118.435191,Bearish,129.56,2025-11-22T01:38:20.338Z
69211423f8185940d4395575,Bitcoin,2.33,0.073342,0,0,82824.791246,Bearish,85090,2025-11-22T01:38:43.154Z
69211426f8185940d4395576,Ethereum,9,0.217976,0,0,2974.938737,Bullish,2779.91,2025-11-22T01:38:46.397Z
6921147df8185940d4395577,Bitcoin,2.33,0.073342,0,0,82770.274814,Bearish,84978,2025-11-22T01:40:13.410Z
69211481f8185940d4395578,Ethereum,9,0.217976,0,0,2972.581936,Bullish,2775.21,2025-11-22T01:40:16.856Z
69211484f8185940d4395579,Solana,5.24,0.305443,0,0,118.503936,Bearish,129.62,2025-11-22T01:40:20.293Z
6921149bf8185940d439557a,Bitcoin,2.33,0.073342,0,0,82763.563876,Bearish,84978,2025-11-22T01:40:43.216Z
6921149ef8185940d439557b,Ethereum,9,0.217976,0,0,2972.478421,Bullish,2775.21,2025-11-22T01:40:46.447Z
692114f5f8185940d439557c,Bitcoin,2.33,0.073342,0,0,82762.559789,Bearish,84977,2025-11-22T01:42:13.547Z
692114f9f8185940d439557d,Ethereum,9,0.217976,0,0,2972.041247,Bullish,2774.57,2025-11-22T01:42:17.016Z
692114fcf8185940d439557e,Solana,5.24,0.305443,0,0,118.532096,Bearish,129.58,2025-11-22T01:42:20.434Z
69211513f8185940d439557f,Bitcoin,2.33,0.073342,0,0,82760.411351,Bearish,84977,2025-11-22T01:42:43.244Z
69211516f8185940d4395580,Ethereum,9,0.217976,0,0,2971.909045,Bullish,2774.57,2025-11-22T01:42:46.465Z
6921156df8185940d4395581,Bitcoin,2.33,0.073342,0,0,82708.147732,Bearish,84902,2025-11-22T01:44:13.468Z
69211571f8185940d4395582,Ethereum,9,0.217976,0,0,2970.20563,Bullish,2771.89,2025-11-22T01:44:16.934Z
69211574f8185940d4395583,Solana,5.24,0.305443,0,0,118.542226,Bearish,129.52,2025-11-22T01:44:20.331Z
6921158bf8185940d4395584,Bitcoin,2.33,0.073342,0,0,82687.456326,Bearish,84902,2025-11-22T01:44:43.267Z
6921158ef8185940d4395585,Ethereum,9,0.217976,0,0,2969.802798,Bullish,2771.89,2025-11-22T01:44:46.490Z
692115e5f8185940d4395586,Bitcoin,2.33,0.073342,0,0,82658.198881,Bearish,84861,2025-11-22T01:46:13.488Z
692115e9f8185940d4395587,Ethereum,9,0.217976,0,0,2967.537264,Bullish,2767.98,2025-11-22T01:46:16.925Z
692115ecf8185940d4395588,Solana,5.24,0.305443,0,0,118.488067,Bearish,129.38,2025-11-22T01:46:20.368Z
69211603f8185940d4395589,Bitcoin,2.33,0.073342,0,0,82645.171537,Bearish,84861,2025-11-22T01:46:43.290Z
69211606f8185940d439558a,Ethereum,9,0.217976,0,0,2967.154452,Bullish,2767.98,2025-11-22T01:46:46.514Z
6921165df8185940d439558b,Bitcoin,2.33,0.073342,0,0,82679.489569,Bearish,84956,2025-11-22T01:48:13.341Z
69211660f8185940d439558c,Ethereum,9,0.217976,0,0,2967.139171,Bullish,2768.6,2025-11-22T01:48:16.776Z
69211664f8185940d439558d,Solana,5.24,0.305443,0,0,118.496379,Bearish,129.4,2025-11-22T01:48:20.201Z
6921167bf8185940d439558e,Bitcoin,2.33,0.073342,0,0,82706.669159,Bearish,85020,2025-11-22T01:48:43.572Z
6921167ef8185940d439558f,Ethereum,9,0.217976,0,0,2966.838633,Bullish,2768.6,2025-11-22T01:48:46.769Z
692116d6f8185940d4395590,Bitcoin,2.33,0.073342,0,0,82694.586588,Bearish,84974,2025-11-22T01:50:13.928Z
692116d9f8185940d4395591,Ethereum,9,0.217976,0,0,2967.700326,Bullish,2770.52,2025-11-22T01:50:17.806Z
692116ddf8185940d4395592,Solana,5.24,0.305443,0,0,118.5042,Bearish,129.44,2025-11-22T01:50:21.234Z
692116f3f8185940d4395593,Bitcoin,2.33,0.073342,0,0,82703.985025,Bearish,84974,2025-11-22T01:50:43.475Z
692116f6f8185940d4395594,Ethereum,9,0.217976,0,0,2967.649911,Bullish,2770.52,2025-11-22T01:50:46.764Z
6921174df8185940d4395595,Bitcoin,2.33,0.073342,0,0,82730.258733,Bearish,84997,2025-11-22T01:52:13.618Z
69211751f8185940d4395596,Ethereum,9,0.217976,0,0,2968.740996,Bullish,2772.31,2025-11-22T01:52:17.046Z
69211754f8185940d4395597,Solana,5.24,0.305443,0,0,118.518186,Bearish,129.5,2025-11-22T01:52:20.440Z
6921176bf8185940d4395598,Bitcoin,2.33,0.073342,0,0,82746.379827,Bearish,84997,2025-11-22T01:52:43.430Z
6921176ef8185940d4395599,Ethereum,9,0.217976,0,0,2968.968291,Bullish,2772.31,2025-11-22T01:52:46.659Z
692117c5f8185940d439559a,Bitcoin,2.33,0.073342,0,0,82772.293703,Bearish,85039,2025-11-22T01:54:13.443Z
692117c9f8185940d439559b,Ethereum,9,0.217976,0,0,2970.150017,Bullish,2774.16,2025-11-22T01:54:16.846Z
692117ccf8185940d439559c,Solana,5.24,0.305443,0,0,118.524782,Bearish,129.53,2025-11-22T01:54:20.266Z
692117e5f8185940d439559d,Bitcoin,2.33,0.073342,0,0,82773.367922,Bearish,85039,2025-11-22T01:54:45.215Z
692117e8f8185940d439559e,Ethereum,9,0.217976,0,0,2970.435905,Bullish,2774.16,2025-11-22T01:54:48.450Z
6921183df8185940d439559f,Bitcoin,2.33,0.073342,0,0,82798.178784,Bearish,85073,2025-11-22T01:56:13.674Z
69211841f8185940d43955a0,Ethereum,9,0.217976,0,0,2970.498024,Bullish,2773.92,2025-11-22T01:56:17.109Z
69211844f8185940d43955a1,Solana,5.24,0.305443,0,0,118.544131,Bearish,129.57,2025-11-22T01:56:20.517Z
6921185bf8185940d43955a2,Bitcoin,2.33,0.073342,0,0,82809.241284,Bearish,85073,2025-11-22T01:56:43.459Z
6921185ef8185940d43955a3,Ethereum,9,0.217976,0,0,2970.667946,Bullish,2773.92,2025-11-22T01:56:46.668Z
692118b5f8185940d43955a4,Bitcoin,2.36,0.076507,0,0,82818.784434,Bearish,85074,2025-11-22T01:58:13.510Z
692118b9f8185940d43955a5,Ethereum,9.11,0.228719,0,0,2970.032669,Bullish,2772.58,2025-11-22T01:58:16.922Z
692118bcf8185940d43955a6,Solana,5.26,0.307072,0,0,118.528249,Bearish,129.51,2025-11-22T01:58:20.347Z
692118d3f8185940d43955a7,Bitcoin,2.36,0.076507,0,0,82796.640363,Bearish,85012,2025-11-22T01:58:43.728Z
692118d7f8185940d43955a8,Ethereum,9.11,0.228719,0,0,2970.036087,Bullish,2772.58,2025-11-22T01:58:46.938Z
6921192df8185940d43955a9,Bitcoin,2.36,0.076507,0,0,82797.824865,Bearish,85017,2025-11-22T02:00:13.760Z
69211931f8185940d43955aa,Ethereum,9.11,0.228719,0,0,2969.316011,Bullish,2771.39,2025-11-22T02:00:17.186Z
69211934f8185940d43955ab,Solana,5.26,0.307072,0,0,118.498768,Bearish,129.43,2025-11-22T02:00:20.608Z
6921194bf8185940d43955ac,Bitcoin,2.36,0.076507,0,0,82795.68424,Bearish,85017,2025-11-22T02:00:43.539Z
6921194ef8185940d43955ad,Ethereum,9.11,0.228719,0,0,2969.169649,Bullish,2771.39,2025-11-22T02:00:46.755Z
692119a5f8185940d43955ae,Bitcoin,2.36,0.076507,0,0,82828.944679,Bearish,85096,2025-11-22T02:02:13.567Z
692119a9f8185940d43955af,Ethereum,9.11,0.228719,0,0,2969.716024,Bullish,2772.66,2025-11-22T02:02:16.992Z
692119acf8185940d43955b0,Solana,5.26,0.307072,0,0,118.495727,Bearish,129.42,2025-11-22T02:02:20.431Z
692119c3f8185940d43955b1,Bitcoin,2.36,0.076507,0,0,82829.198585,Bearish,85096,2025-11-22T02:02:43.593Z
692119c6f8185940d43955b2,Ethereum,9.11,0.228719,0,0,2969.657918,Bullish,2772.66,2025-11-22T02:02:46.813Z
69211a1ef8185940d43955b3,Bitcoin,2.36,0.076507,0,0,82826.450857,Bearish,85087,2025-11-22T02:04:13.851Z
69211a21f8185940d43955b4,Ethereum,9.11,0.228719,0,0,2969.87477,Bullish,2773.05,2025-11-22T02:04:17.255Z
69211a24f8185940d43955b5,Solana,5.26,0.307072,0,0,118.48069,Bearish,129.4,2025-11-22T02:04:20.696Z
69211a3bf8185940d43955b6,Bitcoin,2.36,0.076507,0,0,82835.849295,Bearish,85087,2025-11-22T02:04:43.621Z
69211a3ef8185940d43955b7,Ethereum,9.11,0.228719,0,0,2969.905898,Bullish,2773.05,2025-11-22T02:04:46.820Z
69211a96f8185940d43955b8,Bitcoin,2.36,0.076507,0,0,82823.939506,Bearish,85046,2025-11-22T02:06:13.879Z
69211a99f8185940d43955b9,Ethereum,9.11,0.228719,0,0,2969.670509,Bullish,2772.45,2025-11-22T02:06:17.302Z
69211a9cf8185940d43955ba,Solana,5.26,0.307072,0,0,118.461188,Bearish,129.38,2025-11-22T02:06:20.731Z
69211ab3f8185940d43955bb,Bitcoin,2.36,0.076507,0,0,82828.693412,Bearish,85046,2025-11-22T02:06:43.671Z
69211ab7f8185940d43955bc,Ethereum,9.11,0.228719,0,0,2969.719337,Bullish,2772.45,2025-11-22T02:06:46.897Z
69211b0ef8185940d43955bd,Bitcoin,2.36,0.076507,0,0,82768.146457,Bearish,84938,2025-11-22T02:08:13.902Z
69211b11f8185940d43955be,Ethereum,9.11,0.228719,0,0,2967.543455,Bullish,2768.4,2025-11-22T02:08:17.326Z
69211b14f8185940d43955bf,Solana,5.26,0.307072,0,0,118.339664,Bearish,129.16,2025-11-22T02:08:20.756Z
69211b2bf8185940d43955c0,Bitcoin,2.36,0.076507,0,0,82752.068332,Bearish,84938,2025-11-22T02:08:43.717Z
69211b2ff8185940d43955c1,Ethereum,9.11,0.228719,0,0,2967.311888,Bullish,2768.4,2025-11-22T02:08:46.904Z
69211b86f8185940d43955c2,Bitcoin,2.36,0.076507,0,0,82691.775553,Bearish,84853,2025-11-22T02:10:13.939Z
69211b89f8185940d43955c3,Ethereum,9.71,0.228719,0,0,2973.438202,Bullish,2764.75,2025-11-22T02:10:17.357Z
69211b8cf8185940d43955c4,Solana,5.26,0.307072,0,0,118.259889,Bearish,129.04,2025-11-22T02:10:20.778Z
69211ba3f8185940d43955c5,Bitcoin,2.36,0.076507,0,0,82665.775553,Bearish,84853,2025-11-22T02:10:43.728Z
69211ba7f8185940d43955c6,Ethereum,9.71,0.228719,0,0,2972.999115,Bullish,2764.75,2025-11-22T02:10:47.030Z
69211bfef8185940d43955c7,Bitcoin,2.36,0.076507,0,0,82640.798264,Bearish,84849,2025-11-22T02:12:14.293Z
69211c01f8185940d43955c8,Ethereum,9.71,0.228719,0,0,2972.452601,Bullish,2764.48,2025-11-22T02:12:17.806Z
69211c05f8185940d43955c9,Solana,5.26,0.307072,0,0,118.225251,Bearish,129.02,2025-11-22T02:12:21.455Z
69211c1bf8185940d43955ca,Bitcoin,2.36,0.076507,0,0,82616.950608,Bearish,84849,2025-11-22T02:12:43.797Z
69211c1ff8185940d43955cb,Ethereum,9.71,0.228719,0,0,2972.052454,Bullish,2764.48,2025-11-22T02:12:47.006Z
69211c76f8185940d43955cc,Bitcoin,2.36,0.076507,0,0,82529.665557,Bearish,84699,2025-11-22T02:14:14.026Z
69211c79f8185940d43955cd,Ethereum,9.71,0.228719,0,0,2969.635372,Bullish,2760.35,2025-11-22T02:14:17.457Z
69211c7df8185940d43955ce,Solana,5.26,0.307072,0,0,118.093022,Bearish,128.81,2025-11-22T02:14:20.858Z
69211c94f8185940d43955cf,Bitcoin,2.36,0.076507,0,0,82504.997588,Bearish,84699,2025-11-22T02:14:43.860Z
69211c97f8185940d43955d0,Ethereum,9.71,0.228719,0,0,2969.223995,Bullish,2760.35,2025-11-22T02:14:47.073Z
69211ceef8185940d43955d1,Bitcoin,2.36,0.076507,0,0,82480.287833,Bearish,84684,2025-11-22T02:16:14.114Z
69211cf1f8185940d43955d2,Ethereum,9.71,0.228719,0,0,2968.477148,Bullish,2759.4,2025-11-22T02:16:17.608Z
69211cf5f8185940d43955d3,Solana,5.26,0.307072,0,0,117.998916,Bearish,128.7,2025-11-22T02:16:21.018Z
69211d0cf8185940d43955d4,Bitcoin,2.36,0.076507,0,0,82460.213614,Bearish,84684,2025-11-22T02:16:43.859Z
69211d0ff8185940d43955d5,Ethereum,9.71,0.228719,0,0,2968.195409,Bullish,2759.4,2025-11-22T02:16:47.053Z
69211d66f8185940d43955d6,Bitcoin,2.36,0.076507,0,0,82445.395299,Bearish,84695,2025-11-22T02:18:13.893Z
69211d69f8185940d43955d7,Ethereum,9.71,0.228719,0,0,2967.898167,Bullish,2759.33,2025-11-22T02:18:17.241Z
69211d6bf8185940d43955d8,Solana,5.26,0.307072,0,0,117.937098,Bearish,128.67,2025-11-22T02:18:18.943Z
69211d82f8185940d43955d9,Bitcoin,2.36,0.076507,0,0,82426.395299,Bearish,84695,2025-11-22T02:18:42.350Z
69211d83f8185940d43955da,Ethereum,9.71,0.228719,0,0,2967.647312,Bullish,2759.33,2025-11-22T02:18:43.823Z
69211ddcf8185940d43955db,Bitcoin,2.36,0.076507,0,0,82409.483238,Bearish,84663,2025-11-22T02:20:12.658Z
69211ddef8185940d43955dc,Ethereum,9.71,0.228719,0,0,2965.952055,Bullish,2756.27,2025-11-22T02:20:14.360Z
69211de0f8185940d43955dd,Solana,5.26,0.307072,0,0,117.881556,Bearish,128.63,2025-11-22T02:20:16.048Z
69211dfaf8185940d43955de,Bitcoin,2.36,0.076507,0,0,82406.049645,Bearish,84663,2025-11-22T02:20:42.371Z
69211dfbf8185940d43955df,Ethereum,9.71,0.228719,0,0,2965.737943,Bullish,2756.27,2025-11-22T02:20:43.864Z
69211e54f8185940d43955e0,Bitcoin,2.36,0.076507,0,0,82387.629771,Bearish,84631,2025-11-22T02:22:12.595Z
69211e56f8185940d43955e1,Ethereum,9.71,0.228719,0,0,2964.081267,Bullish,2753.5,2025-11-22T02:22:14.059Z
69211e57f8185940d43955e2,Solana,5.26,0.307072,0,0,117.787426,Bearish,128.5,2025-11-22T02:22:15.757Z
69211e72f8185940d43955e3,Bitcoin,2.36,0.076507,0,0,82382.137584,Bearish,84631,2025-11-22T02:22:42.413Z
69211e73f8185940d43955e4,Ethereum,9.71,0.228719,0,0,2963.767302,Bullish,2753.5,2025-11-22T02:22:43.871Z
69211eccf8185940d43955e5,Bitcoin,2.36,0.076507,0,0,82353.782482,Bearish,84590,2025-11-22T02:24:12.640Z
69211ecef8185940d43955e6,Ethereum,9.71,0.228173,0,0,2962.351607,Bullish,2751.43,2025-11-22T02:24:14.345Z
69211ed0f8185940d43955e7,Solana,5.26,0.307072,0,0,117.73191,Bearish,128.46,2025-11-22T02:24:16.053Z
69211eeaf8185940d43955e8,Bitcoin,2.37,0.076996,0,0,82342.24342,Bearish,84590,2025-11-22T02:24:42.458Z
69211eecf8185940d43955e9,Ethereum,9.71,0.228173,0,0,2961.948042,Bullish,2751.43,2025-11-22T02:24:43.955Z
69211f44f8185940d43955ea,Bitcoin,2.37,0.076996,0,0,82318.995966,Bearish,84561,2025-11-22T02:26:12.678Z
69211f46f8185940d43955eb,Ethereum,9.71,0.228173,0,0,2961.111227,Bullish,2750.34,2025-11-22T02:26:14.452Z
69211f48f8185940d43955ec,Solana,5.26,0.307072,0,0,117.683035,Bearish,128.41,2025-11-22T02:26:16.184Z
69211f62f8185940d43955ed,Bitcoin,2.37,0.076996,0,0,82307.480341,Bearish,84561,2025-11-22T02:26:42.443Z
69211f63f8185940d43955ee,Ethereum,9.71,0.228173,0,0,2960.811422,Bullish,2750.34,2025-11-22T02:26:43.929Z
69211fbcf8185940d43955ef,Bitcoin,2.36,0.076507,0,0,82343.367233,Bearish,84648,2025-11-22T02:28:12.691Z
69211fbef8185940d43955f0,Ethereum,9.71,0.228719,0,0,2962.254236,Bullish,2753.33,2025-11-22T02:28:14.391Z
69211fc0f8185940d43955f1,Solana,5.26,0.307072,0,0,117.667132,Bearish,128.42,2025-11-22T02:28:16.080Z
69211fdaf8185940d43955f2,Bitcoin,2.36,0.076507,0,0,82342.90239,Bearish,84648,2025-11-22T02:28:42.479Z
69211fdcf8185940d43955f3,Ethereum,9.71,0.228719,0,0,2962.259608,Bullish,2753.33,2025-11-22T02:28:43.954Z
69212035f8185940d43955f4,Bitcoin,2.36,0.076507,0,0,82342.278935,Bearish,84635,2025-11-22T02:30:13.804Z
69212037f8185940d43955f5,Ethereum,9.71,0.228719,0,0,2962.88707,Bullish,2754.3,2025-11-22T02:30:15.499Z
69212039f8185940d43955f6,Solana,5.26,0.307072,0,0,117.701905,Bearish,128.53,2025-11-22T02:30:17.183Z
69212052f8185940d43955f7,Bitcoin,2.36,0.076507,0,0,82348.103154,Bearish,84635,2025-11-22T02:30:42.525Z
69212054f8185940d43955f8,Ethereum,9.71,0.228719,0,0,2963.044785,Bullish,2754.3,2025-11-22T02:30:43.994Z
692120acf8185940d43955f9,Bitcoin,2.36,0.076507,0,0,82358.537111,Bearish,84637,2025-11-22T02:32:12.611Z
692120aef8185940d43955fa,Ethereum,9.71,0.228719,0,0,2963.435784,Bullish,2754.65,2025-11-22T02:32:14.300Z
692120b0f8185940d43955fb,Solana,5.26,0.307072,0,0,117.701314,Bearish,128.55,2025-11-22T02:32:15.983Z
692120caf8185940d43955fc,Bitcoin,2.36,0.076507,0,0,82365.657478,Bearish,84633,2025-11-22T02:32:42.585Z
692120ccf8185940d43955fd,Ethereum,9.71,0.228719,0,0,2963.64843,Bullish,2754.65,2025-11-22T02:32:44.073Z
69212124f8185940d43955fe,Bitcoin,2.32,0.072436,0,0,82335.948272,Bearish,84578,2025-11-22T02:34:12.619Z
69212126f8185940d43955ff,Ethereum,9.71,0.228342,0,0,2962.555976,Bullish,2752.49,2025-11-22T02:34:14.097Z
69212127f8185940d4395600,Solana,5.3,0.310753,0,0,117.674259,Bearish,128.49,2025-11-22T02:34:15.773Z
69212143f8185940d4395601,Bitcoin,2.32,0.072436,0,0,82308.272858,Bearish,84537,2025-11-22T02:34:42.937Z
69212144f8185940d4395602,Ethereum,9.71,0.228342,0,0,2961.50491,Bullish,2750.63,2025-11-22T02:34:44.670Z
6921219cf8185940d4395603,Bitcoin,2.32,0.072436,0,0,82278.382964,Bearish,84498,2025-11-22T02:36:12.861Z
6921219ef8185940d4395604,Ethereum,9.71,0.228342,0,0,2960.430045,Bullish,2749,2025-11-22T02:36:14.553Z
692121a0f8185940d4395605,Solana,5.3,0.310753,0,0,117.634172,Bearish,128.4,2025-11-22T02:36:16.255Z
692121baf8185940d4395606,Bitcoin,2.32,0.072436,0,0,82263.347807,Bearish,84498,2025-11-22T02:36:42.670Z
692121bcf8185940d4395607,Ethereum,9.71,0.228342,0,0,2960.144645,Bullish,2749,2025-11-22T02:36:44.157Z
69212214f8185940d4395608,Bitcoin,2.32,0.072436,0,0,82195.94293,Bearish,84398,2025-11-22T02:38:12.672Z
69212216f8185940d4395609,Ethereum,9.71,0.228342,0,0,2959.715684,Bullish,2748.75,2025-11-22T02:38:14.372Z
69212218f8185940d439560a,Solana,5.3,0.310753,0,0,117.567909,Bearish,128.26,2025-11-22T02:38:16.106Z
69212232f8185940d439560b,Bitcoin,2.32,0.072436,0,0,82150.439754,Bearish,84359,2025-11-22T02:38:42.674Z
69212234f8185940d439560c,Ethereum,9.71,0.228342,0,0,2959.419664,Bullish,2748.75,2025-11-22T02:38:44.142Z
6921228df8185940d439560d,Bitcoin,2.32,0.072436,0,0,82116.358179,Bearish,84340,2025-11-22T02:40:13.005Z
6921228ef8185940d439560e,Ethereum,9.71,0.228342,0,0,2958.032163,Bullish,2746.51,2025-11-22T02:40:14.676Z
69212290f8185940d439560f,Solana,5.3,0.310753,0,0,117.471714,Bearish,128.08,2025-11-22T02:40:16.391Z
692122aaf8185940d4395610,Bitcoin,2.32,0.072436,0,0,82093.518335,Bearish,84340,2025-11-22T02:40:42.718Z
692122acf8185940d4395611,Ethereum,9.71,0.228342,0,0,2957.820371,Bullish,2746.51,2025-11-22T02:40:44.207Z
69212305f8185940d4395612,Bitcoin,2.32,0.072436,0,0,82054.96456,Bearish,84302,2025-11-22T02:42:12.961Z
69212306f8185940d4395613,Ethereum,9.71,0.228342,0,0,2955.087111,Bullish,2741.67,2025-11-22T02:42:14.640Z
69212308f8185940d4395614,Solana,5.3,0.310753,0,0,117.39889,Bearish,127.99,2025-11-22T02:42:16.343Z
69212323f8185940d4395615,Bitcoin,2.32,0.072436,0,0,82032.257529,Bearish,84302,2025-11-22T02:42:43.047Z
69212324f8185940d4395616,Ethereum,9.71,0.228342,0,0,2954.695998,Bullish,2741.67,2025-11-22T02:42:44.533Z
6921237df8185940d4395617,Bitcoin,2.32,0.072436,0,0,82047.431034,Bearish,84354,2025-11-22T02:44:13.014Z
6921237ef8185940d4395618,Ethereum,9.71,0.228342,0,0,2954.961283,Bullish,2742.86,2025-11-22T02:44:14.700Z
69212380f8185940d4395619,Solana,5.3,0.310753,0,0,117.271835,Bearish,127.81,2025-11-22T02:44:16.409Z
6921239af8185940d439561a,Bitcoin,2.32,0.072436,0,0,82045.333377,Bearish,84354,2025-11-22T02:44:42.770Z
6921239cf8185940d439561b,Ethereum,9.71,0.228342,0,0,2954.664041,Bullish,2742.86,2025-11-22T02:44:44.231Z
692123f5f8185940d439561c,Bitcoin,2.32,0.072436,0,0,82031.097461,Bearish,84324,2025-11-22T02:46:13.105Z
692123f6f8185940d439561d,Ethereum,9.71,0.228342,0,0,2954.495219,Bullish,2742.88,2025-11-22T02:46:14.795Z
692123f8f8185940d439561e,Solana,5.3,0.310753,0,0,117.161405,Bearish,127.68,2025-11-22T02:46:16.462Z
69212412f8185940d439561f,Bitcoin,2.32,0.072436,0,0,82030.031055,Bearish,84324,2025-11-22T02:46:42.803Z
69212414f8185940d4395620,Ethereum,9.71,0.228342,0,0,2954.328226,Bullish,2742.88,2025-11-22T02:46:44.268Z
6921246df8185940d4395621,Bitcoin,2.32,0.072436,0,0,82052.49108,Bearish,84362,2025-11-22T02:48:12.999Z
6921246ef8185940d4395622,Ethereum,9.71,0.228342,0,0,2954.716912,Bullish,2743.49,2025-11-22T02:48:14.664Z
69212470f8185940d4395623,Solana,5.3,0.310753,0,0,117.101651,Bearish,127.66,2025-11-22T02:48:16.369Z
6921248af8185940d4395624,Bitcoin,2.32,0.072436,0,0,82058.639518,Bearish,84362,2025-11-22T02:48:42.795Z
6921248cf8185940d4395625,Ethereum,9.71,0.228342,0,0,2954.80761,Bullish,2743.49,2025-11-22T02:48:44.252Z
692124e5f8185940d4395626,Bitcoin,2.32,0.072436,0,0,82058.584649,Bearish,84361,2025-11-22T02:50:13.157Z
692124e6f8185940d4395627,Ethereum,9.71,0.228342,0,0,2954.610579,Bullish,2743.06,2025-11-22T02:50:14.834Z
692124e8f8185940d4395628,Solana,5.3,0.310753,0,0,117.008731,Bearish,127.56,2025-11-22T02:50:16.507Z
69212502f8185940d4395629,Bitcoin,2.32,0.072436,0,0,82059.463555,Bearish,84361,2025-11-22T02:50:42.871Z
69212504f8185940d439562a,Ethereum,9.71,0.228342,0,0,2954.620345,Bullish,2743.06,2025-11-22T02:50:44.336Z
6921255df8185940d439562b,Bitcoin,2.32,0.072436,0,0,82031.561308,Bearish,84297,2025-11-22T02:52:13.124Z
6921255ef8185940d439562c,Ethereum,9.71,0.228342,0,0,2953.725532,Bullish,2741.38,2025-11-22T02:52:14.797Z
69212560f8185940d439562d,Solana,5.3,0.310753,0,0,116.927579,Bearish,127.47,2025-11-22T02:52:16.482Z
6921257bf8185940d439562e,Bitcoin,2.32,0.072436,0,0,82030.139433,Bearish,84297,2025-11-22T02:52:42.945Z
6921257cf8185940d439562f,Ethereum,9.71,0.228342,0,0,2953.641304,Bullish,2741.38,2025-11-22T02:52:44.730Z
692125d4f8185940d4395630,Bitcoin,2.32,0.072436,0,0,82076.310844,Bearish,84402,2025-11-22T02:54:12.894Z
692125d6f8185940d4395631,Ethereum,9.71,0.228342,0,0,2955.715124,Bullish,2745.45,2025-11-22T02:54:14.580Z
692125d8f8185940d4395632,Solana,5.3,0.310753,0,0,116.950145,Bearish,127.59,2025-11-22T02:54:16.261Z
692125f2f8185940d4395633,Bitcoin,2.32,0.072436,0,0,82078.123344,Bearish,84402,2025-11-22T02:54:42.885Z
692125f4f8185940d4395634,Ethereum,9.71,0.228342,0,0,2955.825963,Bullish,2745.45,2025-11-22T02:54:44.353Z
6921264df8185940d4395635,Bitcoin,2.32,0.072436,0,0,82082.736988,Bearish,84404,2025-11-22T02:56:13.168Z
6921264ef8185940d4395636,Ethereum,9.71,0.228342,0,0,2956.283252,Bullish,2746.05,2025-11-22T02:56:14.839Z
69212650f8185940d4395637,Solana,5.3,0.310753,0,0,116.936275,Bearish,127.6,2025-11-22T02:56:16.543Z
6921266bf8185940d4395638,Bitcoin,2.32,0.072436,0,0,82087.873707,Bearish,84404,2025-11-22T02:56:42.965Z
6921266cf8185940d4395639,Ethereum,9.71,0.228342,0,0,2956.449634,Bullish,2746.05,2025-11-22T02:56:44.462Z
692126c5f8185940d439563a,Bitcoin,2.32,0.072436,0,0,82105.715185,Bearish,84413,2025-11-22T02:58:13.213Z
692126c6f8185940d439563b,Ethereum,9.71,0.228342,0,0,2957.283276,Bullish,2747.16,2025-11-22T02:58:14.904Z
692126c8f8185940d439563c,Solana,5.3,0.310753,0,0,116.948121,Bearish,127.64,2025-11-22T02:58:16.573Z
692126e4f8185940d439563d,Bitcoin,2.32,0.072436,0,0,82119.465185,Bearish,84413,2025-11-22T02:58:43.967Z
692126e5f8185940d439563e,Ethereum,9.71,0.228342,0,0,2957.568677,Bullish,2747.16,2025-11-22T02:58:45.459Z
6921273df8185940d439563f,Bitcoin,2.32,0.072436,0,0,82127.307389,Bearish,84426,2025-11-22T03:00:13.202Z
6921273ef8185940d4395640,Ethereum,9.71,0.228342,0,0,2958.496811,Bullish,2748.72,2025-11-22T03:00:14.890Z
69212740f8185940d4395641,Solana,5.3,0.310753,0,0,116.965436,Bearish,127.68,2025-11-22T03:00:16.549Z
6921275bf8185940d4395642,Bitcoin,2.32,0.072436,0,0,82129.826921,Bearish,84426,2025-11-22T03:00:43.675Z
6921275df8185940d4395643,Ethereum,9.71,0.228342,0,0,2958.668076,Bullish,2748.72,2025-11-22T03:00:45.137Z
692127b5f8185940d4395644,Bitcoin,2.32,0.072436,0,0,82143.557478,Bearish,84448,2025-11-22T03:02:13.354Z
692127b7f8185940d4395645,Ethereum,9.71,0.228342,0,0,2959.662129,Bullish,2750.31,2025-11-22T03:02:15.271Z
692127b9f8185940d4395646,Solana,5.3,0.310753,0,0,117.027282,Bearish,127.79,2025-11-22T03:02:16.966Z
692127d3f8185940d4395647,Bitcoin,2.32,0.072436,0,0,82148.237166,Bearish,84448,2025-11-22T03:02:43.026Z
692127d4f8185940d4395648,Ethereum,9.71,0.228342,0,0,2959.882955,Bullish,2750.31,2025-11-22T03:02:44.783Z
6921282df8185940d4395649,Bitcoin,2.32,0.072436,0,0,82139.072288,Bearish,84422,2025-11-22T03:04:13.395Z
6921282ff8185940d439564a,Ethereum,9.71,0.228342,0,0,2959.896986,Bullish,2750.03,2025-11-22T03:04:15.063Z
69212830f8185940d439564b,Solana,5.3,0.310753,0,0,117.058109,Bearish,127.81,2025-11-22T03:04:16.750Z
6921284bf8185940d439564c,Bitcoin,2.32,0.072436,0,0,82140.904319,Bearish,84422,2025-11-22T03:04:43.693Z
6921284ef8185940d439564d,Ethereum,9.71,0.228342,0,0,2960.039931,Bullish,2750.03,2025-11-22T03:04:46.160Z
692128a5f8185940d439564e,Bitcoin,2.32,0.072436,0,0,82133.159408,Bearish,84407,2025-11-22T03:06:13.075Z
692128a6f8185940d439564f,Ethereum,9.71,0.228342,0,0,2959.981332,Bullish,2749.8,2025-11-22T03:06:14.714Z
692128a8f8185940d4395650,Solana,5.3,0.310753,0,0,117.073352,Bearish,127.81,2025-11-22T03:06:16.378Z
692128c3f8185940d4395651,Bitcoin,2.32,0.072436,0,0,82105.384522,Bearish,84356,2025-11-22T03:06:43.089Z
692128c4f8185940d4395652,Ethereum,9.71,0.228342,0,0,2960.030038,Bullish,2749.8,2025-11-22T03:06:44.530Z
6921291df8185940d4395653,Bitcoin,2.37,0.076999,0,0,82074.474551,Bearish,84314,2025-11-22T03:08:13.344Z
6921291ff8185940d4395654,Ethereum,9.68,0.225191,0,0,2957.994556,Bullish,2746.06,2025-11-22T03:08:15.026Z
69212920f8185940d4395655,Solana,5.31,0.312269,0,0,117.084407,Bearish,127.8,2025-11-22T03:08:16.875Z
6921293bf8185940d4395656,Bitcoin,2.37,0.076999,0,0,82060.044864,Bearish,84314,2025-11-22T03:08:43.142Z
6921293cf8185940d4395657,Ethereum,9.68,0.225191,0,0,2957.767383,Bullish,2746.06,2025-11-22T03:08:44.598Z
69212995f8185940d4395658,Bitcoin,2.37,0.076999,0,0,82133.243521,Bearish,84483,2025-11-22T03:10:13.373Z
69212997f8185940d4395659,Ethereum,9.68,0.225191,0,0,2960.953923,Bullish,2752.39,2025-11-22T03:10:15.110Z
69212998f8185940d439565a,Solana,5.31,0.312269,0,0,117.189803,Bearish,127.99,2025-11-22T03:10:16.771Z
692129b3f8185940d439565b,Bitcoin,2.37,0.076999,0,0,82135.56774,Bearish,84483,2025-11-22T03:10:43.185Z
692129b4f8185940d439565c,Ethereum,9.68,0.225191,0,0,2961.087834,Bullish,2752.39,2025-11-22T03:10:44.638Z
69212a0df8185940d439565d,Bitcoin,2.37,0.076999,0,0,82135.166579,Bearish,84468,2025-11-22T03:12:13.421Z
69212a0ff8185940d439565e,Ethereum,9.68,0.225191,0,0,2961.466627,Bullish,2752.81,2025-11-22T03:12:15.192Z
69212a10f8185940d439565f,Solana,5.31,0.312269,0,0,117.203684,Bearish,127.98,2025-11-22T03:12:16.861Z
69212a2bf8185940d4395660,Bitcoin,2.37,0.076999,0,0,82149.119704,Bearish,84468,2025-11-22T03:12:43.207Z
69212a2cf8185940d4395661,Ethereum,9.68,0.225191,0,0,2961.643996,Bullish,2752.81,2025-11-22T03:12:44.633Z
69212a85f8185940d4395662,Bitcoin,2.37,0.076999,0,0,82184.750514,Bearish,84500,2025-11-22T03:14:13.438Z
69212a87f8185940d4395663,Ethereum,9.68,0.225191,0,0,2962.909658,Bullish,2754.53,2025-11-22T03:14:15.117Z
69212a88f8185940d4395664,Solana,5.31,0.312269,0,0,117.245811,Bearish,128.04,2025-11-22T03:14:16.775Z
69212aa3f8185940d4395665,Bitcoin,2.37,0.076999,0,0,82206.309108,Bearish,84500,2025-11-22T03:14:43.237Z
69212aa4f8185940d4395666,Ethereum,9.68,0.225191,0,0,2963.326406,Bullish,2754.53,2025-11-22T03:14:44.698Z
69212afdf8185940d4395667,Bitcoin,2.37,0.076999,0,0,82223.209087,Bearish,84530,2025-11-22T03:16:13.496Z
69212afff8185940d4395668,Ethereum,9.68,0.225191,0,0,2963.6875,Bullish,2754.99,2025-11-22T03:16:15.126Z
69212b00f8185940d4395669,Solana,5.31,0.312269,0,0,117.286755,Bearish,128.09,2025-11-22T03:16:16.808Z
69212b1bf8185940d439566a,Bitcoin,2.37,0.076999,0,0,82228.0294,Bearish,84530,2025-11-22T03:16:43.278Z
69212b1cf8185940d439566b,Ethereum,9.68,0.225191,0,0,2963.822876,Bullish,2754.99,2025-11-22T03:16:44.709Z
69212b75f8185940d439566c,Bitcoin,2.37,0.076999,0,0,82212.454822,Bearish,84485,2025-11-22T03:18:13.557Z
69212b77f8185940d439566d,Ethereum,9.68,0.225191,0,0,2963.542343,Bullish,2754.26,2025-11-22T03:18:15.226Z
69212b78f8185940d439566e,Solana,5.31,0.312269,0,0,117.306427,Bearish,128.09,2025-11-22T03:18:16.868Z
69212b93f8185940d439566f,Bitcoin,2.37,0.076999,0,0,82215.814197,Bearish,84485,2025-11-22T03:18:43.301Z
69212b94f8185940d4395670,Ethereum,9.68,0.225191,0,0,2963.609115,Bullish,2754.26,2025-11-22T03:18:44.756Z
69212bedf8185940d4395671,Bitcoin,2.37,0.076999,0,0,82216.111617,Bearish,84488,2025-11-22T03:20:13.340Z
69212beff8185940d4395672,Ethereum,9.68,0.225191,0,0,2963.372656,Bullish,2753.85,2025-11-22T03:20:15.017Z
69212bf0f8185940d4395673,Solana,5.31,0.312269,0,0,117.308193,Bearish,128.05,2025-11-22T03:20:16.906Z
69212c0bf8185940d4395674,Bitcoin,2.37,0.076999,0,0,82214.57646,Bearish,84488,2025-11-22T03:20:43.362Z
69212c0cf8185940d4395675,Ethereum,9.68,0.225191,0,0,2963.334082,Bullish,2753.85,2025-11-22T03:20:44.792Z
69212c65f8185940d4395676,Bitcoin,2.37,0.076999,0,0,82194.0632,Bearish,84458,2025-11-22T03:22:13.766Z
69212c68f8185940d4395677,Ethereum,9.68,0.225191,0,0,2963.065641,Bullish,2753.46,2025-11-22T03:22:16.299Z
69212c6af8185940d4395678,Solana,5.31,0.312269,0,0,117.318829,Bearish,128.06,2025-11-22T03:22:18.099Z
69212c83f8185940d4395679,Bitcoin,2.37,0.076999,0,0,82186.223356,Bearish,84458,2025-11-22T03:22:43.401Z
69212c84f8185940d439567a,Ethereum,9.68,0.225191,0,0,2962.988248,Bullish,2753.46,2025-11-22T03:22:44.855Z
69212cddf8185940d439567b,Bitcoin,2.37,0.076999,0,0,82169.573922,Bearish,84431,2025-11-22T03:24:13.695Z
69212cdff8185940d439567c,Ethereum,9.68,0.225191,0,0,2960.765747,Bullish,2749.4,2025-11-22T03:24:15.364Z
69212ce1f8185940d439567d,Solana,5.31,0.312269,0,0,117.276087,Bearish,127.96,2025-11-22T03:24:17.017Z
69212cfbf8185940d439567e,Bitcoin,2.37,0.076999,0,0,82163.823922,Bearish,84431,2025-11-22T03:24:43.467Z
69212cfcf8185940d439567f,Ethereum,9.68,0.225191,0,0,2960.50647,Bullish,2749.4,2025-11-22T03:24:44.897Z
69212d55f8185940d4395680,Bitcoin,2.37,0.076999,0,0,82077.357913,Bearish,84274,2025-11-22T03:26:13.449Z
69212d57f8185940d4395681,Ethereum,9.68,0.225191,0,0,2957.249023,Bullish,2743.78,2025-11-22T03:26:15.076Z
69212d58f8185940d4395682,Solana,5.31,0.312269,0,0,117.154829,Bearish,127.72,2025-11-22T03:26:16.726Z
69212d73f8185940d4395683,Bitcoin,2.37,0.076999,0,0,82055.005987,Bearish,84272,2025-11-22T03:26:43.657Z
69212d75f8185940d4395684,Ethereum,9.68,0.225191,0,0,2956.713256,Bullish,2743.78,2025-11-22T03:26:45.084Z
69212dcdf8185940d4395685,Bitcoin,2.37,0.076999,0,0,82026.049957,Bearish,84256,2025-11-22T03:28:13.692Z
69212dcff8185940d4395686,Ethereum,9.68,0.225191,0,0,2955.490937,Bullish,2742.45,2025-11-22T03:28:15.358Z
69212dd0f8185940d4395687,Solana,5.31,0.312269,0,0,117.074879,Bearish,127.6,2025-11-22T03:28:16.819Z
69212debf8185940d4395688,Bitcoin,2.37,0.076999,0,0,82002.1398,Bearish,84256,2025-11-22T03:28:43.463Z
69212decf8185940d4395689,Ethereum,9.68,0.225191,0,0,2954.929902,Bullish,2742.45,2025-11-22T03:28:44.888Z
69212e45f8185940d439568a,Bitcoin,2.37,0.076999,0,0,82012.131528,Bearish,84318,2025-11-22T03:30:13.534Z
69212e47f8185940d439568b,Ethereum,9.68,0.225191,0,0,2955.531015,Bullish,2744.23,2025-11-22T03:30:15.199Z
69212e48f8185940d439568c,Solana,5.31,0.312269,0,0,117.018313,Bearish,127.55,2025-11-22T03:30:16.859Z
69212e63f8185940d439568d,Bitcoin,2.37,0.076999,0,0,81996.729184,Bearish,84318,2025-11-22T03:30:43.499Z
69212e65f8185940d439568e,Ethereum,9.68,0.225191,0,0,2955.289438,Bullish,2744.23,2025-11-22T03:30:44.931Z
69212ebdf8185940d439568f,Bitcoin,2.37,0.076999,0,0,82024.686756,Bearish,84364,2025-11-22T03:32:13.531Z
69212ebff8185940d4395690,Ethereum,9.68,0.225191,0,0,2956.210128,Bullish,2745.89,2025-11-22T03:32:15.173Z
69212ec0f8185940d4395691,Solana,5.31,0.312269,0,0,116.952726,Bearish,127.49,2025-11-22T03:32:16.621Z
69212edbf8185940d4395692,Bitcoin,2.37,0.076999,0,0,82034.460193,Bearish,84364,2025-11-22T03:32:43.565Z
69212eddf8185940d4395693,Ethereum,9.68,0.225191,0,0,2956.329879,Bullish,2745.89,2025-11-22T03:32:45.009Z
69212f35f8185940d4395694,Bitcoin,2.37,0.076999,0,0,82050.781777,Bearish,84371,2025-11-22T03:34:13.833Z
69212f37f8185940d4395695,Ethereum,9.68,0.225191,0,0,2957.578092,Bullish,2747.88,2025-11-22T03:34:15.486Z
69212f39f8185940d4395696,Solana,5.31,0.312269,0,0,116.891534,Bearish,127.45,2025-11-22T03:34:17.142Z
69212f53f8185940d4395697,Bitcoin,2.37,0.076999,0,0,82064.449746,Bearish,84371,2025-11-22T03:34:43.645Z
69212f55f8185940d4395698,Ethereum,9.68,0.225191,0,0,2957.857755,Bullish,2747.88,2025-11-22T03:34:45.080Z
69212fadf8185940d4395699,Bitcoin,2.37,0.076999,0,0,82091.25779,Bearish,84411,2025-11-22T03:36:13.811Z
69212faff8185940d439569a,Ethereum,9.68,0.225191,0,0,2959.026252,Bullish,2749.7,2025-11-22T03:36:15.446Z
69212fb1f8185940d439569b,Solana,5.31,0.312269,0,0,116.86442,Bearish,127.47,2025-11-22T03:36:17.089Z
69212fcbf8185940d439569c,Bitcoin,2.37,0.076999,0,0,82101.328103,Bearish,84411,2025-11-22T03:36:43.596Z
69212fcdf8185940d439569d,Ethereum,9.68,0.225191,0,0,2959.308356,Bullish,2749.7,2025-11-22T03:36:45.033Z
69213025f8185940d439569e,Bitcoin,2.37,0.076999,0,0,82040.058221,Bearish,84280,2025-11-22T03:38:13.849Z
69213027f8185940d439569f,Ethereum,9.68,0.225191,0,0,2956.874899,Bullish,2744.8,2025-11-22T03:38:15.484Z
69213029f8185940d43956a0,Solana,5.31,0.312269,0,0,116.80629,Bearish,127.39,2025-11-22T03:38:17.134Z
69213043f8185940d43956a1,Bitcoin,2.37,0.076999,0,0,82033.675409,Bearish,84280,2025-11-22T03:38:43.679Z
69213045f8185940d43956a2,Ethereum,9.68,0.225191,0,0,2956.801047,Bullish,2744.8,2025-11-22T03:38:45.114Z
6921309df8185940d43956a3,Bitcoin,2.37,0.076999,0,0,81988.170328,Bearish,84209,2025-11-22T03:40:13.922Z
6921309ff8185940d43956a4,Ethereum,9.68,0.225191,0,0,2956.123292,Bullish,2743.86,2025-11-22T03:40:15.385Z
692130a1f8185940d43956a5,Solana,5.31,0.312269,0,0,116.708963,Bearish,127.22,2025-11-22T03:40:17.061Z
692130bbf8185940d43956a6,Bitcoin,2.37,0.076999,0,0,81970.650797,Bearish,84209,2025-11-22T03:40:43.715Z
692130bdf8185940d43956a7,Ethereum,9.68,0.225191,0,0,2955.90149,Bullish,2743.86,2025-11-22T03:40:45.159Z
69213116f8185940d43956a8,Bitcoin,2.37,0.076999,0,0,81989.748263,Bearish,84294,2025-11-22T03:42:14.169Z
69213117f8185940d43956a9,Ethereum,9.68,0.225191,0,0,2957.226019,Bullish,2746.88,2025-11-22T03:42:15.844Z
69213119f8185940d43956aa,Solana,5.31,0.312269,0,0,116.703706,Bearish,127.25,2025-11-22T03:42:17.524Z
69213133f8185940d43956ab,Bitcoin,2.43,0.082677,0,0,81973.217013,Bearish,84294,2025-11-22T03:42:43.709Z
69213135f8185940d43956ac,Ethereum,9.68,0.2257,0,0,2957.106146,Bullish,2746.88,2025-11-22T03:42:45.172Z
6921318ef8185940d43956ad,Bitcoin,2.43,0.082677,0,0,81986.960016,Bearish,84320,2025-11-22T03:44:13.973Z
6921318ff8185940d43956ae,Ethereum,9.68,0.2257,0,0,2957.366772,Bullish,2747.15,2025-11-22T03:44:15.624Z
69213191f8185940d43956af,Solana,5.31,0.31252,0,0,116.686353,Bearish,127.25,2025-11-22T03:44:17.286Z
692131abf8185940d43956b0,Bitcoin,2.43,0.082677,0,0,81991.034235,Bearish,84320,2025-11-22T03:44:43.772Z
692131adf8185940d43956b1,Ethereum,9.68,0.2257,0,0,2957.495434,Bullish,2747.15,2025-11-22T03:44:45.234Z
69213206f8185940d43956b2,Bitcoin,2.43,0.082677,0,0,82004.444391,Bearish,84320,2025-11-22T03:46:14.062Z
69213207f8185940d43956b3,Ethereum,9.68,0.2257,0,0,2957.130422,Bullish,2746.16,2025-11-22T03:46:15.776Z
69213209f8185940d43956b4,Solana,5.31,0.31252,0,0,116.641106,Bearish,127.19,2025-11-22T03:46:17.523Z
69213223f8185940d43956b5,Bitcoin,2.43,0.082677,0,0,82017.83111,Bearish,84320,2025-11-22T03:46:43.753Z
69213225f8185940d43956b6,Ethereum,9.68,0.2257,0,0,2957.235037,Bullish,2746.16,2025-11-22T03:46:45.187Z
6921327ef8185940d43956b7,Bitcoin,2.43,0.082677,0,0,82021.565666,Bearish,84321,2025-11-22T03:48:14.081Z
6921327ff8185940d43956b8,Ethereum,9.68,0.2257,0,0,2956.872963,Bullish,2745.56,2025-11-22T03:48:15.819Z
69213281f8185940d43956b9,Solana,5.31,0.31252,0,0,116.611664,Bearish,127.17,2025-11-22T03:48:17.556Z
6921329bf8185940d43956ba,Bitcoin,2.43,0.082677,0,0,82024.792229,Bearish,84321,2025-11-22T03:48:43.791Z
6921329df8185940d43956bb,Ethereum,9.68,0.2257,0,0,2956.801308,Bullish,2745.56,2025-11-22T03:48:45.235Z
692132f6f8185940d43956bc,Bitcoin,2.43,0.082677,0,0,82018.805675,Bearish,84309,2025-11-22T03:50:14.122Z
692132f7f8185940d43956bd,Ethereum,9.68,0.2257,0,0,2956.300192,Bullish,2744.78,2025-11-22T03:50:15.885Z
692132f9f8185940d43956be,Solana,5.31,0.31252,0,0,116.567111,Bearish,127.11,2025-11-22T03:50:17.645Z
69213313f8185940d43956bf,Bitcoin,2.43,0.082677,0,0,82017.825206,Bearish,84309,2025-11-22T03:50:43.828Z
69213315f8185940d43956c0,Ethereum,9.68,0.2257,0,0,2956.17922,Bullish,2744.78,2025-11-22T03:50:45.268Z
6921336ef8185940d43956c1,Bitcoin,2.43,0.082677,0,0,81985.642254,Bearish,84248,2025-11-22T03:52:14.102Z
6921336ff8185940d43956c2,Ethereum,9.68,0.2257,0,0,2956.021014,Bullish,2744.62,2025-11-22T03:52:15.549Z
69213371f8185940d43956c3,Solana,5.31,0.31252,0,0,116.530924,Bearish,127.05,2025-11-22T03:52:17.288Z
6921338bf8185940d43956c4,Bitcoin,2.43,0.082677,0,0,81978.704754,Bearish,84248,2025-11-22T03:52:43.852Z
6921338df8185940d43956c5,Ethereum,9.68,0.2257,0,0,2955.942766,Bullish,2744.62,2025-11-22T03:52:45.290Z
69213403f8185940d43956c6,Bitcoin,2.43,0.082677,0,0,81948.661789,Bearish,84205,2025-11-22T03:54:43.878Z
69213405f8185940d43956c7,Ethereum,9.68,0.2257,0,0,2955.943135,Bullish,2744.71,2025-11-22T03:54:45.619Z
69213407f8185940d43956c8,Solana,5.31,0.31252,0,0,116.493299,Bearish,127,2025-11-22T03:54:47.336Z
69213421f8185940d43956c9,Bitcoin,2.43,0.082677,0,0,81935.911789,Bearish,84205,2025-11-22T03:55:13.889Z
69213423f8185940d43956ca,Ethereum,9.68,0.2257,0,0,2955.902363,Bullish,2744.71,2025-11-22T03:55:15.330Z
69213424f8185940d43956cb,Solana,5.31,0.31252,0,0,116.476178,Bearish,127,2025-11-22T03:55:16.746Z
69213440f8185940d43956cc,Bitcoin,2.43,0.082677,0,0,81965.770611,Bearish,84288,2025-11-22T03:55:44.320Z
69213442f8185940d43956cd,Ethereum,9.68,0.2257,0,0,2957.843605,Bullish,2748.33,2025-11-22T03:55:46.068Z
6921349af8185940d43956ce,Bitcoin,2.43,0.082677,0,0,81977.127985,Bearish,84320,2025-11-22T03:57:14.188Z
6921349bf8185940d43956cf,Ethereum,9.68,0.2257,0,0,2959.523963,Bullish,2751.1,2025-11-22T03:57:15.919Z
6921349df8185940d43956d0,Solana,5.31,0.31252,0,0,116.491492,Bearish,127.06,2025-11-22T03:57:17.680Z
692134b7f8185940d43956d1,Bitcoin,2.43,0.082677,0,0,81983.846735,Bearish,84320,2025-11-22T03:57:43.908Z
692134b9f8185940d43956d2,Ethereum,9.68,0.2257,0,0,2959.87345,Bullish,2751.1,2025-11-22T03:57:45.346Z
69213511f8185940d43956d3,Bitcoin,2.43,0.082677,0,0,82018.606177,Bearish,84372,2025-11-22T03:59:13.914Z
69213513f8185940d43956d4,Ethereum,9.68,0.2257,0,0,2960.781554,Bullish,2752.15,2025-11-22T03:59:15.643Z
69213515f8185940d43956d5,Solana,5.31,0.31252,0,0,116.496344,Bearish,127.09,2025-11-22T03:59:17.420Z
69213530f8185940d43956d6,Bitcoin,2.43,0.082677,0,0,82050.759336,Bearish,84398,2025-11-22T03:59:44.237Z
69213531f8185940d43956d7,Ethereum,9.68,0.2257,0,0,2961.166442,Bullish,2752.15,2025-11-22T03:59:45.927Z
6921358af8185940d43956d8,Bitcoin,2.43,0.082677,0,0,82073.357174,Bearish,84399,2025-11-22T04:01:14.395Z
6921358cf8185940d43956d9,Ethereum,9.68,0.2257,0,0,2961.100262,Bullish,2751.34,2025-11-22T04:01:16.196Z
6921358ef8185940d43956da,Solana,5.31,0.31252,0,0,116.483813,Bearish,127.07,2025-11-22T04:01:17.975Z
692135a8f8185940d43956db,Bitcoin,2.43,0.082677,0,0,82086.443111,Bearish,84399,2025-11-22T04:01:43.994Z
692135a9f8185940d43956dc,Ethereum,9.68,0.2257,0,0,2961.243817,Bullish,2751.34,2025-11-22T04:01:45.461Z
69213602f8185940d43956dd,Bitcoin,2.43,0.082677,0,0,82092.090096,Bearish,84391,2025-11-22T04:03:13.979Z
69213603f8185940d43956de,Ethereum,9.68,0.2257,0,0,2961.140297,Bullish,2751.13,2025-11-22T04:03:15.726Z
69213605f8185940d43956df,Solana,5.31,0.31252,0,0,116.500426,Bearish,127.1,2025-11-22T04:03:17.499Z
69213620f8185940d43956e0,Bitcoin,2.43,0.082677,0,0,82123.340274,Bearish,84435,2025-11-22T04:03:44.291Z
69213622f8185940d43956e1,Ethereum,9.68,0.2257,0,0,2961.13639,Bullish,2751.13,2025-11-22T04:03:45.970Z
69213680f8185940d43956e2,Ethereum,9.68,0.2257,0,0,2959.682354,Bullish,2748.52,2025-11-22T04:05:20.459Z
69213682f8185940d43956e3,Solana,5.31,0.31252,0,0,116.517341,Bearish,127.12,2025-11-22T04:05:22.183Z
69213698f8185940d43956e4,Bitcoin,2.43,0.082677,0,0,82034.270979,Bearish,84247,2025-11-22T04:05:44.336Z
69213699f8185940d43956e5,Ethereum,9.68,0.2257,0,0,2959.49168,Bullish,2748.52,2025-11-22T04:05:45.767Z
6921369bf8185940d43956e6,Solana,5.31,0.31252,0,0,116.525501,Bearish,127.12,2025-11-22T04:05:47.224Z
692136b6f8185940d43956e7,Bitcoin,2.43,0.082677,0,0,82020.966291,Bearish,84247,2025-11-22T04:06:14.033Z
692136b7f8185940d43956e8,Ethereum,9.68,0.2257,0,0,2959.340313,Bullish,2748.52,2025-11-22T04:06:15.500Z
69213710f8185940d43956e9,Bitcoin,2.43,0.082677,0,0,82014.239273,Bearish,84266,2025-11-22T04:07:44.359Z
69213712f8185940d43956ea,Ethereum,9.68,0.2257,0,0,2957.46866,Bullish,2745.31,2025-11-22T04:07:46.104Z
69213713f8185940d43956eb,Solana,5.31,0.31252,0,0,116.392882,Bearish,126.84,2025-11-22T04:07:47.832Z
6921372ef8185940d43956ec,Bitcoin,2.43,0.082677,0,0,81997.805679,Bearish,84266,2025-11-22T04:08:14.063Z
6921372ff8185940d43956ed,Ethereum,9.68,0.2257,0,0,2957.163851,Bullish,2745.31,2025-11-22T04:08:15.502Z
69213731f8185940d43956ee,Solana,5.31,0.31252,0,0,116.380969,Bearish,126.84,2025-11-22T04:08:16.947Z
6921374cf8185940d43956ef,Bitcoin,2.43,0.082677,0,0,81981.844741,Bearish,84266,2025-11-22T04:08:44.060Z
6921374df8185940d43956f0,Ethereum,9.68,0.2257,0,0,2956.866244,Bullish,2745.31,2025-11-22T04:08:45.685Z
692137a6f8185940d43956f1,Bitcoin,2.43,0.082677,0,0,81937.105556,Bearish,84218,2025-11-22T04:10:14.069Z
692137a7f8185940d43956f2,Ethereum,9.68,0.2257,0,0,2955.15036,Bullish,2742.43,2025-11-22T04:10:15.783Z
692137a9f8185940d43956f3,Solana,5.31,0.31252,0,0,116.331994,Bearish,126.77,2025-11-22T04:10:17.519Z
692137d0f8185940d43956f4,Solana,5.31,0.31252,0,0,116.308175,Bearish,126.77,2025-11-22T04:10:56.050Z
692137e2f8185940d43956f5,Bitcoin,2.43,0.082677,0,0,81937.078939,Bearish,84222,2025-11-22T04:11:14.426Z
692137e4f8185940d43956f6,Ethereum,9.68,0.2257,0,0,2954.623618,Bullish,2742.04,2025-11-22T04:11:16.160Z
692137e5f8185940d43956f7,Solana,5.31,0.31252,0,0,116.287019,Bearish,126.78,2025-11-22T04:11:17.903Z
69213800f8185940d43956f8,Bitcoin,2.43,0.082677,0,0,81934.457845,Bearish,84222,2025-11-22T04:11:44.096Z
6921385af8185940d43956f9,Bitcoin,2.43,0.082677,0,0,81924.034154,Bearish,84212,2025-11-22T04:13:14.122Z
6921385bf8185940d43956fa,Ethereum,9.68,0.2257,0,0,2953.687314,Bullish,2740.91,2025-11-22T04:13:15.877Z
6921385df8185940d43956fb,Solana,5.31,0.31252,0,0,116.21756,Bearish,126.69,2025-11-22T04:13:17.606Z
69213878f8185940d43956fc,Bitcoin,2.43,0.082677,0,0,81891.731925,Bearish,84161,2025-11-22T04:13:44.431Z
69213879f8185940d43956fd,Ethereum,9.68,0.2257,0,0,2953.453672,Bullish,2740.91,2025-11-22T04:13:45.857Z
692138d2f8185940d43956fe,Bitcoin,2.43,0.082677,0,0,81848.157803,Bearish,84097,2025-11-22T04:15:14.472Z
692138d4f8185940d43956ff,Ethereum,9.68,0.2257,0,0,2950.106376,Bullish,2735.1,2025-11-22T04:15:16.219Z
692138d6f8185940d4395700,Solana,5.31,0.31252,0,0,116.130029,Bearish,126.53,2025-11-22T04:15:17.971Z
692138f0f8185940d4395701,Bitcoin,2.43,0.082677,0,0,81835.946865,Bearish,84097,2025-11-22T04:15:44.171Z
692138f1f8185940d4395702,Ethereum,9.68,0.2257,0,0,2949.576469,Bullish,2735.1,2025-11-22T04:15:45.629Z
6921394af8185940d4395703,Bitcoin,2.43,0.082677,0,0,81804.772904,Bearish,84064,2025-11-22T04:17:14.475Z
6921394cf8185940d4395704,Ethereum,9.68,0.225576,0,0,2948.097055,Bullish,2733.07,2025-11-22T04:17:16.195Z
6921394ef8185940d4395705,Solana,5.29,0.310146,0,0,116.072467,Bearish,126.45,2025-11-22T04:17:17.924Z
69213968f8185940d4395706,Bitcoin,2.42,0.082506,0,0,81762.123563,Bearish,84016,2025-11-22T04:17:44.557Z
6921396af8185940d4395707,Ethereum,9.68,0.225576,0,0,2947.628061,Bullish,2733.07,2025-11-22T04:17:46.004Z
692139c2f8185940d4395708,Bitcoin,2.42,0.082506,0,0,81720.229762,Bearish,83977,2025-11-22T04:19:14.507Z
692139c4f8185940d4395709,Ethereum,9.68,0.225576,0,0,2945.555483,Bullish,2729.96,2025-11-22T04:19:16.240Z
692139c6f8185940d439570a,Solana,5.29,0.310146,0,0,115.988084,Bearish,126.32,2025-11-22T04:19:17.972Z
692139e0f8185940d439570b,Bitcoin,2.42,0.082506,0,0,81699.72195,Bearish,83977,2025-11-22T04:19:44.239Z
692139e1f8185940d439570c,Ethereum,9.68,0.225576,0,0,2945.004213,Bullish,2729.96,2025-11-22T04:19:45.682Z
69213a3af8185940d439570d,Bitcoin,2.42,0.082506,0,0,81663.241303,Bearish,83933,2025-11-22T04:21:14.323Z
69213a3cf8185940d439570e,Ethereum,9.68,0.225576,0,0,2944.02518,Bullish,2728.64,2025-11-22T04:21:16.079Z
69213a3df8185940d439570f,Solana,5.29,0.310146,0,0,115.933236,Bearish,126.27,2025-11-22T04:21:17.834Z
69213a58f8185940d4395710,Bitcoin,2.42,0.082506,0,0,81643.600315,Bearish,83931,2025-11-22T04:21:44.617Z
69213a5af8185940d4395711,Ethereum,9.68,0.225576,0,0,2943.693759,Bullish,2728.64,2025-11-22T04:21:46.128Z
69213ab2f8185940d4395712,Bitcoin,2.42,0.082506,0,0,81685.41771,Bearish,84044,2025-11-22T04:23:14.641Z
69213ab4f8185940d4395713,Ethereum,9.68,0.225576,0,0,2945.179547,Bullish,2731.83,2025-11-22T04:23:16.435Z
69213ab6f8185940d4395714,Solana,5.29,0.310146,0,0,115.882507,Bearish,126.24,2025-11-22T04:23:18.190Z
69213ad0f8185940d4395715,Bitcoin,2.42,0.082506,0,0,81685.593491,Bearish,84044,2025-11-22T04:23:44.335Z
69213ad1f8185940d4395716,Ethereum,9.68,0.225576,0,0,2945.134381,Bullish,2731.83,2025-11-22T04:23:45.795Z
69213b2af8185940d4395717,Bitcoin,2.42,0.082506,0,0,81710.584403,Bearish,84080,2025-11-22T04:25:14.354Z
69213b2cf8185940d4395718,Ethereum,9.68,0.225576,0,0,2945.148537,Bullish,2731.66,2025-11-22T04:25:16.116Z
69213b2ef8185940d4395719,Solana,5.29,0.310146,0,0,115.835205,Bearish,126.21,2025-11-22T04:25:17.943Z
69213b48f8185940d439571a,Bitcoin,2.42,0.082506,0,0,81642.1848,Bearish,83923,2025-11-22T04:25:44.849Z
69213b4af8185940d439571b,Ethereum,9.68,0.225576,0,0,2945.244241,Bullish,2731.66,2025-11-22T04:25:46.305Z
69213ba2f8185940d439571c,Bitcoin,2.42,0.082506,0,0,81688.133647,Bearish,84007,2025-11-22T04:27:14.690Z
69213ba4f8185940d439571d,Ethereum,9.68,0.225576,0,0,2945.298924,Bullish,2731.48,2025-11-22T04:27:16.468Z
69213ba6f8185940d439571e,Solana,5.29,0.310146,0,0,115.856133,Bearish,126.3,2025-11-22T04:27:18.218Z
69213bc0f8185940d439571f,Bitcoin,2.42,0.082506,0,0,81696.512554,Bearish,84007,2025-11-22T04:27:44.384Z
69213bc1f8185940d4395720,Ethereum,9.68,0.225576,0,0,2945.432103,Bullish,2731.48,2025-11-22T04:27:45.857Z
69213c1af8185940d4395721,Bitcoin,2.42,0.082506,0,0,81738.556785,Bearish,84100,2025-11-22T04:29:14.433Z
69213c1cf8185940d4395722,Ethereum,9.68,0.225576,0,0,2947.27776,Bullish,2734.95,2025-11-22T04:29:16.248Z
69213c1ef8185940d4395723,Solana,5.29,0.310146,0,0,115.813793,Bearish,126.24,2025-11-22T04:29:18.040Z
69213c38f8185940d4395724,Bitcoin,2.42,0.082506,0,0,81698.388825,Bearish,84014,2025-11-22T04:29:44.804Z
69213c3af8185940d4395725,Ethereum,9.68,0.225576,0,0,2947.44756,Bullish,2734.95,2025-11-22T04:29:46.292Z
69213c92f8185940d4395726,Bitcoin,2.42,0.082506,0,0,81676.496477,Bearish,83983,2025-11-22T04:31:14.774Z
69213c94f8185940d4395727,Ethereum,9.68,0.225576,0,0,2947.604175,Bullish,2734.91,2025-11-22T04:31:16.551Z
69213c96f8185940d4395728,Solana,5.29,0.310146,0,0,115.83286,Bearish,126.29,2025-11-22T04:31:18.356Z
69213cb0f8185940d4395729,Bitcoin,2.42,0.082506,0,0,81685.488664,Bearish,83983,2025-11-22T04:31:44.456Z
69213cb1f8185940d439572a,Ethereum,9.68,0.225576,0,0,2947.775928,Bullish,2734.91,2025-11-22T04:31:45.916Z
69213d0af8185940d439572b,Bitcoin,2.42,0.082506,0,0,81692.398183,Bearish,84001,2025-11-22T04:33:14.488Z
69213d0cf8185940d439572c,Ethereum,9.68,0.225576,0,0,2949.473866,Bullish,2737.75,2025-11-22T04:33:16.267Z
69213d0df8185940d439572d,Solana,5.29,0.310146,0,0,115.838826,Bearish,126.3,2025-11-22T04:33:17.732Z
69213d28f8185940d439572e,Bitcoin,2.42,0.082506,0,0,81701.52309,Bearish,84022,2025-11-22T04:33:44.816Z
69213d2af8185940d439572f,Ethereum,9.68,0.225576,0,0,2949.790394,Bullish,2737.75,2025-11-22T04:33:46.281Z
69213d82f8185940d4395730,Bitcoin,2.42,0.082506,0,0,81686.18143,Bearish,84012,2025-11-22T04:35:14.736Z
69213d84f8185940d4395731,Ethereum,9.68,0.225576,0,0,2949.855576,Bullish,2737.59,2025-11-22T04:35:16.400Z
69213d86f8185940d4395732,Solana,5.29,0.310146,0,0,115.911117,Bearish,126.44,2025-11-22T04:35:18.081Z
69213da0f8185940d4395733,Bitcoin,2.42,0.082506,0,0,81686.013462,Bearish,84012,2025-11-22T04:35:44.520Z
69213da2f8185940d4395734,Ethereum,9.68,0.225576,0,0,2949.99437,Bullish,2737.59,2025-11-22T04:35:46.005Z
69213dfaf8185940d4395735,Bitcoin,2.42,0.082506,0,0,81687.125835,Bearish,84007,2025-11-22T04:37:14.549Z
69213dfcf8185940d4395736,Ethereum,9.68,0.225576,0,0,2949.903053,Bullish,2737.17,2025-11-22T04:37:16.291Z
69213dfef8185940d4395737,Solana,5.29,0.310146,0,0,115.895399,Bearish,126.38,2025-11-22T04:37:17.976Z
69213e18f8185940d4395738,Bitcoin,2.42,0.082506,0,0,81612.500395,Bearish,83854,2025-11-22T04:37:44.781Z
69213e1af8185940d4395739,Ethereum,9.68,0.225576,0,0,2950.007301,Bullish,2737.17,2025-11-22T04:37:46.244Z
69213e72f8185940d439573a,Bitcoin,2.42,0.082506,0,0,81583.447891,Bearish,83823,2025-11-22T04:39:14.786Z
69213e74f8185940d439573b,Ethereum,9.68,0.225576,0,0,2945.31424,Bullish,2728.49,2025-11-22T04:39:16.460Z
69213e76f8185940d439573c,Solana,5.29,0.310146,0,0,115.769693,Bearish,126.11,2025-11-22T04:39:18.135Z
69213e90f8185940d439573d,Bitcoin,2.42,0.082506,0,0,81562.037735,Bearish,83823,2025-11-22T04:39:44.630Z
69213e92f8185940d439573e,Ethereum,9.68,0.225576,0,0,2944.815949,Bullish,2728.49,2025-11-22T04:39:46.102Z
69213eeaf8185940d439573f,Bitcoin,2.42,0.082506,0,0,81552.350868,Bearish,83848,2025-11-22T04:41:14.642Z
69213eecf8185940d4395740,Ethereum,6.11,0.225576,0,0,2895.339729,Bullish,2727.94,2025-11-22T04:41:16.360Z
69213eeef8185940d4395741,Solana,5.29,0.310146,0,0,115.742776,Bearish,126.06,2025-11-22T04:41:18.074Z
69213f09f8185940d4395742,Bitcoin,2.42,0.082506,0,0,81542.60877,Bearish,83870,2025-11-22T04:41:44.934Z
69213f0af8185940d4395743,Ethereum,6.11,0.225576,0,0,2894.833626,Bullish,2727.94,2025-11-22T04:41:46.437Z
69213f62f8185940d4395744,Bitcoin,2.42,0.082506,0,0,81529.782279,Bearish,83879,2025-11-22T04:43:14.882Z
69213f64f8185940d4395745,Ethereum,9.68,0.225576,0,0,2943.412997,Bullish,2728.6,2025-11-22T04:43:16.581Z
69213f66f8185940d4395746,Solana,5.29,0.310146,0,0,115.699924,Bearish,126,2025-11-22T04:43:18.274Z
69213f80f8185940d4395747,Bitcoin,2.42,0.082506,0,0,81532.305716,Bearish,83879,2025-11-22T04:43:44.648Z
69213f82f8185940d4395748,Ethereum,9.68,0.225576,0,0,2943.006503,Bullish,2728.6,2025-11-22T04:43:46.147Z
69213fdaf8185940d4395749,Bitcoin,2.42,0.082506,0,0,81540.028736,Bearish,83881,2025-11-22T04:45:14.700Z
69213fdcf8185940d439574a,Ethereum,9.68,0.225576,0,0,2942.933746,Bullish,2728.45,2025-11-22T04:45:16.404Z
69213fdef8185940d439574b,Solana,5.29,0.310146,0,0,115.6393,Bearish,125.92,2025-11-22T04:45:18.088Z
69213ff8f8185940d439574c,Bitcoin,2.42,0.082506,0,0,81547.50548,Bearish,83882,2025-11-22T04:45:44.683Z
69213ffaf8185940d439574d,Ethereum,9.68,0.225576,0,0,2942.934234,Bullish,2728.45,2025-11-22T04:45:46.172Z
69214053f8185940d439574e,Bitcoin,2.43,0.082706,0,0,81575.439796,Bearish,83929,2025-11-22T04:47:14.934Z
69214054f8185940d439574f,Ethereum,9.68,0.225576,0,0,2944.957387,Bullish,2732.17,2025-11-22T04:47:16.645Z
69214056f8185940d4395750,Solana,5.29,0.310512,0,0,115.587885,Bearish,125.89,2025-11-22T04:47:18.332Z
69214070f8185940d4395751,Bitcoin,2.43,0.082706,0,0,81581.178077,Bearish,83929,2025-11-22T04:47:44.732Z
69214072f8185940d4395752,Ethereum,9.68,0.225576,0,0,2945.181752,Bullish,2732.17,2025-11-22T04:47:46.204Z
692140ccf8185940d4395753,Bitcoin,2.42,0.082506,0,0,81599.893736,Bearish,83955,2025-11-22T04:49:16.032Z
692140cdf8185940d4395754,Ethereum,9.68,0.225445,0,0,2945.664918,Bullish,2732.71,2025-11-22T04:49:17.823Z
692140cff8185940d4395755,Solana,5.29,0.310512,0,0,115.572608,Bearish,125.93,2025-11-22T04:49:19.564Z
692140e9f8185940d4395756,Bitcoin,2.42,0.082506,0,0,81598.120573,Bearish,83935,2025-11-22T04:49:45.012Z
692140eaf8185940d4395757,Ethereum,9.68,0.225445,0,0,2945.882447,Bullish,2732.71,2025-11-22T04:49:46.536Z
69214143f8185940d4395758,Bitcoin,2.42,0.082506,0,0,81621.825784,Bearish,83968,2025-11-22T04:51:15.063Z
69214144f8185940d4395759,Ethereum,9.68,0.225445,0,0,2947.543761,Bullish,2735.4,2025-11-22T04:51:16.793Z
69214146f8185940d439575a,Solana,5.29,0.310512,0,0,115.612126,Bearish,126.04,2025-11-22T04:51:18.526Z
69214160f8185940d439575b,Bitcoin,2.42,0.082506,0,0,81631.411722,Bearish,83968,2025-11-22T04:51:44.801Z
69214162f8185940d439575c,Ethereum,9.68,0.225445,0,0,2947.894469,Bullish,2735.4,2025-11-22T04:51:46.293Z
692141baf8185940d439575d,Bitcoin,2.44,0.083827,0,0,81640.92135,Bearish,83978,2025-11-22T04:53:14.825Z
692141bcf8185940d439575e,Ethereum,9.68,0.22582,0,0,2949.071268,Bullish,2737.27,2025-11-22T04:53:16.569Z
692141bef8185940d439575f,Solana,5.26,0.307394,0,0,115.661391,Bearish,126.15,2025-11-22T04:53:18.354Z
692141d9f8185940d4395760,Bitcoin,2.44,0.083827,0,0,81692.67225,Bearish,84069,2025-11-22T04:53:45.203Z
692141daf8185940d4395761,Ethereum,9.68,0.22582,0,0,2949.339334,Bullish,2737.27,2025-11-22T04:53:46.711Z
69214233f8185940d4395762,Bitcoin,2.44,0.083827,0,0,81733.761088,Bearish,84128,2025-11-22T04:55:15.206Z
69214235f8185940d4395763,Ethereum,9.68,0.22582,0,0,2952.59434,Bullish,2742.89,2025-11-22T04:55:17.042Z
69214237f8185940d4395764,Solana,5.26,0.307394,0,0,115.806091,Bearish,126.43,2025-11-22T04:55:19.083Z
69214250f8185940d4395765,Bitcoin,2.44,0.083827,0,0,81754.307963,Bearish,84128,2025-11-22T04:55:44.875Z
69214252f8185940d4395766,Ethereum,9.68,0.22582,0,0,2953.124125,Bullish,2742.89,2025-11-22T04:55:46.367Z
692142aaf8185940d4395767,Bitcoin,2.44,0.083827,0,0,81776.508453,Bearish,84135,2025-11-22T04:57:14.917Z
692142acf8185940d4395768,Ethereum,9.68,0.22582,0,0,2954.531271,Bullish,2744.77,2025-11-22T04:57:16.717Z
692142aef8185940d4395769,Solana,5.26,0.307394,0,0,115.87597,Bearish,126.51,2025-11-22T04:57:18.588Z
692142c8f8185940d439576a,Bitcoin,2.44,0.083827,0,0,81813.471477,Bearish,84168,2025-11-22T04:57:44.900Z
692142caf8185940d439576b,Ethereum,9.68,0.22582,0,0,2955.017477,Bullish,2744.77,2025-11-22T04:57:46.419Z
69214323f8185940d439576c,Bitcoin,2.44,0.083827,0,0,81819.254729,Bearish,84136,2025-11-22T04:59:15.021Z
69214324f8185940d439576d,Ethereum,9.68,0.22582,0,0,2954.84326,Bullish,2743.73,2025-11-22T04:59:16.767Z
69214326f8185940d439576e,Solana,5.26,0.307394,0,0,116.006134,Bearish,126.69,2025-11-22T04:59:18.601Z
69214341f8185940d439576f,Bitcoin,2.44,0.083827,0,0,81827.875822,Bearish,84136,2025-11-22T04:59:44.954Z
69214342f8185940d4395770,Ethereum,9.68,0.22582,0,0,2955.153807,Bullish,2743.73,2025-11-22T04:59:46.459Z
6921439bf8185940d4395771,Bitcoin,2.44,0.083827,0,0,81832.763812,Bearish,84143,2025-11-22T05:01:14.959Z
6921439cf8185940d4395772,Ethereum,9.68,0.22582,0,0,2955.38587,Bullish,2744.09,2025-11-22T05:01:16.787Z
6921439ef8185940d4395773,Solana,5.26,0.307394,0,0,116.082959,Bearish,126.74,2025-11-22T05:01:18.517Z
692143b9f8185940d4395774,Bitcoin,2.44,0.083827,0,0,81848.710303,Bearish,84171,2025-11-22T05:01:45.240Z
692143baf8185940d4395775,Ethereum,9.68,0.22582,0,0,2955.440069,Bullish,2744.09,2025-11-22T05:01:46.753Z
69214413f8185940d4395776,Bitcoin,2.44,0.083827,0,0,81869.82994,Bearish,84206,2025-11-22T05:03:15.354Z
69214415f8185940d4395777,Ethereum,9.68,0.22582,0,0,2955.638077,Bullish,2744.52,2025-11-22T05:03:17.107Z
69214417f8185940d4395778,Solana,5.26,0.307394,0,0,116.211078,Bearish,126.9,2025-11-22T05:03:18.945Z
69214431f8185940d4395779,Bitcoin,2.44,0.083827,0,0,81873.11119,Bearish,84206,2025-11-22T05:03:45.062Z
69214432f8185940d439577a,Ethereum,9.68,0.22582,0,0,2955.630631,Bullish,2744.52,2025-11-22T05:03:46.557Z
6921448bf8185940d439577b,Bitcoin,2.44,0.083827,0,0,81846.653529,Bearish,84138,2025-11-22T05:05:15.022Z
6921448cf8185940d439577c,Ethereum,9.68,0.22582,0,0,2955.414189,Bullish,2744.04,2025-11-22T05:05:16.794Z
6921448ef8185940d439577d,Solana,5.26,0.307394,0,0,116.248321,Bearish,126.87,2025-11-22T05:05:18.647Z
692144a9f8185940d439577e,Bitcoin,2.44,0.083827,0,0,81866.206578,Bearish,84172,2025-11-22T05:05:45.286Z
692144aaf8185940d439577f,Ethereum,9.68,0.22582,0,0,2955.428105,Bullish,2744.04,2025-11-22T05:05:46.825Z
69214503f8185940d4395780,Bitcoin,2.44,0.083827,0,0,81859.914066,Bearish,84153,2025-11-22T05:07:15.279Z
69214505f8185940d4395781,Ethereum,9.68,0.22582,0,0,2955.934108,Bullish,2744.99,2025-11-22T05:07:17.007Z
69214506f8185940d4395782,Solana,5.26,0.307394,0,0,116.270999,Bearish,126.85,2025-11-22T05:07:18.752Z
69214521f8185940d4395783,Bitcoin,2.44,0.083827,0,0,81857.925784,Bearish,84153,2025-11-22T05:07:45.074Z
69214522f8185940d4395784,Ethereum,9.68,0.22582,0,0,2955.980616,Bullish,2744.99,2025-11-22T05:07:46.580Z
6921457bf8185940d4395785,Bitcoin,2.44,0.083827,0,0,81863.187773,Bearish,84176,2025-11-22T05:09:15.207Z
6921457df8185940d4395786,Ethereum,9.68,0.22582,0,0,2954.729344,Bullish,2742.61,2025-11-22T05:09:16.976Z
6921457ef8185940d4395787,Solana,5.26,0.307394,0,0,116.224033,Bearish,126.7,2025-11-22T05:09:18.793Z
69214599f8185940d4395788,Bitcoin,2.44,0.083827,0,0,81822.47548,Bearish,84104,2025-11-22T05:09:45.403Z
6921459bf8185940d4395789,Ethereum,9.68,0.22582,0,0,2954.627903,Bullish,2742.61,2025-11-22T05:09:46.935Z
692145f3f8185940d439578a,Bitcoin,2.44,0.083827,0,0,81839.931781,Bearish,84143,2025-11-22T05:11:15.150Z
692145f5f8185940d439578b,Ethereum,9.68,0.22582,0,0,2954.934193,Bullish,2743.33,2025-11-22T05:11:16.988Z
692145f6f8185940d439578c,Solana,5.26,0.307394,0,0,116.223747,Bearish,126.69,2025-11-22T05:11:18.774Z
69214611f8185940d439578d,Bitcoin,2.44,0.083827,0,0,81836.091937,Bearish,84143,2025-11-22T05:11:45.096Z
69214612f8185940d439578e,Ethereum,9.68,0.22582,0,0,2954.893056,Bullish,2743.33,2025-11-22T05:11:46.578Z
6921466bf8185940d439578f,Bitcoin,2.44,0.083827,0,0,81852.336574,Bearish,84178,2025-11-22T05:13:15.183Z
6921466df8185940d4395790,Ethereum,9.68,0.22582,0,0,2955.171879,Bullish,2744,2025-11-22T05:13:17.294Z
6921466ff8185940d4395791,Solana,5.26,0.307394,0,0,116.260377,Bearish,126.77,2025-11-22T05:13:19.270Z
69214689f8185940d4395792,Bitcoin,2.44,0.083827,0,0,81855.102562,Bearish,84180,2025-11-22T05:13:45.141Z
6921468af8185940d4395793,Ethereum,9.68,0.22582,0,0,2955.132572,Bullish,2744,2025-11-22T05:13:46.646Z
692146e3f8185940d4395794,Bitcoin,2.44,0.083827,0,0,81833.461941,Bearish,84137,2025-11-22T05:15:15.419Z
692146e5f8185940d4395795,Ethereum,9.68,0.22582,0,0,2955.366099,Bullish,2744.3,2025-11-22T05:15:17.168Z
692146e6f8185940d4395796,Solana,5.26,0.307394,0,0,116.219105,Bearish,126.71,2025-11-22T05:15:18.907Z
69214701f8185940d4395797,Bitcoin,2.44,0.083827,0,0,81838.633816,Bearish,84137,2025-11-22T05:15:45.185Z
69214702f8185940d4395798,Ethereum,9.68,0.22582,0,0,2955.451793,Bullish,2744.3,2025-11-22T05:15:46.692Z
6921475bf8185940d4395799,Bitcoin,2.44,0.083827,0,0,81839.505273,Bearish,84139,2025-11-22T05:17:15.182Z
6921475cf8185940d439579a,Ethereum,9.68,0.22582,0,0,2953.901068,Bullish,2741.32,2025-11-22T05:17:16.869Z
6921475ef8185940d439579b,Solana,5.26,0.307394,0,0,116.08535,Bearish,126.46,2025-11-22T05:17:18.588Z
69214779f8185940d439579c,Bitcoin,2.44,0.083827,0,0,81761.758922,Bearish,83987,2025-11-22T05:17:45.443Z
6921477af8185940d439579d,Ethereum,9.68,0.22582,0,0,2953.787909,Bullish,2741.32,2025-11-22T05:17:46.931Z
692147d3f8185940d439579e,Bitcoin,2.44,0.083827,0,0,81729.719044,Bearish,83961,2025-11-22T05:19:15.511Z
692147d5f8185940d439579f,Ethereum,9.68,0.22582,0,0,2950.924395,Bullish,2736.26,2025-11-22T05:19:17.302Z
692147d7f8185940d43957a0,Solana,5.26,0.307394,0,0,115.984845,Bearish,126.3,2025-11-22T05:19:19.034Z
692147f1f8185940d43957a1,Bitcoin,2.44,0.083827,0,0,81705.719044,Bearish,83961,2025-11-22T05:19:45.262Z
692147f2f8185940d43957a2,Ethereum,9.68,0.22582,0,0,2950.508746,Bullish,2736.26,2025-11-22T05:19:46.747Z
6921484bf8185940d43957a3,Bitcoin,2.44,0.083827,0,0,81689.916173,Bearish,83971,2025-11-22T05:21:15.277Z
6921484df8185940d43957a4,Ethereum,9.68,0.22582,0,0,2950.198447,Bullish,2736.47,2025-11-22T05:21:16.949Z
6921484ef8185940d43957a5,Solana,5.26,0.307394,0,0,115.921859,Bearish,126.22,2025-11-22T05:21:18.658Z
69214869f8185940d43957a6,Bitcoin,2.44,0.083827,0,0,81680.826599,Bearish,83994,2025-11-22T05:21:45.277Z
6921486af8185940d43957a7,Ethereum,9.68,0.22582,0,0,2949.801597,Bullish,2736.47,2025-11-22T05:21:46.751Z
692148c3f8185940d43957a8,Bitcoin,2.44,0.083827,0,0,81648.352765,Bearish,83966,2025-11-22T05:23:15.590Z
692148c5f8185940d43957a9,Ethereum,9.68,0.22582,0,0,2947.533082,Bullish,2732.7,2025-11-22T05:23:17.336Z
692148c7f8185940d43957aa,Solana,5.26,0.307394,0,0,115.840307,Bearish,126.12,2025-11-22T05:23:19.180Z
692148e1f8185940d43957ab,Bitcoin,2.44,0.083827,0,0,81646.391827,Bearish,83966,2025-11-22T05:23:45.320Z
692148e2f8185940d43957ac,Ethereum,9.68,0.225689,0,0,2947.09961,Bullish,2732.7,2025-11-22T05:23:46.812Z
6921493bf8185940d43957ad,Bitcoin,2.44,0.083827,0,0,81617.357676,Bearish,83907,2025-11-22T05:25:15.339Z
6921493df8185940d43957ae,Ethereum,9.68,0.225689,0,0,2945.913168,Bullish,2730.85,2025-11-22T05:25:17.158Z
6921493ff8185940d43957af,Solana,5.27,0.307747,0,0,115.686571,Bearish,125.9,2025-11-22T05:25:19.054Z
69214959f8185940d43957b0,Bitcoin,2.44,0.083827,0,0,81606.019378,Bearish,83894,2025-11-22T05:25:45.379Z
6921495af8185940d43957b1,Ethereum,9.68,0.22582,0,0,2945.625082,Bullish,2730.85,2025-11-22T05:25:46.863Z
692149b3f8185940d43957b2,Bitcoin,2.44,0.083827,0,0,81602.23195,Bearish,83903,2025-11-22T05:27:15.705Z
692149b5f8185940d43957b3,Ethereum,9.68,0.22582,0,0,2944.352581,Bullish,2729.02,2025-11-22T05:27:17.499Z
692149b7f8185940d43957b4,Solana,5.26,0.307394,0,0,115.607774,Bearish,125.85,2025-11-22T05:27:19.204Z
692149d1f8185940d43957b5,Bitcoin,2.48,0.08817,0,0,81591.192887,Bearish,83903,2025-11-22T05:27:45.350Z
692149d2f8185940d43957b6,Ethereum,9.69,0.226724,0,0,2943.976971,Bullish,2729.02,2025-11-22T05:27:46.867Z
69214a2bf8185940d43957b7,Bitcoin,2.48,0.08817,0,0,81589.421629,Bearish,83915,2025-11-22T05:29:15.437Z
69214a2df8185940d43957b8,Ethereum,9.69,0.226724,0,0,2944.875575,Bullish,2731.05,2025-11-22T05:29:17.155Z
69214a2ef8185940d43957b9,Solana,5.25,0.305849,0,0,115.575143,Bearish,125.87,2025-11-22T05:29:18.650Z
69214a49f8185940d43957ba,Bitcoin,2.48,0.08817,0,0,81610.357216,Bearish,83969,2025-11-22T05:29:45.639Z
69214a4bf8185940d43957bb,Ethereum,9.69,0.226724,0,0,2944.800746,Bullish,2731.05,2025-11-22T05:29:47.131Z
69214aa3f8185940d43957bc,Bitcoin,2.48,0.08817,0,0,81629.885556,Bearish,83996,2025-11-22T05:31:15.751Z
69214aa5f8185940d43957bd,Ethereum,9.69,0.226724,0,0,2946.719647,Bullish,2734.59,2025-11-22T05:31:17.481Z
69214aa7f8185940d43957be,Solana,5.25,0.305849,0,0,115.606106,Bearish,126,2025-11-22T05:31:18.987Z
69214ac1f8185940d43957bf,Bitcoin,2.48,0.08817,0,0,81640.795712,Bearish,83996,2025-11-22T05:31:45.424Z
69214ac3f8185940d43957c0,Ethereum,9.69,0.226724,0,0,2946.93034,Bullish,2734.59,2025-11-22T05:31:46.937Z
69214b1bf8185940d43957c1,Bitcoin,2.48,0.08817,0,0,81647.661447,Bearish,83988,2025-11-22T05:33:15.503Z
69214b1df8185940d43957c2,Ethereum,9.69,0.226724,0,0,2946.047113,Bullish,2732.4,2025-11-22T05:33:17.287Z
69214b1ff8185940d43957c3,Solana,5.25,0.305849,0,0,115.537298,Bearish,125.9,2025-11-22T05:33:19.042Z
69214b39f8185940d43957c4,Bitcoin,2.48,0.08817,0,0,81607.98722,Bearish,83889,2025-11-22T05:33:45.784Z
69214b3bf8185940d43957c5,Ethereum,9.69,0.226724,0,0,2946.211664,Bullish,2732.4,2025-11-22T05:33:47.298Z
69214b93f8185940d43957c6,Bitcoin,2.48,0.08817,0,0,81616.994395,Bearish,83907,2025-11-22T05:35:15.785Z
69214b95f8185940d43957c7,Ethereum,9.69,0.226724,0,0,2945.337114,Bullish,2730.66,2025-11-22T05:35:17.498Z
69214b97f8185940d43957c8,Solana,5.25,0.305849,0,0,115.483357,Bearish,125.82,2025-11-22T05:35:19.284Z
69214bb1f8185940d43957c9,Bitcoin,2.48,0.08817,0,0,81610.07252,Bearish,83907,2025-11-22T05:35:45.544Z
69214bb3f8185940d43957ca,Ethereum,9.69,0.226724,0,0,2945.296587,Bullish,2730.66,2025-11-22T05:35:47.052Z
69214c0bf8185940d43957cb,Bitcoin,2.48,0.08817,0,0,81597.642287,Bearish,83904,2025-11-22T05:37:15.591Z
69214c0df8185940d43957cc,Ethereum,9.69,0.226724,0,0,2945.796127,Bullish,2731.97,2025-11-22T05:37:17.426Z
69214c0ff8185940d43957cd,Solana,5.25,0.305849,0,0,115.48552,Bearish,125.83,2025-11-22T05:37:19.156Z
69214c29f8185940d43957ce,Bitcoin,2.48,0.08817,0,0,81608.685434,Bearish,83948,2025-11-22T05:37:45.880Z
69214c2bf8185940d43957cf,Ethereum,9.69,0.226724,0,0,2945.671127,Bullish,2731.97,2025-11-22T05:37:47.415Z
69214c83f8185940d43957d0,Bitcoin,2.48,0.08817,0,0,81611.891827,Bearish,83966,2025-11-22T05:39:15.803Z
69214c85f8185940d43957d1,Ethereum,9.69,0.226724,0,0,2945.074058,Bullish,2730.89,2025-11-22T05:39:17.691Z
69214c87f8185940d43957d2,Solana,5.25,0.305849,0,0,115.494199,Bearish,125.85,2025-11-22T05:39:19.394Z
69214ca1f8185940d43957d3,Bitcoin,2.48,0.08817,0,0,81620.157452,Bearish,83966,2025-11-22T05:39:45.605Z
69214ca3f8185940d43957d4,Ethereum,9.69,0.226724,0,0,2945.001914,Bullish,2730.89,2025-11-22T05:39:47.118Z
69214cfbf8185940d43957d5,Bitcoin,2.48,0.08817,0,0,81601.64056,Bearish,83916,2025-11-22T05:41:15.824Z
69214cfdf8185940d43957d6,Ethereum,9.69,0.226724,0,0,2944.101731,Bullish,2729.2,2025-11-22T05:41:17.852Z
69214cfff8185940d43957d7,Solana,5.25,0.305849,0,0,115.413336,Bearish,125.69,2025-11-22T05:41:19.628Z
69214d1bf8185940d43957d8,Bitcoin,2.48,0.08817,0,0,81577.37703,Bearish,83863,2025-11-22T05:41:47.089Z
69214d1cf8185940d43957d9,Ethereum,9.69,0.226724,0,0,2944.016037,Bullish,2729.2,2025-11-22T05:41:48.593Z
69214d73f8185940d43957da,Bitcoin,2.48,0.08817,0,0,81566.917275,Bearish,83848,2025-11-22T05:43:15.872Z
69214d75f8185940d43957db,Ethereum,6.12,0.226724,0,0,2894.258264,Bullish,2727.47,2025-11-22T05:43:17.770Z
69214d77f8185940d43957dc,Solana,5.25,0.305849,0,0,115.345059,Bearish,125.59,2025-11-22T05:43:19.290Z
69214d91f8185940d43957dd,Bitcoin,2.48,0.08817,0,0,81555.889931,Bearish,83848,2025-11-22T05:43:45.673Z
69214d93f8185940d43957de,Ethereum,6.12,0.226724,0,0,2894.024744,Bullish,2727.47,2025-11-22T05:43:47.173Z
69214debf8185940d43957df,Bitcoin,2.48,0.08817,0,0,81538.666185,Bearish,83842,2025-11-22T05:45:15.715Z
69214dedf8185940d43957e0,Ethereum,6.12,0.226724,0,0,2894.002184,Bullish,2727.77,2025-11-22T05:45:17.489Z
69214deff8185940d43957e1,Solana,5.25,0.305849,0,0,115.291774,Bearish,125.52,2025-11-22T05:45:19.231Z
69214e0af8185940d43957e2,Bitcoin,2.48,0.08817,0,0,81536.483225,Bearish,83867,2025-11-22T05:45:45.951Z
69214e0bf8185940d43957e3,Ethereum,6.12,0.226724,0,0,2893.84691,Bullish,2727.77,2025-11-22T05:45:47.454Z
69214e64f8185940d43957e4,Bitcoin,2.48,0.08817,0,0,81549.728588,Bearish,83906,2025-11-22T05:47:16.061Z
69214e65f8185940d43957e5,Ethereum,9.69,0.226724,0,0,2942.775906,Bullish,2728.35,2025-11-22T05:47:17.537Z
69214e67f8185940d43957e6,Solana,5.25,0.305849,0,0,115.266757,Bearish,125.51,2025-11-22T05:47:19.264Z
69214e81f8185940d43957e7,Bitcoin,2.48,0.08817,0,0,81553.521557,Bearish,83906,2025-11-22T05:47:45.777Z
69214e83f8185940d43957e8,Ethereum,9.69,0.226724,0,0,2944.30368,Bullish,2731.26,2025-11-22T05:47:47.594Z
69214edbf8185940d43957e9,Bitcoin,2.48,0.08817,0,0,81599.67244,Bearish,83984,2025-11-22T05:49:15.774Z
69214eddf8185940d43957ea,Ethereum,9.69,0.226724,0,0,2946.392502,Bullish,2734.77,2025-11-22T05:49:17.488Z
69214edff8185940d43957eb,Solana,5.25,0.305849,0,0,115.267803,Bearish,125.56,2025-11-22T05:49:19.234Z
69214efaf8185940d43957ec,Bitcoin,2.48,0.08817,0,0,81653.487385,Bearish,84062,2025-11-22T05:49:46.093Z
69214efbf8185940d43957ed,Ethereum,9.69,0.226724,0,0,2946.783737,Bullish,2734.77,2025-11-22T05:49:47.577Z
69214f54f8185940d43957ee,Bitcoin,2.48,0.08817,0,0,81664.283626,Bearish,84037,2025-11-22T05:51:16.003Z
69214f55f8185940d43957ef,Ethereum,9.69,0.226724,0,0,2946.870518,Bullish,2734.24,2025-11-22T05:51:17.753Z
69214f57f8185940d43957f0,Solana,5.25,0.305849,0,0,115.240261,Bearish,125.55,2025-11-22T05:51:19.481Z
69214f71f8185940d43957f1,Bitcoin,2.48,0.08817,0,0,81684.584407,Bearish,84037,2025-11-22T05:51:45.854Z
69214f73f8185940d43957f2,Ethereum,9.69,0.226724,0,0,2947.200474,Bullish,2734.24,2025-11-22T05:51:47.361Z
69214fcbf8185940d43957f3,Bitcoin,2.48,0.08817,0,0,81706.953774,Bearish,84049,2025-11-22T05:53:15.848Z
69214fcdf8185940d43957f4,Ethereum,9.69,0.226724,0,0,2947.363555,Bullish,2734.01,2025-11-22T05:53:17.625Z
69214fcff8185940d43957f5,Solana,5.25,0.305849,0,0,115.224823,Bearish,125.54,2025-11-22T05:53:19.465Z
69214feaf8185940d43957f6,Bitcoin,2.48,0.08817,0,0,81713.903267,Bearish,84029,2025-11-22T05:53:46.071Z
69214febf8185940d43957f7,Ethereum,9.69,0.226724,0,0,2947.490508,Bullish,2734.01,2025-11-22T05:53:47.561Z
69215046f8185940d43957f8,Bitcoin,2.48,0.08817,0,0,81742.001101,Bearish,84073,2025-11-22T05:55:18.027Z
69215047f8185940d43957f9,Ethereum,9.69,0.226724,0,0,2948.890957,Bullish,2736.69,2025-11-22T05:55:19.810Z
69215049f8185940d43957fa,Solana,5.25,0.305849,0,0,115.275465,Bearish,125.65,2025-11-22T05:55:21.519Z
69215061f8185940d43957fb,Bitcoin,2.48,0.08817,0,0,81742.290163,Bearish,84073,2025-11-22T05:55:45.905Z
69215063f8185940d43957fc,Ethereum,9.69,0.226724,0,0,2948.998257,Bullish,2736.69,2025-11-22T05:55:47.402Z
692150bbf8185940d43957fd,Bitcoin,2.48,0.08817,0,0,81760.928242,Bearish,84102,2025-11-22T05:57:15.923Z
692150bdf8185940d43957fe,Ethereum,9.69,0.226724,0,0,2951.516054,Bullish,2741.13,2025-11-22T05:57:17.687Z
692150bff8185940d43957ff,Solana,5.25,0.305849,0,0,115.316909,Bearish,125.72,2025-11-22T05:57:19.877Z
692150daf8185940d4395800,Bitcoin,2.48,0.08817,0,0,81824.741549,Bearish,84214,2025-11-22T05:57:46.149Z
692150dbf8185940d4395801,Ethereum,9.69,0.226724,0,0,2951.885805,Bullish,2741.13,2025-11-22T05:57:47.655Z
69215134f8185940d4395802,Bitcoin,2.48,0.08817,0,0,81844.285607,Bearish,84220,2025-11-22T05:59:16.246Z
69215136f8185940d4395803,Ethereum,9.72,0.229543,0,0,2952.620195,Bullish,2741.8,2025-11-22T05:59:17.968Z
69215137f8185940d4395804,Solana,5.23,0.304302,0,0,115.45689,Bearish,125.98,2025-11-22T05:59:19.572Z
69215152f8185940d4395805,Bitcoin,2.48,0.08817,0,0,81865.906701,Bearish,84220,2025-11-22T05:59:45.991Z
69215153f8185940d4395806,Ethereum,9.72,0.229543,0,0,2953.017412,Bullish,2741.8,2025-11-22T05:59:47.508Z
692151acf8185940d4395807,Bitcoin,2.48,0.08817,0,0,81884.14907,Bearish,84221,2025-11-22T06:01:16.366Z
692151aef8185940d4395808,Ethereum,9.69,0.226591,0,0,2952.777645,Bullish,2740.87,2025-11-22T06:01:18.502Z
692151b0f8185940d4395809,Solana,5.25,0.306196,0,0,115.510933,Bearish,126.04,2025-11-22T06:01:20.327Z
692151caf8185940d439580a,Bitcoin,2.48,0.08817,0,0,81892.688588,Bearish,84202,2025-11-22T06:01:46.271Z
692151cbf8185940d439580b,Ethereum,9.69,0.226591,0,0,2952.974179,Bullish,2740.87,2025-11-22T06:01:47.807Z
69215224f8185940d439580c,Bitcoin,2.48,0.08817,0,0,81893.086574,Bearish,84178,2025-11-22T06:03:16.262Z
69215226f8185940d439580d,Ethereum,9.69,0.226591,0,0,2952.925593,Bullish,2740.81,2025-11-22T06:03:18.021Z
69215227f8185940d439580e,Solana,5.25,0.306196,0,0,115.553708,Bearish,126.06,2025-11-22T06:03:19.770Z
69215242f8185940d439580f,Bitcoin,2.46,0.085959,0,0,81889.633449,Bearish,84178,2025-11-22T06:03:46.098Z
69215243f8185940d4395810,Ethereum,9.7,0.227284,0,0,2952.90533,Bullish,2740.81,2025-11-22T06:03:47.609Z
6921529cf8185940d4395811,Bitcoin,2.46,0.085959,0,0,81885.344568,Bearish,84179,2025-11-22T06:05:16.100Z
6921529df8185940d4395812,Ethereum,9.7,0.227284,0,0,2953.3011,Bullish,2741.64,2025-11-22T06:05:17.826Z
6921529ff8185940d4395813,Solana,5.24,0.30492,0,0,115.626139,Bearish,126.13,2025-11-22T06:05:19.574Z
692152baf8185940d4395814,Bitcoin,2.46,0.085959,0,0,81897.581211,Bearish,84213,2025-11-22T06:05:46.547Z
692152bcf8185940d4395815,Ethereum,9.7,0.227284,0,0,2953.298414,Bullish,2741.64,2025-11-22T06:05:48.063Z
69215314f8185940d4395816,Bitcoin,2.46,0.085959,0,0,81875.742098,Bearish,84174,2025-11-22T06:07:16.506Z
69215316f8185940d4395817,Ethereum,9.7,0.227284,0,0,2950.923072,Bullish,2737.14,2025-11-22T06:07:18.257Z
69215318f8185940d4395818,Solana,5.24,0.30492,0,0,115.587051,Bearish,125.98,2025-11-22T06:07:19.985Z
69215332f8185940d4395819,Bitcoin,2.46,0.085959,0,0,81873.12491,Bearish,84174,2025-11-22T06:07:46.119Z
69215333f8185940d439581a,Ethereum,9.7,0.227284,0,0,2950.720923,Bullish,2737.14,2025-11-22T06:07:47.633Z
6921538cf8185940d439581b,Bitcoin,2.46,0.085959,0,0,81854.266629,Bearish,84137,2025-11-22T06:09:16.141Z
6921538ef8185940d439581c,Ethereum,9.7,0.227284,0,0,2950.160117,Bullish,2736.47,2025-11-22T06:09:17.958Z
6921538ff8185940d439581d,Solana,5.24,0.30492,0,0,115.560121,Bearish,125.88,2025-11-22T06:09:19.704Z
692153aaf8185940d439581e,Bitcoin,2.46,0.085959,0,0,81840.341122,Bearish,84117,2025-11-22T06:09:46.427Z
692153acf8185940d439581f,Ethereum,9.7,0.227284,0,0,2949.926719,Bullish,2736.47,2025-11-22T06:09:47.954Z
69215404f8185940d4395820,Bitcoin,2.46,0.085959,0,0,81814.392815,Bearish,84079,2025-11-22T06:11:16.449Z
69215406f8185940d4395821,Ethereum,9.7,0.227284,0,0,2948.439364,Bullish,2734.19,2025-11-22T06:11:18.179Z
69215407f8185940d4395822,Solana,5.24,0.30492,0,0,115.453783,Bearish,125.67,2025-11-22T06:11:19.910Z
69215422f8185940d4395823,Bitcoin,2.46,0.085959,0,0,81799.56469,Bearish,84079,2025-11-22T06:11:46.186Z
69215423f8185940d4395824,Ethereum,9.7,0.227284,0,0,2948.066684,Bullish,2734.19,2025-11-22T06:11:47.701Z
6921547cf8185940d4395825,Bitcoin,2.46,0.085959,0,0,81797.036527,Bearish,84096,2025-11-22T06:13:16.220Z
6921547ef8185940d4395826,Ethereum,9.7,0.227284,0,0,2948.361136,Bullish,2735.03,2025-11-22T06:13:18.005Z
6921547ff8185940d4395827,Solana,5.24,0.30492,0,0,115.456252,Bearish,125.72,2025-11-22T06:13:19.717Z
6921549af8185940d4395828,Bitcoin,2.46,0.085959,0,0,81823.166608,Bearish,84167,2025-11-22T06:13:46.454Z
6921549cf8185940d4395829,Ethereum,9.7,0.227284,0,0,2948.25469,Bullish,2735.03,2025-11-22T06:13:47.942Z
692154f6f8185940d439582a,Bitcoin,2.46,0.085959,0,0,81828.500092,Bearish,84175,2025-11-22T06:15:17.947Z
692154f7f8185940d439582b,Ethereum,9.7,0.227284,0,0,2950.451926,Bullish,2739.25,2025-11-22T06:15:19.449Z
692154f9f8185940d439582c,Solana,5.24,0.30492,0,0,115.440852,Bearish,125.74,2025-11-22T06:15:21.234Z
69215513f8185940d439582d,Bitcoin,2.46,0.085959,0,0,81834.503998,Bearish,84175,2025-11-22T06:15:47.642Z
69215515f8185940d439582e,Ethereum,9.7,0.227284,0,0,2950.615256,Bullish,2739.25,2025-11-22T06:15:49.139Z
6921556df8185940d439582f,Bitcoin,2.46,0.085959,0,0,81848.571312,Bearish,84180,2025-11-22T06:17:17.633Z
6921556ff8185940d4395830,Ethereum,9.7,0.227284,0,0,2951.406293,Bullish,2740.22,2025-11-22T06:17:19.376Z
69215571f8185940d4395831,Solana,5.24,0.30492,0,0,115.444752,Bearish,125.81,2025-11-22T06:17:21.093Z
6921558cf8185940d4395832,Bitcoin,2.46,0.085959,0,0,81889.284606,Bearish,84236,2025-11-22T06:17:47.972Z
6921558df8185940d4395833,Ethereum,9.7,0.227284,0,0,2951.720502,Bullish,2740.22,2025-11-22T06:17:49.468Z
692155e6f8185940d4395834,Bitcoin,2.46,0.085959,0,0,81904.507262,Bearish,84236,2025-11-22T06:19:17.936Z
692155e7f8185940d4395835,Ethereum,9.7,0.227284,0,0,2952.941366,Bullish,2742,2025-11-22T06:19:19.608Z
692155e9f8185940d4395836,Solana,5.24,0.30492,0,0,115.493861,Bearish,125.94,2025-11-22T06:19:21.294Z
69215603f8185940d4395837,Bitcoin,2.46,0.085959,0,0,81912.229919,Bearish,84236,2025-11-22T06:19:47.626Z
69215605f8185940d4395838,Ethereum,9.7,0.227284,0,0,2953.289633,Bullish,2742,2025-11-22T06:19:49.105Z
6921565df8185940d4395839,Bitcoin,2.46,0.085959,0,0,81929.245088,Bearish,84255,2025-11-22T06:21:17.821Z
6921565ff8185940d439583a,Ethereum,9.7,0.227284,0,0,2953.085273,Bullish,2741.35,2025-11-22T06:21:19.526Z
69215661f8185940d439583b,Solana,5.24,0.30492,0,0,115.553796,Bearish,126.06,2025-11-22T06:21:21.197Z
6921567bf8185940d439583c,Bitcoin,2.46,0.085959,0,0,81938.030062,Bearish,84254,2025-11-22T06:21:47.910Z
6921567df8185940d439583d,Ethereum,9.7,0.227284,0,0,2953.190009,Bullish,2741.35,2025-11-22T06:21:49.391Z
692156d6f8185940d439583e,Bitcoin,2.46,0.085959,0,0,81975.724007,Bearish,84311,2025-11-22T06:23:17.939Z
692156d7f8185940d439583f,Ethereum,9.7,0.227284,0,0,2955.323395,Bullish,2745.22,2025-11-22T06:23:19.620Z
692156d9f8185940d4395840,Solana,5.24,0.30492,0,0,115.676712,Bearish,126.26,2025-11-22T06:23:21.296Z
692156f3f8185940d4395841,Bitcoin,2.46,0.085959,0,0,81983.149788,Bearish,84311,2025-11-22T06:23:47.726Z
692156f5f8185940d4395842,Ethereum,9.7,0.227284,0,0,2955.582916,Bullish,2745.22,2025-11-22T06:23:49.192Z
6921574df8185940d4395843,Bitcoin,2.46,0.085959,0,0,82035.337279,Bearish,84397,2025-11-22T06:25:17.768Z
6921574ff8185940d4395844,Ethereum,9.7,0.227284,0,0,2958.181404,Bullish,2749.73,2025-11-22T06:25:19.457Z
69215751f8185940d4395845,Solana,5.24,0.30492,0,0,115.828843,Bearish,126.5,2025-11-22T06:25:21.164Z
6921576cf8185940d4395846,Bitcoin,2.46,0.085959,0,0,82058.878703,Bearish,84410,2025-11-22T06:25:47.975Z
6921576df8185940d4395847,Ethereum,9.7,0.227284,0,0,2958.597541,Bullish,2749.73,2025-11-22T06:25:49.475Z
692157c6f8185940d4395848,Bitcoin,2.46,0.085959,0,0,82070.904049,Bearish,84399,2025-11-22T06:27:17.993Z
692157c7f8185940d4395849,Ethereum,9.7,0.227284,0,0,2958.697381,Bullish,2749.1,2025-11-22T06:27:19.685Z
692157c9f8185940d439584a,Solana,5.24,0.30492,0,0,115.917452,Bearish,126.58,2025-11-22T06:27:21.386Z
692157e3f8185940d439584b,Bitcoin,2.46,0.085959,0,0,82088.583736,Bearish,84399,2025-11-22T06:27:47.770Z
692157e5f8185940d439584c,Ethereum,9.7,0.227284,0,0,2959.085199,Bullish,2749.1,2025-11-22T06:27:49.248Z
6921583df8185940d439584d,Bitcoin,2.46,0.085959,0,0,82113.854446,Bearish,84427,2025-11-22T06:29:17.803Z
6921583ff8185940d439584e,Ethereum,9.7,0.227284,0,0,2959.74574,Bullish,2749.97,2025-11-22T06:29:19.459Z
69215841f8185940d439584f,Solana,5.24,0.30492,0,0,116.078806,Bearish,126.8,2025-11-22T06:29:21.156Z
6921585cf8185940d4395850,Bitcoin,2.46,0.085959,0,0,82122.524687,Bearish,84418,2025-11-22T06:29:48.032Z
6921585df8185940d4395851,Ethereum,9.7,0.227284,0,0,2959.9745,Bullish,2749.97,2025-11-22T06:29:49.513Z
692158b6f8185940d4395852,Bitcoin,2.46,0.085959,0,0,82124.985624,Bearish,84418,2025-11-22T06:31:18.063Z
692158b7f8185940d4395853,Ethereum,9.7,0.227284,0,0,2959.74805,Bullish,2749.52,2025-11-22T06:31:19.733Z
692158b9f8185940d4395854,Solana,5.24,0.30492,0,0,116.176856,Bearish,126.88,2025-11-22T06:31:21.419Z
692158d3f8185940d4395855,Bitcoin,2.46,0.085959,0,0,82126.044218,Bearish,84418,2025-11-22T06:31:47.857Z
692158d5f8185940d4395856,Ethereum,9.7,0.227284,0,0,2959.739505,Bullish,2749.52,2025-11-22T06:31:49.341Z
6921592df8185940d4395857,Bitcoin,2.46,0.085959,0,0,82148.254425,Bearish,84457,2025-11-22T06:33:17.868Z
6921592ff8185940d4395858,Ethereum,9.7,0.227153,0,0,2961.00518,Bullish,2751.84,2025-11-22T06:33:19.537Z
69215931f8185940d4395859,Solana,5.24,0.305263,0,0,116.298025,Bearish,127.01,2025-11-22T06:33:21.255Z
6921594cf8185940d439585a,Bitcoin,2.46,0.085959,0,0,82196.26559,Bearish,84540,2025-11-22T06:33:48.107Z
6921594df8185940d439585b,Ethereum,9.7,0.227153,0,0,2961.148247,Bullish,2751.84,2025-11-22T06:33:49.752Z
692159a6f8185940d439585c,Bitcoin,2.46,0.085959,0,0,82223.873145,Bearish,84573,2025-11-22T06:35:18.131Z
692159a7f8185940d439585d,Ethereum,9.7,0.227153,0,0,2963.5281,Bullish,2756.08,2025-11-22T06:35:19.862Z
692159a9f8185940d439585e,Solana,5.24,0.305263,0,0,116.409275,Bearish,127.13,2025-11-22T06:35:21.541Z
692159c3f8185940d439585f,Bitcoin,2.46,0.085959,0,0,82240.767677,Bearish,84573,2025-11-22T06:35:47.908Z
692159c5f8185940d4395860,Ethereum,9.7,0.227284,0,0,2963.85769,Bullish,2756.08,2025-11-22T06:35:49.477Z
69215a1ef8185940d4395861,Bitcoin,2.46,0.085959,0,0,82285.706807,Bearish,84625,2025-11-22T06:37:17.968Z
69215a1ff8185940d4395862,Ethereum,9.7,0.227284,0,0,2967.012712,Bullish,2761.31,2025-11-22T06:37:19.656Z
69215a21f8185940d4395863,Solana,5.24,0.30492,0,0,116.61421,Bearish,127.46,2025-11-22T06:37:21.330Z
69215a3cf8185940d4395864,Bitcoin,2.45,0.085202,0,0,82336.470337,Bearish,84678,2025-11-22T06:37:47.972Z
69215a3df8185940d4395865,Ethereum,9.7,0.227284,0,0,2967.628801,Bullish,2761.31,2025-11-22T06:37:49.844Z
69215a96f8185940d4395866,Bitcoin,2.45,0.085202,0,0,82334.320088,Bearish,84625,2025-11-22T06:39:17.956Z
69215a97f8185940d4395867,Ethereum,9.7,0.227284,0,0,2967.845586,Bullish,2760.79,2025-11-22T06:39:19.649Z
69215a99f8185940d4395868,Solana,5.26,0.307116,0,0,116.715343,Bearish,127.55,2025-11-22T06:39:21.350Z
69215ab4f8185940d4395869,Bitcoin,2.45,0.085202,0,0,82336.437913,Bearish,84607,2025-11-22T06:39:48.189Z
69215ab5f8185940d439586a,Ethereum,9.7,0.227284,0,0,2968.295049,Bullish,2760.79,2025-11-22T06:39:49.681Z
69215b0ef8185940d439586b,Bitcoin,2.45,0.085202,0,0,82335.228521,Bearish,84594,2025-11-22T06:41:18.407Z
69215b10f8185940d439586c,Ethereum,9.7,0.227284,0,0,2968.702649,Bullish,2761.11,2025-11-22T06:41:20.088Z
69215b11f8185940d439586d,Solana,5.26,0.307116,0,0,116.805973,Bearish,127.63,2025-11-22T06:41:21.877Z
69215b2cf8185940d439586e,Bitcoin,2.45,0.085202,0,0,82338.533209,Bearish,84594,2025-11-22T06:41:48.034Z
69215b2df8185940d439586f,Ethereum,9.7,0.227284,0,0,2968.942029,Bullish,2761.11,2025-11-22T06:41:49.480Z
69215b86f8185940d4395870,Bitcoin,2.45,0.085202,0,0,82332.700451,Bearish,84590,2025-11-22T06:43:18.040Z
69215b87f8185940d4395871,Ethereum,9.7,0.227284,0,0,2967.735315,Bullish,2758.88,2025-11-22T06:43:19.734Z
69215b89f8185940d4395872,Solana,5.26,0.307116,0,0,116.850628,Bearish,127.61,2025-11-22T06:43:21.430Z
69215ba4f8185940d4395873,Bitcoin,2.45,0.085202,0,0,82300.755324,Bearish,84548,2025-11-22T06:43:48.259Z
69215ba5f8185940d4395874,Ethereum,9.7,0.227284,0,0,2967.606897,Bullish,2758.88,2025-11-22T06:43:49.755Z
69215bfef8185940d4395875,Bitcoin,2.45,0.085202,0,0,82289.594079,Bearish,84542,2025-11-22T06:45:18.246Z
69215bfff8185940d4395876,Ethereum,9.7,0.227284,0,0,2967.765843,Bullish,2759.37,2025-11-22T06:45:19.898Z
69215c01f8185940d4395877,Solana,5.26,0.307116,0,0,116.925378,Bearish,127.67,2025-11-22T06:45:21.590Z
69215c1cf8185940d4395878,Bitcoin,2.45,0.085202,0,0,82282.347985,Bearish,84542,2025-11-22T06:45:48.066Z
69215c1df8185940d4395879,Ethereum,9.7,0.227284,0,0,2967.69016,Bullish,2759.37,2025-11-22T06:45:49.520Z
69215c76f8185940d439587a,Bitcoin,2.45,0.085202,0,0,82291.34562,Bearish,84572,2025-11-22T06:47:18.101Z
69215c77f8185940d439587b,Ethereum,9.7,0.227284,0,0,2968.184202,Bullish,2760.45,2025-11-22T06:47:19.586Z
69215c79f8185940d439587c,Solana,5.26,0.307116,0,0,116.969514,Bearish,127.68,2025-11-22T06:47:21.255Z
69215c94f8185940d439587d,Bitcoin,2.45,0.085202,0,0,82289.189915,Bearish,84575,2025-11-22T06:47:48.305Z
69215c95f8185940d439587e,Ethereum,9.7,0.227284,0,0,2968.161985,Bullish,2760.45,2025-11-22T06:47:49.773Z
69215cf5f8185940d439587f,Bitcoin,2.45,0.085202,0,0,82280.335992,Bearish,84562,2025-11-22T06:49:25.170Z
69215cf6f8185940d4395880,Ethereum,9.7,0.227284,0,0,2969.329998,Bullish,2762.47,2025-11-22T06:49:26.859Z
69215cf8f8185940d4395881,Solana,5.26,0.307116,0,0,116.980352,Bearish,127.67,2025-11-22T06:49:28.592Z
69215d0cf8185940d4395882,Bitcoin,2.45,0.085202,0,0,82282.375054,Bearish,84562,2025-11-22T06:49:48.151Z
69215d0df8185940d4395883,Ethereum,9.7,0.227284,0,0,2969.519207,Bullish,2762.47,2025-11-22T06:49:49.595Z
69215d66f8185940d4395884,Bitcoin,2.45,0.085202,0,0,82288.602888,Bearish,84569,2025-11-22T06:51:18.143Z
69215d67f8185940d4395885,Ethereum,9.7,0.227284,0,0,2967.201235,Bullish,2757.85,2025-11-22T06:51:19.811Z
69215d69f8185940d4395886,Solana,5.26,0.307116,0,0,117.004228,Bearish,127.7,2025-11-22T06:51:21.560Z
69215d84f8185940d4395887,Bitcoin,2.45,0.085202,0,0,82291.681013,Bearish,84569,2025-11-22T06:51:48.146Z
69215d85f8185940d4395888,Ethereum,9.7,0.227284,0,0,2967.109804,Bullish,2757.85,2025-11-22T06:51:49.626Z
69215ddef8185940d4395889,Bitcoin,2.45,0.085202,0,0,82250.041304,Bearish,84488,2025-11-22T06:53:18.385Z
69215de0f8185940d439588a,Ethereum,9.7,0.227284,0,0,2967.644378,Bullish,2759.12,2025-11-22T06:53:20.155Z
69215de2f8185940d439588b,Solana,5.26,0.307116,0,0,116.989453,Bearish,127.66,2025-11-22T06:53:22.017Z
69215dfcf8185940d439588c,Bitcoin,2.45,0.085202,0,0,82249.985616,Bearish,84504,2025-11-22T06:53:48.285Z
69215dfef8185940d439588d,Ethereum,9.7,0.227284,0,0,2967.566009,Bullish,2759.12,2025-11-22T06:53:50.188Z
69215e56f8185940d439588e,Bitcoin,2.45,0.085202,0,0,82291.155029,Bearish,84598,2025-11-22T06:55:18.320Z
69215e58f8185940d439588f,Ethereum,9.7,0.227284,0,0,2968.212648,Bullish,2760.63,2025-11-22T06:55:19.993Z
69215e59f8185940d4395890,Solana,5.26,0.307116,0,0,117.042723,Bearish,127.76,2025-11-22T06:55:21.664Z
69215e74f8185940d4395891,Bitcoin,2.45,0.085202,0,0,82292.615966,Bearish,84598,2025-11-22T06:55:48.252Z
69215e75f8185940d4395892,Ethereum,9.7,0.227284,0,0,2968.140627,Bullish,2760.63,2025-11-22T06:55:49.759Z
69215ecef8185940d4395893,Bitcoin,2.45,0.085202,0,0,82299.902939,Bearish,84608,2025-11-22T06:57:18.257Z
69215ed0f8185940d4395894,Ethereum,9.7,0.227284,0,0,2969.140173,Bullish,2762.22,2025-11-22T06:57:19.948Z
69215ed1f8185940d4395895,Solana,5.26,0.307116,0,0,117.081741,Bearish,127.83,2025-11-22T06:57:21.638Z
69215eecf8185940d4395896,Bitcoin,2.45,0.085202,0,0,82306.423196,Bearish,84612,2025-11-22T06:57:48.278Z
69215eedf8185940d4395897,Ethereum,9.7,0.227284,0,0,2969.366125,Bullish,2762.22,2025-11-22T06:57:49.724Z
69215f46f8185940d4395898,Bitcoin,2.45,0.085202,0,0,82329.676102,Bearish,84628,2025-11-22T06:59:18.560Z
69215f48f8185940d4395899,Ethereum,9.7,0.227284,0,0,2970.521928,Bullish,2764.07,2025-11-22T06:59:20.220Z
69215f49f8185940d439589a,Solana,5.26,0.307116,0,0,117.124639,Bearish,127.9,2025-11-22T06:59:21.905Z
69215f64f8185940d439589b,Bitcoin,2.45,0.085202,0,0,82344.183914,Bearish,84628,2025-11-22T06:59:48.301Z
69215f65f8185940d439589c,Ethereum,9.7,0.227284,0,0,2970.777543,Bullish,2764.07,2025-11-22T06:59:49.774Z
69215fbef8185940d439589d,Bitcoin,2.45,0.085202,0,0,82325.328268,Bearish,84584,2025-11-22T07:01:18.356Z
69215fc0f8185940d439589e,Ethereum,9.7,0.227284,0,0,2970.807078,Bullish,2763.79,2025-11-22T07:01:20.048Z
69215fc1f8185940d439589f,Solana,5.26,0.307116,0,0,117.174052,Bearish,127.97,2025-11-22T07:01:21.739Z
69215fdcf8185940d43958a0,Bitcoin,2.45,0.085202,0,0,82318.318095,Bearish,84571,2025-11-22T07:01:48.335Z
69215fddf8185940d43958a1,Ethereum,9.7,0.227284,0,0,2970.965281,Bullish,2763.79,2025-11-22T07:01:49.811Z
69216036f8185940d43958a2,Bitcoin,2.45,0.085202,0,0,82296.456089,Bearish,84535,2025-11-22T07:03:18.593Z
69216038f8185940d43958a3,Ethereum,9.7,0.227284,0,0,2970.742734,Bullish,2763.23,2025-11-22T07:03:20.067Z
69216039f8185940d43958a4,Solana,5.26,0.307116,0,0,117.187597,Bearish,127.96,2025-11-22T07:03:21.732Z
69216055f8185940d43958a5,Bitcoin,2.45,0.085202,0,0,82288.315464,Bearish,84535,2025-11-22T07:03:49.067Z
69216058f8185940d43958a6,Ethereum,9.7,0.227284,0,0,2970.786069,Bullish,2763.23,2025-11-22T07:03:52.085Z
692160aef8185940d43958a7,Bitcoin,2.45,0.085386,0,0,82276.772313,Bearish,84534,2025-11-22T07:05:18.430Z
692160b0f8185940d43958a8,Ethereum,9.7,0.227284,0,0,2968.963731,Bullish,2759.92,2025-11-22T07:05:20.127Z
692160b1f8185940d43958a9,Solana,5.26,0.307461,0,0,117.180638,Bearish,127.9,2025-11-22T07:05:21.780Z
692160ccf8185940d43958aa,Bitcoin,2.45,0.085386,0,0,82254.717719,Bearish,84513,2025-11-22T07:05:48.649Z
692160cef8185940d43958ab,Ethereum,9.7,0.227284,0,0,2968.742296,Bullish,2759.92,2025-11-22T07:05:50.222Z
69216126f8185940d43958ac,Bitcoin,2.45,0.085386,0,0,82236.956456,Bearish,84494,2025-11-22T07:07:18.661Z
69216128f8185940d43958ad,Ethereum,9.7,0.227284,0,0,2967.509344,Bullish,2758.01,2025-11-22T07:07:20.372Z
6921612af8185940d43958ae,Solana,5.26,0.307461,0,0,117.202726,Bearish,127.92,2025-11-22T07:07:22.111Z
69216144f8185940d43958af,Bitcoin,2.45,0.085386,0,0,82228.417394,Bearish,84494,2025-11-22T07:07:48.412Z
69216145f8185940d43958b0,Ethereum,9.7,0.227284,0,0,2967.205267,Bullish,2758.01,2025-11-22T07:07:49.890Z
6921619ef8185940d43958b1,Bitcoin,2.45,0.085386,0,0,82223.147681,Bearish,84493,2025-11-22T07:09:18.486Z
692161a0f8185940d43958b2,Ethereum,9.7,0.227284,0,0,2967.4454,Bullish,2758.96,2025-11-22T07:09:20.170Z
692161a2f8185940d43958b3,Solana,5.26,0.307461,0,0,117.204679,Bearish,127.91,2025-11-22T07:09:22.830Z
692161bcf8185940d43958b4,Bitcoin,2.45,0.085386,0,0,82213.450734,Bearish,84484,2025-11-22T07:09:48.483Z
692161bef8185940d43958b5,Ethereum,9.7,0.227284,0,0,2967.238246,Bullish,2758.96,2025-11-22T07:09:49.951Z
69216216f8185940d43958b6,Bitcoin,2.45,0.085386,0,0,82198.971084,Bearish,84467,2025-11-22T07:11:18.727Z
69216218f8185940d43958b7,Ethereum,9.7,0.227284,0,0,2966.6507,Bullish,2757.95,2025-11-22T07:11:20.425Z
6921621af8185940d43958b8,Solana,5.26,0.307461,0,0,117.205228,Bearish,127.91,2025-11-22T07:11:22.079Z
69216234f8185940d43958b9,Bitcoin,2.45,0.085386,0,0,82193.994522,Bearish,84467,2025-11-22T07:11:48.497Z
69216236f8185940d43958ba,Ethereum,9.7,0.227284,0,0,2966.555119,Bullish,2757.95,2025-11-22T07:11:49.961Z
6921628ef8185940d43958bb,Bitcoin,2.47,0.087567,0,0,82188.876608,Bearish,84463,2025-11-22T07:13:18.515Z
69216290f8185940d43958bc,Ethereum,9.68,0.224919,0,0,2966.252983,Bullish,2757.4,2025-11-22T07:13:20.230Z
69216292f8185940d43958bd,Solana,5.27,0.308572,0,0,117.171414,Bearish,127.85,2025-11-22T07:13:21.936Z
692162acf8185940d43958be,Bitcoin,2.47,0.087567,0,0,82154.7329,Bearish,84403,2025-11-22T07:13:48.781Z
692162aef8185940d43958bf,Ethereum,9.68,0.224919,0,0,2966.215507,Bullish,2757.4,2025-11-22T07:13:50.287Z
69216306f8185940d43958c0,Bitcoin,2.47,0.087567,0,0,82136.929032,Bearish,84386,2025-11-22T07:15:18.815Z
69216308f8185940d43958c1,Ethereum,9.68,0.224919,0,0,2965.737342,Bullish,2756.66,2025-11-22T07:15:20.509Z
6921630af8185940d43958c2,Solana,5.27,0.308572,0,0,117.154869,Bearish,127.83,2025-11-22T07:15:22.209Z
69216324f8185940d43958c3,Bitcoin,2.47,0.087567,0,0,82126.214188,Bearish,84386,2025-11-22T07:15:48.592Z
69216326f8185940d43958c4,Ethereum,9.68,0.224919,0,0,2965.620276,Bullish,2756.66,2025-11-22T07:15:50.041Z
6921637ef8185940d43958c5,Bitcoin,2.47,0.087567,0,0,82127.772871,Bearish,84408,2025-11-22T07:17:18.611Z
69216380f8185940d43958c6,Ethereum,9.68,0.224919,0,0,2966.610798,Bullish,2758.63,2025-11-22T07:17:20.271Z
69216382f8185940d43958c7,Solana,5.27,0.308572,0,0,117.15057,Bearish,127.83,2025-11-22T07:17:21.956Z
6921639cf8185940d43958c8,Bitcoin,2.47,0.087567,0,0,82126.904319,Bearish,84422,2025-11-22T07:17:48.832Z
6921639ef8185940d43958c9,Ethereum,9.68,0.224919,0,0,2966.651935,Bullish,2758.63,2025-11-22T07:17:50.287Z
692163f7f8185940d43958ca,Bitcoin,2.47,0.087567,0,0,82105.003977,Bearish,84390,2025-11-22T07:19:18.941Z
692163f8f8185940d43958cb,Ethereum,9.68,0.224919,0,0,2966.232116,Bullish,2757.72,2025-11-22T07:19:20.615Z
692163faf8185940d43958cc,Solana,5.27,0.308572,0,0,117.090013,Bearish,127.72,2025-11-22T07:19:22.271Z
69216414f8185940d43958cd,Bitcoin,2.47,0.087567,0,0,82104.203196,Bearish,84390,2025-11-22T07:19:48.910Z
69216416f8185940d43958ce,Ethereum,9.68,0.224919,0,0,2966.251525,Bullish,2757.72,2025-11-22T07:19:50.831Z
6921646ef8185940d43958cf,Bitcoin,2.47,0.087567,0,0,82097.485628,Bearish,84375,2025-11-22T07:21:18.666Z
69216470f8185940d43958d0,Ethereum,9.68,0.224919,0,0,2966.489692,Bullish,2758.07,2025-11-22T07:21:20.344Z
69216472f8185940d43958d1,Solana,5.27,0.308572,0,0,117.068414,Bearish,127.7,2025-11-22T07:21:22.068Z
6921648df8185940d43958d2,Bitcoin,2.47,0.087567,0,0,82122.041583,Bearish,84425,2025-11-22T07:21:48.991Z
6921648ef8185940d43958d3,Ethereum,9.68,0.224919,0,0,2966.554633,Bullish,2758.07,2025-11-22T07:21:50.467Z
692164e7f8185940d43958d4,Bitcoin,2.47,0.087567,0,0,82158.257419,Bearish,84495,2025-11-22T07:23:18.947Z
692164e8f8185940d43958d5,Ethereum,9.68,0.224919,0,0,2969.095021,Bullish,2762.85,2025-11-22T07:23:20.733Z
692164eaf8185940d43958d6,Solana,5.27,0.308572,0,0,117.151914,Bearish,127.9,2025-11-22T07:23:22.501Z
69216504f8185940d43958d7,Bitcoin,2.47,0.087567,0,0,82164.52695,Bearish,84495,2025-11-22T07:23:48.747Z
69216506f8185940d43958d8,Ethereum,9.68,0.224919,0,0,2969.328175,Bullish,2762.85,2025-11-22T07:23:50.273Z
6921655ef8185940d43958d9,Bitcoin,2.47,0.087567,0,0,82170.817921,Bearish,84484,2025-11-22T07:25:18.726Z
69216560f8185940d43958da,Ethereum,9.68,0.224919,0,0,2969.260046,Bullish,2762.21,2025-11-22T07:25:20.427Z
69216562f8185940d43958db,Solana,5.27,0.308572,0,0,117.185007,Bearish,127.97,2025-11-22T07:25:22.114Z
6921657df8185940d43958dc,Bitcoin,2.47,0.087567,0,0,82178.101443,Bearish,84475,2025-11-22T07:25:48.918Z
6921657ef8185940d43958dd,Ethereum,9.68,0.224919,0,0,2969.493933,Bullish,2762.21,2025-11-22T07:25:50.424Z
692165d6f8185940d43958de,Bitcoin,2.47,0.087567,0,0,82162.880519,Bearish,84420,2025-11-22T07:27:18.777Z
692165d8f8185940d43958df,Ethereum,9.68,0.224919,0,0,2967.025562,Bullish,2757.23,2025-11-22T07:27:20.513Z
692165daf8185940d43958e0,Solana,5.27,0.308572,0,0,117.128262,Bearish,127.84,2025-11-22T07:27:22.209Z
692165f4f8185940d43958e1,Bitcoin,2.47,0.087567,0,0,82163.958644,Bearish,84420,2025-11-22T07:27:48.785Z
692165f6f8185940d43958e2,Ethereum,9.68,0.224919,0,0,2966.951099,Bullish,2757.23,2025-11-22T07:27:50.293Z
6921664ef8185940d43958e3,Bitcoin,2.47,0.087567,0,0,82147.823107,Bearish,84405,2025-11-22T07:29:18.812Z
69216650f8185940d43958e4,Ethereum,9.68,0.224919,0,0,2967.020572,Bullish,2757.92,2025-11-22T07:29:20.491Z
69216652f8185940d43958e5,Solana,5.27,0.308572,0,0,117.102824,Bearish,127.78,2025-11-22T07:29:22.222Z
6921666cf8185940d43958e6,Bitcoin,2.47,0.087567,0,0,82137.342638,Bearish,84405,2025-11-22T07:29:48.833Z
6921666ef8185940d43958e7,Ethereum,9.68,0.224919,0,0,2966.765079,Bullish,2757.92,2025-11-22T07:29:50.325Z
692166c6f8185940d43958e8,Bitcoin,2.47,0.087567,0,0,82133.848724,Bearish,84417,2025-11-22T07:31:18.848Z
692166c8f8185940d43958e9,Ethereum,9.68,0.224919,0,0,2966.744457,Bullish,2758.28,2025-11-22T07:31:20.562Z
692166caf8185940d43958ea,Solana,5.27,0.308572,0,0,117.090948,Bearish,127.74,2025-11-22T07:31:22.275Z
692166e5f8185940d43958eb,Bitcoin,2.47,0.087567,0,0,82130.568926,Bearish,84425,2025-11-22T07:31:49.041Z
692166e6f8185940d43958ec,Ethereum,9.68,0.224919,0,0,2966.562694,Bullish,2758.28,2025-11-22T07:31:50.542Z
6921673ef8185940d43958ed,Bitcoin,2.47,0.087567,0,0,82174.955818,Bearish,84512,2025-11-22T07:33:18.893Z
69216740f8185940d43958ee,Ethereum,9.68,0.224919,0,0,2967.744869,Bullish,2760.38,2025-11-22T07:33:20.667Z
69216742f8185940d43958ef,Solana,5.27,0.308572,0,0,117.075403,Bearish,127.7,2025-11-22T07:33:22.140Z
6921675df8185940d43958f0,Bitcoin,2.47,0.087567,0,0,82183.47535,Bearish,84512,2025-11-22T07:33:48.967Z
6921675ef8185940d43958f1,Ethereum,9.68,0.224919,0,0,2967.910152,Bullish,2760.38,2025-11-22T07:33:50.445Z
692167b7f8185940d43958f2,Bitcoin,2.47,0.087567,0,0,82185.866431,Bearish,84493,2025-11-22T07:35:18.932Z
692167b8f8185940d43958f3,Ethereum,9.68,0.224919,0,0,2967.923453,Bullish,2760.16,2025-11-22T07:35:20.625Z
692167baf8185940d43958f4,Solana,5.27,0.308572,0,0,117.056291,Bearish,127.69,2025-11-22T07:35:22.352Z
692167d5f8185940d43958f5,Bitcoin,2.47,0.087567,0,0,82208.253238,Bearish,84515,2025-11-22T07:35:49.123Z
692167d6f8185940d43958f6,Ethereum,9.68,0.224919,0,0,2968.03942,Bullish,2760.16,2025-11-22T07:35:50.621Z
6921682ff8185940d43958f7,Bitcoin,2.47,0.087567,0,0,82170.70828,Bearish,84418,2025-11-22T07:37:19.252Z
69216831f8185940d43958f8,Ethereum,9.68,0.224919,0,0,2966.011746,Bullish,2756.21,2025-11-22T07:37:21.018Z
69216832f8185940d43958f9,Solana,5.27,0.308572,0,0,116.957511,Bearish,127.53,2025-11-22T07:37:22.898Z
6921684df8185940d43958fa,Bitcoin,2.47,0.087567,0,0,82172.423124,Bearish,84418,2025-11-22T07:37:48.979Z
6921684ef8185940d43958fb,Ethereum,9.68,0.224919,0,0,2965.887112,Bullish,2756.21,2025-11-22T07:37:50.505Z
692168a7f8185940d43958fc,Bitcoin,2.47,0.087567,0,0,82156.440658,Bearish,84407,2025-11-22T07:39:18.992Z
692168a8f8185940d43958fd,Ethereum,9.68,0.224919,0,0,2964.830193,Bullish,2754.66,2025-11-22T07:39:20.678Z
692168aaf8185940d43958fe,Solana,5.27,0.308572,0,0,116.913557,Bearish,127.48,2025-11-22T07:39:22.415Z
692168c5f8185940d43958ff,Bitcoin,2.47,0.087567,0,0,82133.987807,Bearish,84387,2025-11-22T07:39:49.207Z
692168c6f8185940d4395900,Ethereum,9.68,0.224919,0,0,2964.528069,Bullish,2754.66,2025-11-22T07:39:50.734Z
6921691ff8185940d4395901,Bitcoin,2.47,0.087567,0,0,82157.08255,Bearish,84457,2025-11-22T07:41:19.239Z
69216921f8185940d4395902,Ethereum,9.68,0.224919,0,0,2965.212069,Bullish,2756.46,2025-11-22T07:41:20.942Z
69216922f8185940d4395903,Solana,5.27,0.308572,0,0,116.942478,Bearish,127.58,2025-11-22T07:41:22.624Z
6921693df8185940d4395904,Bitcoin,2.47,0.087567,0,0,82148.273956,Bearish,84457,2025-11-22T07:41:48.996Z
6921693ef8185940d4395905,Ethereum,9.68,0.224919,0,0,2965.039217,Bullish,2756.46,2025-11-22T07:41:50.474Z
69216997f8185940d4395906,Bitcoin,2.47,0.087567,0,0,82167.943648,Bearish,84488,2025-11-22T07:43:19.071Z
69216998f8185940d4395907,Ethereum,9.68,0.224919,0,0,2964.827294,Bullish,2756.03,2025-11-22T07:43:20.786Z
6921699af8185940d4395908,Solana,5.27,0.308572,0,0,116.957432,Bearish,127.64,2025-11-22T07:43:22.651Z
692169b5f8185940d4395909,Bitcoin,2.47,0.087567,0,0,82172.895865,Bearish,84483,2025-11-22T07:43:49.267Z
692169b6f8185940d439590a,Ethereum,9.68,0.224919,0,0,2964.824852,Bullish,2756.03,2025-11-22T07:43:50.731Z
69216a0ff8185940d439590b,Bitcoin,2.47,0.087567,0,0,82205.513593,Bearish,84529,2025-11-22T07:45:19.279Z
69216a11f8185940d439590c,Ethereum,9.68,0.224919,0,0,2966.09016,Bullish,2758.26,2025-11-22T07:45:20.989Z
69216a12f8185940d439590d,Solana,5.27,0.308572,0,0,116.964871,Bearish,127.67,2025-11-22T07:45:22.653Z
69216a2df8185940d439590e,Bitcoin,2.47,0.087567,0,0,82221.408124,Bearish,84529,2025-11-22T07:45:49.081Z
69216a2ef8185940d439590f,Ethereum,9.68,0.224919,0,0,2966.273876,Bullish,2758.26,2025-11-22T07:45:50.569Z
69216a87f8185940d4395910,Bitcoin,2.47,0.087567,0,0,82234.296477,Bearish,84538,2025-11-22T07:47:19.099Z
69216a88f8185940d4395911,Ethereum,9.68,0.224919,0,0,2965.985774,Bullish,2757.54,2025-11-22T07:47:20.763Z
69216a8af8185940d4395912,Solana,5.27,0.308572,0,0,116.986959,Bearish,127.72,2025-11-22T07:47:22.415Z
69216aa5f8185940d4395913,Bitcoin,2.45,0.085451,0,0,82238.736068,Bearish,84528,2025-11-22T07:47:49.115Z
69216aa6f8185940d4395914,Ethereum,9.65,0.222563,0,0,2966.043757,Bullish,2757.54,2025-11-22T07:47:50.577Z
69216afff8185940d4395915,Bitcoin,2.45,0.085451,0,0,82262.219167,Bearish,84564,2025-11-22T07:49:19.365Z
69216b01f8185940d4395916,Ethereum,9.65,0.222563,0,0,2966.402045,Bullish,2758.07,2025-11-22T07:49:21.023Z
69216b02f8185940d4395917,Solana,5.28,0.30959,0,0,117.053966,Bearish,127.83,2025-11-22T07:49:22.858Z
69216b1df8185940d4395918,Bitcoin,2.45,0.085451,0,0,82271.082449,Bearish,84564,2025-11-22T07:49:49.139Z
69216b1ef8185940d4395919,Ethereum,9.65,0.222563,0,0,2966.499213,Bullish,2758.07,2025-11-22T07:49:50.607Z
69216b77f8185940d439591a,Bitcoin,2.45,0.085451,0,0,82273.445185,Bearish,84561,2025-11-22T07:51:19.153Z
69216b78f8185940d439591b,Ethereum,9.65,0.222563,0,0,2965.01429,Bullish,2755.32,2025-11-22T07:51:20.826Z
69216b7af8185940d439591c,Solana,5.28,0.30959,0,0,117.033251,Bearish,127.74,2025-11-22T07:51:22.475Z
69216b95f8185940d439591d,Bitcoin,2.45,0.085451,0,0,82251.959543,Bearish,84511,2025-11-22T07:51:49.428Z
69216b96f8185940d439591e,Ethereum,9.65,0.222563,0,0,2964.859383,Bullish,2755.32,2025-11-22T07:51:50.862Z
69216beff8185940d439591f,Bitcoin,2.45,0.085451,0,0,82251.831182,Bearish,84514,2025-11-22T07:53:19.423Z
69216bf1f8185940d4395920,Ethereum,9.65,0.222563,0,0,2965.15127,Bullish,2756.09,2025-11-22T07:53:21.104Z
69216bf2f8185940d4395921,Solana,5.28,0.30959,0,0,117.051466,Bearish,127.75,2025-11-22T07:53:22.774Z
69216c0df8185940d4395922,Bitcoin,2.45,0.085451,0,0,82250.588994,Bearish,84514,2025-11-22T07:53:49.238Z
69216c0ef8185940d4395923,Ethereum,9.65,0.222563,0,0,2965.073389,Bullish,2756.09,2025-11-22T07:53:50.689Z
69216c6ccee9689141455d6e,Bitcoin,1.07,0.085451,0,0,76832.23461,Bearish,84508,2025-11-22T07:55:24.626Z
69216c6ecee9689141455d6f,Ethereum,11.06,0.222563,0,0,3007.614049,Bullish,2755.42,2025-11-22T07:55:26.436Z
69216c70cee9689141455d70,Solana,5.92,0.30959,0,0,114.239277,Bearish,127.73,2025-11-22T07:55:28.349Z
69216c8acee9689141455d71,Bitcoin,1.07,0.085451,0,0,76827.183829,Bearish,84508,2025-11-22T07:55:54.273Z
69216c8bcee9689141455d72,Ethereum,11.06,0.222563,0,0,3007.519933,Bullish,2755.42,2025-11-22T07:55:55.744Z
69216ce4cee9689141455d73,Bitcoin,1.07,0.085451,0,0,76828.190153,Bearish,84520,2025-11-22T07:57:24.515Z
69216ce6cee9689141455d74,Ethereum,11.06,0.222563,0,0,3007.652368,Bullish,2755.66,2025-11-22T07:57:26.212Z
69216ce8cee9689141455d75,Solana,5.92,0.30959,0,0,114.207979,Bearish,127.66,2025-11-22T07:57:28.421Z
69216d02cee9689141455d76,Bitcoin,1.07,0.085451,0,0,76828.580778,Bearish,84520,2025-11-22T07:57:54.284Z
69216d03cee9689141455d77,Ethereum,11.06,0.222563,0,0,3007.66433,Bullish,2755.66,2025-11-22T07:57:55.773Z
69216d5ccee9689141455d78,Bitcoin,1.07,0.085451,0,0,76825.864726,Bearish,84514,2025-11-22T07:59:24.553Z
69216d5ecee9689141455d79,Ethereum,11.06,0.222563,0,0,3007.584258,Bullish,2755.54,2025-11-22T07:59:26.252Z
69216d60cee9689141455d7a,Solana,5.92,0.30959,0,0,114.199515,Bearish,127.65,2025-11-22T07:59:27.963Z
69216d7acee9689141455d7b,Bitcoin,1.07,0.085451,0,0,76825.985819,Bearish,84514,2025-11-22T07:59:54.354Z
69216dd4cee9689141455d7c,Bitcoin,1.07,0.085451,0,0,76836.175846,Bearish,84533,2025-11-22T08:01:24.553Z
69216dd6cee9689141455d7d,Ethereum,11.06,0.222563,0,0,3006.879789,Bullish,2754.28,2025-11-22T08:01:26.285Z
69216dd8cee9689141455d7e,Solana,5.92,0.30959,0,0,114.185753,Bearish,127.64,2025-11-22T08:01:27.971Z
69216df2cee9689141455d7f,Bitcoin,1.07,0.085451,0,0,76837.793033,Bearish,84533,2025-11-22T08:01:54.373Z
69216df4cee9689141455d80,Ethereum,11.06,0.222563,0,0,3006.825102,Bullish,2754.28,2025-11-22T08:01:56.018Z
69216e4ccee9689141455d81,Bitcoin,1.07,0.085451,0,0,76806.130196,Bearish,84468,2025-11-22T08:03:24.613Z
69216e4ecee9689141455d82,Ethereum,11.06,0.222563,0,0,3005.735837,Bullish,2752.36,2025-11-22T08:03:26.340Z
69216e50cee9689141455d83,Solana,5.92,0.30959,0,0,114.122295,Bearish,127.52,2025-11-22T08:03:28.046Z
69216e6acee9689141455d84,Bitcoin,1.07,0.085451,0,0,76803.860665,Bearish,84468,2025-11-22T08:03:54.476Z
69216e6ccee9689141455d85,Ethereum,11.06,0.222563,0,0,3005.595823,Bullish,2752.36,2025-11-22T08:03:55.975Z
69216ec4cee9689141455d86,Bitcoin,1.07,0.085451,0,0,76774.142752,Bearish,84414,2025-11-22T08:05:24.638Z
69216ec6cee9689141455d87,Ethereum,11.06,0.222563,0,0,3003.249877,Bullish,2748.27,2025-11-22T08:05:26.344Z
69216ec8cee9689141455d88,Solana,5.92,0.30959,0,0,114.061421,Bearish,127.42,2025-11-22T08:05:28.055Z
69216ee2cee9689141455d89,Bitcoin,1.07,0.085451,0,0,76767.838065,Bearish,84414,2025-11-22T08:05:54.781Z
69216ee4cee9689141455d8a,Ethereum,11.06,0.222563,0,0,3002.946898,Bullish,2748.27,2025-11-22T08:05:56.297Z
69216f3ccee9689141455d8b,Bitcoin,1.07,0.085451,0,0,76752.436108,Bearish,84403,2025-11-22T08:07:24.452Z
69216f3ecee9689141455d8c,Ethereum,11.06,0.222563,0,0,3001.703498,Bullish,2746.39,2025-11-22T08:07:26.154Z
69216f40cee9689141455d8d,Solana,5.92,0.30959,0,0,113.996866,Bearish,127.32,2025-11-22T08:07:28.014Z
69216f5acee9689141455d8e,Bitcoin,1.07,0.085451,0,0,76741.08064,Bearish,84403,2025-11-22T08:07:54.486Z
69216f5ccee9689141455d8f,Ethereum,11.06,0.222563,0,0,3001.401862,Bullish,2746.39,2025-11-22T08:07:55.981Z
69216fb4cee9689141455d90,Bitcoin,1.07,0.085451,0,0,76744.209267,Bearish,84421,2025-11-22T08:09:24.808Z
69216fb6cee9689141455d91,Ethereum,11.06,0.222563,0,0,3001.361086,Bullish,2746.7,2025-11-22T08:09:26.509Z
69216fb8cee9689141455d92,Solana,5.92,0.30959,0,0,113.935449,Bearish,127.23,2025-11-22T08:09:28.222Z
69216fd2cee9689141455d93,Bitcoin,1.07,0.085451,0,0,76738.974892,Bearish,84421,2025-11-22T08:09:54.498Z
69216fd4cee9689141455d94,Ethereum,11.06,0.222563,0,0,3001.170656,Bullish,2746.7,2025-11-22T08:09:55.986Z
6921702ccee9689141455d95,Bitcoin,1.07,0.085451,0,0,76742.198757,Bearish,84427,2025-11-22T08:11:24.755Z
6921702ecee9689141455d96,Ethereum,11.06,0.222563,0,0,3000.585722,Bullish,2745.72,2025-11-22T08:11:26.557Z
69217031cee9689141455d97,Solana,5.92,0.30959,0,0,113.879832,Bearish,127.16,2025-11-22T08:11:29.125Z
6921704acee9689141455d98,Bitcoin,1.07,0.085451,0,0,76742.940945,Bearish,84427,2025-11-22T08:11:54.625Z
6921704ccee9689141455d99,Ethereum,11.06,0.222563,0,0,3000.489286,Bullish,2745.72,2025-11-22T08:11:56.141Z
692170a4cee9689141455d9a,Bitcoin,1.07,0.085451,0,0,76746.052025,Bearish,84429,2025-11-22T08:13:24.825Z
692170a6cee9689141455d9b,Ethereum,11.06,0.222563,0,0,2999.466698,Bullish,2743.89,2025-11-22T08:13:26.598Z
692170a8cee9689141455d9c,Solana,5.92,0.30959,0,0,113.83122,Bearish,127.11,2025-11-22T08:13:28.439Z
692170c2cee9689141455d9d,Bitcoin,1.07,0.085451,0,0,76748.391868,Bearish,84429,2025-11-22T08:13:54.637Z
692170c4cee9689141455d9e,Ethereum,11.06,0.222563,0,0,2999.355859,Bullish,2743.89,2025-11-22T08:13:56.154Z
6921711ccee9689141455d9f,Bitcoin,1.07,0.085451,0,0,76753.086189,Bearish,84437,2025-11-22T08:15:24.894Z
6921711ecee9689141455da0,Ethereum,11.06,0.222563,0,0,2999.323209,Bullish,2744.02,2025-11-22T08:15:26.614Z
69217120cee9689141455da1,Solana,5.92,0.30959,0,0,113.810506,Bearish,127.11,2025-11-22T08:15:28.346Z
6921713acee9689141455da2,Bitcoin,1.07,0.085451,0,0,76754.242439,Bearish,84437,2025-11-22T08:15:54.644Z
6921713ccee9689141455da3,Ethereum,11.06,0.222563,0,0,2999.229703,Bullish,2744.02,2025-11-22T08:15:56.172Z
69217194cee9689141455da4,Bitcoin,1.07,0.085451,0,0,76759.977527,Bearish,84447,2025-11-22T08:17:24.918Z
69217196cee9689141455da5,Ethereum,11.06,0.222563,0,0,2999.165057,Bullish,2744.01,2025-11-22T08:17:26.700Z
69217198cee9689141455da6,Solana,5.92,0.30959,0,0,113.799992,Bearish,127.12,2025-11-22T08:17:28.529Z
692171b2cee9689141455da7,Bitcoin,1.07,0.085451,0,0,76761.344714,Bearish,84447,2025-11-22T08:17:54.710Z
692171b4cee9689141455da8,Ethereum,11.06,0.222563,0,0,2999.10866,Bullish,2744.01,2025-11-22T08:17:56.224Z
6921720ccee9689141455da9,Bitcoin,1.07,0.085451,0,0,76771.778029,Bearish,84465,2025-11-22T08:19:24.702Z
6921720ecee9689141455daa,Ethereum,11.06,0.222563,0,0,2998.917027,Bullish,2743.65,2025-11-22T08:19:26.217Z
69217210cee9689141455dab,Solana,5.92,0.30959,0,0,113.775562,Bearish,127.09,2025-11-22T08:19:28.035Z
6921722bcee9689141455dac,Bitcoin,1.07,0.085451,0,0,76680.500562,Bearish,84277,2025-11-22T08:19:55.000Z
6921722ccee9689141455dad,Ethereum,11.06,0.222563,0,0,2996.988687,Bullish,2740.13,2025-11-22T08:19:56.809Z
69217285cee9689141455dae,Bitcoin,1.07,0.085451,0,0,76647.284355,Bearish,84225,2025-11-22T08:21:24.960Z
69217286cee9689141455daf,Ethereum,11.06,0.222563,0,0,2992.854867,Bullish,2732.86,2025-11-22T08:21:26.709Z
69217288cee9689141455db0,Solana,5.92,0.30959,0,0,113.646996,Bearish,126.84,2025-11-22T08:21:28.552Z
692172a2cee9689141455db1,Bitcoin,1.07,0.085451,0,0,76633.936699,Bearish,84225,2025-11-22T08:21:54.853Z
692172a4cee9689141455db2,Ethereum,11.06,0.222563,0,0,2992.386239,Bullish,2732.86,2025-11-22T08:21:56.382Z
692172fdcee9689141455db3,Bitcoin,1.08,0.085912,0,0,76605.324193,Bearish,84203,2025-11-22T08:23:25.006Z
692172fecee9689141455db4,Ethereum,11.07,0.223266,0,0,2991.928417,Bullish,2732.8,2025-11-22T08:23:26.818Z
69217300cee9689141455db5,Solana,5.94,0.311185,0,0,113.576033,Bearish,126.73,2025-11-22T08:23:28.576Z
6921731acee9689141455db6,Bitcoin,1.08,0.085912,0,0,76583.949193,Bearish,84203,2025-11-22T08:23:54.769Z
6921731ccee9689141455db7,Ethereum,11.07,0.223266,0,0,2991.529736,Bullish,2732.8,2025-11-22T08:23:56.307Z
69217375cee9689141455db8,Bitcoin,1.08,0.085912,0,0,76576.34146,Bearish,84237,2025-11-22T08:25:25.036Z
69217376cee9689141455db9,Ethereum,11.07,0.223266,0,0,2990.328728,Bullish,2731.27,2025-11-22T08:25:26.823Z
69217378cee9689141455dba,Solana,5.94,0.311185,0,0,113.469103,Bearish,126.55,2025-11-22T08:25:28.619Z
69217392cee9689141455dbb,Bitcoin,1.08,0.085912,0,0,76571.208648,Bearish,84237,2025-11-22T08:25:54.803Z
69217394cee9689141455dbc,Ethereum,11.07,0.223266,0,0,2990.021599,Bullish,2731.27,2025-11-22T08:25:56.342Z
692173edcee9689141455dbd,Bitcoin,1.08,0.085912,0,0,76584.999245,Bearish,84264,2025-11-22T08:27:25.114Z
692173eecee9689141455dbe,Ethereum,11.07,0.223266,0,0,2988.80531,Bullish,2729.15,2025-11-22T08:27:26.888Z
692173f0cee9689141455dbf,Solana,5.94,0.311185,0,0,113.381502,Bearish,126.43,2025-11-22T08:27:28.707Z
6921740acee9689141455dc0,Bitcoin,1.08,0.085912,0,0,76587.069557,Bearish,84264,2025-11-22T08:27:54.810Z
6921740ccee9689141455dc1,Ethereum,11.07,0.223266,0,0,2988.654553,Bullish,2729.15,2025-11-22T08:27:56.343Z
69217465cee9689141455dc2,Bitcoin,1.08,0.085912,0,0,76555.236938,Bearish,84190,2025-11-22T08:29:25.094Z
69217466cee9689141455dc3,Ethereum,7.5,0.223266,0,0,2938.936491,Bullish,2727.5,2025-11-22T08:29:26.843Z
69217468cee9689141455dc4,Solana,5.94,0.311185,0,0,113.263794,Bearish,126.26,2025-11-22T08:29:28.612Z
69217482cee9689141455dc5,Bitcoin,1.08,0.085912,0,0,76557.029906,Bearish,84190,2025-11-22T08:29:54.817Z
69217484cee9689141455dc6,Ethereum,7.5,0.223266,0,0,2938.737883,Bullish,2727.5,2025-11-22T08:29:56.359Z
692174ddcee9689141455dc7,Bitcoin,1.08,0.085912,0,0,76548.893575,Bearish,84179,2025-11-22T08:31:25.141Z
692174decee9689141455dc8,Ethereum,7.5,0.223266,0,0,2938.662737,Bullish,2727.62,2025-11-22T08:31:26.904Z
692174e0cee9689141455dc9,Solana,5.94,0.311185,0,0,113.207027,Bearish,126.23,2025-11-22T08:31:28.746Z
692174facee9689141455dca,Bitcoin,1.08,0.085912,0,0,76544.780294,Bearish,84179,2025-11-22T08:31:54.874Z
692174fccee9689141455dcb,Ethereum,7.5,0.223266,0,0,2938.545062,Bullish,2727.62,2025-11-22T08:31:56.390Z
69217555cee9689141455dcc,Bitcoin,1.08,0.085912,0,0,76498.650195,Bearish,84102,2025-11-22T08:33:25.140Z
69217556cee9689141455dcd,Ethereum,7.5,0.223266,0,0,2937.90381,Bullish,2726.5,2025-11-22T08:33:26.884Z
69217558cee9689141455dce,Solana,5.94,0.311185,0,0,113.166941,Bearish,126.21,2025-11-22T08:33:28.631Z
69217572cee9689141455dcf,Bitcoin,1.08,0.085912,0,0,76486.724413,Bearish,84102,2025-11-22T08:33:54.881Z
69217574cee9689141455dd0,Ethereum,7.5,0.223266,0,0,2937.807863,Bullish,2726.5,2025-11-22T08:33:56.409Z
692175cdcee9689141455dd1,Bitcoin,1.08,0.085912,0,0,76460.837648,Bearish,84063,2025-11-22T08:35:24.943Z
692175cfcee9689141455dd2,Ethereum,7.5,0.223266,0,0,2935.120244,Bullish,2721.47,2025-11-22T08:35:27.103Z
692175d1cee9689141455dd3,Solana,5.94,0.311185,0,0,113.024439,Bearish,125.97,2025-11-22T08:35:29.141Z
692175ebcee9689141455dd4,Bitcoin,1.08,0.085912,0,0,76424.471298,Bearish,84009,2025-11-22T08:35:55.177Z
692175eccee9689141455dd5,Ethereum,7.5,0.223266,0,0,2934.866949,Bullish,2721.47,2025-11-22T08:35:56.677Z
69217645cee9689141455dd6,Bitcoin,1.08,0.085912,0,0,76440.739496,Bearish,84067,2025-11-22T08:37:25.202Z
69217647cee9689141455dd7,Ethereum,11.07,0.223266,0,0,2987.852164,Bullish,2730.01,2025-11-22T08:37:26.950Z
69217648cee9689141455dd8,Solana,5.94,0.311185,0,0,112.989291,Bearish,125.96,2025-11-22T08:37:28.684Z
69217663cee9689141455dd9,Bitcoin,1.08,0.085912,0,0,76429.227777,Bearish,84067,2025-11-22T08:37:54.945Z
69217664cee9689141455dda,Ethereum,11.07,0.223266,0,0,2988.014152,Bullish,2730.01,2025-11-22T08:37:56.479Z
692176bdcee9689141455ddb,Bitcoin,1.08,0.085912,0,0,76398.707983,Bearish,84014,2025-11-22T08:39:25.253Z
692176bfcee9689141455ddc,Ethereum,7.5,0.223266,0,0,2938.144039,Bullish,2727.52,2025-11-22T08:39:27.074Z
692176c0cee9689141455ddd,Solana,5.94,0.311185,0,0,112.951751,Bearish,125.93,2025-11-22T08:39:28.882Z
692176dbcee9689141455dde,Bitcoin,1.08,0.085912,0,0,76392.051733,Bearish,84014,2025-11-22T08:39:55.019Z
692176dccee9689141455ddf,Ethereum,7.5,0.223266,0,0,2938.178097,Bullish,2727.52,2025-11-22T08:39:56.550Z
69217735cee9689141455de0,Bitcoin,1.08,0.085912,0,0,76348.168223,Bearish,83933,2025-11-22T08:41:25.010Z
69217736cee9689141455de1,Ethereum,7.5,0.223266,0,0,2936.238829,Bullish,2723.47,2025-11-22T08:41:26.766Z
69217738cee9689141455de2,Solana,5.94,0.311185,0,0,112.85238,Bearish,125.76,2025-11-22T08:41:28.628Z
69217753cee9689141455de3,Bitcoin,1.08,0.085912,0,0,76345.261973,Bearish,83933,2025-11-22T08:41:55.018Z
69217754cee9689141455de4,Ethereum,7.5,0.223266,0,0,2936.235533,Bullish,2723.47,2025-11-22T08:41:56.575Z
692177adcee9689141455de5,Bitcoin,1.08,0.085912,0,0,76334.134168,Bearish,83932,2025-11-22T08:43:25.259Z
692177afcee9689141455de6,Ethereum,7.5,0.223266,0,0,2936.089321,Bullish,2723.66,2025-11-22T08:43:27.046Z
692177b0cee9689141455de7,Solana,5.94,0.311185,0,0,112.784207,Bearish,125.67,2025-11-22T08:43:28.817Z
692177cbcee9689141455de8,Bitcoin,1.08,0.085912,0,0,76322.263074,Bearish,83932,2025-11-22T08:43:55.020Z
692177cccee9689141455de9,Ethereum,7.5,0.223266,0,0,2935.880459,Bullish,2723.66,2025-11-22T08:43:56.555Z
69217825cee9689141455dea,Bitcoin,1.08,0.085912,0,0,76315.616342,Bearish,83934,2025-11-22T08:45:25.081Z
69217826cee9689141455deb,Ethereum,7.5,0.223266,0,0,2936.587202,Bullish,2725.25,2025-11-22T08:45:26.873Z
69217828cee9689141455dec,Solana,5.94,0.311185,0,0,112.728142,Bearish,125.61,2025-11-22T08:45:28.618Z
69217843cee9689141455ded,Bitcoin,1.08,0.085912,0,0,76334.300199,Bearish,83987,2025-11-22T08:45:55.326Z
69217844cee9689141455dee,Ethereum,7.5,0.223266,0,0,2936.538984,Bullish,2725.25,2025-11-22T08:45:56.891Z
6921789dcee9689141455def,Bitcoin,1.08,0.085912,0,0,76320.555268,Bearish,83954,2025-11-22T08:47:25.294Z
6921789fcee9689141455df0,Ethereum,7.5,0.223266,0,0,2937.77225,Bullish,2727.46,2025-11-22T08:47:27.034Z
692178a0cee9689141455df1,Solana,5.94,0.311185,0,0,112.719538,Bearish,125.63,2025-11-22T08:47:28.849Z
692178bbcee9689141455df2,Bitcoin,1.08,0.085912,0,0,76322.668549,Bearish,83954,2025-11-22T08:47:55.080Z
692178bccee9689141455df3,Ethereum,7.5,0.223266,0,0,2937.930575,Bullish,2727.46,2025-11-22T08:47:56.606Z
69217915cee9689141455df4,Bitcoin,1.08,0.085912,0,0,76339.912875,Bearish,83984,2025-11-22T08:49:25.389Z
69217917cee9689141455df5,Ethereum,11.07,0.223266,0,0,2989.959773,Bullish,2733.35,2025-11-22T08:49:27.219Z
69217919cee9689141455df6,Solana,5.94,0.311185,0,0,112.727607,Bearish,125.68,2025-11-22T08:49:28.986Z
69217933cee9689141455df7,Bitcoin,1.08,0.085912,0,0,76343.830844,Bearish,83984,2025-11-22T08:49:55.140Z
69217934cee9689141455df8,Ethereum,11.07,0.223266,0,0,2990.345271,Bullish,2733.35,2025-11-22T08:49:56.663Z
6921798dcee9689141455df9,Bitcoin,1.08,0.085912,0,0,76322.987435,Bearish,83934,2025-11-22T08:51:25.416Z
6921798fcee9689141455dfa,Ethereum,11.07,0.223266,0,0,2989.824876,Bullish,2731.83,2025-11-22T08:51:27.198Z
69217991cee9689141455dfb,Solana,5.94,0.311185,0,0,112.710858,Bearish,125.67,2025-11-22T08:51:28.950Z
692179abcee9689141455dfc,Bitcoin,1.08,0.085912,0,0,76319.792123,Bearish,83934,2025-11-22T08:51:55.189Z
692179accee9689141455dfd,Ethereum,11.07,0.223266,0,0,2990.037401,Bullish,2731.83,2025-11-22T08:51:56.733Z
69217a05cee9689141455dfe,Bitcoin,1.08,0.085912,0,0,76320.597415,Bearish,83937,2025-11-22T08:53:25.512Z
69217a07cee9689141455dff,Ethereum,11.07,0.223266,0,0,2991.159996,Bullish,2733.63,2025-11-22T08:53:27.357Z
69217a09cee9689141455e00,Solana,5.94,0.311185,0,0,112.725853,Bearish,125.71,2025-11-22T08:53:29.121Z
69217a23cee9689141455e01,Bitcoin,1.08,0.085912,0,0,76319.476321,Bearish,83937,2025-11-22T08:53:55.515Z
69217a25cee9689141455e02,Ethereum,11.07,0.223266,0,0,2991.369835,Bullish,2733.63,2025-11-22T08:53:57.155Z
69217a7dcee9689141455e03,Bitcoin,1.08,0.085912,0,0,76347.942746,Bearish,84003,2025-11-22T08:55:25.482Z
69217a7fcee9689141455e04,Ethereum,11.07,0.223266,0,0,2992.009002,Bullish,2734.77,2025-11-22T08:55:27.233Z
69217a81cee9689141455e05,Solana,5.94,0.311185,0,0,112.791415,Bearish,125.84,2025-11-22T08:55:28.997Z
69217a9bcee9689141455e06,Bitcoin,1.08,0.085912,0,0,76346.716183,Bearish,84003,2025-11-22T08:55:55.262Z
69217a9ccee9689141455e07,Ethereum,11.07,0.223266,0,0,2992.074676,Bullish,2734.77,2025-11-22T08:55:56.808Z
69217af5cee9689141455e08,Bitcoin,1.06,0.084136,0,0,76369.072194,Bearish,84038,2025-11-22T08:57:25.320Z
69217af7cee9689141455e09,Ethereum,11.01,0.217773,0,0,2991.47173,Bullish,2733.47,2025-11-22T08:57:27.158Z
69217af8cee9689141455e0a,Solana,5.92,0.309714,0,0,112.823049,Bearish,125.88,2025-11-22T08:57:28.908Z
69217b13cee9689141455e0b,Bitcoin,1.06,0.084136,0,0,76399.548911,Bearish,84084,2025-11-22T08:57:55.555Z
69217b15cee9689141455e0c,Ethereum,11.01,0.217773,0,0,2991.515065,Bullish,2733.47,2025-11-22T08:57:57.095Z
69217b6dcee9689141455e0d,Bitcoin,1.06,0.084136,0,0,76400.005617,Bearish,84063,2025-11-22T08:59:25.563Z
69217b6fcee9689141455e0e,Ethereum,11.01,0.217773,0,0,2989.893909,Bullish,2730.51,2025-11-22T08:59:27.303Z
69217b71cee9689141455e0f,Solana,5.92,0.309714,0,0,112.82097,Bearish,125.85,2025-11-22T08:59:29.114Z
69217b8bcee9689141455e10,Bitcoin,1.06,0.084136,0,0,76411.411867,Bearish,84063,2025-11-22T08:59:55.322Z
69217b8ccee9689141455e11,Ethereum,11.01,0.217773,0,0,2989.753284,Bullish,2730.51,2025-11-22T08:59:56.822Z
69217be5cee9689141455e12,Bitcoin,1.06,0.084136,0,0,76371.142027,Bearish,83971,2025-11-22T09:01:25.736Z
69217be7cee9689141455e13,Ethereum,11.01,0.217773,0,0,2988.67707,Bullish,2728.83,2025-11-22T09:01:27.524Z
69217be9cee9689141455e14,Solana,5.92,0.309714,0,0,112.829305,Bearish,125.85,2025-11-22T09:01:29.323Z
69217c03cee9689141455e15,Bitcoin,1.06,0.084136,0,0,76372.438902,Bearish,83971,2025-11-22T09:01:55.410Z
69217c06cee9689141455e16,Ethereum,11.01,0.217773,0,0,2988.453681,Bullish,2728.83,2025-11-22T09:01:58.771Z
69217c5dcee9689141455e17,Bitcoin,1.06,0.084136,0,0,76352.493651,Bearish,83939,2025-11-22T09:03:25.651Z
69217c5fcee9689141455e18,Ethereum,11.01,0.217773,0,0,2989.939539,Bullish,2731.87,2025-11-22T09:03:27.384Z
69217c61cee9689141455e19,Solana,5.92,0.309714,0,0,112.877124,Bearish,125.93,2025-11-22T09:03:29.126Z
69217c7bcee9689141455e1a,Bitcoin,1.06,0.084136,0,0,76341.216307,Bearish,83939,2025-11-22T09:03:55.386Z
69217c7ccee9689141455e1b,Ethereum,11.01,0.217773,0,0,2989.918665,Bullish,2731.87,2025-11-22T09:03:56.903Z
69217cd5cee9689141455e1c,Bitcoin,1.06,0.084136,0,0,76341.348345,Bearish,83961,2025-11-22T09:05:25.511Z
69217cd7cee9689141455e1d,Ethereum,11.01,0.217773,0,0,2990.20428,Bullish,2732.28,2025-11-22T09:05:27.251Z
69217cd9cee9689141455e1e,Solana,5.92,0.309714,0,0,112.917503,Bearish,125.99,2025-11-22T09:05:29.075Z
69217cf3cee9689141455e1f,Bitcoin,1.06,0.084136,0,0,76350.414797,Bearish,84000,2025-11-22T09:05:55.740Z
69217cf5cee9689141455e20,Ethereum,11.01,0.217773,0,0,2990.279964,Bullish,2732.28,2025-11-22T09:05:57.255Z
69217d4dcee9689141455e21,Bitcoin,1.06,0.084136,0,0,76380.860481,Bearish,84060,2025-11-22T09:07:25.632Z
69217d4fcee9689141455e22,Ethereum,11.01,0.217773,0,0,2990.20503,Bullish,2731.92,2025-11-22T09:07:27.443Z
69217d51cee9689141455e23,Solana,5.92,0.309714,0,0,112.983516,Bearish,126.11,2025-11-22T09:07:29.196Z
69217d6bcee9689141455e24,Bitcoin,1.06,0.084136,0,0,76385.368294,Bearish,84060,2025-11-22T09:07:55.553Z
69217d6dcee9689141455e25,Ethereum,11.01,0.217773,0,0,2990.298291,Bullish,2731.92,2025-11-22T09:07:57.103Z
69217dc5cee9689141455e26,Bitcoin,1.06,0.084136,0,0,76377.399002,Bearish,84025,2025-11-22T09:09:25.757Z
69217dc7cee9689141455e27,Ethereum,11.01,0.217773,0,0,2989.748545,Bullish,2730.91,2025-11-22T09:09:27.663Z
69217dc9cee9689141455e28,Solana,5.92,0.309714,0,0,113.005513,Bearish,126.13,2025-11-22T09:09:29.387Z
69217de3cee9689141455e29,Bitcoin,1.06,0.084136,0,0,76386.371658,Bearish,84025,2025-11-22T09:09:55.563Z
69217de5cee9689141455e2a,Ethereum,11.01,0.217773,0,0,2989.704355,Bullish,2730.91,2025-11-22T09:09:57.079Z
69217e3dcee9689141455e2b,Bitcoin,1.06,0.084136,0,0,76429.705378,Bearish,84098,2025-11-22T09:11:25.827Z
69217e3fcee9689141455e2c,Ethereum,11.01,0.217773,0,0,2991.00156,Bullish,2733.39,2025-11-22T09:11:27.565Z
69217e41cee9689141455e2d,Solana,5.92,0.309714,0,0,113.077794,Bearish,126.25,2025-11-22T09:11:29.300Z
69217e5bcee9689141455e2e,Bitcoin,1.06,0.084136,0,0,76436.244441,Bearish,84098,2025-11-22T09:11:55.605Z
69217e5dcee9689141455e2f,Ethereum,11.01,0.217773,0,0,2991.063084,Bullish,2733.39,2025-11-22T09:11:57.147Z
69217eb5cee9689141455e30,Bitcoin,1.06,0.084136,0,0,76471.003834,Bearish,84164,2025-11-22T09:13:25.842Z
69217eb7cee9689141455e31,Ethereum,11.01,0.217773,0,0,2991.507366,Bullish,2734.09,2025-11-22T09:13:27.570Z
69217eb9cee9689141455e32,Solana,5.92,0.309714,0,0,113.147034,Bearish,126.35,2025-11-22T09:13:29.320Z
69217ed3cee9689141455e33,Bitcoin,1.06,0.084136,0,0,76477.031178,Bearish,84164,2025-11-22T09:13:55.638Z
69217ed5cee9689141455e34,Ethereum,11.01,0.217773,0,0,2991.595745,Bullish,2734.09,2025-11-22T09:13:57.205Z
69217f2dcee9689141455e35,Bitcoin,1.06,0.084136,0,0,76539.867037,Bearish,84267,2025-11-22T09:15:25.886Z
69217f2fcee9689141455e36,Ethereum,11.01,0.217773,0,0,2993.003326,Bullish,2736.47,2025-11-22T09:15:27.698Z
69217f31cee9689141455e37,Solana,5.92,0.309714,0,0,113.226689,Bearish,126.47,2025-11-22T09:15:29.452Z
69217f4bcee9689141455e38,Bitcoin,1.06,0.084136,0,0,76557.570162,Bearish,84267,2025-11-22T09:15:55.665Z
69217f4dcee9689141455e39,Ethereum,11.01,0.217773,0,0,2993.214264,Bullish,2736.47,2025-11-22T09:15:57.176Z
69217fa5cee9689141455e3a,Bitcoin,1.06,0.084136,0,0,76570.972506,Bearish,84267,2025-11-22T09:17:25.705Z
69217fa7cee9689141455e3b,Ethereum,11.01,0.217773,0,0,2991.961647,Bullish,2733.96,2025-11-22T09:17:27.213Z
69217fa8cee9689141455e3c,Solana,5.92,0.309714,0,0,113.251195,Bearish,126.47,2025-11-22T09:17:28.905Z
69217fc4cee9689141455e3d,Bitcoin,1.06,0.084136,0,0,76544.493541,Bearish,84184,2025-11-22T09:17:55.988Z
69217fc5cee9689141455e3e,Ethereum,11.01,0.217773,0,0,2991.780968,Bullish,2733.63,2025-11-22T09:17:57.765Z
6921801ecee9689141455e3f,Bitcoin,1.06,0.084136,0,0,76544.478304,Bearish,84173,2025-11-22T09:19:25.989Z
6921801fcee9689141455e40,Ethereum,11.01,0.217773,0,0,2989.718015,Bullish,2729.89,2025-11-22T09:19:27.735Z
69218021cee9689141455e41,Solana,5.92,0.309714,0,0,113.259338,Bearish,126.45,2025-11-22T09:19:29.621Z
6921803bcee9689141455e42,Bitcoin,1.06,0.084136,0,0,76548.048616,Bearish,84173,2025-11-22T09:19:55.774Z
6921803dcee9689141455e43,Ethereum,11.01,0.217773,0,0,2989.52673,Bullish,2729.89,2025-11-22T09:19:57.305Z
69218096cee9689141455e44,Bitcoin,1.06,0.084136,0,0,76495.962974,Bearish,84084,2025-11-22T09:21:26.002Z
69218097cee9689141455e45,Ethereum,7.44,0.217773,0,0,2939.280198,Bullish,2727.47,2025-11-22T09:21:27.726Z
69218099cee9689141455e46,Solana,5.92,0.309714,0,0,113.25078,Bearish,126.4,2025-11-22T09:21:29.242Z
692180b4cee9689141455e47,Bitcoin,1.06,0.084136,0,0,76482.771568,Bearish,84084,2025-11-22T09:21:56.075Z
692180b5cee9689141455e48,Ethereum,7.44,0.217773,0,0,2938.945237,Bullish,2727.47,2025-11-22T09:21:57.867Z
6921810ecee9689141455e49,Bitcoin,1.06,0.084136,0,0,76443.063777,Bearish,84035,2025-11-22T09:23:26.057Z
69218110cee9689141455e4a,Ethereum,7.44,0.217773,0,0,2936.041375,Bullish,2722.4,2025-11-22T09:23:28.039Z
69218111cee9689141455e4b,Solana,5.92,0.309714,0,0,113.141187,Bearish,126.16,2025-11-22T09:23:29.816Z
6921812ccee9689141455e4c,Bitcoin,1.06,0.084136,0,0,76412.673106,Bearish,83996,2025-11-22T09:23:56.289Z
6921812ecee9689141455e4d,Ethereum,7.44,0.217773,0,0,2935.615106,Bullish,2722.4,2025-11-22T09:23:58.073Z
69218186cee9689141455e4e,Bitcoin,1.07,0.085028,0,0,76399.441537,Bearish,83997,2025-11-22T09:25:26.373Z
69218188cee9689141455e4f,Ethereum,7.44,0.217773,0,0,2935.314892,Bullish,2722.37,2025-11-22T09:25:28.381Z
6921818acee9689141455e50,Solana,5.92,0.309714,0,0,113.091121,Bearish,126.08,2025-11-22T09:25:30.154Z
692181a4cee9689141455e51,Bitcoin,1.07,0.085028,0,0,76384.12513,Bearish,83997,2025-11-22T09:25:56.131Z
692181a5cee9689141455e52,Ethereum,7.44,0.217773,0,0,2935.063427,Bullish,2722.37,2025-11-22T09:25:57.914Z
692181e0cee9689141455e53,Solana,5.92,0.309714,0,0,113.056796,Bearish,126.05,2025-11-22T09:26:56.335Z
692181fecee9689141455e54,Bitcoin,1.07,0.085028,0,0,76374.870619,Bearish,83994,2025-11-22T09:27:26.102Z
69218200cee9689141455e55,Ethereum,7.44,0.217773,0,0,2935.006491,Bullish,2722.59,2025-11-22T09:27:28.109Z
69218201cee9689141455e56,Solana,5.92,0.309714,0,0,113.035583,Bearish,126.05,2025-11-22T09:27:29.880Z
6921821ccee9689141455e57,Bitcoin,1.07,0.085028,0,0,76384.904117,Bearish,84031,2025-11-22T09:27:56.085Z
6921821dcee9689141455e58,Ethereum,7.44,0.217773,0,0,2934.85964,Bullish,2722.59,2025-11-22T09:27:57.544Z
69218275cee9689141455e59,Bitcoin,1.07,0.085028,0,0,76389.884803,Bearish,84045,2025-11-22T09:29:25.894Z
69218277cee9689141455e5a,Ethereum,7.44,0.217773,0,0,2934.667202,Bullish,2722.21,2025-11-22T09:29:27.373Z
69218279cee9689141455e5b,Solana,5.92,0.309714,0,0,113.005987,Bearish,126.03,2025-11-22T09:29:29.059Z
69218293cee9689141455e5c,Bitcoin,1.07,0.085028,0,0,76393.029334,Bearish,84045,2025-11-22T09:29:55.888Z
69218295cee9689141455e5d,Ethereum,7.44,0.217773,0,0,2935.015953,Bullish,2722.89,2025-11-22T09:29:57.616Z
692182edcee9689141455e5e,Bitcoin,1.07,0.085028,0,0,76395.801066,Bearish,84043,2025-11-22T09:31:25.914Z
692182efcee9689141455e5f,Ethereum,7.44,0.217773,0,0,2935.579561,Bullish,2723.92,2025-11-22T09:31:27.634Z
692182f1cee9689141455e60,Solana,5.92,0.309714,0,0,112.982932,Bearish,126.02,2025-11-22T09:31:29.318Z
6921830ccee9689141455e61,Bitcoin,1.07,0.085028,0,0,76400.039347,Bearish,84043,2025-11-22T09:31:55.975Z
6921830dcee9689141455e62,Ethereum,7.44,0.217773,0,0,2935.642672,Bullish,2723.92,2025-11-22T09:31:57.472Z
69218366cee9689141455e63,Bitcoin,1.1,0.088284,0,0,76364.358963,Bearish,83962,2025-11-22T09:33:26.197Z
69218367cee9689141455e64,Ethereum,7.46,0.218944,0,0,2934.674563,Bullish,2721.98,2025-11-22T09:33:27.913Z
69218369cee9689141455e65,Solana,5.89,0.305907,0,0,112.961467,Bearish,125.99,2025-11-22T09:33:29.395Z
69218384cee9689141455e66,Bitcoin,1.1,0.088284,0,0,76361.452713,Bearish,83962,2025-11-22T09:33:56.015Z
69218385cee9689141455e67,Ethereum,7.46,0.218944,0,0,2934.638919,Bullish,2721.98,2025-11-22T09:33:57.599Z
692183decee9689141455e68,Bitcoin,1.1,0.088284,0,0,76398.003695,Bearish,84047,2025-11-22T09:35:26.008Z
692183dfcee9689141455e69,Ethereum,7.46,0.218944,0,0,2937.180556,Bullish,2726.85,2025-11-22T09:35:27.849Z
692183e1cee9689141455e6a,Solana,5.89,0.305907,0,0,113.039433,Bearish,126.16,2025-11-22T09:35:29.559Z
692183fccee9689141455e6b,Bitcoin,1.1,0.088284,0,0,76395.370883,Bearish,84047,2025-11-22T09:35:56.023Z
692183fdcee9689141455e6c,Ethereum,7.46,0.218944,0,0,2937.354506,Bullish,2726.85,2025-11-22T09:35:57.533Z
69218456cee9689141455e6d,Bitcoin,1.1,0.088284,0,0,76403.217159,Bearish,84066,2025-11-22T09:37:26.074Z
69218457cee9689141455e6e,Ethereum,11.03,0.218944,0,0,2989.371494,Bullish,2732.76,2025-11-22T09:37:27.814Z
69218459cee9689141455e6f,Solana,5.89,0.305907,0,0,113.196663,Bearish,126.47,2025-11-22T09:37:29.585Z
69218474cee9689141455e70,Bitcoin,1.1,0.088284,0,0,76403.447628,Bearish,84066,2025-11-22T09:37:56.046Z
69218475cee9689141455e71,Ethereum,11.03,0.218944,0,0,2989.742954,Bullish,2732.76,2025-11-22T09:37:57.553Z
692184cecee9689141455e72,Bitcoin,1.1,0.088284,0,0,76447.647931,Bearish,84136,2025-11-22T09:39:26.236Z
692184cfcee9689141455e73,Ethereum,11.03,0.218944,0,0,2990.270774,Bullish,2733,2025-11-22T09:39:27.926Z
692184d1cee9689141455e74,Solana,5.89,0.305907,0,0,113.321458,Bearish,126.68,2025-11-22T09:39:29.615Z
692184eccee9689141455e75,Bitcoin,1.1,0.088284,0,0,76460.929181,Bearish,84136,2025-11-22T09:39:56.053Z
692184edcee9689141455e76,Ethereum,11.03,0.218944,0,0,2990.641624,Bullish,2733,2025-11-22T09:39:57.550Z
69218546cee9689141455e77,Bitcoin,1.1,0.088284,0,0,76459.622572,Bearish,84120,2025-11-22T09:41:26.034Z
69218547cee9689141455e78,Ethereum,11.03,0.218944,0,0,2992.100937,Bullish,2735.29,2025-11-22T09:41:27.718Z
69218549cee9689141455e79,Solana,5.89,0.305907,0,0,113.413335,Bearish,126.8,2025-11-22T09:41:29.425Z
69218564cee9689141455e7a,Bitcoin,1.1,0.088284,0,0,76459.976723,Bearish,84107,2025-11-22T09:41:56.277Z
69218565cee9689141455e7b,Ethereum,11.03,0.218944,0,0,2992.395492,Bullish,2735.29,2025-11-22T09:41:57.724Z
692185becee9689141455e7c,Bitcoin,1.1,0.088284,0,0,76403.892243,Bearish,83985,2025-11-22T09:43:26.280Z
692185c0cee9689141455e7d,Ethereum,11.03,0.218944,0,0,2990.672771,Bullish,2731.95,2025-11-22T09:43:27.949Z
692185c1cee9689141455e7e,Solana,5.89,0.305907,0,0,113.491958,Bearish,126.88,2025-11-22T09:43:29.463Z
692185dccee9689141455e7f,Bitcoin,1.1,0.088284,0,0,76402.243806,Bearish,83985,2025-11-22T09:43:56.126Z
692185ddcee9689141455e80,Ethereum,11.03,0.218944,0,0,2990.616497,Bullish,2731.95,2025-11-22T09:43:57.617Z
69218636cee9689141455e81,Bitcoin,1.1,0.088284,0,0,76339.732165,Bearish,83882,2025-11-22T09:45:26.343Z
69218638cee9689141455e82,Ethereum,11.03,0.218944,0,0,2988.993516,Bullish,2729.06,2025-11-22T09:45:28.027Z
6921863acee9689141455e83,Solana,5.89,0.305907,0,0,113.512365,Bearish,126.83,2025-11-22T09:45:29.979Z
69218654cee9689141455e84,Bitcoin,1.1,0.088284,0,0,76321.642322,Bearish,83882,2025-11-22T09:45:56.148Z
69218655cee9689141455e85,Ethereum,11.03,0.218944,0,0,2988.820176,Bullish,2729.06,2025-11-22T09:45:57.634Z
692186aecee9689141455e86,Bitcoin,1.1,0.088284,0,0,76328.715703,Bearish,83936,2025-11-22T09:47:26.411Z
692186b0cee9689141455e87,Ethereum,11.03,0.218944,0,0,2988.655864,Bullish,2729.18,2025-11-22T09:47:28.094Z
692186b1cee9689141455e88,Solana,5.89,0.305907,0,0,113.535302,Bearish,126.81,2025-11-22T09:47:29.848Z
692186cccee9689141455e89,Bitcoin,1.1,0.088284,0,0,76311.161015,Bearish,83936,2025-11-22T09:47:56.202Z
692186cdcee9689141455e8a,Ethereum,11.03,0.218944,0,0,2988.4481,Bullish,2729.18,2025-11-22T09:47:57.678Z
69218726cee9689141455e8b,Bitcoin,1.1,0.088284,0,0,76326.271041,Bearish,83978,2025-11-22T09:49:26.237Z
69218728cee9689141455e8c,Ethereum,11.03,0.218944,0,0,2989.817103,Bullish,2731.87,2025-11-22T09:49:27.992Z
69218729cee9689141455e8d,Solana,5.89,0.305907,0,0,113.566525,Bearish,126.84,2025-11-22T09:49:29.692Z
69218744cee9689141455e8e,Bitcoin,1.1,0.088284,0,0,76353.414844,Bearish,84039,2025-11-22T09:49:56.727Z
69218746cee9689141455e8f,Ethereum,11.03,0.218944,0,0,2989.850428,Bullish,2731.87,2025-11-22T09:49:58.196Z
6921879ecee9689141455e90,Bitcoin,1.1,0.088284,0,0,76341.017352,Bearish,83992,2025-11-22T09:51:26.481Z
692187a0cee9689141455e91,Ethereum,11.03,0.218944,0,0,2990.075302,Bullish,2732.08,2025-11-22T09:51:27.946Z
692187a1cee9689141455e92,Solana,5.89,0.305907,0,0,113.59394,Bearish,126.88,2025-11-22T09:51:29.627Z
692187bccee9689141455e93,Bitcoin,1.1,0.088284,0,0,76351.587664,Bearish,83992,2025-11-22T09:51:56.267Z
692187becee9689141455e94,Ethereum,11.03,0.218944,0,0,2989.363449,Bullish,2730.57,2025-11-22T09:51:57.975Z
69218816cee9689141455e95,Bitcoin,1.1,0.088284,0,0,76305.405249,Bearish,83888,2025-11-22T09:53:26.614Z
69218818cee9689141455e96,Ethereum,11.03,0.218944,0,0,2988.157015,Bullish,2728.29,2025-11-22T09:53:28.295Z
6921881acee9689141455e97,Solana,5.89,0.305907,0,0,113.520287,Bearish,126.72,2025-11-22T09:53:29.945Z
69218834cee9689141455e98,Bitcoin,1.1,0.088284,0,0,76306.002906,Bearish,83888,2025-11-22T09:53:56.296Z
69218835cee9689141455e99,Ethereum,11.03,0.218944,0,0,2988.087679,Bullish,2728.29,2025-11-22T09:53:57.786Z
6921888ecee9689141455e9a,Bitcoin,1.1,0.088284,0,0,76320.649188,Bearish,83929,2025-11-22T09:55:26.651Z
69218890cee9689141455e9b,Ethereum,11.03,0.218944,0,0,2988.353045,Bullish,2729.03,2025-11-22T09:55:28.305Z
69218892cee9689141455e9c,Solana,5.89,0.305907,0,0,113.506452,Bearish,126.71,2025-11-22T09:55:29.948Z
692188accee9689141455e9d,Bitcoin,1.1,0.088284,0,0,76309.563251,Bearish,83929,2025-11-22T09:55:56.359Z
692188adcee9689141455e9e,Ethereum,11.03,0.218944,0,0,2988.258807,Bullish,2729.03,2025-11-22T09:55:57.843Z
69218906cee9689141455e9f,Bitcoin,1.1,0.088284,0,0,76295.228197,Bearish,83914,2025-11-22T09:57:26.596Z
69218908cee9689141455ea0,Ethereum,7.46,0.218944,0,0,2937.856586,Bullish,2726,2025-11-22T09:57:28.261Z
6921890acee9689141455ea1,Solana,5.89,0.305907,0,0,113.437468,Bearish,126.58,2025-11-22T09:57:29.960Z
69218924cee9689141455ea2,Bitcoin,1.1,0.088284,0,0,76287.896166,Bearish,83914,2025-11-22T09:57:56.380Z
69218925cee9689141455ea3,Ethereum,7.46,0.218944,0,0,2937.678729,Bullish,2726,2025-11-22T09:57:57.838Z
6921897ecee9689141455ea4,Bitcoin,1.1,0.088284,0,0,76261.737343,Bearish,83856,2025-11-22T09:59:26.708Z
69218980cee9689141455ea5,Ethereum,7.46,0.218944,0,0,2936.673934,Bullish,2724.27,2025-11-22T09:59:28.400Z
69218982cee9689141455ea6,Solana,5.89,0.305907,0,0,113.371506,Bearish,126.47,2025-11-22T09:59:30.075Z
6921899dcee9689141455ea7,Bitcoin,1.1,0.088284,0,0,76261.506874,Bearish,83856,2025-11-22T09:59:57.404Z
6921899fcee9689141455ea8,Ethereum,7.46,0.218944,0,0,2936.515121,Bullish,2724.27,2025-11-22T09:59:59.129Z
692189f6cee9689141455ea9,Bitcoin,1.1,0.088284,0,0,76261.038837,Bearish,83866,2025-11-22T10:01:26.668Z
692189f8cee9689141455eaa,Ethereum,7.46,0.218944,0,0,2936.28425,Bullish,2724.16,2025-11-22T10:01:28.377Z
692189f9cee9689141455eab,Solana,5.89,0.305907,0,0,113.328086,Bearish,126.42,2025-11-22T10:01:29.852Z
69218a14cee9689141455eac,Bitcoin,1.1,0.088284,0,0,76255.292743,Bearish,83866,2025-11-22T10:01:56.459Z
69218a16cee9689141455ead,Ethereum,7.46,0.218944,0,0,2936.126291,Bullish,2724.16,2025-11-22T10:01:57.952Z
69218a6ecee9689141455eae,Bitcoin,1.1,0.088284,0,0,76294.979948,Bearish,83955,2025-11-22T10:03:26.637Z
69218a70cee9689141455eaf,Ethereum,7.46,0.218944,0,0,2937.362859,Bullish,2726.63,2025-11-22T10:03:28.316Z
69218a72cee9689141455eb0,Solana,5.89,0.305907,0,0,113.343919,Bearish,126.5,2025-11-22T10:03:30.035Z
69218a8ccee9689141455eb1,Bitcoin,1.1,0.088284,0,0,76294.729948,Bearish,83955,2025-11-22T10:03:56.445Z
69218a8dcee9689141455eb2,Ethereum,7.46,0.218944,0,0,2937.414616,Bullish,2726.63,2025-11-22T10:03:57.912Z
69218ae6cee9689141455eb3,Bitcoin,1.1,0.088284,0,0,76298.389996,Bearish,83948,2025-11-22T10:05:26.710Z
69218ae8cee9689141455eb4,Ethereum,7.46,0.218944,0,0,2937.514728,Bullish,2726.64,2025-11-22T10:05:28.389Z
69218aeacee9689141455eb5,Solana,5.89,0.305907,0,0,113.357733,Bearish,126.55,2025-11-22T10:05:30.064Z
69218b04cee9689141455eb6,Bitcoin,1.1,0.088284,0,0,76306.378277,Bearish,83948,2025-11-22T10:05:56.525Z
69218b06cee9689141455eb7,Ethereum,7.46,0.218944,0,0,2937.597614,Bullish,2726.64,2025-11-22T10:05:57.987Z
69218b5ecee9689141455eb8,Bitcoin,1.09,0.086983,0,0,76309.708495,Bearish,83939,2025-11-22T10:07:26.753Z
69218b60cee9689141455eb9,Ethereum,7.44,0.216897,0,0,2937.7663,Bullish,2726.8,2025-11-22T10:07:28.422Z
69218b62cee9689141455eba,Solana,5.9,0.307799,0,0,113.374443,Bearish,126.6,2025-11-22T10:07:30.105Z
69218b7ccee9689141455ebb,Bitcoin,1.09,0.086983,0,0,76317.22412,Bearish,83939,2025-11-22T10:07:56.537Z
69218b7ecee9689141455ebc,Ethereum,7.44,0.216897,0,0,2937.849552,Bullish,2726.8,2025-11-22T10:07:57.980Z
69218bd6cee9689141455ebd,Bitcoin,1.09,0.086983,0,0,76322.923556,Bearish,83953,2025-11-22T10:09:26.798Z
69218bd8cee9689141455ebe,Ethereum,7.44,0.216897,0,0,2937.750999,Bullish,2726.6,2025-11-22T10:09:28.495Z
69218bdacee9689141455ebf,Solana,5.9,0.307799,0,0,113.414827,Bearish,126.68,2025-11-22T10:09:30.169Z
69218bf4cee9689141455ec0,Bitcoin,1.09,0.086983,0,0,76322.208712,Bearish,83953,2025-11-22T10:09:56.585Z
69218bf6cee9689141455ec1,Ethereum,7.44,0.216897,0,0,2937.748192,Bullish,2726.6,2025-11-22T10:09:58.078Z
69218c4ecee9689141455ec2,Bitcoin,1.09,0.086983,0,0,76314.861939,Bearish,83938,2025-11-22T10:11:26.817Z
69218c50cee9689141455ec3,Ethereum,7.44,0.216897,0,0,2937.277191,Bullish,2725.71,2025-11-22T10:11:28.517Z
69218c52cee9689141455ec4,Solana,5.9,0.307799,0,0,113.455045,Bearish,126.74,2025-11-22T10:11:30.184Z
69218c6ccee9689141455ec5,Bitcoin,1.09,0.086983,0,0,76314.404908,Bearish,83938,2025-11-22T10:11:56.598Z
69218c6ecee9689141455ec6,Ethereum,7.44,0.216897,0,0,2937.236054,Bullish,2725.71,2025-11-22T10:11:58.060Z
69218cc6cee9689141455ec7,Bitcoin,1.09,0.086983,0,0,76342.102189,Bearish,83993,2025-11-22T10:13:26.586Z
69218cc8cee9689141455ec8,Ethereum,11.01,0.216897,0,0,2987.44545,Bullish,2728.65,2025-11-22T10:13:28.243Z
69218cc9cee9689141455ec9,Solana,5.9,0.307799,0,0,113.485815,Bearish,126.77,2025-11-22T10:13:29.722Z
69218ce4cee9689141455eca,Bitcoin,1.09,0.086983,0,0,76354.951271,Bearish,84013,2025-11-22T10:13:56.834Z
69218ce6cee9689141455ecb,Ethereum,11.01,0.216897,0,0,2987.537979,Bullish,2728.65,2025-11-22T10:13:58.278Z
69218d3fcee9689141455ecc,Bitcoin,1.09,0.086983,0,0,76406.79764,Bearish,84110,2025-11-22T10:15:27.694Z
69218d42cee9689141455ecd,Ethereum,11.01,0.216897,0,0,2987.699736,Bullish,2728.79,2025-11-22T10:15:29.905Z
69218d43cee9689141455ece,Solana,5.9,0.307799,0,0,113.577153,Bearish,126.93,2025-11-22T10:15:31.831Z
69218d5ccee9689141455ecf,Bitcoin,1.09,0.086983,0,0,76416.20389,Bearish,84110,2025-11-22T10:15:56.716Z
69218d5ecee9689141455ed0,Ethereum,11.01,0.216897,0,0,2987.780669,Bullish,2728.79,2025-11-22T10:15:58.178Z
69218db6cee9689141455ed1,Bitcoin,1.09,0.086983,0,0,76430.787626,Bearish,84112,2025-11-22T10:17:26.890Z
69218db8cee9689141455ed2,Ethereum,7.44,0.216897,0,0,2938.196159,Bullish,2726.92,2025-11-22T10:17:28.362Z
69218dbacee9689141455ed3,Solana,5.9,0.307799,0,0,113.606833,Bearish,126.95,2025-11-22T10:17:30.058Z
69218dd4cee9689141455ed4,Bitcoin,1.09,0.086983,0,0,76446.104033,Bearish,84112,2025-11-22T10:17:56.715Z
69218dd6cee9689141455ed5,Ethereum,7.44,0.216897,0,0,2938.209099,Bullish,2726.92,2025-11-22T10:17:58.214Z
69218e2fcee9689141455ed6,Bitcoin,1.09,0.086983,0,0,76392.387733,Bearish,83982,2025-11-22T10:19:26.949Z
69218e30cee9689141455ed7,Ethereum,7.44,0.216897,0,0,2933.792492,Bullish,2718.66,2025-11-22T10:19:28.663Z
69218e32cee9689141455ed8,Solana,5.9,0.307799,0,0,113.512425,Bearish,126.72,2025-11-22T10:19:30.336Z
69218e4ccee9689141455ed9,Bitcoin,1.09,0.086983,0,0,76395.340858,Bearish,83982,2025-11-22T10:19:56.727Z
69218e4ecee9689141455eda,Ethereum,7.44,0.216897,0,0,2933.375622,Bullish,2718.66,2025-11-22T10:19:58.228Z
69218ea7cee9689141455edb,Bitcoin,1.09,0.086983,0,0,76331.547859,Bearish,83872,2025-11-22T10:21:27.015Z
69218ea8cee9689141455edc,Ethereum,7.44,0.216897,0,0,2931.244787,Bullish,2715.35,2025-11-22T10:21:28.733Z
69218eaacee9689141455edd,Solana,5.9,0.307799,0,0,113.49352,Bearish,126.68,2025-11-22T10:21:30.207Z
69218ec4cee9689141455ede,Bitcoin,1.09,0.086983,0,0,76315.391609,Bearish,83872,2025-11-22T10:21:56.770Z
69218ec6cee9689141455edf,Ethereum,7.44,0.216897,0,0,2930.759923,Bullish,2715.35,2025-11-22T10:21:58.304Z
69218f29cee9689141455ee0,Bitcoin,1.09,0.086983,0,0,76283.562554,Bearish,83848,2025-11-22T10:23:37.116Z
69218f3acee9689141455ee1,Ethereum,7.44,0.216897,0,0,2931.091029,Bullish,2716.75,2025-11-22T10:23:54.746Z
69218f3dcee9689141455ee2,Solana,5.9,0.307799,0,0,113.437038,Bearish,126.57,2025-11-22T10:23:56.866Z
69218f45cee9689141455ee3,Bitcoin,1.09,0.086983,0,0,76260.730523,Bearish,83848,2025-11-22T10:24:05.362Z
69218f47cee9689141455ee4,Ethereum,7.44,0.216897,0,0,2930.78036,Bullish,2716.75,2025-11-22T10:24:07.171Z
69218f5dcee9689141455ee5,Solana,5.9,0.307799,0,0,113.425907,Bearish,126.57,2025-11-22T10:24:27.608Z
69218f6fcee9689141455ee6,Bitcoin,1.09,0.086983,0,0,76285.699861,Bearish,83922,2025-11-22T10:24:47.215Z
69218f7acee9689141455ee7,Ethereum,7.44,0.216897,0,0,2931.322152,Bullish,2717.89,2025-11-22T10:24:58.098Z
69218fbbcee9689141455ee8,Bitcoin,1.09,0.086983,0,0,76192.565546,Bearish,83753,2025-11-22T10:26:03.422Z
69218fbdcee9689141455ee9,Ethereum,7.44,0.216897,0,0,2930.337449,Bullish,2716.04,2025-11-22T10:26:05.135Z
69218fbecee9689141455eea,Solana,5.9,0.307799,0,0,113.296236,Bearish,126.34,2025-11-22T10:26:06.603Z
69218fd9cee9689141455eeb,Bitcoin,1.09,0.086983,0,0,76186.983515,Bearish,83753,2025-11-22T10:26:33.224Z
69218fdacee9689141455eec,Ethereum,7.44,0.216897,0,0,2930.350266,Bullish,2716.04,2025-11-22T10:26:34.712Z
69219033cee9689141455eed,Bitcoin,1.09,0.086983,0,0,76119.142928,Bearish,83633,2025-11-22T10:28:03.217Z
69219034cee9689141455eee,Ethereum,7.44,0.216897,0,0,2927.411085,Bullish,2710.43,2025-11-22T10:28:04.915Z
69219036cee9689141455eef,Solana,5.9,0.307799,0,0,113.041044,Bearish,125.88,2025-11-22T10:28:06.619Z
69219051cee9689141455ef0,Bitcoin,1.09,0.086983,0,0,76105.99449,Bearish,83633,2025-11-22T10:28:33.237Z
69219052cee9689141455ef1,Ethereum,7.44,0.216897,0,0,2927.148146,Bullish,2710.43,2025-11-22T10:28:34.761Z
692190abcee9689141455ef2,Bitcoin,1.09,0.086983,0,0,76112.890881,Bearish,83681,2025-11-22T10:30:03.260Z
692190adcee9689141455ef3,Ethereum,7.44,0.216897,0,0,2927.075118,Bullish,2710.75,2025-11-22T10:30:04.937Z
692190aecee9689141455ef4,Solana,5.9,0.307799,0,0,112.967294,Bearish,125.82,2025-11-22T10:30:06.637Z
692190c9cee9689141455ef5,Bitcoin,1.09,0.086983,0,0,76086.697166,Bearish,83676,2025-11-22T10:30:33.258Z
692190cacee9689141455ef6,Ethereum,7.44,0.216897,0,0,2926.835494,Bullish,2710.75,2025-11-22T10:30:34.713Z
69219123cee9689141455ef7,Bitcoin,1.09,0.086983,0,0,76067.643253,Bearish,83654,2025-11-22T10:32:03.491Z
69219125cee9689141455ef8,Ethereum,7.44,0.216897,0,0,2926.199971,Bullish,2709.88,2025-11-22T10:32:05.206Z
69219126cee9689141455ef9,Solana,5.9,0.307799,0,0,112.943928,Bearish,125.86,2025-11-22T10:32:06.910Z
69219141cee9689141455efa,Bitcoin,1.09,0.086983,0,0,76058.682316,Bearish,83654,2025-11-22T10:32:33.280Z
69219142cee9689141455efb,Ethereum,7.44,0.216897,0,0,2925.990376,Bullish,2709.88,2025-11-22T10:32:34.728Z
6921919bcee9689141455efc,Bitcoin,1.09,0.086983,0,0,76066.689741,Bearish,83665,2025-11-22T10:34:03.525Z
6921919dcee9689141455efd,Ethereum,7.44,0.216897,0,0,2926.641622,Bullish,2711.16,2025-11-22T10:34:05.229Z
6921919ecee9689141455efe,Solana,5.9,0.307799,0,0,112.898791,Bearish,125.84,2025-11-22T10:34:06.893Z
692191b9cee9689141455eff,Bitcoin,1.09,0.086983,0,0,76069.549116,Bearish,83665,2025-11-22T10:34:33.294Z
692191bacee9689141455f00,Ethereum,7.44,0.216897,0,0,2926.67629,Bullish,2711.16,2025-11-22T10:34:34.781Z
69219213cee9689141455f01,Bitcoin,1.09,0.086983,0,0,76073.778096,Bearish,83677,2025-11-22T10:36:03.576Z
69219215cee9689141455f02,Ethereum,7.44,0.216897,0,0,2927.054094,Bullish,2711.84,2025-11-22T10:36:05.287Z
69219217cee9689141455f03,Solana,5.9,0.307799,0,0,112.872326,Bearish,125.86,2025-11-22T10:36:06.961Z
69219231cee9689141455f04,Bitcoin,1.09,0.086983,0,0,76073.188252,Bearish,83677,2025-11-22T10:36:33.383Z
69219232cee9689141455f05,Ethereum,7.44,0.216897,0,0,2927.098284,Bullish,2711.84,2025-11-22T10:36:34.862Z
6921928bcee9689141455f06,Bitcoin,1.09,0.086983,0,0,76069.060834,Bearish,83665,2025-11-22T10:38:03.846Z
6921928ecee9689141455f07,Ethereum,7.44,0.216897,0,0,2928.151986,Bullish,2713.71,2025-11-22T10:38:05.937Z
69219290cee9689141455f08,Solana,5.9,0.307799,0,0,112.883376,Bearish,125.93,2025-11-22T10:38:07.980Z
692192a9cee9689141455f09,Bitcoin,1.09,0.086983,0,0,76070.502241,Bearish,83665,2025-11-22T10:38:33.644Z
692192abcee9689141455f0a,Ethereum,7.44,0.216897,0,0,2928.296761,Bullish,2713.71,2025-11-22T10:38:35.458Z
69219304cee9689141455f0b,Bitcoin,1.09,0.086983,0,0,76065.79059,Bearish,83655,2025-11-22T10:40:03.908Z
69219306cee9689141455f0c,Ethereum,7.44,0.216897,0,0,2927.860013,Bullish,2712.7,2025-11-22T10:40:06.173Z
69219308cee9689141455f0d,Solana,5.9,0.307799,0,0,112.910668,Bearish,125.98,2025-11-22T10:40:08.168Z
69219321cee9689141455f0e,Bitcoin,1.09,0.086983,0,0,76065.442934,Bearish,83655,2025-11-22T10:40:33.703Z
69219323cee9689141455f0f,Ethereum,7.44,0.216897,0,0,2927.903958,Bullish,2712.7,2025-11-22T10:40:35.490Z
6921937bcee9689141455f10,Bitcoin,1.09,0.086983,0,0,76060.637037,Bearish,83649,2025-11-22T10:42:03.715Z
6921937dcee9689141455f11,Ethereum,7.44,0.216897,0,0,2928.144169,Bullish,2713.11,2025-11-22T10:42:05.540Z
6921937fcee9689141455f12,Solana,5.9,0.307799,0,0,112.923694,Bearish,125.99,2025-11-22T10:42:07.583Z
69219399cee9689141455f13,Bitcoin,1.09,0.086983,0,0,76036.408119,Bearish,83605,2025-11-22T10:42:33.729Z
6921939bcee9689141455f14,Ethereum,7.44,0.216897,0,0,2926.930421,Bullish,2710.72,2025-11-22T10:42:35.768Z
692193f3cee9689141455f15,Bitcoin,1.1,0.087541,0,0,76012.885736,Bearish,83565,2025-11-22T10:44:03.720Z
692193f5cee9689141455f16,Ethereum,7.45,0.21814,0,0,2925.979063,Bullish,2709.14,2025-11-22T10:44:05.446Z
692193f7cee9689141455f17,Solana,5.9,0.307365,0,0,112.920545,Bearish,125.97,2025-11-22T10:44:07.163Z
69219412cee9689141455f18,Bitcoin,1.1,0.087541,0,0,76006.354486,Bearish,83565,2025-11-22T10:44:34.337Z
69219413cee9689141455f19,Ethereum,7.45,0.21814,0,0,2925.801085,Bullish,2709.14,2025-11-22T10:44:35.837Z
6921946bcee9689141455f1a,Bitcoin,1.1,0.087541,0,0,75998.863399,Bearish,83564,2025-11-22T10:46:03.527Z
6921946dcee9689141455f1b,Ethereum,7.45,0.21814,0,0,2926.293008,Bullish,2710.32,2025-11-22T10:46:05.030Z
6921946ecee9689141455f1c,Solana,5.9,0.307365,0,0,112.917157,Bearish,125.95,2025-11-22T10:46:06.743Z
69219489cee9689141455f1d,Bitcoin,1.1,0.087541,0,0,76012.292637,Bearish,83607,2025-11-22T10:46:33.744Z
6921948bcee9689141455f1e,Ethereum,7.45,0.21814,0,0,2927.216123,Bullish,2712.21,2025-11-22T10:46:35.428Z
692194e3cee9689141455f1f,Bitcoin,1.1,0.087541,0,0,76036.398477,Bearish,83667,2025-11-22T10:48:03.565Z
692194e5cee9689141455f20,Ethereum,7.45,0.21814,0,0,2927.777971,Bullish,2713.29,2025-11-22T10:48:05.267Z
692194e7cee9689141455f21,Solana,5.9,0.307365,0,0,112.960295,Bearish,126.03,2025-11-22T10:48:06.972Z
69219501cee9689141455f22,Bitcoin,1.1,0.087541,0,0,76038.519571,Bearish,83667,2025-11-22T10:48:33.583Z
69219503cee9689141455f23,Ethereum,7.45,0.21814,0,0,2927.885027,Bullish,2713.29,2025-11-22T10:48:35.068Z
6921955bcee9689141455f24,Bitcoin,1.1,0.087541,0,0,76016.230137,Bearish,83607,2025-11-22T10:50:03.623Z
6921955dcee9689141455f25,Ethereum,7.45,0.21814,0,0,2926.826086,Bullish,2711,2025-11-22T10:50:05.330Z
6921955fcee9689141455f26,Solana,5.9,0.307365,0,0,112.946284,Bearish,125.99,2025-11-22T10:50:07.061Z
69219579cee9689141455f27,Bitcoin,1.1,0.087541,0,0,75996.12721,Bearish,83555,2025-11-22T10:50:33.601Z
6921957bcee9689141455f28,Ethereum,7.45,0.21814,0,0,2926.869054,Bullish,2711,2025-11-22T10:50:35.109Z
692195d3cee9689141455f29,Bitcoin,1.1,0.087541,0,0,75991.031538,Bearish,83539,2025-11-22T10:52:03.659Z
692195d5cee9689141455f2a,Ethereum,7.45,0.21814,0,0,2924.863817,Bullish,2707.17,2025-11-22T10:52:05.393Z
692195d7cee9689141455f2b,Solana,5.9,0.307365,0,0,112.912388,Bearish,125.92,2025-11-22T10:52:07.176Z
692195f1cee9689141455f2c,Bitcoin,1.1,0.087541,0,0,76000.841667,Bearish,83566,2025-11-22T10:52:33.669Z
692195f3cee9689141455f2d,Ethereum,7.45,0.21814,0,0,2924.658373,Bullish,2707.17,2025-11-22T10:52:35.209Z
6921964bcee9689141455f2e,Bitcoin,1.1,0.087541,0,0,75991.204948,Bearish,83566,2025-11-22T10:54:03.699Z
6921964dcee9689141455f2f,Ethereum,7.45,0.21814,0,0,2924.244284,Bullish,2706.81,2025-11-22T10:54:05.437Z
6921964fcee9689141455f30,Solana,5.9,0.307365,0,0,112.884295,Bearish,125.87,2025-11-22T10:54:07.199Z
6921966acee9689141455f31,Bitcoin,1.1,0.087541,0,0,75976.208141,Bearish,83556,2025-11-22T10:54:33.960Z
6921966bcee9689141455f32,Ethereum,7.45,0.21814,0,0,2924.021994,Bullish,2706.81,2025-11-22T10:54:35.485Z
6921a2d8cee9689141455f33,Bitcoin,1.08,0.085583,0,0,76307.244796,Bearish,84229,2025-11-22T11:47:36.611Z
6921a2decee9689141455f34,Ethereum,11.03,0.219834,0,0,2989.813703,Bullish,2739.19,2025-11-22T11:47:41.882Z
6921a2e5cee9689141455f35,Solana,5.97,0.314127,0,0,113.345499,Bearish,126.83,2025-11-22T11:47:48.706Z
6921a2eccee9689141455f36,Bitcoin,1.08,0.085583,0,0,76341.39714,Bearish,84229,2025-11-22T11:47:56.070Z
6921a2f1cee9689141455f37,Ethereum,11.03,0.219834,0,0,2991.066511,Bullish,2739.19,2025-11-22T11:48:00.805Z
6921a2f5cee9689141455f38,Solana,5.97,0.314127,0,0,113.395452,Bearish,126.83,2025-11-22T11:48:05.457Z
6921a30acee9689141455f39,Bitcoin,1.08,0.085583,0,0,76392.076332,Bearish,84233,2025-11-22T11:48:25.895Z
6921a30fcee9689141455f3a,Ethereum,11.03,0.219834,0,0,2992.209634,Bullish,2739.06,2025-11-22T11:48:30.895Z
6921a34fcee9689141455f3b,Ethereum,11.03,0.219834,0,0,2993.380366,Bullish,2739.14,2025-11-22T11:49:35.231Z
6921a353cee9689141455f3c,Solana,5.93,0.309979,0,0,113.448839,Bearish,126.86,2025-11-22T11:49:39.511Z
6921a364cee9689141455f3d,Bitcoin,1.08,0.085583,0,0,76422.634166,Bearish,84184,2025-11-22T11:49:56.524Z
6921a369cee9689141455f3e,Ethereum,11.03,0.219834,0,0,2994.499629,Bullish,2739.14,2025-11-22T11:50:00.809Z
6921a36dcee9689141455f3f,Solana,5.93,0.309979,0,0,113.493379,Bearish,126.86,2025-11-22T11:50:05.525Z
6921a382cee9689141455f40,Bitcoin,1.08,0.085583,0,0,76466.384228,Bearish,84152,2025-11-22T11:50:26.036Z
6921a386cee9689141455f41,Ethereum,11.03,0.219834,0,0,2995.446161,Bullish,2738.95,2025-11-22T11:50:30.609Z
6921a38bcee9689141455f42,Solana,5.93,0.309979,0,0,113.535442,Bearish,126.85,2025-11-22T11:50:35.436Z
6921a3a0cee9689141455f43,Bitcoin,1.08,0.085583,0,0,76526.450635,Bearish,84152,2025-11-22T11:50:56.319Z
6921a3facee9689141455f44,Bitcoin,1.08,0.085583,0,0,76512.519025,Bearish,84136,2025-11-22T11:52:25.911Z
6921a3fecee9689141455f45,Ethereum,11.03,0.219834,0,0,2994.701505,Bullish,2737.6,2025-11-22T11:52:30.415Z
6921a403cee9689141455f46,Solana,5.93,0.309979,0,0,113.582854,Bearish,126.85,2025-11-22T11:52:35.284Z
6921a418cee9689141455f47,Bitcoin,1.08,0.085583,0,0,76504.843244,Bearish,84136,2025-11-22T11:52:56.241Z
6921a41fcee9689141455f48,Ethereum,11.03,0.219834,0,0,2994.633023,Bullish,2737.6,2025-11-22T11:53:03.643Z
6921a424cee9689141455f49,Solana,5.93,0.309979,0,0,113.583861,Bearish,126.85,2025-11-22T11:53:08.382Z
6921a436cee9689141455f4a,Bitcoin,1.08,0.085583,0,0,76506.979187,Bearish,84158,2025-11-22T11:53:26.644Z
6921a43bcee9689141455f4b,Ethereum,11.03,0.219834,0,0,2994.626824,Bullish,2737.69,2025-11-22T11:53:31.106Z
6921a490cee9689141455f4c,Bitcoin,1.08,0.085583,0,0,76507.16289,Bearish,84165,2025-11-22T11:54:56.117Z
6921a494cee9689141455f4d,Ethereum,11.03,0.219834,0,0,2994.721873,Bullish,2737.96,2025-11-22T11:55:00.768Z
6921a499cee9689141455f4e,Solana,5.93,0.309979,0,0,113.59938,Bearish,126.88,2025-11-22T11:55:05.418Z
6921a4aecee9689141455f4f,Bitcoin,1.08,0.085583,0,0,76512.546415,Bearish,84175,2025-11-22T11:55:26.045Z
6921a4b3cee9689141455f50,Ethereum,11.03,0.219834,0,0,2994.596718,Bullish,2737.8,2025-11-22T11:55:30.848Z
6921a4b7cee9689141455f51,Solana,5.93,0.309979,0,0,113.600581,Bearish,126.88,2025-11-22T11:55:35.497Z
6921a4cccee9689141455f52,Bitcoin,1.08,0.085583,0,0,76513.827665,Bearish,84175,2025-11-22T11:55:56.142Z
6921a528cee9689141455f53,Bitcoin,1.08,0.085583,0,0,76498.217143,Bearish,84137,2025-11-22T11:57:28.121Z
6921a52ecee9689141455f54,Ethereum,11.03,0.219834,0,0,2993.437616,Bullish,2735.74,2025-11-22T11:57:34.061Z
6921a533cee9689141455f55,Solana,5.93,0.309979,0,0,113.596703,Bearish,126.87,2025-11-22T11:57:39.331Z
6921a544cee9689141455f56,Bitcoin,1.08,0.085583,0,0,76499.908549,Bearish,84137,2025-11-22T11:57:56.670Z
6921a549cee9689141455f57,Ethereum,11.03,0.219834,0,0,2993.353387,Bullish,2735.74,2025-11-22T11:58:01.556Z
6921a54ecee9689141455f58,Solana,5.93,0.309979,0,0,113.597668,Bearish,126.87,2025-11-22T11:58:06.197Z
6921a563cee9689141455f59,Bitcoin,1.08,0.085583,0,0,76499.356668,Bearish,84138,2025-11-22T11:58:26.881Z
6921a567cee9689141455f5a,Ethereum,11.03,0.219834,0,0,2993.222482,Bullish,2735.63,2025-11-22T11:58:31.492Z
6921a5bccee9689141455f5b,Bitcoin,1.08,0.085583,0,0,76498.708835,Bearish,84141,2025-11-22T11:59:56.033Z
6921a5c0cee9689141455f5c,Ethereum,11.03,0.219834,0,0,2993.417913,Bullish,2736.13,2025-11-22T12:00:00.590Z
6921a5c5cee9689141455f5d,Solana,5.93,0.309979,0,0,113.579241,Bearish,126.83,2025-11-22T12:00:04.926Z
6921a5dacee9689141455f5e,Bitcoin,1.08,0.085583,0,0,76490.379997,Bearish,84131,2025-11-22T12:00:25.980Z
6921a5decee9689141455f5f,Ethereum,11.03,0.219834,0,0,2993.168368,Bullish,2735.78,2025-11-22T12:00:30.514Z
6921a5e2cee9689141455f60,Solana,5.93,0.309979,0,0,113.568207,Bearish,126.81,2025-11-22T12:00:34.778Z
6921a5f8cee9689141455f61,Bitcoin,1.08,0.085583,0,0,76486.504997,Bearish,84131,2025-11-22T12:00:55.985Z
6921a652cee9689141455f62,Bitcoin,1.08,0.086322,0,0,76466.688544,Bearish,84092,2025-11-22T12:02:25.924Z
6921a656cee9689141455f63,Ethereum,11.03,0.219834,0,0,2992.038608,Bullish,2733.83,2025-11-22T12:02:30.296Z
6921a65acee9689141455f64,Solana,5.93,0.309979,0,0,113.535465,Bearish,126.75,2025-11-22T12:02:34.391Z
6921a66fcee9689141455f65,Bitcoin,1.09,0.086851,0,0,76464.270575,Bearish,84092,2025-11-22T12:02:55.679Z
6921a674cee9689141455f66,Ethereum,11.03,0.219834,0,0,2991.953525,Bullish,2733.83,2025-11-22T12:03:00.697Z
6921a679cee9689141455f67,Solana,5.93,0.309979,0,0,113.528584,Bearish,126.75,2025-11-22T12:03:05.212Z
6921a68fcee9689141455f68,Bitcoin,1.09,0.086851,0,0,76460.895575,Bearish,84092,2025-11-22T12:03:27.755Z
6921a694cee9689141455f69,Ethereum,11.03,0.219834,0,0,2991.879306,Bullish,2733.83,2025-11-22T12:03:32.108Z
6921a6e8cee9689141455f6a,Bitcoin,1.09,0.086781,0,0,76447.708355,Bearish,84074,2025-11-22T12:04:56.718Z
6921a6eecee9689141455f6b,Ethereum,11.04,0.220539,0,0,2991.813388,Bullish,2733.83,2025-11-22T12:05:02.568Z
6921a6f3cee9689141455f6c,Solana,5.93,0.309979,0,0,113.503198,Bearish,126.71,2025-11-22T12:05:07.473Z
6921a706cee9689141455f6d,Bitcoin,1.09,0.086781,0,0,76443.153667,Bearish,84074,2025-11-22T12:05:26.608Z
6921a70bcee9689141455f6e,Ethereum,11.04,0.220539,0,0,2991.544067,Bullish,2733.48,2025-11-22T12:05:31.638Z
6921a711cee9689141455f6f,Solana,5.93,0.309979,0,0,113.485241,Bearish,126.69,2025-11-22T12:05:37.076Z
6921a724cee9689141455f70,Bitcoin,1.09,0.086781,0,0,76438.138042,Bearish,84074,2025-11-22T12:05:56.597Z
6921a77ecee9689141455f71,Bitcoin,1.09,0.086781,0,0,76423.670563,Bearish,84048,2025-11-22T12:07:26.436Z
6921a783cee9689141455f72,Ethereum,11.04,0.220539,0,0,2991.361571,Bullish,2733.29,2025-11-22T12:07:31.238Z
6921a787cee9689141455f73,Solana,5.93,0.309979,0,0,113.473329,Bearish,126.68,2025-11-22T12:07:35.552Z
6921a79ccee9689141455f74,Bitcoin,1.09,0.086781,0,0,76420.67447,Bearish,84048,2025-11-22T12:07:56.132Z
6921a7a0cee9689141455f75,Ethereum,11.04,0.220539,0,0,2991.339354,Bullish,2733.29,2025-11-22T12:08:00.529Z
6921a7f6cee9689141455f76,Bitcoin,1.09,0.086781,0,0,76407.1457,Bearish,84028,2025-11-22T12:09:25.849Z
6921a7facee9689141455f77,Ethereum,11.01,0.217496,0,0,2990.579124,Bullish,2731.93,2025-11-22T12:09:30.037Z
6921a7ffcee9689141455f78,Solana,5.93,0.309979,0,0,113.442558,Bearish,126.63,2025-11-22T12:09:35.350Z
6921a814cee9689141455f79,Bitcoin,1.09,0.086781,0,0,76403.977731,Bearish,84028,2025-11-22T12:09:56.021Z
6921a818cee9689141455f7a,Ethereum,11.13,0.229366,0,0,2990.500022,Bullish,2731.93,2025-11-22T12:10:00.227Z
6921a86ecee9689141455f7b,Bitcoin,1.07,0.084779,0,0,76261.45166,Bearish,83750,2025-11-22T12:11:26.346Z
6921a873cee9689141455f7c,Ethereum,7.56,0.229366,0,0,2934.796958,Bullish,2718.88,2025-11-22T12:11:31.290Z
6921a878cee9689141455f7d,Solana,5.91,0.308265,0,0,113.217589,Bearish,126.18,2025-11-22T12:11:35.740Z
6921a88ccee9689141455f7e,Bitcoin,1.07,0.084779,0,0,76243.275879,Bearish,83750,2025-11-22T12:11:55.883Z
6921a890cee9689141455f7f,Ethereum,7.56,0.229366,0,0,2934.171958,Bullish,2718.88,2025-11-22T12:11:59.753Z
6921a8e6cee9689141455f80,Bitcoin,1.07,0.084779,0,0,76191.023802,Bearish,83688,2025-11-22T12:13:26.784Z
6921a8efcee9689141455f81,Ethereum,7.56,0.229366,0,0,2932.110506,Bullish,2716.03,2025-11-22T12:13:31.454Z
6921a8f5cee9689141455f82,Solana,5.86,0.30364,0,0,113.176587,Bearish,126.16,2025-11-22T12:13:40.806Z
6921a905cee9689141455f83,Bitcoin,1.07,0.084779,0,0,76162.906615,Bearish,83688,2025-11-22T12:13:56.883Z
6921a90acee9689141455f84,Ethereum,7.56,0.229366,0,0,2931.487703,Bullish,2716.03,2025-11-22T12:14:01.883Z
6921a90ecee9689141455f85,Solana,5.86,0.30364,0,0,113.149495,Bearish,126.16,2025-11-22T12:14:06.523Z
6921a922cee9689141455f86,Bitcoin,1.07,0.084779,0,0,76127.632464,Bearish,83678,2025-11-22T12:14:25.890Z
6921a926cee9689141455f87,Ethereum,7.56,0.229366,0,0,2930.614516,Bullish,2715.42,2025-11-22T12:14:30.054Z
6921a96ecee9689141455f88,Ethereum,7.56,0.229366,0,0,2929.640765,Bullish,2714.57,2025-11-22T12:15:42.276Z
6921a984cee9689141455f89,Solana,5.86,0.30364,0,0,113.010955,Bearish,125.93,2025-11-22T12:16:03.961Z
6921a98fcee9689141455f8a,Bitcoin,1.07,0.084779,0,0,76088.881147,Bearish,83665,2025-11-22T12:16:15.574Z
6921a994cee9689141455f8b,Ethereum,7.56,0.229366,0,0,2929.484637,Bullish,2714.57,2025-11-22T12:16:20.305Z
6921a998cee9689141455f8c,Solana,5.86,0.30364,0,0,112.972144,Bearish,125.93,2025-11-22T12:16:24.503Z
6921a9a8cee9689141455f8d,Bitcoin,1.07,0.084779,0,0,76084.745637,Bearish,83671,2025-11-22T12:16:40.271Z
6921a9aecee9689141455f8e,Ethereum,7.56,0.229366,0,0,2929.269974,Bullish,2714.44,2025-11-22T12:16:45.862Z
6921a9fbcee9689141455f8f,Ethereum,7.56,0.229366,0,0,2930.340907,Bullish,2716.58,2025-11-22T12:18:02.897Z
6921aa00cee9689141455f90,Solana,5.86,0.30364,0,0,112.933384,Bearish,125.92,2025-11-22T12:18:08.614Z
6921aa0acee9689141455f91,Bitcoin,1.07,0.084779,0,0,76089.854841,Bearish,83696,2025-11-22T12:18:17.833Z
6921aa13cee9689141455f92,Ethereum,7.56,0.229366,0,0,2930.378017,Bullish,2716.58,2025-11-22T12:18:26.802Z
6921aa17cee9689141455f93,Solana,5.86,0.30364,0,0,112.920204,Bearish,125.92,2025-11-22T12:18:31.210Z
6921aa24cee9689141455f94,Bitcoin,1.07,0.084779,0,0,76096.016315,Bearish,83709,2025-11-22T12:18:44.510Z
6921aa7ecee9689141455f95,Bitcoin,1.07,0.084779,0,0,76109.714263,Bearish,83735,2025-11-22T12:20:14.646Z
6921aa83cee9689141455f96,Ethereum,7.56,0.229366,0,0,2930.770304,Bullish,2717.23,2025-11-22T12:20:19.232Z
6921aa88cee9689141455f97,Solana,5.86,0.30364,0,0,112.849979,Bearish,125.8,2025-11-22T12:20:23.968Z
6921aa9ccee9689141455f98,Bitcoin,1.07,0.084779,0,0,76126.782203,Bearish,83762,2025-11-22T12:20:44.510Z
6921aaa1cee9689141455f99,Ethereum,7.56,0.229366,0,0,2931.093552,Bullish,2717.66,2025-11-22T12:20:49.658Z
6921aaf6cee9689141455f9a,Bitcoin,1.07,0.084779,0,0,76147.404832,Bearish,83789,2025-11-22T12:22:14.249Z
6921ab03cee9689141455f9b,Ethereum,7.56,0.229366,0,0,2931.720931,Bullish,2718.64,2025-11-22T12:22:27.624Z
6921ab08cee9689141455f9c,Solana,5.86,0.30364,0,0,112.855928,Bearish,125.85,2025-11-22T12:22:32.205Z
6921ab15cee9689141455f9d,Bitcoin,1.07,0.084779,0,0,76144.930145,Bearish,83766,2025-11-22T12:22:44.854Z
6921ab22cee9689141455f9e,Ethereum,7.56,0.229366,0,0,2931.897272,Bullish,2718.69,2025-11-22T12:22:57.840Z
6921ab6fcee9689141455f9f,Bitcoin,1.07,0.084779,0,0,76122.618978,Bearish,83708,2025-11-22T12:24:14.677Z
6921ab73cee9689141455fa0,Ethereum,7.56,0.229366,0,0,2931.726555,Bullish,2718.22,2025-11-22T12:24:19.478Z
6921ab78cee9689141455fa1,Solana,5.86,0.30364,0,0,112.828121,Bearish,125.8,2025-11-22T12:24:24.236Z
6921ab8ccee9689141455fa2,Bitcoin,1.07,0.084779,0,0,76134.314012,Bearish,83726,2025-11-22T12:24:44.552Z
6921ab91cee9689141455fa3,Ethereum,7.56,0.229366,0,0,2930.788562,Bullish,2716.34,2025-11-22T12:24:48.894Z
6921abe6cee9689141455fa4,Bitcoin,1.07,0.084779,0,0,76136.364297,Bearish,83730,2025-11-22T12:26:14.374Z
6921abebcee9689141455fa5,Ethereum,7.56,0.229366,0,0,2930.939618,Bullish,2716.72,2025-11-22T12:26:19.089Z
6921abf0cee9689141455fa6,Solana,5.86,0.30364,0,0,112.806602,Bearish,125.77,2025-11-22T12:26:23.891Z
6921ac04cee9689141455fa7,Bitcoin,1.07,0.084779,0,0,76122.486166,Bearish,83708,2025-11-22T12:26:44.488Z
6921ac08cee9689141455fa8,Ethereum,7.56,0.229366,0,0,2931.495557,Bullish,2717.85,2025-11-22T12:26:48.682Z
6921ac5ecee9689141455fa9,Bitcoin,1.07,0.084779,0,0,76080.118994,Bearish,83637,2025-11-22T12:28:14.381Z
6921ac62cee9689141455faa,Ethereum,7.56,0.229366,0,0,2931.263037,Bullish,2717.44,2025-11-22T12:28:18.567Z
6921ac67cee9689141455fab,Solana,5.86,0.30364,0,0,112.765046,Bearish,125.7,2025-11-22T12:28:23.308Z
6921ac7ccee9689141455fac,Bitcoin,1.07,0.084779,0,0,76057.996366,Bearish,83610,2025-11-22T12:28:44.487Z
6921ac81cee9689141455fad,Ethereum,7.56,0.229366,0,0,2930.38123,Bullish,2715.84,2025-11-22T12:28:48.990Z
6921acd7cee9689141455fae,Bitcoin,1.07,0.084779,0,0,76054.946794,Bearish,83616,2025-11-22T12:30:15.002Z
6921acdccee9689141455faf,Ethereum,7.56,0.229366,0,0,2930.409391,Bullish,2716.07,2025-11-22T12:30:20.024Z
6921ace0cee9689141455fb0,Solana,5.86,0.30364,0,0,112.739243,Bearish,125.67,2025-11-22T12:30:24.377Z
6921acf4cee9689141455fb1,Bitcoin,1.07,0.084779,0,0,76043.826196,Bearish,83612,2025-11-22T12:30:44.683Z
6921acfacee9689141455fb2,Ethereum,7.56,0.229366,0,0,2930.478224,Bullish,2716.23,2025-11-22T12:30:50.420Z
6921ad4fcee9689141455fb3,Bitcoin,1.07,0.084779,0,0,76045.077126,Bearish,83636,2025-11-22T12:32:14.930Z
6921ad53cee9689141455fb4,Ethereum,7.56,0.229366,0,0,2929.945693,Bullish,2715.25,2025-11-22T12:32:19.015Z
6921ad57cee9689141455fb5,Solana,5.86,0.30364,0,0,112.74714,Bearish,125.7,2025-11-22T12:32:23.737Z
6921ad6ccee9689141455fb6,Bitcoin,1.07,0.084779,0,0,76063.144896,Bearish,83688,2025-11-22T12:32:44.553Z
6921ad71cee9689141455fb7,Ethereum,7.56,0.229366,0,0,2930.46127,Bullish,2716.41,2025-11-22T12:32:49.007Z
6921adc6cee9689141455fb8,Bitcoin,1.07,0.084779,0,0,76071.073095,Bearish,83700,2025-11-22T12:34:14.529Z
6921adcbcee9689141455fb9,Ethereum,7.56,0.229366,0,0,2931.08156,Bullish,2717.64,2025-11-22T12:34:19.159Z
6921add0cee9689141455fba,Solana,5.86,0.30364,0,0,112.778799,Bearish,125.78,2025-11-22T12:34:23.817Z
6921ade4cee9689141455fbb,Bitcoin,1.07,0.084779,0,0,76063.517974,Bearish,83672,2025-11-22T12:34:44.348Z
6921ade9cee9689141455fbc,Ethereum,7.56,0.229366,0,0,2931.288949,Bullish,2717.89,2025-11-22T12:34:48.927Z
6921ae3ecee9689141455fbd,Bitcoin,1.07,0.084779,0,0,76083.564182,Bearish,83701,2025-11-22T12:36:14.692Z
6921ae44cee9689141455fbe,Ethereum,7.56,0.229366,0,0,2931.285209,Bullish,2717.75,2025-11-22T12:36:20.154Z
6921ae48cee9689141455fbf,Solana,5.86,0.30364,0,0,112.778326,Bearish,125.78,2025-11-22T12:36:24.704Z
6921ae5ccee9689141455fc0,Bitcoin,1.08,0.086476,0,0,76090.698095,Bearish,83700,2025-11-22T12:36:44.444Z
6921ae60cee9689141455fc1,Ethereum,7.56,0.229366,0,0,2931.575648,Bullish,2718.2,2025-11-22T12:36:48.493Z
6921aebacee9689141455fc2,Bitcoin,1.14,0.092355,0,0,76106.422178,Bearish,83720,2025-11-22T12:38:17.928Z
6921aec9cee9689141455fc3,Ethereum,7.56,0.229366,0,0,2931.119297,Bullish,2717.14,2025-11-22T12:38:32.517Z
6921aed4cee9689141455fc4,Solana,5.86,0.30364,0,0,112.798311,Bearish,125.82,2025-11-22T12:38:44.564Z
6921aee1cee9689141455fc5,Bitcoin,1.13,0.091435,0,0,76120.773569,Bearish,83745,2025-11-22T12:38:56.488Z
6921aeeccee9689141455fc6,Ethereum,7.56,0.229366,0,0,2931.70385,Bullish,2718.22,2025-11-22T12:39:06.339Z
6921af58cee9689141455fc7,Bitcoin,1.13,0.091435,0,0,76131.34971,Bearish,83761,2025-11-22T12:40:53.791Z
6921af5fcee9689141455fc8,Ethereum,7.53,0.226374,0,0,2932.096087,Bullish,2718.92,2025-11-22T12:41:02.782Z
6921af63cee9689141455fc9,Solana,5.86,0.30364,0,0,112.809509,Bearish,125.83,2025-11-22T12:41:07.567Z
6921af69cee9689141455fca,Bitcoin,1.13,0.091435,0,0,76138.236429,Bearish,83761,2025-11-22T12:41:13.443Z
6921af6fcee9689141455fcb,Ethereum,7.53,0.226374,0,0,2932.141619,Bullish,2718.92,2025-11-22T12:41:19.460Z
6921af79cee9689141455fcc,Solana,5.86,0.30364,0,0,112.817432,Bearish,125.83,2025-11-22T12:41:28.956Z
6921af88cee9689141455fcd,Bitcoin,1.13,0.091435,0,0,76141.692856,Bearish,83758,2025-11-22T12:41:44.259Z
6921afe0cee9689141455fce,Bitcoin,1.13,0.091435,0,0,76146.113026,Bearish,83756,2025-11-22T12:43:12.805Z
6921afe5cee9689141455fcf,Ethereum,7.51,0.224435,0,0,2932.279328,Bullish,2719.1,2025-11-22T12:43:17.389Z
6921afeacee9689141455fd0,Solana,5.89,0.306219,0,0,112.818937,Bearish,125.82,2025-11-22T12:43:21.921Z
6921b000cee9689141455fd1,Bitcoin,1.13,0.091435,0,0,76134.221362,Bearish,83725,2025-11-22T12:43:44.483Z
6921b005cee9689141455fd2,Ethereum,7.51,0.224435,0,0,2931.944708,Bullish,2718.4,2025-11-22T12:43:49.502Z
6921b051cee9689141455fd3,Bitcoin,1.13,0.091435,0,0,76133.803393,Bearish,83725,2025-11-22T12:45:05.166Z
6921b05ccee9689141455fd4,Ethereum,7.51,0.224435,0,0,2930.380665,Bullish,2715.36,2025-11-22T12:45:16.244Z
6921b060cee9689141455fd5,Solana,5.9,0.307123,0,0,112.762555,Bearish,125.7,2025-11-22T12:45:20.639Z
6921b066cee9689141455fd6,Bitcoin,1.13,0.091435,0,0,76125.706125,Bearish,83714,2025-11-22T12:45:25.947Z
6921b06bcee9689141455fd7,Ethereum,7.51,0.224435,0,0,2930.253834,Bullish,2715.36,2025-11-22T12:45:31.285Z
6921b070cee9689141455fd8,Solana,5.9,0.307123,0,0,112.757737,Bearish,125.7,2025-11-22T12:45:36.020Z
6921b0c0cee9689141455fd9,Bitcoin,1.13,0.091435,0,0,76110.134882,Bearish,83690,2025-11-22T12:46:55.904Z
6921b0c4cee9689141455fda,Ethereum,7.51,0.224435,0,0,2930.023962,Bullish,2715.18,2025-11-22T12:47:00.313Z
6921b0cacee9689141455fdb,Solana,5.9,0.307123,0,0,112.703295,Bearish,125.6,2025-11-22T12:47:04.704Z
6921b0decee9689141455fdc,Bitcoin,1.13,0.091435,0,0,76105.076289,Bearish,83690,2025-11-22T12:47:26.187Z
6921b0e2cee9689141455fdd,Ethereum,7.51,0.224435,0,0,2929.893591,Bullish,2715.18,2025-11-22T12:47:30.692Z
6921b0e7cee9689141455fde,Solana,5.9,0.307123,0,0,112.691107,Bearish,125.6,2025-11-22T12:47:35.040Z
6921b102cee9689141455fdf,Ethereum,7.59,0.232068,0,0,2929.697863,Bullish,2715.06,2025-11-22T12:48:01.757Z
6921b107cee9689141455fe0,Solana,5.97,0.314404,0,0,112.679808,Bearish,125.6,2025-11-22T12:48:06.864Z
6921b11acee9689141455fe1,Bitcoin,1.14,0.091968,0,0,76106.510099,Bearish,83704,2025-11-22T12:48:26.030Z
6921b11ecee9689141455fe2,Ethereum,7.59,0.232068,0,0,2929.587755,Bullish,2715.06,2025-11-22T12:48:30.156Z
6921b174cee9689141455fe3,Bitcoin,1.14,0.091968,0,0,76105.706016,Bearish,83707,2025-11-22T12:49:56.400Z
6921b178cee9689141455fe4,Ethereum,7.59,0.232068,0,0,2930.077152,Bullish,2716.01,2025-11-22T12:50:00.744Z
6921b17ecee9689141455fe5,Solana,5.97,0.314404,0,0,112.668981,Bearish,125.6,2025-11-22T12:50:06.443Z
6921b194cee9689141455fe6,Bitcoin,1.14,0.091968,0,0,76103.54586,Bearish,83707,2025-11-22T12:50:27.286Z
6921b199cee9689141455fe7,Ethereum,7.59,0.232068,0,0,2930.107426,Bullish,2716.01,2025-11-22T12:50:33.602Z
6921b19ecee9689141455fe8,Solana,5.97,0.314404,0,0,112.664022,Bearish,125.6,2025-11-22T12:50:38.190Z
6921b1b0cee9689141455fe9,Bitcoin,1.14,0.091968,0,0,76090.646493,Bearish,83683,2025-11-22T12:50:56.309Z
6921b20acee9689141455fea,Bitcoin,1.14,0.091968,0,0,76064.544667,Bearish,83630,2025-11-22T12:52:26.558Z
6921b20fcee9689141455feb,Ethereum,7.59,0.232068,0,0,2929.113546,Bullish,2714.06,2025-11-22T12:52:31.147Z
6921b213cee9689141455fec,Solana,5.97,0.314404,0,0,112.625201,Bearish,125.53,2025-11-22T12:52:35.116Z
6921b228cee9689141455fed,Bitcoin,1.14,0.091968,0,0,76087.261975,Bearish,83681,2025-11-22T12:52:56.114Z
6921b22ccee9689141455fee,Ethereum,7.59,0.232068,0,0,2928.980763,Bullish,2713.91,2025-11-22T12:53:00.524Z
6921b283cee9689141455fef,Bitcoin,1.14,0.092069,0,0,76132.827094,Bearish,83778,2025-11-22T12:54:27.014Z
6921b28dcee9689141455ff0,Ethereum,7.59,0.232068,0,0,2930.768472,Bullish,2717.4,2025-11-22T12:54:36.776Z
6921b292cee9689141455ff1,Solana,5.97,0.314404,0,0,112.611547,Bearish,125.51,2025-11-22T12:54:42.433Z
6921b2a1cee9689141455ff2,Bitcoin,1.14,0.092069,0,0,76159.097385,Bearish,83827,2025-11-22T12:54:57.032Z
6921b2a8cee9689141455ff3,Ethereum,7.59,0.232068,0,0,2932.084874,Bullish,2719.7,2025-11-22T12:55:04.130Z
6921b2b2cee9689141455ff4,Solana,5.97,0.314404,0,0,112.636175,Bearish,125.57,2025-11-22T12:55:14.114Z
6921b2bfcee9689141455ff5,Bitcoin,1.15,0.092799,0,0,76165.320041,Bearish,83827,2025-11-22T12:55:27.048Z
6921b2cbcee9689141455ff6,Ethereum,7.59,0.232068,0,0,2932.245519,Bullish,2719.7,2025-11-22T12:55:38.939Z
6921b2d4cee9689141455ff7,Solana,5.97,0.314404,0,0,112.635038,Bearish,125.57,2025-11-22T12:55:48.448Z
6921b2dccee9689141455ff8,Bitcoin,1.16,0.09363,0,0,76169.963255,Bearish,83814,2025-11-22T12:55:56.108Z
6921b38ecee9689141455ff9,Ethereum,7.63,0.236601,0,0,2931.554293,Bullish,2718.12,2025-11-22T12:58:54.013Z
6921b470cee9689141455ffa,Bitcoin,1.16,0.093779,0,0,76198.259354,Bearish,83836,2025-11-22T13:02:39.925Z
6921b482cee9689141455ffb,Ethereum,7.7,0.243079,0,0,2932.069268,Bullish,2718.86,2025-11-22T13:02:58.047Z
6921b4a0cee9689141455ffc,Solana,6,0.317771,0,0,112.682061,Bearish,125.67,2025-11-22T13:03:27.761Z
6921b4a7cee9689141455ffd,Bitcoin,1.16,0.093779,0,0,76183.884587,Bearish,83779,2025-11-22T13:03:35.100Z
6921b4aecee9689141455ffe,Ethereum,7.7,0.243079,0,0,2932.231499,Bullish,2718.86,2025-11-22T13:03:40.875Z
6921b4b8cee9689141455fff,Solana,6,0.317724,0,0,112.613472,Bearish,125.52,2025-11-22T13:03:51.793Z
6921b4c4cee9689141456000,Bitcoin,1.16,0.093779,0,0,76186.161931,Bearish,83779,2025-11-22T13:04:04.330Z
6921b4c9cee9689141456001,Ethereum,7.7,0.243079,0,0,2930.595816,Bullish,2715.66,2025-11-22T13:04:08.796Z
6921b4cdcee9689141456002,Solana,6,0.317724,0,0,112.611908,Bearish,125.52,2025-11-22T13:04:13.205Z
6921b4e2cee9689141456003,Bitcoin,1.16,0.093779,0,0,76143.385595,Bearish,83700,2025-11-22T13:04:33.999Z
6921b4e6cee9689141456004,Ethereum,7.7,0.243079,0,0,2930.43212,Bullish,2715.66,2025-11-22T13:04:38.800Z
6921b53bcee9689141456005,Bitcoin,1.16,0.093779,0,0,76123.010766,Bearish,83675,2025-11-22T13:06:03.674Z
6921b54fcee9689141456006,Ethereum,7.7,0.243079,0,0,2929.10886,Bullish,2713.43,2025-11-22T13:06:12.229Z
6921b55dcee9689141456007,Solana,6,0.317724,0,0,112.563978,Bearish,125.42,2025-11-22T13:06:37.653Z
6921b566cee9689141456008,Bitcoin,1.16,0.093779,0,0,76098.562214,Bearish,83646,2025-11-22T13:06:45.845Z
6921b56bcee9689141456009,Ethereum,7.7,0.243079,0,0,2928.570045,Bullish,2712.75,2025-11-22T13:06:50.890Z
6921b56fcee968914145600a,Solana,6,0.317724,0,0,112.546017,Bearish,125.4,2025-11-22T13:06:55.609Z
6921b581cee968914145600b,Bitcoin,1.16,0.093779,0,0,76083.355183,Bearish,83646,2025-11-22T13:07:13.191Z
6921b586cee968914145600c,Ethereum,7.7,0.243079,0,0,2928.347023,Bullish,2712.75,2025-11-22T13:07:18.605Z
6921b5dbcee968914145600d,Bitcoin,1.16,0.093779,0,0,76114.807408,Bearish,83732,2025-11-22T13:08:43.027Z
6921b5dfcee968914145600e,Ethereum,7.7,0.243079,0,0,2930.108601,Bullish,2716.49,2025-11-22T13:08:47.381Z
6921b5e3cee968914145600f,Solana,6,0.317724,0,0,112.556842,Bearish,125.44,2025-11-22T13:08:51.636Z
6921b5f9cee9689141456010,Bitcoin,1.15,0.092769,0,0,76106.850377,Bearish,83732,2025-11-22T13:09:13.222Z
6921b5fecee9689141456011,Ethereum,7.7,0.243079,0,0,2930.168293,Bullish,2716.49,2025-11-22T13:09:18.536Z
6921b603cee9689141456012,Solana,6,0.317724,0,0,112.545863,Bearish,125.44,2025-11-22T13:09:23.365Z
6921b617cee9689141456013,Bitcoin,1.14,0.092251,0,0,76123.725315,Bearish,83764,2025-11-22T13:09:43.023Z
6921b61ccee9689141456014,Ethereum,7.7,0.243079,0,0,2931.658543,Bullish,2719.23,2025-11-22T13:09:48.462Z
6921b671cee9689141456015,Bitcoin,1.15,0.093271,0,0,76162.605802,Bearish,83830,2025-11-22T13:11:12.839Z
6921b676cee9689141456016,Ethereum,7.7,0.243079,0,0,2933.002289,Bullish,2721.36,2025-11-22T13:11:18.037Z
6921b67acee9689141456017,Solana,6,0.317724,0,0,112.585567,Bearish,125.53,2025-11-22T13:11:22.254Z
6921b693cee9689141456018,Bitcoin,1.17,0.094675,0,0,76211.597973,Bearish,83901,2025-11-22T13:11:46.756Z
6921b698cee9689141456019,Ethereum,7.7,0.243079,0,0,2935.688036,Bullish,2725.85,2025-11-22T13:11:52.256Z
6921b6e9cee968914145601a,Bitcoin,1.17,0.094675,0,0,76283.539906,Bearish,84007,2025-11-22T13:13:13.106Z
6921b6eecee968914145601b,Ethereum,11.31,0.246943,0,0,2986.410757,Bullish,2728.75,2025-11-22T13:13:17.893Z
6921b6f2cee968914145601c,Solana,6,0.317724,0,0,112.722888,Bearish,125.81,2025-11-22T13:13:22.363Z
6921b707cee968914145601d,Bitcoin,1.17,0.094675,0,0,76301.7871,Bearish,84006,2025-11-22T13:13:43.572Z
6921b70dcee968914145601e,Ethereum,7.74,0.246943,0,0,2937.739827,Bullish,2727.92,2025-11-22T13:13:49.003Z
6921b765cee968914145601f,Bitcoin,1.17,0.094675,0,0,76343.705115,Bearish,84045,2025-11-22T13:15:17.351Z
6921b76acee9689141456020,Ethereum,11.35,0.251641,0,0,2987.061858,Bullish,2728.35,2025-11-22T13:15:22.064Z
6921b76ecee9689141456021,Solana,6,0.317724,0,0,112.836336,Bearish,126,2025-11-22T13:15:26.697Z
6921b781cee9689141456022,Bitcoin,1.17,0.094675,0,0,76377.327635,Bearish,84065,2025-11-22T13:15:44.891Z
6921b786cee9689141456023,Ethereum,11.35,0.251641,0,0,2987.329552,Bullish,2728.28,2025-11-22T13:15:50.749Z
6921b7d9cee9689141456024,Bitcoin,1.17,0.094675,0,0,76391.216942,Bearish,84052,2025-11-22T13:17:13.379Z
6921b7decee9689141456025,Ethereum,7.78,0.251641,0,0,2938.391426,Bullish,2727.4,2025-11-22T13:17:18.411Z
6921b7e3cee9689141456026,Solana,5.98,0.315374,0,0,112.871941,Bearish,126.01,2025-11-22T13:17:23.417Z
6921b7f7cee9689141456027,Bitcoin,1.17,0.094675,0,0,76395.812072,Bearish,84033,2025-11-22T13:17:43.292Z
6921b7fccee9689141456028,Ethereum,7.78,0.251641,0,0,2938.072841,Bullish,2726.73,2025-11-22T13:17:47.868Z
6921b851cee9689141456029,Bitcoin,1.17,0.094675,0,0,76393.671835,Bearish,84022,2025-11-22T13:19:13.464Z
6921b856cee968914145602a,Ethereum,7.78,0.251641,0,0,2937.232142,Bullish,2725.28,2025-11-22T13:19:18.247Z
6921b85dcee968914145602b,Solana,6,0.317506,0,0,112.900357,Bearish,126.01,2025-11-22T13:19:24.660Z
6921b870cee968914145602c,Bitcoin,1.17,0.094675,0,0,76395.833091,Bearish,84021,2025-11-22T13:19:44.059Z
6921b875cee968914145602d,Ethereum,7.78,0.251641,0,0,2936.895834,Bullish,2724.85,2025-11-22T13:19:48.935Z
6921b8cacee968914145602e,Bitcoin,1.17,0.094675,0,0,76382.164193,Bearish,83997,2025-11-22T13:21:14.084Z
6921b8d0cee968914145602f,Ethereum,7.78,0.251641,0,0,2936.405969,Bullish,2724.17,2025-11-22T13:21:20.188Z
6921b8d8cee9689141456030,Solana,6,0.317506,0,0,112.93841,Bearish,126.03,2025-11-22T13:21:27.409Z
6921b8e8cee9689141456031,Bitcoin,1.15,0.093304,0,0,76366.468555,Bearish,83976,2025-11-22T13:21:44.496Z
6921b8edcee9689141456032,Ethereum,7.7,0.242911,0,0,2935.868899,Bullish,2723.43,2025-11-22T13:21:49.660Z
6921b941cee9689141456033,Bitcoin,1.15,0.093304,0,0,76351.309778,Bearish,83957,2025-11-22T13:23:12.945Z
6921b945cee9689141456034,Ethereum,7.7,0.242911,0,0,2935.656189,Bullish,2723.3,2025-11-22T13:23:17.091Z
6921b949cee9689141456035,Solana,6.02,0.319516,0,0,112.933824,Bearish,125.97,2025-11-22T13:23:21.157Z
6921b95fcee9689141456036,Bitcoin,1.15,0.093304,0,0,76360.211455,Bearish,83986,2025-11-22T13:23:43.560Z
6921b963cee9689141456037,Ethereum,7.7,0.242911,0,0,2935.706573,Bullish,2723.62,2025-11-22T13:23:47.774Z
6921b9bacee9689141456038,Bitcoin,1.15,0.093304,0,0,76332.307252,Bearish,83938,2025-11-22T13:25:13.773Z
6921b9c1cee9689141456039,Ethereum,7.7,0.242911,0,0,2934.148037,Bullish,2720.76,2025-11-22T13:25:21.167Z
6921b9c6cee968914145603a,Solana,6.02,0.319516,0,0,112.945927,Bearish,125.98,2025-11-22T13:25:26.438Z
6921b9d7cee968914145603b,Bitcoin,1.15,0.093304,0,0,76305.618,Bearish,83897,2025-11-22T13:25:43.685Z
6921b9dbcee968914145603c,Ethereum,7.7,0.242911,0,0,2933.989468,Bullish,2720.76,2025-11-22T13:25:47.812Z
6921ba31cee968914145603d,Bitcoin,1.15,0.093304,0,0,76259.396352,Bearish,83818,2025-11-22T13:27:12.926Z
6921ba35cee968914145603e,Ethereum,7.7,0.242911,0,0,2931.209183,Bullish,2715.72,2025-11-22T13:27:17.670Z
6921ba3acee968914145603f,Solana,6.02,0.319516,0,0,112.886761,Bearish,125.86,2025-11-22T13:27:21.961Z
6921ba4fcee9689141456040,Bitcoin,1.15,0.093304,0,0,76232.987359,Bearish,83785,2025-11-22T13:27:42.853Z
6921ba52cee9689141456041,Ethereum,7.7,0.242911,0,0,2930.901566,Bullish,2715.72,2025-11-22T13:27:46.636Z
6921baaacee9689141456042,Bitcoin,1.15,0.093304,0,0,76223.695599,Bearish,83791,2025-11-22T13:29:14.005Z
6921baaecee9689141456043,Ethereum,7.7,0.242911,0,0,2930.116623,Bullish,2714.76,2025-11-22T13:29:18.295Z
6921bab2cee9689141456044,Solana,6.02,0.319516,0,0,112.820137,Bearish,125.74,2025-11-22T13:29:22.483Z
6921bac8cee9689141456045,Bitcoin,1.15,0.093304,0,0,76223.167093,Bearish,83824,2025-11-22T13:29:44.385Z
6921bacdcee9689141456046,Ethereum,7.7,0.242911,0,0,2929.814987,Bullish,2714.76,2025-11-22T13:29:48.978Z
6921bb21cee9689141456047,Bitcoin,1.15,0.093304,0,0,76214.199552,Bearish,83830,2025-11-22T13:31:13.018Z
6921bb25cee9689141456048,Ethereum,7.7,0.242911,0,0,2930.0125,Bullish,2715.53,2025-11-22T13:31:16.976Z
6921bb29cee9689141456049,Solana,6.02,0.319516,0,0,112.781737,Bearish,125.69,2025-11-22T13:31:20.911Z
6921bb3fcee968914145604a,Bitcoin,1.15,0.093304,0,0,76209.147174,Bearish,83835,2025-11-22T13:31:43.281Z
6921bb43cee968914145604b,Ethereum,7.7,0.242911,0,0,2929.848316,Bullish,2715.53,2025-11-22T13:31:47.413Z
6921bb99cee968914145604c,Bitcoin,1.15,0.093304,0,0,76206.459565,Bearish,83828,2025-11-22T13:33:13.220Z
6921bb9dcee968914145604d,Ethereum,7.7,0.242911,0,0,2930.161308,Bullish,2716.13,2025-11-22T13:33:17.803Z
6921bba2cee968914145604e,Solana,6.02,0.319516,0,0,112.740327,Bearish,125.64,2025-11-22T13:33:22.155Z
6921bbb7cee968914145604f,Bitcoin,1.15,0.093304,0,0,76198.63051,Bearish,83804,2025-11-22T13:33:43.001Z
6921bbbbcee9689141456050,Ethereum,7.7,0.242911,0,0,2930.18206,Bullish,2716.13,2025-11-22T13:33:47.459Z
6921bc11cee9689141456051,Bitcoin,1.15,0.093304,0,0,76211.049905,Bearish,83824,2025-11-22T13:35:12.970Z
6921bc14cee9689141456052,Ethereum,7.7,0.242911,0,0,2930.294415,Bullish,2716.25,2025-11-22T13:35:16.812Z
6921bc19cee9689141456053,Solana,6.02,0.319516,0,0,112.713813,Bearish,125.62,2025-11-22T13:35:21.122Z
6921bc2fcee9689141456054,Bitcoin,1.15,0.093304,0,0,76192.379689,Bearish,83787,2025-11-22T13:35:43.171Z
6921bc33cee9689141456055,Ethereum,7.7,0.242911,0,0,2930.345196,Bullish,2716.25,2025-11-22T13:35:47.209Z
6921bc89cee9689141456056,Bitcoin,1.15,0.093304,0,0,76205.715564,Bearish,83819,2025-11-22T13:37:13.016Z
6921bc8dcee9689141456057,Ethereum,7.7,0.242911,0,0,2931.312357,Bullish,2718.04,2025-11-22T13:37:16.996Z
6921bc91cee9689141456058,Solana,6.02,0.319516,0,0,112.705716,Bearish,125.64,2025-11-22T13:37:20.953Z
6921bca7cee9689141456059,Bitcoin,1.15,0.093304,0,0,76181.541333,Bearish,83775,2025-11-22T13:37:43.012Z
6921bcabcee968914145605a,Ethereum,7.7,0.242911,0,0,2931.411722,Bullish,2718.04,2025-11-22T13:37:46.890Z
6921bd01cee968914145605b,Bitcoin,1.15,0.093304,0,0,76152.118095,Bearish,83723,2025-11-22T13:39:13.268Z
6921bd05cee968914145605c,Ethereum,7.7,0.242911,0,0,2928.537253,Bullish,2712.44,2025-11-22T13:39:17.279Z
6921bd09cee968914145605d,Solana,6.02,0.319516,0,0,112.646497,Bearish,125.54,2025-11-22T13:39:21.453Z
6921bd1fcee968914145605e,Bitcoin,1.15,0.093304,0,0,76136.065283,Bearish,83700,2025-11-22T13:39:42.977Z
6921bd23cee968914145605f,Ethereum,7.7,0.242911,0,0,2928.3655,Bullish,2712.44,2025-11-22T13:39:46.961Z
6921bd79cee9689141456060,Bitcoin,1.15,0.093304,0,0,76133.055982,Bearish,83712,2025-11-22T13:41:13.024Z
6921bd7ccee9689141456061,Ethereum,7.7,0.242911,0,0,2928.64745,Bullish,2713.27,2025-11-22T13:41:16.790Z
6921bd80cee9689141456062,Solana,6.02,0.319516,0,0,112.606798,Bearish,125.48,2025-11-22T13:41:20.592Z
6921bd97cee9689141456063,Bitcoin,1.15,0.093304,0,0,76135.193522,Bearish,83729,2025-11-22T13:41:43.394Z
6921bd9bcee9689141456064,Ethereum,7.7,0.242911,0,0,2928.547718,Bullish,2713.27,2025-11-22T13:41:47.183Z
6921bdf1cee9689141456065,Bitcoin,1.15,0.093304,0,0,76117.945507,Bearish,83713,2025-11-22T13:43:13.450Z
6921bdf8cee9689141456066,Ethereum,7.7,0.242911,0,0,2928.332229,Bullish,2713.16,2025-11-22T13:43:19.911Z
6921bdfbcee9689141456067,Solana,6.02,0.319516,0,0,112.552453,Bearish,125.39,2025-11-22T13:43:23.739Z
6921be0fcee9689141456068,Bitcoin,1.15,0.093304,0,0,76112.199413,Bearish,83713,2025-11-22T13:43:43.184Z
6921be13cee9689141456069,Ethereum,7.7,0.242911,0,0,2928.173537,Bullish,2713.16,2025-11-22T13:43:47.085Z
6921be69cee968914145606a,Bitcoin,1.17,0.09465,0,0,76147.327203,Bearish,83785,2025-11-22T13:45:13.145Z
6921be6dcee968914145606b,Ethereum,7.7,0.242911,0,0,2930.139634,Bullish,2716.85,2025-11-22T13:45:17.076Z
6921be71cee968914145606c,Solana,6.02,0.319516,0,0,112.568609,Bearish,125.45,2025-11-22T13:45:20.871Z
6921be87cee968914145606d,Bitcoin,1.19,0.097315,0,0,76152.358453,Bearish,83785,2025-11-22T13:45:43.101Z
6921be8bcee968914145606e,Ethereum,7.7,0.242911,0,0,2930.319443,Bullish,2716.85,2025-11-22T13:45:47.002Z
6921bee1cee968914145606f,Bitcoin,1.16,0.093967,0,0,76194.936066,Bearish,83860,2025-11-22T13:47:13.117Z
6921bee5cee9689141456070,Ethereum,7.7,0.242911,0,0,2931.531469,Bullish,2718.89,2025-11-22T13:47:16.981Z
6921bee8cee9689141456071,Solana,6.02,0.319516,0,0,112.580021,Bearish,125.49,2025-11-22T13:47:20.791Z
6921beffcee9689141456072,Bitcoin,1.13,0.091272,0,0,76203.147003,Bearish,83860,2025-11-22T13:47:43.160Z
6921bf03cee9689141456073,Ethereum,7.7,0.242911,0,0,2931.74143,Bullish,2718.89,2025-11-22T13:47:47.024Z
6921bf5acee9689141456074,Bitcoin,1.13,0.091272,0,0,76232.054896,Bearish,83894,2025-11-22T13:49:13.864Z
6921bf5ecee9689141456075,Ethereum,7.71,0.244353,0,0,2933.123908,Bullish,2721.13,2025-11-22T13:49:18.337Z
6921bf62cee9689141456076,Solana,6.02,0.319516,0,0,112.631161,Bearish,125.61,2025-11-22T13:49:22.678Z
