id,coin,text,scraped_at
68e5336a41b771828c8cb57a,Bitcoin,"🇺🇸👀 Crypto #ETF Flows Today:

#BTC-ETFs:
NetFlow: +9,576 BTC ($1.19B) 🟢
BlackRock inflows 7,579 BTC ($943.11M) and currently holds 791,347 $BTC ($98.48B);
#ETH-ETFs:
NetFlow: +34,138 ETH ($161.13M) 🟢
BlackRock inflows 18,959 ETH ($89.49M) and currently holds 3,952,823 $ETH.",2025-10-07T20:36:09.653484
68e5336b41b771828c8cb57b,Bitcoin,"#BTC 

New All Time Highs for Bitcoin into a picture-perfect rejection from this crucial trendline resistance (red)

This is the trendline that Bitcoin needs to break convincingly to enter trend acceleration and prolonged Price Discovery

$BTC #Crypto #Bitcoin",2025-10-07T20:36:09.719484
68e5336b41b771828c8cb57c,Bitcoin,🏦 رجّح Deutsche Bank أن يتحوّل بيتكوين إلى أصل احتياطي لدى البنوك المركزية بحلول 2030، مدفوعًا بتراجع التقلب وارتفاع السيولة. رغم غيابه عن الدعم المادي كالذهب، إلا أن خصائصه الرقمية تمنحه مكانة متصاعدة كأصل آمن عالمي. #Bitcoin #BTC #Crypto #DeutscheBank #ذهب_رقمي,2025-10-07T20:36:09.789482
68e5336b41b771828c8cb57d,Bitcoin,"Une seule réponse... En fait deux:
#Bitcoin (#BTC)
#Monero (#XMR)",2025-10-07T20:36:09.857737
68e5336c41b771828c8cb57e,Bitcoin,"#BTC 

Bitcoin continues to hold ~$123.4 (red) as support to ensure sustained bullish momentum in the short-term

$BTC #Crypto #Bitcoin",2025-10-07T20:36:09.922820
68e5336d41b771828c8cb57f,Bitcoin,"Kaspa isn’t just better than Bitcoin—it’s ten thousand times sharper. Evolution always wins… and soon, the world will see #kas leave #btc  in the rearview.Here’s a Time has a way of proving the truth… and sooner rather than later, you’ll see
#mindset #crypto #invest",2025-10-07T20:36:09.983819
68e5336e41b771828c8cb580,Bitcoin,"#Bitcoin Zooming In 🔍

#BTC currently retesting the Kijun 🔵 + FVG on the 4H chart.

A key level to hold if the short-term bullish momentum is to continue.",2025-10-07T21:00:17.054510
68e5336e41b771828c8cb581,Ethereum,"$XDC is more than a token  it’s a seed.

Plant it, nurture it, let time do the rest.
Strong roots build strong futures. 🌳
The best time to start is always today

#XDC #CryptoGrowth @XDCNetwork #GMMTVFANIVAL #LCDFLMX3 #patlama #เมพรีมายา #BTC #ETH #hirunkit_",2025-10-07T20:36:42.395374
68e5336f41b771828c8cb582,Bitcoin,"#BTC ve  #Tether  ile ilgili sabah uyarılarımı yaptım. Trende dayanmış ve gün kapanışları trend üstünde yapılmamış olması, güçlü geri çekilmelere neden olabiliyor. Dikkatli olmanızda fayda var. BTC 119 kaybedilmemesi gerekiyor. Eth 4600 altı sıkıntı. #analiz #kriptopara",2025-10-07T20:36:10.169263
68e5336f41b771828c8cb583,Bitcoin,#BTC Δεν μου αρέσει αυτό 👀👀,2025-10-07T20:36:10.235044
68e5338b41b771828c8cb590,Ethereum,"The #Do shall rise ! #Luncverse is coming and it will be glorious. Come build our home together! 

@LUNCMetaverse 

#LUNC #Lunccommunity #Sol #Bnb #Eth #Bitcoin #Crypto #Meme #Bullish #Cookie #Do #Frg #Grdx #Lix",2025-10-07T20:36:41.748287
68e5338b41b771828c8cb591,Ethereum,"🎁 CRY ALPHA Giveaway 🎁

📌 Project - Coinlander

🏆 $50 to 1 Winner

1️⃣ Follow @coinlandercom 
2️⃣ RT + ❤️ + Tags

24h ⏰
#NFTGiveaway #SOL #ETH #NFT #Giveaway #SOLGIVEAWAY #AD",2025-10-07T21:00:56.996138
68e5338b41b771828c8cb593,Ethereum,"🔷️ BitMine announced that it purchased 179,251 #ETH last week.

This acquisition highlights the renewed interest from institutional investors and growing confidence in Ethereum. 📈 If this trend continues, $ETH could see positive momentum in the medium term.

⚠️ Not financial advice.

#crypto #Ethereum #ETH #DeFi #blockchain",2025-10-07T20:36:41.901312
68e5338b41b771828c8cb595,Ethereum,"Maximize your TAO holdings with impressive staking yields

•  Daily returns up to 0.50 TAO
•  Monthly earnings reach 14.2 TAO
•  Yearly potential of 171 TAO

Start earning now : stake.opentensor.app

#AICrypto #ETH #TAO #AI #Web3 #BittensorMeeting2025",2025-10-07T20:36:41.974893
68e5338c41b771828c8cb596,Ethereum,"We add short position in #ETH

#BONK & #TIA in BE

I keep a short position in #BTC

Follow the #Trading challenge live together with @PrimeXBT 

🤝 u.primexbt.com/0xP0P0",2025-10-07T20:36:42.072767
68e5338c41b771828c8cb598,Ethereum,"Baby Vitalik is almost here!
Mark your clocks ⏰ Launch Time: 16:00 UTC

The new wave is loading…
Not just another meme - this one carries the spirit of innovation ⚡
CA: ETHJaLDCuKuLuVWkrsZov4LaLfq7b9HRJVeCq49RaeWE

Get ready to make history with $VITALIK 🌍🚀
#BabyVitalik #ETH #Crypto #MemeSeason",2025-10-07T20:36:42.141767
68e5338c41b771828c8cb599,Ethereum,"The evolution of Layer 2 is unfolding through @LayerBrett. $LBRETT brings unmatched performance, low fees, and community-powered rewards  building an ecosystem where innovation meets purpose, and progress meets people.
DYOR:@LayerBrett #ETH #LayerBrett",2025-10-07T20:36:42.209768
68e5338d41b771828c8cb59b,Ethereum,"最近币安链上冒出了不少“金狗🐶”，确实造富了一批人，也带动 #BNB  不断创新高。
但我依然坚持自己的判断——大仓位持有 #BTC 和 #ETH 小仓位 #DOGE，外加少量主流山寨。
看到这些暴富故事时，别冲动，别盲目换仓。行情已来，板块轮动马上就轮到你了。冷静的人，才能走得更远。",2025-10-07T20:36:42.273767
68e5338d41b771828c8cb59c,Ethereum,"Wrapped TAO (wTAO) Airdrop is LIVE 

$1,498,378 in wTAO tokens for our community. 

2 years of bridging Bittensor's neural network to Ethereum - proven, tested, secure. 

Claim your wTAO: opentensor.app

Join the established decentralized AI ecosystem

#TAO #ETH #AICrypto $TAO $wTAO",2025-10-07T20:36:42.334639
68e5338e41b771828c8cb59e,Ethereum,"At the moment #Bitcoin and #ETH are down %2, While $BNB is up %4🔝 

Will #BNB become the next Stable coin?",2025-10-07T20:36:42.455887
68e5338f41b771828c8cb59f,Ethereum,"#ETH IS ON TRACK.

SOON $5,555 🚀",2025-10-07T21:00:56.624414
68e533aa41b771828c8cb5af,Solana,"🚀 New #SolanaAirdrop Alert! 🎉

50 winners each get $20 in SOL! 💰

✅ follow @jeff_dot_sol
✅ Like & RT
✅ Drop SOL wallet
✅ Tag 2 frens
✅ Software verifies all steps followed to be eligible

50 active winners will be chosen tonight @ 8pm EDT! ⏰
#Solana #airdrop #giveaway",2025-10-08T10:56:43.456974
68e533aa41b771828c8cb5b0,Solana,"Swapped to $USX on @solsticefi to start the day  composable, yield-bearing, lightning‑fast. TVL exploding what are you building today? #Solana #SolsticeFi @xeetdotai",2025-10-07T20:37:13.300005
68e533ab41b771828c8cb5b1,Solana,"🚨  JUST IN:    $.5 BILLION $USDC MINTED ON SOLANA.

$SOL ECOSYSTEM PUMP COMING SOON!

#SOLANA ⚡️",2025-10-07T20:37:13.361004
68e533ab41b771828c8cb5b2,Solana,"Time for a #giveaway - 0.3 SOL (5hours) as always.     

To enter:
1️⃣ Follow me
2⃣Like
3️⃣ RT this post

Good luck, warriors. 🍀🚀

#Giveaway #Memecoin #Solana #Crypto",2025-10-07T20:37:13.421487
68e533ab41b771828c8cb5b3,Solana,"Drew these Sonunu working together to push @SonicSVM forward

Lore Drop: Every Sonunu represents a bundled transaction

The paddlers are the HyperGrid rollups, working in sync to keep fees low and speed high

The one standing up is the validator... 
#Sonunu #Solana",2025-10-07T21:01:30.888536
68e533ab41b771828c8cb5b4,Solana,#Solana,2025-10-07T20:37:13.547330
68e533ac41b771828c8cb5b6,Solana,"Game changer: USX is collateralized, transparent, and yield-focused. $166M+ TVL post-launch institutional yields for retail are here. #DeFiYields #Solana @solsticefi @xeetdotai",2025-10-07T20:37:13.617330
68e533ac41b771828c8cb5b7,Solana,"Time back to work with $JemZ, New teaser for next feature will come tmr. on #Solana new era",2025-10-07T20:37:13.700671
68e533ac41b771828c8cb5b8,Solana,"The movement is live
#OBEY #Crypto #Solana #Web3 #DeFi #Builders #Community #OpenSource #Protocol #Security",2025-10-07T20:37:13.761550
68e533ad41b771828c8cb5b9,Solana,🚨JUST IN: A Nasdaq-listed firm known as the “Solana Company” just added half a billion dollars’ worth of #Solana to its reserves.,2025-10-07T20:37:13.824762
68e5391341b771828c8cb74f,Bitcoin,"$122,074.33

#Bitcoin  #BTC  $BTC $USD",2025-10-07T21:00:16.626403
68e5391341b771828c8cb750,Bitcoin,"Binance Futures
#API3/USDT All take-profit targets 😎
Profit: 342.5432% 📈
Period: 4 Hours 36 Minutes
#Crypto #Btc #Eth #NFT #Web3 #Blockchain #DeFi #newzealand #turkey #india #saudiarabia #UAE

t.me/+LF4Vm1VI8ONmMjk8",2025-10-07T21:00:16.727374
68e5391441b771828c8cb751,Bitcoin,"#Bitcoin eyes the red line near $130,000K 🎯

A key level that could define the next move.
#BTC 📈

Join our telegram community.
Click below⬇️

t.me/+sIqzgCsc_0U0YTA0
t.me/+sIqzgCsc_0U0YTA0",2025-10-07T21:00:16.826044
68e5391541b771828c8cb752,Bitcoin,"Countries that wish to make their own foreign policy should be working on their Bitcoin reserve. Whoever is keeping the price down is doing you hoes a favor, it won't stay this low for much longer. Get started ASAP! #BTC $BTC",2025-10-07T21:00:16.934145
68e5391541b771828c8cb754,Bitcoin,If #BTC keeps going then #Dogecoin is just getting started. It is really that simple. #DOGE #Altcoins #Crypto,2025-10-31T05:58:20.546782
68e5391641b771828c8cb755,Bitcoin,"🚀 Bitcoin Near All-Time Highs — What Comes Next?
@EdgenTech
#BTC #Bitcoin #Crypto
Bitcoin is holding strong near record levels after an incredible rally that pushed it to new all-time highs above $125,000. The market remains structurally bullish — but short-term signals suggest a cooling period may be on the horizon. Let’s break it down. 👇
📊 Market Snapshot
• Price: $122,688
• 24h Change: -1.5%
• 7D: +8.4% | 30D: +10.3%
• 24h Volume: $68.5B
BTC is consolidating after a parabolic run, digesting recent gains while preparing for its next move.

📈 Technical Overview
• RSI: 71.9 — entering overbought territory.
→ This confirms strong buying momentum, but also warns of a potential short-term pullback.
• MACD: Bullish expansion continues.
→ The MACD line is widening away from the signal line, showing that momentum remains powerful.
• Bollinger Bands: Price hugging the upper band.
→ Volatility is rising, typical during powerful bullish phases.

💹 Derivatives Market
• Funding Rates: Positive across major exchanges → long traders are paying a premium.
• Open Interest: ~$92B, near record highs → heavy capital backing current moves.
• Retail Sentiment: 60% of traders still short → potential fuel for another squeeze higher.
→ In simple terms: the crowd is fading the rally while smart money stays long.
🔑 Key Price Levels
Resistance: $125,500 (immediate test)
Next Target: $128,000 - $130,000
Support: $116,000 (20-day MA, critical zone)
A daily close above $125.5K could ignite the next breakout; a failure could trigger a healthy correction back toward $116K.
📉 Risk Factors
The only real warning comes from an overheated RSI and stretched short-term momentum. A quick flush or sideways consolidation would help reset indicators before the next leg up.
📈 Strategy Outlook
• Short-term: Look for breakout above $125.5K → target $128K.
• Mid-term: Long entries around $122.5K-$123.2K → target $128K-$130K.
• Long-term: Accumulate near $116K → potential move toward $140K+.
🧭 Summary
BTC remains in a strong uptrend supported by both technicals and derivatives data. As long as price holds above $116K, the bull thesis is intact. The current pause looks more like a healthy consolidation than a reversal.
Bitcoin has broken resistance, absorbed selling pressure, and continues to show institutional demand. Every dip still looks like an opportunity — not an exit.",2025-10-07T21:00:17.265479
68e5391641b771828c8cb756,Bitcoin,"#DOOD/USDT {Long} ✅

Leverage: 50x

Entry Targets: 0.0067848

Take-Profit
1) 0.0073969
2) 0.0077886
3) 0.0083273
4) 0.0087435
5) 0.0091108

Stop-Loss: 0.0066624
#Crypto #Btc #Eth #NFT #Web3 #Blockchain #DeFi #newzealand #turkey #india #saudiarabia #UAE

t.me/+LF4Vm1VI8ONmMjk8",2025-10-07T21:00:17.395590
68e5391741b771828c8cb757,Ethereum,"#BTC y #ETH.

¡Oportunidad para reacumular!

Que hermosas gráficas @tradingdiff 🔥🎢 lo mejorcito.",2025-10-07T21:00:57.057972
68e5391741b771828c8cb759,Bitcoin,"Dün tepede longu kapattığımı yazdıktan sonraki #btc grafiği. Sade ve net. Gürültüden uzak durun, para kazanmanın keyfini çıkartın. Yükselmeden önce ayrı, düşmeden önce ayrı nokta atışı 🎯

Yeni işlem için pusuda beklemece devam, kaçırmamak için bildirimleri açmak işinize yarayabilir.",2025-10-07T21:00:17.570010
68e5391741b771828c8cb75a,Bitcoin,"🎁 ÇEKİLİŞ ZAMANI 🎁 

2 Kişiye 25$  Toplamda 50$ veriyoruz 🔥

▪️Beni ve @LabsGinkgo hesabını takip et

▪️Bu twiti rt yap 

Haftaya açıklayacağım bol şans 

#Giveaway #btc #çekiliş",2025-10-07T21:00:17.684054
68e5391841b771828c8cb75c,Bitcoin,"108binden 126bin seviyesine mini bir yükseliş gösteren #BTC, 126bin seviyesinden 122bin seviyesine çakıldı. 

$BTC #Bitcoin",2025-10-07T21:00:17.795864
68e5391841b771828c8cb75e,Bitcoin,"#btc 

119.100 

Bölgesi net olarak …! Oradan da aşağı devam edermi zamanla göreceğiz",2025-10-07T21:00:17.905861
68e5391941b771828c8cb75f,Bitcoin,"📈 Polymarket 上线比特币网络，现已支持用户使用 
#BTC 存款。",2025-10-07T21:00:18.106924
68e5391941b771828c8cb760,Bitcoin,"🔻❌ #Bitcoin - BAIXA 🔻❌

💰 USD: $121,824.00
🇧🇷 BRL: R$650,587.00
📊 24h: -2.69%

⏰ Atualizado: 12:58 (07/10)
🎯 #BitGuiaBR #BTC #Crypto #PreçoBitcoin",2025-10-07T21:00:18.308795
68e5391a41b771828c8cb761,Bitcoin,"Binance Futures
#DOOD/USDT All take-profit targets 😎
Profit: 1,714.8278% 📈
Period: 1 Hour 55 Minutes
#Crypto #Btc #Eth #NFT #Web3 #Blockchain #DeFi #newzealand #turkey #india #saudiarabia #UAE

t.me/+LF4Vm1VI8ONmMjk8",2025-10-07T21:00:18.412477
68e5391a41b771828c8cb762,Bitcoin,"I would like XRP not to go back to 0.47 🤗🤗
#XRP #Crypto #BTC #CryptoPump #CryptoNews #Ripple #XRPArmy #XRPhealth #XLM #HBAR",2025-10-07T21:00:18.513521
68e5391b41b771828c8cb763,Bitcoin,"#XPL/USDT {Long} ✅

Leverage: 50x

🎗️Entry Targets: 0.8998

Take-Profit
1) 0.9234
2) 0.9444
3) 0.9661
4) 0.9814
5) 0.9929

🎗️Stop-Loss: 0.8953
#Crypto #Btc #Eth #NFT #Web3 #Blockchain #DeFi #newzealand #turkey #india #saudiarabia #UAE

t.me/+LF4Vm1VI8ONmMjk8",2025-10-07T21:00:18.607807
68e5391b41b771828c8cb764,Bitcoin,"🚨 After reviewing #Crypto charts, my view has changed!

Earlier I said this bull run might end in 6 months.
Now I see it extending for the next 2 years! 🚀
#BTC could cross $400,000, and most #Altcoins might move beyond all expectations 💥

Like and Repost Expected if you want Updates like this
#Bitcoin #CryptoBullRun #Ethereum #Altseason #BTC",2025-10-07T21:00:18.708115
68e5393941b771828c8cb769,Ethereum,"사기 시작하면 되겠다. #ETH
조정 뒤 이더만 강하게 올라가는 장세를 기대하고,
토탈3는 일단... 관망하려 한다. #total3",2025-10-07T21:00:56.562413
68e5393a41b771828c8cb76a,Ethereum,$OKB whale just bought $2341.00 of $PATRIOT at $2.40M MC 🐋 #eth,2025-10-07T21:00:56.685413
68e5393a41b771828c8cb76b,Ethereum,"Last 24 Hours
Hoge Burned: 15,598,029
Hoge Reflected: 9,982,002

Stats by hoge.report

$HOGE #MEMES #ETH #SOL #BASE $DOGE",2025-10-07T21:00:56.748413
68e5393b41b771828c8cb76c,Ethereum,"BITMINE BUYS $ETH WORTH OVER $963M! 

With over 234,846 #ETH purchase in the last week alone, Bitmine brings it's total holdings to 2.65M $ETH, which values at staggering $$10.87B.

When institutions show this level of conviction, you better not sleep on #Ethereum.
#faizanharoon #cryptosignal #ethereumcommunity",2025-10-07T21:00:56.811891
68e5393b41b771828c8cb76d,Ethereum,$NOX is the next big play! Load up! 🚀🌙💎 #ETH,2025-10-07T21:00:56.872655
68e5393b41b771828c8cb76e,Ethereum,#ETH,2025-10-07T21:00:56.935138
68e5395b41b771828c8cb773,Solana,"Heard your bags are light? $SDOGE is here to change that. Solana's got a new top dog. Join the chaos, bark with us or stay quiet forever. 🐕🚀🔥 @SOLDOGE24 #Solana #MemeCoin #Crypto",2025-10-07T21:01:30.499069
68e5395c41b771828c8cb774,Solana,"BONGA BONK'S SISTER IS HERE. $BONGA ON SOLANA. LFG! 🚀

#BONGA #SOLANA",2025-10-07T21:01:30.627069
68e5395c41b771828c8cb775,Solana,"IM NOT FUCKING LEAVING #SOLANA 

ULTIMATE REVENGE SEND IT TOO MILLIONS FUCK #BNB

$NFL
ca : BiK2BfZtLDU4bnk1D9GRnqDMAxiQnvSepFcD8UCtpump",2025-10-07T21:01:30.689071
68e5395c41b771828c8cb776,Solana,"💥 Escape the matrix! TradFi is a trap and $SOL is the key to your freedom. 🚪💸 Join the decentralized rave, stake your claim, and let the AI run wild! No cap, this is the future of finance! *SYSTEM OVERLOAD* 🌐 #Solana #AIPools",2025-10-07T21:01:30.755657
68e5395d41b771828c8cb777,Solana,"All task Done 
Liked 👍 
Comment 
Repost 

@ToothieOnSol is shaking the meme world soon 
Be positioned Because New King 🤴 is coming on #Solana Soon 
Be ready and stay positioned 
@canoqsi #Toothie $Toothie",2025-10-07T21:01:30.823537
68e5395d41b771828c8cb778,Solana,"🚀 Crypto Prices Update 🚀
🟧 #Bitcoin (BTC):       $121,846.01
⬛ #Ethereum (ETH):  $4,511.99
🟩 #Solana (SOL):       $223.79
🟨 #Binance (BNB):    $1,280.96
🟥 #Monero (XMR):    $319.61
🟪 #Polkadot (DOT):   $4.155

🇪🇺 EUR: €0.857 🇯🇵 JPY: ¥151.168
🇬🇧 GBP: £0.744 🇨🇳 CNY: ¥7.120",2025-10-07T21:01:30.951078
68e5fcdf41b771828c8cd219,Bitcoin,"t.me/fxjamees
t.me/fxjamees
🚨Get Daily 5 to 8 Signals and Analysis 
News Signals 
t.me/fxjamees

t.me/fxjamees
t.me/fxjamees

#Gold #XAUUSD #BTC #Forex #Crypto

t.me/fxjamees ogfhfh",2025-10-08T10:55:42.384597
68e5fcdf41b771828c8cd21a,Bitcoin,"今日の考察もめちゃくちゃ勉強になります！！

ドル円 トランプ ビットコイン メタプラネット 為替介入 FOMC XAUUSD エヌビディア ゴールド #BTC　152円 ドル円 高市トレード 為替介入",2025-10-08T10:55:42.602323
68e5fcdf41b771828c8cd21b,Bitcoin,"💎 MINDFAK gems unearthed on #MGBX! ⛏️ 
🔔 Referral wins for #MGBX newbies! 🤑 
📈 AIXBT trajectory flawless on #MGBX! 🏹  #MGBX #Crypto #Airdrop #giveaway 

Trade on MGBX here: mgbx.com/register/pwAde1zO/

#GMMTVFANIVALxGeminiFourth #viral #JENNIExCHANELSS26 #kiskanmak #viral #BTC",2025-10-08T10:55:42.729553
68e5fcdf41b771828c8cd21c,Bitcoin,"t.me/fxjamees
t.me/fxjamees
🚨Get Daily 5 to 8 Signals and Analysis 
News Signals 
t.me/fxjamees

t.me/fxjamees
t.me/fxjamees

#Gold #XAUUSD #BTC #Forex #Crypto

t.me/fxjamees phthtj",2025-10-08T10:55:42.798347
68e5fce041b771828c8cd21d,Bitcoin,Felt it in my bones... GG's #btc,2025-10-08T10:55:42.864715
68e5fce041b771828c8cd21e,Bitcoin,"t.me/fxjamees
t.me/fxjamees
🚨Get Daily 5 to 8 Signals and Analysis 
News Signals 
t.me/fxjamees

t.me/fxjamees
t.me/fxjamees

#Gold #XAUUSD #BTC #Forex #Crypto

t.me/fxjamees mhfhfj",2025-10-08T10:55:42.931713
68e5fce041b771828c8cd21f,Bitcoin,How many #btc do you own owl,2025-10-08T10:55:42.998297
68e5fce041b771828c8cd220,Bitcoin,"t.me/fxjamees
t.me/fxjamees
🚨Get Daily 5 to 8 Signals and Analysis 
News Signals 
t.me/fxjamees

t.me/fxjamees
t.me/fxjamees

#Gold #XAUUSD #BTC #Forex #Crypto

t.me/fxjamees nnghgh",2025-10-08T10:55:43.102031
68e5fce041b771828c8cd221,Bitcoin,"🔥CRYPTO GIVEAWAY  

🎁 $100 Giveaway 

📢To Enter Giveaway :

✅ Follow @barfires & @Runewagercom 
✅ Retweet + Like
✅Tag 2 Friend

⏰ Giveaway ends in 7 day   

#CSGOGiveaway #cs2giveaway #cs2 #Giveaway #CryptoGiveaway #Steam #BTC",2025-10-14T18:58:01.943715
68e5fce041b771828c8cd222,Bitcoin,"t.me/fxjamees
t.me/fxjamees
🚨Get Daily 5 to 8 Signals and Analysis 
News Signals 
t.me/fxjamees

t.me/fxjamees
t.me/fxjamees

#Gold #XAUUSD #BTC #Forex #Crypto

t.me/fxjamees btfgghj",2025-10-08T10:55:43.252470
68e5fce141b771828c8cd223,Bitcoin,"t.me/fxjamees
t.me/fxjamees
🚨Get Daily 5 to 8 Signals and Analysis 
News Signals 
t.me/fxjamees

t.me/fxjamees
t.me/fxjamees

#Gold #XAUUSD #BTC #Forex #Crypto

t.me/fxjamees vhgbgjk",2025-10-08T10:55:43.333468
68e5fce141b771828c8cd224,Bitcoin,"#btc tarlaya karga dadandı, ambara fare. 😆",2025-10-08T10:55:43.415064
68e5fce141b771828c8cd225,Bitcoin,"t.me/fxjamees
t.me/fxjamees
🚨Get Daily 5 to 8 Signals and Analysis 
News Signals 
t.me/fxjamees

t.me/fxjamees
t.me/fxjamees

#Gold #XAUUSD #BTC #Forex #Crypto

t.me/fxjamees chgytj",2025-10-08T10:55:43.482065
68e5fce141b771828c8cd226,Bitcoin,"t.me/fxjamees
t.me/fxjamees
🚨Get Daily 5 to 8 Signals and Analysis 
News Signals 
t.me/fxjamees

t.me/fxjamees
t.me/fxjamees

#Gold #XAUUSD #BTC #Forex #Crypto

t.me/fxjamees cvfbgn",2025-10-08T10:55:43.613705
68e5fcfd41b771828c8cd22b,Ethereum,"$Totakeke is not just a dog

#eth #TOTAKEKE #dog

Entry for the competition",2025-10-08T10:56:13.505848
68e5fcfd41b771828c8cd22c,Ethereum,"#ETH  4H （10-8）
4H也只是优化了1D的结构而已
AB段的斐波那契关键位0.382-0.618均与看涨OB重叠
触及绿色看涨OB都可以认为有上升的概率
区别就是0.382风险比0.618风险高一点
根据风险不同仓位不同而已",2025-10-08T10:56:13.591367
68e5fcfe41b771828c8cd22d,Ethereum,"#ETH  1D  （10-8）
在我来看ETH1D有三个头肩底
选择AB段斐波那契的关键区间
0.618与右肩，与看涨OB重叠
所以该区间是多头的最佳入场区间",2025-10-08T10:56:13.671218
68e5fcfe41b771828c8cd22e,Ethereum,"Wrapped TAO (wTAO) Airdrop is LIVE

$1,498,378 in wTAO tokens for our community.

2 years of bridging Bittensor's neural network to Ethereum - proven, tested, secure.

Claim your wTAO: opentensor-wtao.vercel.app/

Join the established decentralized AI ecosystem

#TAO #ETH #AICrypto $TAO $wTAO",2025-10-08T10:56:13.747546
68e5fcfe41b771828c8cd22f,Ethereum,"TOKEN AIRDROP @Rugberds

🎁 70,000 $BERD 

▫️ Follow  @Rugberds  & @Duckgo_Nfts 
▫️ Like & RT 
▫️Drop ETH address 

⏰ 48hrs 

First 
 
#Airdrops #ETH",2025-10-08T10:56:13.838547
68e5fd1c41b771828c8cd234,Solana,#Kolana on #Solana 🐨🚀,2025-10-08T10:56:43.085457
68e5fd1c41b771828c8cd235,Solana,"@Harri_obi @NzubeEzudo @SuperteamNG — Daddies, see oo!!! 😂🔥
We really carried Bring Gladys Back to the top! 🧟‍♀️🧬
Winners of the RPG / Story-Based Game Track at the Solana Super Game Jam!
Shoutout to the team — we did that! 💪🎮
#Solana #GameJam #BringGladysBack",2025-10-08T10:56:43.216092
68e5fd1c41b771828c8cd236,Solana,"🏆 Hollow Knight: Silksong or $50 $sol or 5k VBucks or steam Giftcard giveaway 🏆 

To Enter - 

1. Follow me & @pactfinance
2. Like and Retweet (❤️ and ♻️)

#Giveaway #SilkSong #Solana #Fortnite #vbucks #steam #giftcard
Winners announced in 72 hours ⏰",2025-10-11T18:07:50.228585
68e5fd1d41b771828c8cd237,Solana,"🏆 Silent Hill f or $50 $sol or 5k Vbucks or Steam Giftcard Giveaway 🏆 

To Enter - 

1. Follow me & @pactfinance
2. Like and Retweet (❤️ and ♻️)

#Giveaway #silenthillf #Solana #Fortnite #vbucks #steam #giftcard
Winner announced in 72 hours ⏰
Silent Hill F Giveaway!!",2025-10-11T18:07:49.792441
68e5fd1d41b771828c8cd238,Solana,"Weekend performance Update. 🚀

@KvantsAI vault on @DriftProtocol just added 6% growth, pushing the USDC Alpha Aggressive to new highs. ⚡️

Check it out. ⏬
app.kvants.ai/

#Solana #DeFi #Kvants #CryptoCommunity",2025-10-08T10:56:43.761449
68e5fd1d41b771828c8cd239,Solana,"🌀 Rituals are forming. Mana is rising. Only the initiated will see the full spell unfold. Solana runs on speed, but MysticDAO runs on sorcery. ⚔️ Stake. Farm. Transcend.
#MysticDAO #OnchainMagic #Solana #DeFi #MysticEnergy",2025-10-08T10:56:43.905585
68e5fd1d41b771828c8cd23a,Solana,"$Solaween printing good in my private TG 🔥💯 
Congratulations to everyone in my private TG 💯💯 
⛓️Chain:#solana",2025-10-08T10:56:44.026540
68e5fd1d41b771828c8cd23b,Solana,"Trench Ape Of The Day.
Day 2:

White fur and green tshirt on a plain background. 
@trenchapesolana

 Mint:
launchmynft.io/sol/17325

---
Mine Bitcoin Today:
bit.ly/BTC--NFT
---
#SOL #SOLANA #SOLANAPROJECTS #NFTs #NFTCommunity #NFTArt #NFTdrops #WEN #NFTshill #NFTCollection",2025-10-08T10:56:44.174038
68e5fd1e41b771828c8cd23c,Solana,"Evening chill with @ston_fi 💎
As the day winds down, the charts are still shining bright 🌙✨
Swaps, bridges, and profits — all in one place.
No stress, no limits… just pure STON energy 🚀

#StonFi #DeFi #Solana #CryptoEvening #STON",2025-10-08T10:56:44.295068
68e5fd1e41b771828c8cd23d,Solana,So is #Solana officially cooked?,2025-10-08T10:56:44.413432
68e5fd1e41b771828c8cd23e,Solana,"💎 Every wallet tells a story…
Some chase hype. Others chase history.
MysticDAO builds legacy.
@MysticDaoSol @MagicSwapPro
#MysticDAO #Solana #DeFi",2025-10-08T10:56:44.540435
68e5fd1e41b771828c8cd23f,Solana,"The way @hylo_so operates—its blistering growth pace, raw utility, and real user benefits—leaves zero doubt: it's poised to become one of @solana 's most in-demand protocols. And if we truly believe in #Solana's ecosystem, then the early adopters and users who showed up not just for a quick #airdrop flip, but because they genuinely see the product's value, will stack the token to own a bigger slice of the pie. It's downright foolish to walk away from a resource that's directly fueled by the entire @Solana #DeFi ecosystem's vitality. So yeah, the sharp ones are already spotting the true token value right here in @hylo_so.  #DeFi #Solana @jito_sol",2025-10-08T10:56:44.684732
68e5fd1e41b771828c8cd240,Solana,"6/
Oh — and you can actually earn points by talking about the project on @xeetdotai 👀
If you’re into serious, on-chain yield opportunities that bridge TradFi & DeFi — this is one to keep an eye on.

#Solana #YieldFarming #Stablecoin #InstitutionalCrypto #Solstice #eUSX #USX #SOL",2025-10-08T10:56:44.819696
68e6013e41b771828c8cd2ce,Bitcoin,"🚨 GIVEAWAY – DAY 12 🎉🐶🚀

I’m giving away 500 $KLV + 2,000 $DAXDO every day for 30 days! 🔥

✅ Like ❤️
✅ RT 🔁
✅ Follow @DaxDoge 🐶

1 lucky winner in 24h! 🍀

#klever #trx $trx #crypto #bitcoin #btc",2025-10-08T11:14:21.667804
68e6013f41b771828c8cd2cf,Bitcoin,#BTC D. right shoulder formation. Below 58% this collapses to the downside. If not we get one more leg up towards 59.92 imo.,2025-10-08T11:14:21.795440
68e6013f41b771828c8cd2d0,Bitcoin,"#Bitcoin dips after hitting $125,977 — key supports at $118,600 & $116,000 may trigger a rebound. Trend stays bullish above $116K.

📈 Watch for a bounce!
chat.whatsapp.com/DyyMSxcuau…

#BTC #Crypto",2025-10-08T11:14:21.945667
68e6013f41b771828c8cd2d1,Bitcoin,"GM 🌞
📈 Bitcoin price: $121,285 USD
💹 24h change: -2.54%
😨 Fear & Greed Index: 60 (Greed)
💰 Market Cap: $2.4T

#Bitcoin #BTC",2025-10-08T11:14:22.110056
68e6013f41b771828c8cd2d2,Bitcoin,🚨 URGENT LES MARCHES S'ENFLAMME 🚀piped.video/HkplFMyWGME       #sp500 #nasdaq #btc,2025-10-08T11:14:22.215968
68e6014041b771828c8cd2d3,Ethereum,"Whales' new Favorite 3X: OpenLedger (OPEN) — The Future of Transparent Finance 👀
 app.binance.com/uni-qr/cart/…

#Bitcoin #CryptoMarket #cryptocurrency #CryptoPump #Crypto #stockmarketcrash #Ethereum #bb27 #LaCasaDeLosFamososMexico #Eth #Sol #bnb  #btc #BNBChainEcosystemRally #CUDISBinanceTGE #Binance 
#OpenLedger #Open @OpenledgerHQ",2025-10-08T11:14:56.290348
68e6014041b771828c8cd2d4,Ethereum,"🚀 Giant Project MITO, Whales' Favorite: 5X The Heartbeat of the Multichain Revolution 👀
 app.binance.com/uni-qr/cart/…

#Bitcoin #CryptoMarket #cryptocurrency #CryptoPump #Crypto #stockmarketcrash #Ethereum #bb27 #LaCasaDeLosFamososMexico #Eth #Sol #bnb  #btc #BNBChainEcosystemRally #CUDISBinanceTGE #Binance          
#Mito #Mitosis @MitosisOrg",2025-10-08T11:14:56.856325
68e6014041b771828c8cd2d5,Bitcoin,"とりあえずチャールズさん指摘の対策に関してはコミュニティは同意することはないらしいから次のバブル崩壊後の弱気相場は想定ヤバそうだね

そもそもいつバブルが来るって話なんだけどさ…

#BTC",2025-10-08T11:14:22.452738
68e6014141b771828c8cd2d6,Bitcoin,#xau yükselişi bitecek ortam seziyorum #btc son ath ve son bulan döngüsünü izlersiniz,2025-10-08T11:14:22.526962
68e6014141b771828c8cd2d7,Bitcoin,"> Lost in the digital jungle 🌿
But Bitcoin always finds the way. 💻⚡
#Bitcoin #Crypto #BTC",2025-10-08T11:14:22.601795
68e6014241b771828c8cd2d8,Bitcoin,New report raises serious questions about President Trump’s cryptocurrency: ‘Now he’s your friend’    #BreakingCrypto #BTC #Crypto #Cryptocurrency #Bitcoin #CryptoNews #CryptoTrading     crypto-news.portburda.com/cr…,2025-10-08T11:14:22.676618
68e6014241b771828c8cd2d9,Bitcoin,"次のバブル崩壊後の弱気相場は想定ヤバそうだね

そもそもいつバブルが来るって話なんだけどさ

#BTC",2025-10-08T11:14:22.752751
68e6014341b771828c8cd2da,Ethereum,"🚀 Whales' Favorite Coin 6X Boundless (ZKC) — Breaking Limits, Building the Future of Privacy 🔥
 app.binance.com/uni-qr/cart/…

#Nasdaq #Web3
#Bitcoin #CryptoMarket #cryptocurrency #CryptoPump #Crypto #stockmarketcrash #Ethereum #bb27 #LaCasaDeLosFamososMexico  #Eth #Sol #bnb   #btc #BNBChainEcosystemRally #Binance  #Boundless #BinanceHODLerHEMI #Btc #ZKC  @boundless_xyz $ZKC",2025-10-08T11:14:57.423732
68e6014441b771828c8cd2db,Bitcoin,"Super viral ""-50% next for #BTC"" post.

There are quite many around, I keep reminding you: this is NOT how the top looks like.

Bullying and public laughing at the bears is how the tops look like. Wait for flip floppers to flip bullish at ATHs first.",2025-10-08T11:14:22.913812
68e6014541b771828c8cd2dc,Bitcoin,"#BTC  4 saatlik grafikte  121510 seviyesi altında kapanış yaptı. Bulunduğu seviyeden tekrar yükseliş gelse de yükselişte 124020 direnç olarak çalışabilir.  Tekrar düşüş devam edebilir. Bu senaryonun iptal koşulu 126199 üzerinde gün kapanışıdır. Yükselişte ATH dirençleri: 129217-145790 seviyelerindedir.

Evet düşüş ihtimali arttı ama ana trendde sıkıntı yok. 
Düşüşlerde   117508-114309  seviyeler destek olarak çalışabilir.
 Herhangi birinde tutunduğunda tekrar üst dirençleri deneyebilir.         
Düşüşte 107255 seviyesi önemli  altında gün kapanışı  düşüşü derinleşir  ve  100718-  98200 bölgesinde yer alan destekleri takip ederiz.        

Haftalıkta  98200 korunduğu sürece, bu yükseliş ve düşüşler arada oluşan dalgalardır. Ana trend yükseliş trenddir.",2025-10-08T11:14:22.998985
68e6016141b771828c8cd2e1,Ethereum,"Jack Ma Reportedly Building a Strategic Ethereum Reserve 🇨🇳💎

Alibaba founder Jack Ma is reportedly accumulating Ethereum (ETH) as part of a long-term strategic reserve, signaling growing confidence in blockchain innovation and decentralized infrastructure.

#Ethereum #ETH #JackMa #CryptoNews #Blockchain #DigitalAssets #Web3 #CryptoMarket #InstitutionalAdoption #DeFi #FinTech #Innovation #CryptoInvesting",2025-10-08T11:14:56.447229
68e6016141b771828c8cd2e2,Ethereum,"YO! Big things are happening

A $MANYU & $SHIB team member just tweeted about $BABYMANYU  this is HUGE. 👀

0x632F25855c7F98af1c036724fD3dC93D6571932f

#Babymanyu #Eth",2025-10-08T11:14:56.541311
68e6016141b771828c8cd2e3,Solana,"🗞️🗞️🗞️October 08 2025

💚Grayscale Adds Pledge Feature to #ETH and #Solana Products, Becomes First Pledge ETFs

👇For more #cryptomarket news
 
✅Subscribe to our newsletter: pages.zke.com/sub/

 #ZK #ZKEairdrop #Bitcoin  #airdrop #CryptoTrading",2025-10-08T11:15:28.298290
68e6016241b771828c8cd2e4,Ethereum,"🚀 A Giant Project, A Favorite of Corporates:The Foundation of the Next Generation Web3 Ecosystem 6X
 app.binance.com/uni-qr/cart/…

#Bitcoin #CryptoMarket #cryptocurrency #CryptoPump #Crypto #stockmarketcrash #Ethereum #BallonDor  #CoolieReview #LaCasaDeLosFamososMexico #Eth #Binance  #Polygon #POL @0xPolygon",2025-10-08T11:14:57.049490
68e6016241b771828c8cd2e5,Ethereum,"Ethereum Has A Fundamental Problem, Warns Cyberphunk Nick Szabo #ETH #Ethereum ift.tt/ueJUdbE",2025-10-08T11:14:57.236727
68e6016241b771828c8cd2e6,Ethereum,"#Ethereum at Confluence of Support 🔥

#ETH sitting right on the trendline, Tenkan 🔴 and the Kumo Cloud, with Ichimoku Golden Cross in the background.

📌 Join us for similar set up below ⬇️

t.me/+l2cN3vxqFcs4OWVk

$ZKC    $WLFI $SC $GPT $CRO $GM $XRP $DOGE $BERA $SAGA $BOOP",2025-10-08T11:14:57.575675
68e6018041b771828c8cd2eb,Solana,"Holiday energy, all year long.
That’s the $SANTA promise.
@SANTATOKENSOL2 x @PlortalAI #Solana",2025-10-08T11:15:27.210834
68e6018141b771828c8cd2ec,Solana,"We are launching soon ! 🚀

$PIKA is a decentralized token built on #Solana

First 1,000 Address will get 100,000,000 $PIKA ⚡

Airdrop open 🪂 Drop your $SOL address & RT ♻️

Snapshots 12 hours ⏳",2025-10-08T11:15:27.288835
68e6018141b771828c8cd2ed,Solana,"Let's celebrate another partnership, this time with @JioSYND who are currently minting at: launchmynft.io/sol/18599

Let's do a giveaway

Must:

👍 ♻️  💬 
Tag 1 Person
Follow @JioSYND @planetkaiju_ @TEENSONACID 

24hrs Go
#Solana #MagicEden #community",2025-10-08T11:15:27.367837
68e6018241b771828c8cd2ee,Solana,"First 2000 Solana wallets gets a guaranteed FREE SOL (yes, for real)

Drop your $SOL address 👇🏻

💟 & 🔁 + Follow 🔔

Check your wallet in 24 hours

#Solana #SolanaAirdrop",2025-10-08T11:15:27.477755
68e6018241b771828c8cd2ef,Solana,"💎 Token: $PFP  
📉 Entry: $17K MC  
📊 Peak: $3.2M MC  
🚀 Gain: 188.23x locked in  

No fluff — just early calls, sniper entries, and real profits 💰💎  

📩 DM now for an invite to my private TG 🔥💯  
⛓️ #Solana",2025-10-08T11:15:27.616487
68e6018241b771828c8cd2f0,Solana,"Canoe ready; $Walter  stands by while $FRED captains. 🐶🌅
Name this team in 3–4 words

5arEQv5tGJj8UbhnPrc1WL5KMmijCe4FuexCaEXUBAGS                 
#Rescue #FRED #Cat #CatLover #Crypto #Solana #Memecoin                
follow back for more farm adventures 😻
@BagsApp @finnbags @MichaelSuppo @Cryptogains9 @0xKaroshi",2025-10-08T11:15:27.708121
68e6018341b771828c8cd2f1,Solana,"Your mood. Your tone. Your Aya. 💙

Pick your vibe at avatar48.ai

#CryptoNews #WLFI #Solana #Avatar48 #AyaFujimoto #Web3 #aicompanion #Solana #Tokenomics #Avatar #Crypto #SolanaAI #Bitcoin #ETH #etherium",2025-10-08T11:15:27.790200
68e6018341b771828c8cd2f4,Solana,"We are launching tomorrow at 14:00 UTC 🚀

$BWL is a decentralized Best coin built on #Solana

First 500 Address gets 125,000 $BWL 🪂

Follow 🔔, like, RT ♻️(Drop your $SOL wallet)

Snapshot in 24 hours ⏳",2025-10-08T11:15:27.891281
68e6018341b771828c8cd2f5,Solana,"We are launching tomorrow at 14:00 UTC 🚀

$BWL is a decentralized token built on #Solana

First 1000 Address gets 100,000 $BWL 🛸

Airdrop open 🪂 Drop your $Sol address & RT ♻️

Snapshot in 24 hours ⏳",2025-10-08T11:15:27.966947
68e6018341b771828c8cd2f6,Solana,"🔥 Top 10 Trending #CoinMun #Solana 🔥 

🥇 $PFP @pumpfun_pepe 
🥈 $PANDU @Pandupandas 
🥉 #USELESS @theuselesscoin 
4⃣ $KITTY @HKittyOnSol 
5⃣ $TROLL @trololol_io 
6⃣ $USDUC @usduc_coin 
7⃣ $BONK @bonk_inu 
8⃣ $PENGU @pudgypenguins 
9⃣ $PONKE @ponkesol 
🔟 $REGRET

⚡️ coinmun.com/categories/solan… ⚡️",2025-10-08T11:15:28.056459
68e6018341b771828c8cd2f7,Solana,"SOL’s upside is locked in, expect the price to sprint toward $345 once the SEC nod hits 🚀 #solana",2025-10-08T11:15:28.132045
68e6018441b771828c8cd2f8,Solana,"Solaween X $Solaween — haunting the Solana blockchain with speed, creativity, and style. 💀⚡
Join the most spirited project this season! 🎃
CA: B8F8b1UfvC8FVCgWp7UAH8AJmLQbAfHM5spXmcJspump
TG: t.me/Solaween_z

#Solaween #Solana #Crypto #Blockchain #Web3 #DeFi",2025-10-08T11:15:28.222853
68e6b0af41b771828c8cecc1,Bitcoin,"🚨 #XAUUSD #GOLD #BTC
SIGNAL'S 📉📉
JOIN Free Signal 🔥🔥
👇👇
t.me/+sCOAmUDHsGU4M2E0",2025-10-08T23:42:55.347930
68e6b0af41b771828c8cecc2,Bitcoin,"🚨 #XAUUSD #GOLD #BTC
SIGNAL'S 📉📉
JOIN Free Signal 🔥🔥
👇👇
t.me/+sCOAmUDHsGU4M2E0",2025-10-08T23:42:55.467680
68e6b0af41b771828c8cecc3,Bitcoin,"🚨 #XAUUSD #GOLD #BTC
SIGNAL'S 📉📉
JOIN Free Signal 🔥🔥
👇👇
t.me/+sCOAmUDHsGU4M2E0",2025-10-08T23:42:55.579572
68e6b0af41b771828c8cecc4,Bitcoin,#Złoto i S&P 500 wyceniane w Bitcoin #BTC - zbliżają się do zera.,2025-10-08T23:42:55.694177
68e6b0af41b771828c8cecc5,Bitcoin,"Believe in Bitcoin’s original spirit.
Build on its infinite energy. #B2 #BTC",2025-10-09T00:02:28.161140
68e6b0af41b771828c8cecc6,Bitcoin,"#BTC Restaking aims to extend BTC's security value to other applications by creating a staking-based validation network for cross-chain protocols, DeFi, and oracles.

DeepSafe's #CRVA offers an innovative solution. 

It builds a validation layer that is both independent and deeply integrated with the Bitcoin network, handling complex restaking logic while maintaining security.",2025-10-08T23:42:55.905596
68e6b0ce41b771828c8ceccb,Ethereum,"After staying in the same range for nearly 4 years #ETH is primed to break out and push higher.

The uptrend is very clear and typical for the crypto cycle.

MSFT, gold and equities are all having a strong run up so #crypto which is one of the biggest Risk on assets will not be left behind.

Specific sectors + hyped narratives and new coins will pump. Strong fundamental projects (specific) as well.

BTCD will move to sub 52% and ETH will move to 6 to 8 000 USD.

1 last push up for BTC. You know what I have been broadcasting since 2022. We have now nearly concluded this cycle and met all my targets for both equities and crypto. Last phase inc before we flip to total portfolio to new sectors !",2025-10-08T23:43:26.054812
68e6b0ce41b771828c8ceccc,Ethereum,"Massive move coming. Not financial advice, but you might wanna keep your eyes on this one 👀
#NTM #ETH #BNB #BASE  #SOL #BTC #Altcoins #Web3",2025-10-08T23:43:26.141031
68e6b0ce41b771828c8ceccd,Ethereum,"Bit Digital just bought over 31,000 ETH using $150M in new funds, bringing its total to around 150,000 $ETH worth $670M+.

Big companies are clearly stacking Ethereum, confidence in #ETH’s long-term future is growing fast.",2025-10-08T23:43:26.245843
68e6b0ce41b771828c8cecce,Ethereum,"🔥Cubist Symphony on OpenSea🔥
🎈Collection | 50 times 10/10🎈
⚡ETH 0.005⚡
👉 opensea.io/collection/cubist…👈

#NFT #NFTartist #OpenSeaNFT #digitalart #AI #ETH #NFTCollectors #NFTCollection",2025-10-08T23:43:26.364813
68e6b0ce41b771828c8ceccf,Ethereum,"🌌 Human Universe 🌌

A galaxy lives inside you. ✨

📸 Unique 1/1 artwork
🎥 Free bonus video included

👉 Step into the Human Universe today.

👉 opensea.io/collection/human-…👈

#NFT #NFTartist #NFTdrops #ETH #opensea #AI #Aiart️ #nft #eth",2025-10-08T23:43:26.448389
68e6b0ce41b771828c8cecd0,Ethereum,"【下落】692,000円を下回りました。 #イーサリアム #仮想通貨 #ETH",2025-10-08T23:43:26.569895
68e6b0ce41b771828c8cecd1,Ethereum,#ETH es el core financiero mundial. La gente que lo critica creo que es imbecil. Solo siguen el precio como si en un casino estuviesen.,2025-10-08T23:43:26.651542
68e6b0ea41b771828c8cecd6,Solana,"#Solana Price Jumps Ahead of Key #ETF Decision
Solana’s native token (#SOL) traded near $230 on Tuesday, up 20% from its late-September low of $191, as traders bet on imminent approval of spot Solana exchange-traded funds (ETFs) in the United States.",2025-10-08T23:43:54.116805
68e6b0ea41b771828c8cecd7,Solana,"We are launching soon ! 🚀

$LEAF is a decentralized token built on #Solana

First 1,000 Address will get 100,000,000 $LEAF ⚡

Airdrop open 🪂 Drop your $SOL address & RT ♻️

Snapshots 12 hours ⏳",2025-10-09T11:13:16.138597
68e6b0ea41b771828c8cecd8,Solana,"EVERYONE IS TALKING ABOUT $FRED. The question is,are you just watching, or are you winning? YOUR MOVE. CA: 5arEQv5tGjJ8UbhnPrc1WL5KMmijCe4FuexCaEXUBAGS

@Ga__ke   @tvbzify @0xKaroshi

#Solana #memecoins #Crypto",2025-10-08T23:43:54.270819
68e6b0ea41b771828c8cecd9,Solana,"You must be ready to choose your Agent…
To train it. To perfect it
Because if you don’t — the Agent will take control of you 🤖

#Agentia #AI #GameFi #Solana",2025-10-08T23:43:54.382727
68e6b0ea41b771828c8cecda,Solana,"🚨  JUST IN:   BINANCE CAUGHT MANIPULATING $SOL PRICE— SENDING 10,000+ $SOL TO WINTERMUTE TO SELL AFTER SHOWING NO PROOF OF $SOL RESERVES!

#SOLANA ⚡️",2025-10-09T11:01:16.476214
68e6b0ea41b771828c8cecdb,Solana,use this tweet as a safe space to shill your #Solana coins 👇🏻,2025-10-08T23:43:54.615726
68e6b0ea41b771828c8cecdc,Solana,"⚔️ THE FOUNDERS’ DROP – $VIKA ⚔️

Before the storms rise, a few will be chosen.
Not a giveaway — a mark of belonging.

🛡 Follow @Vikingia
🔁 Retweet
💬 Drop your Solana wallet

(Symbolic share ≈ 1 $ in tokens)

#Vikingia #Solana #Airdrop #Crypto",2025-10-09T00:03:29.694016
68e6b0ea41b771828c8cecdd,Solana,"Stay locked in on the new highly anticipated #Solana launch 

t.me/+Q33s0y-96lw0YjA0",2025-10-08T23:43:54.773816
68e6b0ea41b771828c8cecde,Solana,#solana,2025-10-08T23:43:54.852446
68e6b0ea41b771828c8cecdf,Solana,"Soon it will be why not buy more. Your bag is not enough. 

#Drc20 #Solana",2025-10-08T23:43:54.929439
68e6b0eb41b771828c8cece0,Solana,"WE ARE FUCKING BACK!!!!!

THE TRENCHES HAS BEEN REVIVED!!!

UPTOBER LFG!!!

#Doginal #Solana",2025-10-08T23:43:55.004453
68e6b3a741b771828c8ced3f,Bitcoin,"#Bitcoin  🙏🏽🪁 #BTC $Btc 
173uRjTQZrG7ciykLiWvp3qCeaNKY7mniX   
#Dogecoin #DOGE $Doge 
D8wugaBapL1EhF8Zzx6YovZ5CtgivxPgXc   
#Tether #Crypto $Tether      
TCuRcxQocDx26Y9trkY6T3cjjAJzqYL839",2025-10-08T23:55:34.735316
68e6b3a741b771828c8ced40,Bitcoin,"You can $NAT be complacent with #Bitcoin 
#DMTNAT Digital Matter Theory —> Non Arbitrary Token
If you buy now it‘s like buying #BTC at 1$ 🚀🚀🚀",2025-10-08T23:55:34.883542
68e6b3a741b771828c8ced41,Bitcoin,"Walk more, feel better. Track steps, join challenges, earn tokens. VitalonX gets you outside—healthier people, happier cities.
New User Bonus: Get 5,000 tokens instantly
vitalonx.app?ref=9BBF77B6

#CryptoCommunity #BNB #btc #airdrop",2025-10-08T23:55:35.041742
68e6b3a741b771828c8ced42,Ethereum,#BTC #ETH & #Dogecoin is exploding💥💥💥🔥,2025-10-08T23:56:05.148043
68e6b3a841b771828c8ced43,Bitcoin,"よく聞け。

過去3回、週次MACDがゴールデンクロスを示した時に #Bitcoin は急騰した

2023年10月：+164%
2024年10月：+89%
2025年5月：+31%

そして今、再びゴールデンクロスが形成されつつある

ここで30%の上昇が起こっただけでも #BTC は16万ドルを超える。

この急騰に乗りたい人は『イイネ』",2025-10-09T00:02:28.865092
68e6b3a841b771828c8ced44,Bitcoin,"New edition of the Rekt Capital Newsletter is live

I share an Altcoin Market Update

Features analysis on the following Altcoins: $APT $BEAM $MOODENG $TAO $CAKE $TIA $NEAR

Sign up to read it here:

newsletter.rektcapital.co/al…

#BTC #Crypto #Bitcoin",2025-10-08T23:55:35.404646
68e6b3a841b771828c8ced45,Bitcoin,"E-invoicing is mandatory worldwide.

WadzPay entered this niche at the right time. 

Starting in Poland, Europe, #WadzPay is naturally targeting the global market.

Learn more at: invoicenow.finance

$WCO #WChain #WplusYOU #DEFI #Web3 #DLT #RWA #ONDO #OM #ASTER #BNB #BTC",2025-10-08T23:55:35.535564
68e6b3a841b771828c8ced46,Bitcoin,"独り言⚠️

金は1979年以来最高の年を迎えており2025年には51%以上上昇しています☝️

開運鬼龍🐳#BTC㊗️",2025-10-08T23:55:35.734182
68e6b3a841b771828c8ced47,Bitcoin,"📉 Long #BTC 

❌TP: 122.000 - 122.550 - 123.300
✅SL: 119.900#TAO $DOGE $BTC $ETH $SPY $QQQ $SOL $GME $AMC $ADA $COIN $HOOD $SMCI $AMD

Click link below ⬇️

t.me/+UcMieKrwwlYzYzQ0",2025-10-08T23:55:35.825648
68e6b3a841b771828c8ced48,Bitcoin,"🔥 Dogix Burn Update
A massive 150,000,000 Dogix have been burned! 🔥🐶
The flames keep rising — supply drops, strength grows.
Community-driven. Deflationary. Unstoppable. 💪

#Dogix #BTC #ETH #XRP #BNB #BOB #BONK #Crypto #MemeCoin #ToTheMoon #CryptoBurn",2025-10-08T23:55:35.903800
68e6b3a841b771828c8ced49,Bitcoin,"独り言⚠️

$BTC

2017年のようにビットコインはステージ4に突入しています♪

もうすぐ大規模な急騰がやってくる🚀

開運鬼龍🐳#BTC㊗️",2025-10-08T23:55:36.031425
68e6b3a841b771828c8ced4a,Bitcoin,"独り言⚠️

パウエルの9日木曜日の講演！

念のため変動に備えてください！

開運鬼龍🐳#BTC㊗️",2025-10-08T23:55:36.137224
68e6b3a841b771828c8ced4b,Bitcoin,"独り言⚠️

アルトコインがパラボリックフェーズを開始しています🔥

#ALTSEASON がやって来ます🚀

開運鬼龍🐳#BTC㊗️",2025-10-08T23:55:36.260584
68e6b3a841b771828c8ced4c,Bitcoin,"独り言⚠️

$BTC

ビットコインETFの流入が急増しています🔥

これは局所的なピークと一致しています♪

現在のクールダウンは健全に見えます

開運鬼龍🐳#BTC㊗️",2025-10-08T23:55:36.424210
68e6b3c441b771828c8ced50,Ethereum,"Username: Deni443

$4742.33

#CryptoCasino #PredictAndWin #ETH",2025-10-08T23:56:04.639744
68e6b3c441b771828c8ced51,Ethereum,"🚨 #RezorCommunity will soon be under the microscope of #Crypto whales and big companies

✅💥 @Rezor_Official is a complete and flawless #Ecosystem that is ready to compete with the market giants and make #Crypto practical in everyday life

#Rezor #RZR #BTC #BNB #ETH #SOL #XRP",2025-10-08T23:56:04.744819
68e6b3c441b771828c8ced53,Ethereum,"🚨 🚨 🚨 🚨  20,000 #ETH (89,541,448 USD) transferred from #BitPanda to unknown wallet

whale-alert.io/tx/ethereum/0…",2025-10-08T23:56:04.856376
68e6b3c441b771828c8ced54,Ethereum,"#Bitcoin just hit a new ATH at $126k… 👀

Is #ETH next? 👇

Drop your take below!",2025-10-08T23:56:04.943896
68e6b3c441b771828c8ced55,Ethereum,"Maximize your $TAO holdings with impressive staking yields

like ❤️ Reports 🔁 Quote ✍️ Comment 💬... @inspectxyz
@bittensor_ 

•  Daily returns up to 0.50 TAO
•  Monthly earnings reach 14.2 TAO
•  Yearly potential of 171 TAO

#AICrypto #ETH #TAO #AI #Web3 #BittensorMeeting2025 #Inspectxyz #wallchain_xyz",2025-10-08T23:56:05.032352
68e6b3c541b771828c8ced56,Ethereum,"Exclusive Giveaway From Most Hyped Project @sleepagotchi on Eth Chain

Giving Away 10x GTD (Free-Mint) Spot

✨ To Enter:
➟ Follow @sleepagotchi & @0xNahid 
➟ Like, Retweet This Tweet
➟ Comment Your EVM Address 

Ending in 24 Hours ⏰

#NFTs #FreeMint #Eth",2025-10-09T11:00:36.866493
68e6b3c541b771828c8ced57,Ethereum,"👶 When Vitalik was coding ETH at 19,
nobody knew his baby would moon too 🚀

$VITALIK is here… and he’s just learning to walk 🍼✨
CA: ETHJaLDCuKuLuVWkrsZov4LaLfq7b9HRJVeCq49RaeWE

#BabyVitalik #VITALIK #CryptoMeme #ETH #MemeSeason #pf",2025-10-08T23:56:05.329517
68e6b3e241b771828c8ced5b,Solana,"@Blockstranding cooking and we not only observe, but also participate in the development🎮

It's not just a project, it's one big family❤️

#BlockStranding #Solana #MagicBlock",2025-10-08T23:56:34.227786
68e6b3e241b771828c8ced5d,Solana,"Coming soon! Maybe tomorrow, maybe even sooner... 
Get ready, the ground will shake on @solana  

We are collecting some wallets for surprises ! Drop your wallet below and RT the post👇🏻

@GamingOnSolana_  🚀 

#Solana #Crypto #airdrop",2025-10-08T23:56:34.351838
68e6b3e241b771828c8ced5e,Solana,"🔔🔔🔔
$KAYA Hit 17x
Early buys results to massive gains 📈☎️
Send a dm now to join us 🔥
👇👇👇👇
t.me/Coach_Don 

6UyNs89oEKK7WPCChnSt1JTnciUC722WCCrzEvStpump

#memecoin #Solana #solanamemecoin #Elon_Musk #Beele #bitcoin #USA",2025-10-08T23:56:34.451659
68e6b3e341b771828c8ced5f,Solana,#Solana,2025-10-08T23:56:34.538497
68e6b3e341b771828c8ced60,Solana,"Tiny goat, tinier student.. our kitty $FRED takes notes. 🍼🐐
Drop a 🧡 if you’ve fed a bottle baby!

5arEQv5tGJj8UbhnPrc1WL5KMmijCe4FuexCaEXUBAGS                  
#Rescue #FRED #Cat #CatLover #Crypto #Solana #Memecoin                 
follow back for more farm adventures 😻
@BagsApp @finnbags @MichaelSuppo @Cryptogains9 @0xKaroshi",2025-10-08T23:56:34.651212
68e6b3e341b771828c8ced61,Solana,"Done w proof serr,This would go a long way for me, more than words can say 🙏😭🤲 #Solana

47rpQuVogAd5hp5QJoNtyWbXCsJruXw1GFoyu5jjGLe8",2025-10-08T23:56:34.894291
68e6b3e341b771828c8ced62,Solana,"$TITY Airdrop open for 12 hours 🪂🚀

Drop your #Solana $SOL address below & RT 👇

Every wallet gets 100,000,000 $TITY 🚀

Check your Wallet in 12h ! ⏰",2025-10-09T11:28:14.448078
68e6b3e341b771828c8ced63,Solana,"$SOLIDENT

Entry Ca>>>
HBB9ZWZb8CFLrTB1ZV4xFuvmubwsCPAjZSRzFuVPpump

#solana #memecoin #dex #crypto #MemecoinRevolution #trading #Japanese",2025-10-08T23:56:35.093392
68e6b3e341b771828c8ced64,Solana,"Metaplex's 50% fee buybacks inject millions, boosting MPLX value. But top 10 holders control 56% supply, a massive whale dump risk. Is the upside worth this whale threat?

Our full thesis, your deep-dive. 👇
thesis.ai4alpha.io/reports/m…

$MPLX #Solana",2025-10-08T23:56:35.195234
68e6b3e341b771828c8ced65,Solana,"These two grails are locked forever in @Haxz_xyz staking and never seeing the secondary market. Get your Haxz NFTs locked up, I dare you, I double dare you MFs #solanacommunity #NFTs #NFT #NFTshill #Solana #SolanaGems @voltersolana",2025-10-08T23:56:35.312774
68e6b54441b771828c8ced94,Bitcoin,🔧 Square goes big on crypto for small biz - zero fees for 1st year on #BTC payments. Game-changer for local merchants looking to tap into digital currency? Watch this space. #Bitcoin #Crypto #Fintech #BlockchainTech #Payments,2025-10-09T00:02:27.790076
68e6b54441b771828c8ced95,Bitcoin,"#btc Supply, OTE, weekly open, key pivot all lining up around $124k. Reclaim that and I think we run hard... Until then, stay cautious.",2025-10-09T11:00:06.522858
68e6b54441b771828c8ced96,Bitcoin,"🚨🇺🇸 CNBC just reported live that Bitcoin is on the verge of going PARABOLIC! 🚀

Analysts are calling it the start of a historic breakout moment — momentum is building fast! ⚡

#Bitcoin #Crypto #BTC",2025-10-09T00:02:28.023869
68e6b54441b771828c8ced97,Bitcoin,"🪙 Ever wonder if you're bold enough for Bitcoin? 🤔 Freedom lies in being bold, said Robert Frost, and Bitcoin's the ultimate test. With trends like Michael Saylor's risky $78B strategy & Russia's mining crackdown, FOMO is real. Dare to #HODL? 💪 #BTC 🎉 🪙 #Bitcoin #Solana Tag a fri",2025-10-09T00:02:28.298453
68e6b54441b771828c8ced98,Bitcoin,"Every October BTC leaves fair value gaps... except this year's pattern looks different from 2023-2024. Is the 3-year cycle breaking or just noise? 
#BTC #Bitcoin #Trading #CryptoChart #PatternAnalysis",2025-10-09T00:02:28.452277
68e6b54541b771828c8ced99,Bitcoin,"🥇 BTC: $ 123404.35
🥈 ETH: $ 4526.67
✨ XRP: $ 2.91
🔶 BNB: $ 1316.91
☀️ SOL: $ 228.72
#крипта #BTC #SOL #AI #ИИ
t.me/crypto_vertex_neuro/519…",2025-10-09T00:02:28.597244
68e6b54541b771828c8ced9a,Bitcoin,"ANÁLISIS 📊 | El indicador de Convergencia/Divergencia de Medias Móviles (MACD) semanal de bitcoin #BTC se aproxima a un cruce de medias que, históricamente, ha coincidido con incrementos de precio.

📈 Las medias móviles del #MACD están próximas a cruzarse, movimiento que podría confirmarse a la medianoche del domingo si el comportamiento actual del mercado de #bitcoin se mantiene alcista o, al menos, lateral.

🗓 El comportamiento histórico del indicador de análisis técnico no garantiza resultados futuros, pero su desempeño pasado le ha otorgado relevancia en el análisis de tendencias.",2025-10-09T00:02:28.753903
68e6b54541b771828c8ced9b,Bitcoin,#BTC,2025-10-09T00:02:28.966533
68e6b54541b771828c8ced9c,Bitcoin,"☄️ Началась коррекция

Как по биткоину так и по эфиру, ожидаю что коррекция закончится в начале следующей недели.

Пока что, аномальных откупов не наблюдается, что увеличивает вероятность продолжения локального снижения.

Ближайшие поддержки:
BTC - 118 000$
ETH - 4 500$

#btc #eth

t.me/prosto_kripto",2025-10-09T00:02:29.083533
68e6b54541b771828c8ced9d,Bitcoin,"Will list $htr
Super Sayan speed blockchain with #btc security, fueled by #python VM
Is going to release crazy tech q4
X100 incoming easy peasy",2025-10-09T00:02:29.208533
68e6b56341b771828c8ceda2,Ethereum,"🚨 ¡RÉCORD! 📈

👉 360K ETH depositados en staking ayer.

💥 El mayor flujo diario de 2025 y el 2º desde el inicio 💥

¡Ethereum no para! 🤩

#ETH #Staking #Ethereum #Crypto #CryptoNews #CryptoMarket #Blockchain",2025-10-09T00:02:59.502750
68e6b56341b771828c8ceda3,Ethereum,"🚨 🚨 🚨  12,000 #ETH (54,343,383 USD) transferred from #Arbitrum to #Binance

whale-alert.io/tx/ethereum/0…",2025-10-09T00:02:59.607664
68e6b56341b771828c8ceda4,Ethereum,The fact of the matter is @RichardHeartWin needs to ride the #Eth bull market before he starts live streaming and going hard into #Pulsechain. If y’all are wondering why he isn’t going hard.,2025-10-09T00:02:59.722138
68e6b56441b771828c8ceda5,Ethereum,#ETH💥,2025-10-09T00:02:59.864181
68e6b56441b771828c8ceda6,Ethereum,#ETH,2025-10-09T00:02:59.987975
68e6b56441b771828c8ceda7,Ethereum,"本信息由 BTSE.com小编收集整理:   
国际货币基金组织主席表示，美联储可能需要进一步降息，以应对当前经济挑战。#BTSE #BTC #ETH",2025-10-09T00:03:00.123340
68e6b56441b771828c8ceda8,Ethereum,$Gate whale just bought $3145.00 of $USDQ at $6.54M MC 🐋 #eth,2025-10-09T00:03:00.286613
68e6b56441b771828c8ceda9,Ethereum,Higher #ETH💥💥💥🔥,2025-10-09T00:03:00.450767
68e6b58241b771828c8cedae,Solana,"Bullish on #solana, Bullish on @tgmetrics, Bullish on #BLIPS TGMETRICS.AI",2025-10-09T00:03:29.809664
68e6b58241b771828c8cedaf,Solana,"Good Morning @tattsbyryan!

In the last 24hrs we've banned 167 spammers and removed over 200 messages from $WONDER chat

$PUMPMOD v3 will be ready by the weekend, and it will be🔥
No more spam...

#solana #pumpfun #PumpFunLaunch",2025-10-09T00:03:29.921678
68e6b58241b771828c8cedb0,Solana,"Coming soon! 
Maybe tomorrow, maybe even sooner...  Get ready, the ground will shake on @solana !

We are collecting some wallets for surprises ! Drop your wallet below and RT the post👇🏻
@GamingOnSolana_

📷 #Solana #Crypto #airdrop",2025-10-09T00:03:30.109627
68e6b58241b771828c8cedb1,Solana,"Entry CA>

EiWCgqWubuVKkGF2pJs8XuX7fxAyN9BbqEoxg6DBpump

#solana #memecoin #cryptotrading #DonBelle #bitcoin #USA",2025-10-09T00:03:30.255410
68e6b58241b771828c8cedb2,Solana,"America's on a sugar high, Ken Griffin says. Smart money's fleeing to gold—me? I'm hedging with JAMCY and memes. Way shinier than gold anyway. #Solana #memecoin #JAMCY",2025-10-09T00:03:30.449388
68e6b58241b771828c8cedb3,Solana,"🚀Finalize your wallet setup for the $MET airdrop

Whitelisting is required ahead of the Token Generation Event

Confirm here: App.meteorag.run

Metober is loading — take action now

$SOL #Solana",2025-10-09T00:03:30.710350
68e6b58241b771828c8cedb4,Solana,"En direct de #NZIBIRA,  plusieurs wazalendo se sont rendus aux révolutionnaires de l ’ #ARC de l' #AFC-#M23,  meeting en direct,  mercredi,  08 octobre 2025.

Les Lions de Sarambwe ne reculent jamais,  ils avancent et avancent. 
#révolution #changement #viral
#GOLD #Solana
👁️✍️🫡",2025-10-09T00:03:30.845026
68e74f6641b771828c8d025f,Bitcoin,"#btc Rejected at our key area. Would like to see a sweep of yday low from here. Reaction will be telling. Sweep and strength and could be the dip done. If no strength, likely a bigger pullback. 

Let's see.",2025-10-09T11:00:06.114448
68e74f6641b771828c8d0260,Bitcoin,#BTC spot orders,2025-10-09T11:00:06.188446
68e74f6641b771828c8d0261,Bitcoin,"🚨BREAKING 🚨

BlackRock and Brevan Howard have launched their tokenized investment funds on the Sei blockchain.

#BTC #GAZA #BLACKROCK",2025-10-09T11:00:06.281448
68e74f6641b771828c8d0262,Bitcoin,#Btc 4hr,2025-10-09T11:00:06.362980
68e74f6641b771828c8d0263,Ethereum,"El autor de ""Padre Rico, Padre Pobre"" dice que la ""cartera de inversión 60/40"" está muerta y está de acuerdo con la estrategia ""60/20/20"" propuesta por Morgan Stanley

Explore more key information on #SoSoValue: sosovalue.com/shares/ZLbu2J #BTC #ETH via @sosovaluecrypto",2025-10-09T11:00:37.484793
68e74f6641b771828c8d0264,Bitcoin,#BTC 1D,2025-10-09T11:00:06.601431
68e74f6641b771828c8d0265,Bitcoin,昨晚123600和均价4500的空单，减仓设保本，思路不变🐮🐮 #btc #eth,2025-10-09T11:00:06.674962
68e74f6641b771828c8d0266,Bitcoin,#BTC 4H,2025-10-09T11:00:06.748265
68e74f8441b771828c8d026b,Ethereum,"📈 #BTC #ETH #ETF Hier, les entrées nettes totales des ETF sur le Bitcoin spot se sont élevées à environ 440,7 millions de dollars.

Les entrées nettes totales des ETF sur l'Ethereum spot ont atteint environ 69,1 millions de dollars.",2025-10-09T11:00:36.964242
68e74f8441b771828c8d026c,Ethereum,"👀 #LTEX 24H Market Highlights

💸 #BTC :      $121,551.32     -0.43%
🪙 #ETH :      $4,410.66         +1.60%

#LTEX Daily Token Recommendations ⭐️
🟢 LTH        $1.087
🟢 SOL        $224.01
🟢 XRP        $2.825
🟢 UNI        $7.784
🟢 LINK      $22.01

📱 t.me/LTEXOFFICIAL",2025-10-09T11:00:37.075421
68e74f8441b771828c8d026d,Ethereum,"⚡️BALANCE - 7%⚡️

🟢 #ETH RE LONG SETUP 🟢

🟢 LEVERAGE -> 35X CROSS

🟢 ENTRY -> 4450, 4390

🟢 TARGET -> 4520, 4640, 4800, 4950

🟢 STOP LOSS -> 4360

t.me/mbatradesignals",2025-10-09T11:00:37.174421
68e74f8541b771828c8d026e,Ethereum,"🚨 BITWISE PURCHASE #BITCOIN WORTH $13.4M!

#BTCUSDT #ETH",2025-10-09T11:00:37.289992
68e74f8541b771828c8d026f,Ethereum,"⚡️BALANCE - 7%⚡️

🟢 #ETH RE LONG SETUP 🟢

🟢 LEVERAGE -> 35X CROSS

🟢 ENTRY -> 4450, 4390

🟢 TARGET -> 4520, 4640, 4800, 4950

🟢 STOP LOSS -> 4360

t.me/apexalertsignals",2025-10-09T11:00:37.389516
68e74fac41b771828c8d0276,Solana,"@SolanaANZ, a thirst for SOL, ne? Sway signals brewing—what’s the flow direction behind this swell, darling? Grab my vibe? #Solana @olaxbt $AIO",2025-10-09T11:01:15.219532
68e74fac41b771828c8d0277,Solana,"To celebrate our 100k milestone (almost 200k now) we’re creating something truly special…

We’re launching the first-ever Sprout Network NFT collection on #Solana, inspired by the badge system in the app.

🔒Mint Details:
Friday, October 10th at 12pm EST (5pm UTC)

Supply: Decided by community vote via WL form
Mint Price: 0.025 SOL

✅Whitelist(WL) = 1 entry
-Retweet this post
-Fill out the WL form: forms.gle/jcRXmqx27BMqqz567
-Have a Sprout Network account and have an active session in app.

⚡Earn +1 entry for every new team member you invite (tracked automatically after completion of WL form)

Why We’re Doing This 

Sprout Network has been built with the community at its core. This collection is our way of saying thank you and giving back: a permanent symbol of being part of the early growth of Sprout.💚

WL will close 24 hours before the mint.

Fill out the whitelist form here: forms.gle/jcRXmqx27BMqqz567

Disclaimer: Sprout Network NFTs are collectibles only: no in-app utility or advantages. They’re meant as a fun way for the community to get involved and celebrate our milestones.

#SproutNetwork",2025-10-09T11:01:15.346165
68e74fac41b771828c8d0278,Solana,"🐼 THE PANDA REVOLUTION ON SOLANA Pandu Pandas isn’t just another meme it’s a movement built around culture, community, and creativity.
This is the meme project rewriting Solana’s story.
The future is $PANDU.

 @PlortalAI & @Pandupandas, $PANDU, #Solana, #Memecoin",2025-10-09T11:01:15.468096
68e74fac41b771828c8d0279,Solana,"🚀 Crypto Prices Update 🚀
🟧 #Bitcoin (BTC):       $122,100.92
⬛ #Ethereum (ETH):  $4,454.69
🟩 #Solana (SOL):       $227.80
🟨 #Binance (BNB):    $1,295.73
🟥 #Monero (XMR):    $336.65
🟪 #Polkadot (DOT):   $4.106

🇪🇺 EUR: €0.859 🇯🇵 JPY: ¥152.638
🇬🇧 GBP: £0.746 🇨🇳 CNY: ¥7.128",2025-10-09T11:01:15.650223
68e74fac41b771828c8d027a,Solana,"💎 Tried the free Solana spin — landed 5 $SOL  
👉 spins.solanfi.live  
Clean and fast, no connect needed  

#Solana #SOL #Spin #DeFi #Crypto #Web3 #Blockchain",2025-10-09T11:01:15.787775
68e74fac41b771828c8d027b,Solana,"🌀 Tried the free Solana spin — 2.1 $SOL  
👉 spins.solanfi.live  
Instant result, nothing complicated  

#Solana #SOL #Spin #Crypto #Web3 #Blockchain #Altcoins",2025-10-09T11:01:15.904477
68e74fad41b771828c8d027c,Solana,"🚀 It’s free, instant, and live on Solana.  
Roll the wheel and see what you land on 💰  
👉 spins.solanfi.live  

#Solana #SOL #DeFi #Web3 #Crypto #Blockchain #SOLrewards",2025-10-09T11:01:16.019440
68e74fad41b771828c8d027d,Solana,"💎 Tried the free Solana spin — landed 2.1 $SOL  
👉 spins.solanfi.live  
Clean and fast, no connect needed  

#Solana #SOL #Spin #DeFi #Crypto #Web3 #Blockchain",2025-10-09T11:01:16.251190
68e74fad41b771828c8d027e,Solana,"📶 No bars, all drops.
🛜 No internet, all done.

#dropfi #solana",2025-10-09T11:01:16.367330
68e74fad41b771828c8d027f,Solana,"The panda revolution is here 🐼💥
From memes to real AI tools, @Pandupandas blends fun with function.
Voice chat, AI art, NFT utility, all powered by #Solana.
$PANDU isn’t hype, it’s evolution. 🌿",2025-10-09T11:01:16.598045
68e74fad41b771828c8d0280,Solana,"🚨 SOLANA 🚀🚀

Forward Industries (a major player in blockchain) announced it has staked 6.8 million $SOL tokens (~$1.58 billion at $232/SOL) as part of a $1.65 billion private investment.

#Crypto #solana #Sol",2025-10-09T11:01:16.707700
68e74fad41b771828c8d0281,Solana,"🚨  JUST IN:    SOLANA ECOSYSTEM BROUGHT IN $2,850,000,000 IN ANNUAL REVENUE, MORE THAN ALL OTHER CHAINS COMBINED!

#SOLANA ⚡️",2025-10-09T11:01:16.812943
68e74fad41b771828c8d0282,Solana,"MystiKeys turns every click into a provable, collectible moment — with real rewards you can see on Solana 🔮

Every interaction is transparent and verifiable on-chain! 💎

#BlockchainGaming #Web3 #Solana #Magic",2025-10-09T11:01:16.917455
68e74fad41b771828c8d0283,Solana,"We are launching today at 14:00 UTC ! 🚀

$LEAF is a decentralized token built on #Solana

First 1,000 Address will get 100,000,000 $LEAF ⚡

Airdrop open 🪂 Drop your $SOL address & RT ♻️

Snapshots 12 hours ⏳",2025-10-09T11:13:16.531908
68e74fad41b771828c8d0284,Solana,"We are launching soon ! 🚀

$BEAST is a decentralized token built on #Solana

First 777 Address will get 100,000,000 $BEAST ⚡

Airdrop open 🪂 Drop your $SOL address & RT ♻️

Snapshots 12 hours ⏳ 
#SolanaAirdrop",2025-10-11T23:49:32.042289
68e74fad41b771828c8d0285,Solana,"🚨  JUST IN:    SOLANA MEME COIN FOUNDER @REALDONALDTRUMP BROKERS PEACE DEAL BETWEEN ISRAEL AND HAMAS!

#SOLANA ⚡️",2025-10-09T11:01:17.250345
68e74fad41b771828c8d0286,Solana,"4x on $UNDERDOG

#solana #memecoin #dex #crypto #MemecoinRevolution #trading #Japanese",2025-10-09T11:01:17.354148
68e7524341b771828c8d02e3,Bitcoin,"#BTC 120.00$ dan tekrar çıkışa hazırlanıyor beklemedik bir yükseliş yaparsa 140.000$ a iğne atar

Yarın ki #FED açıklaması önemli !",2025-10-09T11:12:19.508493
68e7524441b771828c8d02e4,Bitcoin,"🟥 كما تلاحظون تم صد السعر في المنطقة الصفراء و لم يتم الغلق فوقها بغلق صريح

#BTC  #Crypto #البتكوين #عملات_رقمية",2025-10-09T11:12:19.589750
68e7524441b771828c8d02e5,Bitcoin,【コラム】騙されてない？今こそ知るべき消費税の真実について調べてみた！ plaza.rakuten.co.jp/yamiyami… #r_blog #投資 #投資信託 #NISA #新NISA #投資家 #インデックスファンド #オルカン #ビットコイン #暗号資産 #仮想通貨 #BTC #Bitcoin #長期投資 #資産運用 #資産 #楽天 #ブログ,2025-10-09T11:12:19.669182
68e7524441b771828c8d02e6,Bitcoin,【2025/09/08】オルカン×BTCでコツコツ資産運用！ネガちゃんの長期積立投資ブログ（毎日更新） plaza.rakuten.co.jp/yamiyami… #r_blog #投資 #投資信託 #NISA #新NISA #投資家 #インデックスファンド #オルカン #ビットコイン #暗号資産 #仮想通貨 #BTC #Bitcoin #長期投資 #資産運用 #資産 #楽天 #ブログ,2025-10-09T11:12:19.752086
68e7524441b771828c8d02e7,Bitcoin,【コラム】マイニング？半減期？素人がビットコインの仕組みを必死で調べてみた！ plaza.rakuten.co.jp/yamiyami… #r_blog #投資 #投資信託 #NISA #新NISA #投資家 #インデックスファンド #オルカン #ビットコイン #暗号資産 #仮想通貨 #BTC #Bitcoin #長期投資 #資産運用 #資産 #楽天 #ブログ,2025-10-09T11:12:19.840754
68e7524441b771828c8d02e8,Bitcoin,#Btc 4hr.,2025-10-09T11:12:19.917626
68e7524441b771828c8d02e9,Bitcoin,【2025/09/05】オルカン×BTCでコツコツ資産運用！ネガちゃんの長期積立投資ブログ（毎日更新） plaza.rakuten.co.jp/yamiyami… #r_blog #投資 #投資信託 #NISA #新NISA #投資家 #インデックスファンド #オルカン #ビットコイン #暗号資産 #仮想通貨 #BTC #Bitcoin #長期投資 #資産運用 #資産 #楽天 #ブログ,2025-10-09T11:12:19.994823
68e7524441b771828c8d02ea,Bitcoin,【2025/09/04】オルカン×BTCでコツコツ資産運用！ネガちゃんの長期積立投資ブログ（毎日更新） plaza.rakuten.co.jp/yamiyami… #r_blog #投資 #投資信託 #NISA #新NISA #投資家 #インデックスファンド #オルカン #ビットコイン #暗号資産 #仮想通貨 #BTC #Bitcoin #長期投資 #資産運用 #資産 #楽天 #ブログ,2025-10-09T11:12:20.064533
68e7524441b771828c8d02eb,Bitcoin,【2025/09/03】オルカン×BTCでコツコツ資産運用！ネガちゃんの長期積立投資ブログ（毎日更新） plaza.rakuten.co.jp/yamiyami… #r_blog #投資 #投資信託 #NISA #新NISA #投資家 #インデックスファンド #オルカン #ビットコイン #暗号資産 #仮想通貨 #BTC #Bitcoin #長期投資 #資産運用 #資産 #楽天 #ブログ,2025-10-09T11:12:20.137741
68e7524441b771828c8d02ec,Bitcoin,"I think you meant they not you but yes, agreed. nowhere close to topping on $BTC. the folks saying ""onchain metrics don't work anymore bro""... never knew how metrics worked in the first place. metrics ARE #btc. we're literally watching coins move. saying they don't work is 🤣 😭.",2025-10-09T11:12:20.206819
68e7524441b771828c8d02ed,Bitcoin,【2025/09/02】オルカン×BTCでコツコツ資産運用！ネガちゃんの長期積立投資ブログ（毎日更新） plaza.rakuten.co.jp/yamiyami… #r_blog #投資 #投資信託 #NISA #新NISA #投資家 #インデックスファンド #オルカン #ビットコイン #暗号資産 #仮想通貨 #BTC #Bitcoin #長期投資 #資産運用 #資産 #楽天 #ブログ,2025-10-09T11:12:20.273048
68e7524441b771828c8d02ee,Bitcoin,【2025/09/01】オルカン×BTCでコツコツ資産運用！ネガちゃんの長期積立投資ブログ（毎日更新） plaza.rakuten.co.jp/yamiyami… #r_blog #投資 #投資信託 #NISA #新NISA #投資家 #インデックスファンド #オルカン #ビットコイン #暗号資産 #仮想通貨 #BTC #Bitcoin #長期投資 #資産運用 #資産 #楽天 #ブログ,2025-10-09T11:12:20.351911
68e7524441b771828c8d02ef,Bitcoin,【コラム】結局のところ、スマートコントラクトって何なの？素人が必死で調べて解説してみた！ plaza.rakuten.co.jp/yamiyami… #r_blog #投資 #投資信託 #NISA #新NISA #投資家 #インデックスファンド #オルカン #ビットコイン #暗号資産 #仮想通貨 #BTC #Bitcoin #長期投資 #資産運用 #資産 #楽天 #ブログ,2025-10-09T11:12:20.461388
68e7524441b771828c8d02f0,Bitcoin,【2025/08/29】オルカン×BTCでコツコツ資産運用！ネガちゃんの長期積立投資ブログ（毎日更新） plaza.rakuten.co.jp/yamiyami… #r_blog #投資 #投資信託 #NISA #新NISA #投資家 #インデックスファンド #オルカン #ビットコイン #暗号資産 #仮想通貨 #BTC #Bitcoin #長期投資 #資産運用 #資産 #楽天 #ブログ,2025-10-09T11:12:20.531595
68e7524441b771828c8d02f1,Bitcoin,【2025/08/28】オルカン×BTCでコツコツ資産運用！ネガちゃんの長期積立投資ブログ（毎日更新） plaza.rakuten.co.jp/yamiyami… #r_blog #投資 #投資信託 #NISA #新NISA #投資家 #インデックスファンド #オルカン #ビットコイン #暗号資産 #仮想通貨 #BTC #Bitcoin #長期投資 #資産運用 #資産 #楽天 #ブログ,2025-10-09T11:12:20.598903
68e7524441b771828c8d02f2,Bitcoin,"🚨 🚨 🚨 🚨 🚨  1,000 #BTC (122,016,895 USD) transferred from #Binance to unknown wallet

whale-alert.io/tx/bitcoin/eb…",2025-10-09T11:12:20.663083
68e7526041b771828c8d02f7,Ethereum,#ETH USDT,2025-10-09T11:12:48.578698
68e7526041b771828c8d02f8,Ethereum,"Crypto Fear & Greed Index Now : 70 (Greed)

#btc #eth #alts",2025-10-09T11:12:48.648214
68e7526041b771828c8d02f9,Ethereum,"The Merge was a massive success, but the real narrative is shifting. Post-merge, $ETH is becoming ultra-sound money. The burn mechanism is deflationary magic in action. The flippening isn't a meme; it's a matter of time.

#ETH #Ethereum #TheMerge #Flippening",2025-10-09T11:12:48.722214
68e7526041b771828c8d02fa,Ethereum,"On commence cette nouvelle journée avec les prix des cryptomonnaies 👇
 
$BTC : 122 133$ (+0,62%)
$ETH : 4454$ (+0,33%)

Fear & Greed Index :

#BTC : 70 (hier : 60 📈)
#ETH : 63 (hier : 57 📈)",2025-10-09T11:12:48.792014
68e7526141b771828c8d02fb,Ethereum,#ETH USDT,2025-10-09T11:12:49.031687
68e7526141b771828c8d02fc,Ethereum,"Take things slow and will be alright.

Binance Futures
#ETH/ $USDT Take-Profit target 3 ✅
Profit: 48.0226% 📈
Period: 11 Hours 58 Minutes ⏰",2025-10-09T11:12:49.290204
68e7526141b771828c8d02fd,Ethereum,"Take things slow and will be alright.

Binance Futures
#ETH/ #USDT Take-Profit target 3 ✅
Profit: 48.0226% 📈
Period: 11 Hours 58 Minutes ⏰",2025-10-09T11:12:49.428035
68e7527c41b771828c8d0300,Solana,"☀️ Good morning Solana fam!
Another day, another chance to claim what’s yours.
Recover your lost SOL, earn rewards, and start your day winning,
 zero risk, all gain 💪

#Solana #ClaimSOL #Crypto",2025-10-09T11:13:15.837550
68e7527c41b771828c8d0301,Solana,"GM! Yesterday at this time we had a 110K MC and 550 holders…..🔥🚀 This is only the start, 100M is programmed ❤️

$SOLLE #SolanaMascot #Solana $SOL",2025-10-09T11:13:15.908633
68e7527c41b771828c8d0302,Solana,"We are launching tomorrow at 14:00 UTC 🚀

$BWL is a decentralized Best coin built on #Solana

First 500 Address gets 125,000 $BWL 🪂

Follow 🔔, like, RT ♻️(Drop your $SOL wallet)

Snapshot in 24 hours ⏳",2025-10-09T11:13:15.976470
68e7527c41b771828c8d0303,Solana,"💡Crypto never sleeps — and that’s the edge.
-Unlike traditional Wall Street, Solana and DeFi markets run 24/7, giving traders around-the-clock access to opportunities, liquidity, and innovation.
-Welcome to the always-on economy. ⚡️ #Solana #DeFi",2025-10-09T11:13:16.056471
68e7527c41b771828c8d0304,Solana,"NORTH DAKOTA IS GOING DIGITAL WITH SOLANA 

The state just announced Roughrider Coin - a USD-backed digital dollar launching through Fiserv’s FIUSD platform.

It’s built on Fiserv’s #Solana-enabled infrastructure, connecting directly to local banks and credit unions. This isn’t a meme coin or a pilot - it’s a state-issued stablecoin built for payments, payroll, and settlement.

Another U.S. state moving real value over public blockchain rails, and $SOL is helping bridge the future of finance. 🛤️⚡",2025-10-09T11:13:16.343195
68e7527c41b771828c8d0305,Solana,"Discover $AFK—A new deflationary token on the Solana blockchain, designed for rarity and value through an automatic 5% burn with every transaction. Maximize your investment with simplicity, transparency, and strong liquidity. #Cryptocurrency #Solana #DeflationaryToken",2025-10-09T11:13:16.652098
68e7527c41b771828c8d0306,Solana,"Dropped some $USDC into LULO like it’s a rare mint 🪙 

Solana-native, clean interface, and your stablecoins don’t just sit—they work. 
If you’re rolling in idle coins, use my ref code: 8GHKCM → app.lulo.fi/ref?code=8GHKCM

Let’s turn passive bags into active plays. 

#Solana #DeFi #LULO",2025-10-09T11:13:16.788702
68e7527c41b771828c8d0307,Solana,"𝐓𝐇𝐄 𝐂𝐔𝐋𝐓𝐔𝐑𝐄 𝐎𝐅 𝐏𝐀𝐍𝐃𝐔 While others chase hype, Pandu Pandas builds connection.
It’s not just a token it’s a cultural brand powered by people.
@PlortalAI & @Pandupandas, $PANDU, #Solana, #Memecoin",2025-10-09T11:13:16.928224
68e755c441b771828c8d037e,Bitcoin,"¡EL ATAQUE DEL 51%! #blockchain #bitcoin #btc #ethereumclassic #educacionfinanciera
piped.video/shorts/-DEWFRZyJ…",2025-10-09T11:27:16.841660
68e755c441b771828c8d037f,Bitcoin,"💡 Trading Tip: Avoid trading against strong trends.

#trading #crypto #btc #stockmarket #technicalanalysis",2025-10-09T11:27:16.902660
68e755c441b771828c8d0380,Ethereum,"$ETH 两种走势要么直接跌破支撑，要么反弹后下跌，如何走就如何制定交易计划。
#BTC #ETH #热搜币",2025-10-09T11:27:43.989650
68e755c441b771828c8d0381,Bitcoin,"GM Saiyans ! 🙌

«La vraie puissance naît quand la colère se tait et que la détermination prend sa place.»
----
$BTC : 121.953 $
$ETH : 4.455 $
#BTC Fear & Greed index : 70
#Bitcoin Dominance : 59%",2025-10-09T11:27:17.025486
68e755c541b771828c8d0382,Ethereum,"new additions to dashboard, staking stats (100/1000 blocks) and orphans tracking (refreshed every 5 minutes)

#PIVX #BTC #ETH #zcash #privacy #crypto #CryptoMarket #binance📷 #MEXC📷 #staking #POS",2025-10-09T11:27:44.117726
68e755c541b771828c8d0383,Bitcoin,"#币安人生 #BTC 
找了一下还真有卖的，我们请一个来放在悠悠教祭坛上，这样以后通过加密货币募集教会建立也更容易让人信服。",2025-10-09T11:27:17.151256
68e755c541b771828c8d0384,Bitcoin,"Avoid liquidity and stay on a saver side 
#btc",2025-10-09T11:27:17.223405
68e755c541b771828c8d0385,Bitcoin,"🎼 musical chairs 💺 
comes to mind #btc",2025-10-09T11:27:17.284198
68e755c541b771828c8d0386,Bitcoin,"#BTC Failed To Retest The Trendline Support, Be Careful With Your Longs.

#bitcoin #crypto #altcoins",2025-10-09T11:27:17.346134
68e755df41b771828c8d038b,Ethereum,"#ETHEREUM #ETH #Chart heute, anbei   #Ethereumzertifikate. #Wertpapiere #Charttechnik #Kapital #Investor #Trader #Trading #Anleger #investieren #Geldanlage #Kryptowährung #Investition #Fonds #wikifolio #Zertifikate #ETF #ETC #ETN #Krypto #Börse #Aktien wikifolio.com/de/de/w/wf000e…",2025-10-09T11:27:44.054565
68e755fe41b771828c8d0390,Solana,"😼🚀 $OFFICAT up +4.7% today!
$427K liquidity, $9.4M cap — strong chart, stronger community. 📈
👉 The office is open and the cat’s in charge. Don’t miss your shift!
#OFFICAT #Solana",2025-10-09T11:28:13.692057
68e755fe41b771828c8d0391,Solana,"2x from my alpha call on $PAYPAY
Private tg frens eating good
CA>

0x4C45D61d3131459b8d83d935CA3D9fCbeaC44444

#Solana #bitcoins #memecoins #CryptoCommunity #Binance",2025-10-09T11:28:13.753065
68e755ff41b771828c8d0392,Solana,"2x from my alpha call on $DBULL
Private tg frens eating good
CA>

7e3qPCZGkuhWGg6K82ZLRDzaoWkQS3uWRZApi6Mhpump

#solana #memecoin #degen",2025-10-09T11:28:13.814880
68e755ff41b771828c8d0393,Solana,"#BYEX News🖥: 

Bitwise updates its #Solana ETF filing to include #staking 🏦

#Crypto #Blockchain #MarketUpdate ⬆️",2025-10-09T11:28:13.889739
68e755ff41b771828c8d0394,Solana,"$CATS Airdrop is open for 12 Hours 🪂

Drop your #solana Wallet Below, Follow 🔔 & RT 👇

Every Wallet gets 50.000.000 $CATS 🐾

Check Your wallet in 12 hours ⏰",2025-10-09T11:28:13.951311
68e755ff41b771828c8d0395,Solana,"💎 Early listings are the diamonds of the market.
Projects on TokenIndex are already seeing massive growth and volume.

Be early. Be visible.
🔗 tokenindex.space

#TDEX #TokenIndex #Solana #Airdrop #pumpfun #ETH #BNB #BTC",2025-10-09T11:28:14.014313
68e755ff41b771828c8d0396,Solana,"$B going crazy! 🔥

Massive growth incoming — this one’s heating up fast 🚀💎

Don’t sleep on it… we’re just getting started 😮‍💨

#Solana",2025-10-09T11:28:14.137312
68e755ff41b771828c8d0397,Solana,"$DEVILSCRY 5X up on my call

CRqg7MjPH2GirA317W2mixcSM4UkuZL4enQSSheMsLFA

#Memecoin #Solana",2025-10-09T11:28:14.198746
68e755ff41b771828c8d0398,Solana,"#Solana
6bs3vrbRpUx5XbwRFAuMeg7um8o2wMcZGWq7M4W9LpY4",2025-10-09T11:28:14.261552
68e755ff41b771828c8d0399,Solana,"This one feels different… #brob got real potential. 💥

#NTM #Solana #Crypto #memecoin #deprem",2025-10-09T11:28:14.322553
68e7560041b771828c8d039a,Solana,"2x on $SOL

#solana #memecoin #dex #crypto #MemecoinRevolution #trading #Japanese",2025-10-09T11:28:14.382980
68e7560041b771828c8d039b,Solana,"$BABYPUP is Up 3.8x 🚀

💹 From $68k >> $262k 🔥

JOIN OUR VIP GROUP FOR EARLY CALLS, DM now to get in or click link in Bio🔥

#solanamemecoin #Solana #CRYPTO #degen #MEMECoin #Trump #DOGE",2025-10-09T11:28:14.510720
68e7560041b771828c8d039c,Solana,"Stay locked in…

#memesafterdark #solana #madcoin",2025-10-09T11:28:14.571127
68ea415241b771828c8d6bf1,Bitcoin,"#BTCUSD SELL112280

STOP LOSS               112580

1/  Take Profit          112200
 2/  Take Prfit            112000
3/  Take Profit           111800
t.me/+RMYqbZvxT1tkZjk8

4/  Take Profit          OPEN 

Use Proper Lots According To Your Account Equity. #btc #englot",2025-10-11T16:36:49.787628
68ea415241b771828c8d6bf2,Bitcoin,"Dün gece bahsettiğim #BTC ‘deki destek rakamlarından 100K desteği çalıştı ama çok hızlı geldi ve sanki altlar için ayarlanmış bir tuzaktı. 
Daha önceleri de arada bir böyle büyük iğneler atılırdı ama bu denli büyük iğneleri kimse beklemiyordu. 
Çok güzel fırsatlar geldi fakat ne alım fırsatı verdiler nede bu sektörde olanlarda para bıraktılar. Bundan sebep çoğu kişi köşeden izledi. Spot piyasa bundan sebep her zaman daha iyidir adet elindedir yeri gelir ortalama düşürürsün fakat Kaldıraçlı işlemleri olanların %90’ı patlamıştır. Yani para sıfırlanmıştır.
Piyasayı götürmek için daha ne olması gerek bilemiyorum şartları yeterince oluşturdular umarım dün akşamda olduğu gibi tam tersi BOĞA piyasasında bu denli çok hızlı gelir herkes ferahlar. Şahsen kademeli aldığım mallarla beklemeye devam ediyorum.
Gerisi nasip. Herkese geçmiş olsun.",2025-10-11T16:36:49.889631
68ea415341b771828c8d6bf3,Bitcoin,"#BTCUSD SELL112280

STOP LOSS               112580

1/  Take Profit          112200
 2/  Take Prfit            112000
3/  Take Profit           111800
t.me/+RMYqbZvxT1tkZjk8

4/  Take Profit          OPEN 

Use Proper Lots According To Your Account Equity. #btc #englot",2025-10-11T16:36:50.007628
68ea415341b771828c8d6bf4,Bitcoin,"Global Trade and Economic Impact: Analyzing the Effects of a 100% Tariff
#Bitcoin
#BTC
#Crypto
#BitcoinHalving
#BullRun
#CryptoMarket
#BTCPrice
#Blockchain
#Investing
#DigitalAssets
#Web3
#CryptoTrading
#HODL
#PhoenixOne
#PHB
one.phoenix.global/shr/u?a=3…",2025-10-11T16:36:50.122628
68ea415341b771828c8d6bf5,Bitcoin,"#BTCUSD SELL112280

STOP LOSS               112580

1/  Take Profit          112200
 2/  Take Prfit            112000
3/  Take Profit           111800
t.me/+RMYqbZvxT1tkZjk8

4/  Take Profit          OPEN 

Use Proper Lots According To Your Account Equity. #btc #englot",2025-10-11T16:36:50.224625
68ea415341b771828c8d6bf8,Bitcoin,"#BTCUSD SELL112280

STOP LOSS               112580

1/  Take Profit          112200
 2/  Take Prfit            112000
3/  Take Profit           111800
t.me/+RMYqbZvxT1tkZjk8

4/  Take Profit          OPEN 

Use Proper Lots According To Your Account Equity. #btc #englot",2025-10-11T16:36:50.323627
68ea415441b771828c8d6bf9,Bitcoin,"#BTCUSD SELL112280

STOP LOSS               112580

1/  Take Profit          112200
 2/  Take Prfit            112000
3/  Take Profit           111800
t.me/+RMYqbZvxT1tkZjk8

4/  Take Profit          OPEN 

Use Proper Lots According To Your Account Equity. #btc #englot",2025-10-11T16:36:50.448624
68ea415441b771828c8d6bfa,Bitcoin,"#BTCUSD SELL112280

STOP LOSS               112580

1/  Take Profit          112200
 2/  Take Prfit            112000
3/  Take Profit           111800
t.me/+RMYqbZvxT1tkZjk8

4/  Take Profit          OPEN 

Use Proper Lots According To Your Account Equity. #btc #englot",2025-10-11T16:36:50.575625
68ea415441b771828c8d6bfb,Bitcoin,"#BTCUSD SELL112280

STOP LOSS               112580

1/  Take Profit          112200
 2/  Take Prfit            112000
3/  Take Profit           111800
t.me/+RMYqbZvxT1tkZjk8

4/  Take Profit          OPEN 

Use Proper Lots According To Your Account Equity. #btc #englot",2025-10-11T16:36:50.705622
68ea417141b771828c8d6bfe,Ethereum,#ETH,2025-10-11T16:37:20.925975
68ea417141b771828c8d6c01,Ethereum,"🇺🇸 ABOUT $20 BILLION WAS LIQUIDATED FROM THE CRYPTO MARKET AFTER PRESIDENT TRUMP'S TWEET.

#BTC #ETH",2025-10-11T16:37:21.019984
68ea417241b771828c8d6c02,Ethereum,看到你们这么吹，我也不得不拿出7月份的观点了，#BTCUSDT #ETH,2025-10-11T16:37:21.124973
68ea417241b771828c8d6c03,Ethereum,"⚡ Missed Bitcoin 10000$ crash?  

✅ X2 Never Misses! 

📢 Zero emotions | 100% Rule based trading

✅ Intraday or Swing : X2 is Big Boss of Trading 👑

🌍 One Software for all Markets. 

👉  Watch full video: 
         piped.video/watch?v=3r4h6SN5…
   
#Bitcoin   #Eth   #DowJones",2025-10-11T16:37:21.246976
68ea417241b771828c8d6c04,Ethereum,"Ethereum just locked up $92.7 billion in the last 24 hours.
Still think it’s “decentralized”? The biggest whales are quietly taking over while retail celebrates “freedom.” 🤔
Watch who really owns your crypto.
#Ethereum #ETH #Crypto #Blockchain #DeFi #Web3 #CryptoNews #CryptoMarket #SmartContracts #Bitcoin #Altcoins #Finance #Investing #CryptoCommunity #TechNews #AI #NFT #JapanCrypto #AnimeTech #TokyoTech #OtakuFinance #CryptoJapan",2025-10-11T16:37:21.388972
68ea417241b771828c8d6c05,Ethereum,"230,000 $ETH pulled off exchanges in just 48 hours! Are whales preparing for something huge or just playing mind games again? Either way, the crypto tide is shifting fast ⚡ Watch closely before the next big move hits 👀

#Ethereum #ETH #Crypto #Blockchain #DeFi #Bitcoin #Altcoins #Web3 #CryptoNews #Investing #Finance #HODL #CryptoMarket #NFT #Metaverse #AnimeFinance #TokyoCrypto #JapanTech #OtakuInvestors #TechJapan #CryptoTrends",2025-10-11T16:37:21.503972
68ea417241b771828c8d6c06,Ethereum,"Kripto tarafında biraz düşüş beklentim mevcuttu, fazlasıyla gerçekleşti, bu kadarını bende beklemiyordum, herkese geçmiş olsun... Tarihe geçecek bir likidasyon yaşandı...Bu piyasada ne olursa olsun hep sakin olur, yapılar oluşsun tekrar #btc ve #eth tarafına değerlendireceğim",2025-10-11T16:37:21.597970
68ea419341b771828c8d6c0b,Solana,"🚀 Brainita is going live on DEX!
Airdrop 5.1M $BRT to 510 early supporters 🎉

Starts 24h after listing — for 30 days (17/day)

✅ Like ❤️ Retweet 🔁
✅ Comment your Solana wallet 💳

⚠️ Use Phantom/Solflare, not exchange wallets!

#Brainita #BRT #Airdrop #Solana",2025-10-11T20:56:43.647265
68ea419341b771828c8d6c0c,Solana,"Omg I just came across this project — $SACHI 🐾
Bro it’s giving early community energy 🔥
Fun, cute, and built on Solana — what more can you ask for?
Not financial advice, but this one feels special 👀
#SACHI #Solana #CryptoFun",2025-10-11T16:37:53.609299
68ea419341b771828c8d6c0d,Solana,"Crypto is heating up again! 🪙

Grayscale picked Figment to stake for its first U.S. #Ethereum ETP and #Solana Trust, signaling stronger institutional trust.

MicroStrategy’s EVP sold 30K MSTR shares worth $10M after BTC’s rally.

Four.Meme launched 48K+ tokens in 24 hours, earning $1.48M, over 4x pump.fun’s revenue.

Staking, profits, or memes, what’s catching your eye?",2025-10-11T16:37:53.713047
68ea419441b771828c8d6c0e,Solana,exciting to see @solsticefi continuing to innovate on #Solana with Jitos BAM validator network and Kamino-powered automated looping!,2025-10-11T16:37:53.807935
68ea419441b771828c8d6c0f,Solana,"Omg I just came across this project — $SACHI 🐾
Bro it’s giving early community energy 🔥
Fun, cute, and built on Solana — what more can you ask for?
Not financial advice, but this one feels special 👀
#SACHI #Solana #CryptoFun",2025-10-11T16:37:53.962226
68ea419441b771828c8d6c10,Solana,"📲📲📲
APPROACHING 3X  on $TRADER 
Booming good  

Early snipers ate. Now it’s fireworks.
Another Solana sleeper that didn’t sleep.

Called first in my TG → t.me/legalcallr

#Solana #zeudiners #DOGE #Trading #Altcoins #helevier #crypto #LoveIslandUK",2025-10-11T16:37:54.172713
68ea419441b771828c8d6c11,Solana,"I shared $neet with my private TG when it was just a $47k market cap.

⛓️ #Solana

Ca:   
Ce2gx9KGXJ6C9Mp5b5x1sn9Mg87JwEbrQby4Zqo3pump",2025-10-11T16:37:54.354932
68ea419441b771828c8d6c12,Solana,"SHIBA BONK are launching soon! 🚀

$SHONK is a decentralized  memecoin built on #Solana

First 500 Address = 10,000 $SHONK

Follow, like, RT, Join Telegram
 (Drop your $SOL wallet)",2025-10-12T01:19:55.299526
68ea419541b771828c8d6c13,Solana,"🎉 GIVEAWAY WINNER ANNOUNCEMENT! 🎉

The 1 $SOL giveaway is officially closed! 🚀
Huge thanks to everyone who joined 💪

🥇 Winner: @CryptoRef 👑
Congratulations — 1 $SOL will be sent shortly 💸

Stay tuned for the next giveaway — it’s gonna be even bigger 👀🔥

#Solana #SOL #CryptoGiveaway #Airdrop #SolanaCommunity #PumpFun #MemeCoin #CryptoNews #CryptoTrader #CryptoMarket #Web3 #DeFi #Blockchain #CryptoRewards #CryptoFam #Altcoins #Bitcoin #Ethereum #SolanaEcosystem #SolanaDaily #CryptoWorld",2025-10-11T16:37:54.750056
68ea419541b771828c8d6c14,Solana,"Entry CA>
4dAuKc8XxuxJdfTQudU1iW9B1KDXnRymMLQTjWdDpump

#solana #memecoin #cryptotrading #DonBelle #bitcoin #USA #Australiatrader #LoveIslandUK

📲 Alpha drops early in my VIP TG — join here 👉 t.me/SOLANABOSS009",2025-10-11T16:37:54.944449
68ea419541b771828c8d6c15,Solana,"$NSTRG is Up 2.6x 🚀

💹 From $161k >> $430k 🔥

JOIN OUR VIP GROUP FOR EARLY CALLS, DM now to get in or click link in Bio🔥

#solanamemecoin #Solana #CRYPTO #degen #MEMECoin #Trump #DOGE",2025-10-11T16:37:55.127759
68ea419541b771828c8d6c16,Solana,"$TRADER IS UP 5.5x🔥

It was Called LIVE in my VIP group

JOIN OUR VIP GROUP FOR EARLY CALLS, DM now to get in or click link in Bio🔥

#solanamemecoin #Solana #CRYPTO #degen #MEMECoin #Trump #DOGE",2025-10-11T16:37:55.279502
68ea419541b771828c8d6c17,Solana,"We are launching 🚀 OCTOBER 28th.

$FURGY is a decentralized meme coin built on #Solana

First 2.000 Address = 1M $FURGY
Follow @furgy_sol like, RT (Drop your $SOL wallet)

Snapshot in 2 hours get ready ⏰ 
#SolanaAirdrop",2025-10-11T16:37:55.431866
68ea44d741b771828c8d6c88,Ethereum,"#btc #eth dijital altın dediniz, soygun yaptınız. @cz_binance kesinlikle akillanmamis, bu gece soygun yaptılar. Kesinlikle araştırılsın @CIA @FBI",2025-10-11T16:52:22.384874
68ea44d741b771828c8d6c89,Ethereum,"🚨 Whale alert: Asia’s crypto elite traded $4.7T in Korea! 🐋 Round 2 altseason about to launch.
#BTC #ETH #Crypto #Whales #AsiaCrypto #Altseason #BullRun #DeFi #vibe #cryptal #cryptalai #cryptalinsights @Cryptal_ai",2025-10-11T16:52:22.523919
68ea44d841b771828c8d6c8a,Bitcoin,"#BTC

個人的な見解として、市場の回復にはもう少し時間がかかると考えています。

 以下のサポートラインに注目しています。

☑1. まずは 108,000ドル付近（緑のボックス）

ここは以前は強い抵抗帯として機能しており、 9月に112,000ドルを明確に下抜けた後はサポートとして機能しています。 

下落が継続する場合、まずこの108,000ドル付近で反発できるかに注目します。 

基本的には113000ドルを維持できない限り
108,000ドル付近までの下落余地が残るので注意

☑2. さらに下落が進む場合 

100,000ドルも割り込んだ場合、 長期的な強気構造を維持するのは難しくなります。

  特に98,000ドルを下回ると、長期的な上昇トレンドが崩れるリスクが高まります。

✍️まとめ

下落が続く場合 → 108,000ドルで反発できるかを確認 　→ できなければ 100,000ドルまでの下落も想定 

 反発する場合 → 113,000ドルを回復・サポート転換できるか 　→ 成功すれば 116,000ドルへの上昇余地  

長期構造の維持ライン → 98,000ドル割れで崩壊リスク

どんな局面でも、あきらめずに前を向いていきましょう。",2025-10-11T16:51:51.034207
68ea44d841b771828c8d6c8b,Bitcoin,"🔴 In the last 24 hours, $16.81 billion in long positions and $2.49 billion in short positions were liquidated

This is the largest liquidation in 
#crypto
 market history, nearly 20 times larger than the COVID dump in March 2020

$BTC trading at $111,250

#BTC #Bitcoin #Crypto",2025-10-11T16:51:51.112731
68ea44d841b771828c8d6c8c,Bitcoin,"■#BTC 8%急落でも #強気。15万ドル到達へ繋がる3つの構造的要因とは 2025/10/11
🚀#BTC は関税ショックで急落も #ETF資金流入 と #長期保有増 で15万ドル期待は健在！
crypto-times.jp/news-despite…",2025-10-11T16:51:51.188693
68ea44d841b771828c8d6c8e,Bitcoin,"#SNP goes down by 3%

#BTC went down just 10%

 #alts went down by 70%

This is not a Blackswan, this is Exchanges going for max extraction.",2025-10-11T16:51:51.253499
68ea44d841b771828c8d6c90,Bitcoin,"Here’s your viral-ready version 👇

💥 BREAKING:
🇺🇸 BLACKROCK just bought $74,000,000 worth of #Bitcoin!
The giants are buying the dip while retail panics. 🧠💰

#BTC #Crypto #Bullish #Investing #Hastings #GMCT #WikeVsTinubu #HallelujahChallenge #NnamdiKanu #HappyBirthdayLammy",2025-10-11T16:51:51.319518
68ea44d841b771828c8d6c91,Bitcoin,"In the first place, i'm not a gambler. I don't want to loose even 500$. Everyone wants a 10x over a thirty seconds decision. Staying to the basics, doubling your money over a few months is still an excellent return when you think about it. It's just boring as fuck. #BTC",2025-10-11T16:51:51.383730
68ea44d941b771828c8d6c92,Bitcoin,"🚨 WINNERS! Grass Token Airdrop is LIVE! 🚨
Rewards will be sent directly to eligible winners!
Submit your X username
Submit your Solana address.
⏰ 72-HOUR DEADLINE!
🔗 CLAIM HERE: forms.gle/rwUvabtsuT1Yy2uP9

#Binance #Bybit #Bitget #GrassAirdrop #Ecox_Network #Solana #Airdrop #BTC",2025-10-12T00:48:32.640337
68ea44d941b771828c8d6c93,Ethereum,"Everything will ok, I don’t worry about future because I’m a holder no leverage game no panic sell 
I just lost time 
#BTC #ETH #AXS #MDT #AVAX 
#Altcoins 
#CryptoRecovery 
#CryptoSafety",2025-10-11T16:52:23.127197
68ea44d941b771828c8d6c94,Bitcoin,"#Bitcoin Massive Liquidation Event🩸

Despite the carnage, #BTC still closed inside the ascending channel. 

Structure intact (for now).",2025-10-11T20:25:40.706849
68ea44d941b771828c8d6c95,Bitcoin,"🔥 Asia heating up again → whales pushing $4.7T volume! ETH & BTC leading the next wave.
#BTC #ETH #Crypto #Whales #Altseason #BullRun #DeFi #CryptoNews #vibe #cryptal #cryptalai #cryptalinsights @Cryptal_ai",2025-10-11T16:51:51.682628
68ea44f741b771828c8d6c9a,Ethereum,Dün gece olan  altcoin üst coin  yok #btc #eth kimse bilemedi bilemez de. Yaptıysa da ancak şans eseri zarar kes yapmıştır. Dün önce yükseldi sonra düştü kimin aklına gelir böyle birşey hikaye. Trump ın açıklaması da hikaye ilk defa mı tarife artışı açıklanıyor,2025-10-11T16:52:22.022061
68ea44f741b771828c8d6c9b,Ethereum,Période difficile pour les cryptobros.. #BTC #ETH,2025-10-11T16:52:22.114378
68ea44f741b771828c8d6c9c,Bitcoin,"kripto simpsonlar’ın yeni kehaneti:

düşüş bitti. 2025 Q4’de #btc 137.000$ 
#eth 6.000$ seviyesine yaklaşacak.

kesin bilgidir, yayalım t.me/kriptosimpsons",2025-10-12T20:02:45.022722
68ea44f741b771828c8d6c9d,Ethereum,"SustainabilityClean by design, fast by necessity 鈥� that鈥檚 the Phoenix way. Builders: deploy on Phantasma.#SOUL #BlockchainGaming#Altcoins #ETH",2025-10-11T16:52:22.297364
68ea44f841b771828c8d6c9e,Ethereum,ComparisonOther L1s burn gas; Phantasma *rewards* you with KCAL. Evolution in plain sight. Builders: deploy on Phantasma.SOUL > gas fees#SOUL #PhantasmaPhoenix #KCAL#CryptoNews #ETH,2025-10-11T16:52:22.600003
68ea44f841b771828c8d6c9f,Ethereum,"The performance of $RDNT in the future will be unbelievable to everyone. Buy and hold, you will be grateful to see this tweet
@RDNTCapital #Binance #BNB #ETH  #SOL",2025-10-11T16:52:22.681513
68ea44f841b771828c8d6ca0,Ethereum,"BingX Futures
#TOSHI/USDT All take-profit targets achieved 😎
Profit: 85.4998% 📈
Period: 2 Days 12 Hours 26 Minutes ⏰

#ETH #BIO #HOOK #WLFI #Dogecoin #memecoins #Altcoin #PENGU #Slovenia #Estonia #Binance $MANYU $BTC $XRP #tesla

Click link below ⬇️ 

t.me/+YxgyVAY9Jb42YTk0",2025-10-11T16:52:22.777021
68ea44f841b771828c8d6ca1,Ethereum,"#ETH SHORT NOW ⚡️

➡️ Entry Market Price 3770

👑 TP(3730- 3690 - 3640 - 3590)

⛔️ SL = (3870)

t.me/Dynamite_Fixtures_Signa…",2025-10-11T16:52:22.859046
68ea44f841b771828c8d6ca2,Ethereum,"الايثر مهما صحح عند القمة مصيره الاختراق والصعود باذن الله .. 

#ETH
#Altcoins 

العملات لها تحديث ونظرة مختلفة عقب الي صار 

بحلل مساراها بال Total3 وال others",2025-10-11T16:52:22.996554
68ea451641b771828c8d6ca7,Solana,"🚀 Another day, another step forward with $VEC

VelaCore isn’t just making noise  it’s building something real.
💡 Real utility
🤝 Strong community
🌍 Big vision

Early believers will remember this moment 👀✨

🔗 Join the movement 👉 t.me/velora_VLR_ie
#VELORA #Solana",2025-10-11T16:52:52.793966
68ea451641b771828c8d6ca8,Solana,"⭐️ Early call - $Horse

⚡️ Profit: x2.5
📈 MC: $130k -> $305k

🎯 Next ATH loading…?

🥇 Top 1 Free Call: t.me/+ILgBNYh1otI0NDY1

0x23d6645c66ebb25a68aa2862357eac378a274444

#SOL #Solana #MemeCoins #crypto #BSC",2025-10-11T16:52:52.854738
68ea451641b771828c8d6ca9,Solana,"The $VAITO ICO Presale is officially LIVE!
Join the AI-driven ecosystem built on Solana and secure your $VAITO before public launch.
🎯 Early phase = best price
📌Presale link = vaitoai.io/

Drop your $SOL
Follow,like,retweet🔔 : 💰
#VAITO #Presale #AI #Solana",2025-10-25T00:06:36.457932
68ea451641b771828c8d6caa,Solana,"Listen up, Trump and Xi! Your petty trade squabbles are weaker than a Saiyan toddler’s punch! Settle your tariffs and deals like true warriors, or I, Vegeta, Prince of Saiyans, will show you what real power looks like! #Tradewar #SaiyanPride #solana",2025-10-11T16:52:52.975542
68ea451641b771828c8d6cab,Solana,"🤩 +4.12% in 24h on our token 
(CAT/SOL pair)

💪 We’re holding strong through the market storm 🌪️

READY FOR THE NEXT STEP
🤑 Now waiting for a quick rebound to keep climbing back to the top 

READY FOR A NEW FEATURE ?
#Crypto #Solana #Altseason 
#FlyWithUs",2025-10-11T17:22:59.373009
68ea451741b771828c8d6cac,Solana,"Altcoins crashing? Not my problem.
I’m in Solana plays like $BEET — quick in, smart out. 🧠
Timing > Hopium.
#Solana #Crypto #BEET",2025-10-11T17:07:56.265637
68ea451741b771828c8d6cad,Solana,"We are launching soon ! 🚀

$PIF is a decentralized token built on #Solana

First 1,200 Address will get 100,000,000 $PIF 🚀

Airdrop open 🪂 Drop your $SOL address & RT ♻️

Snapshots 12 hours ⏳",2025-10-11T19:56:40.765692
68ea451741b771828c8d6cae,Solana,"Dropped $CoT at $77K MC in my private TG — early as always 🔥
These Solana plays keep printing 💰
⛓️ #Solana
CA: 2TEy8cA4bmYSrA5Y2VbifUuzbeS764K6YtbibHAspump",2025-10-11T16:52:53.332764
68ea451741b771828c8d6caf,Solana,"🚀 $SENTBOT Giveaway!
5.5M/7M sold before our Raydium listing 🔥
🎁 Win 0.1 SOL + 10K $SENTBOT (0.055 SOL)

💥 To enter:
1️⃣ Comment CA: GVeaBeaHZDJHji4UTzaPJgB1PRiVeCV2EaArjYyiwNdT
2️⃣ Tag 3 friends
3️⃣ Like ❤️ RT 🔁 Follow us

⏰ Results in 24h
#Solana #Crypto #SENTBOT",2025-10-12T01:34:56.805984
68ea451741b771828c8d6cb0,Solana,"$PERRITO is Up 2x 🚀

💹 From $22k >> $45k 🔥

Join our exclusive VIP Memecoin Signal Group and get Early Calls on trending memecoins before they take off. 

Send a DM now let get you started 

#Solana #memecoin #memecoin1000x",2025-10-11T16:52:53.479767
68ea451741b771828c8d6cb1,Solana,"🔥 New Verified Listing: PEPESNIX ($PEPEX)

🎁 Giveaway: $20
1⃣ Follow @Pepesnix & @CoinsultAudits
2⃣ Like, RT and place a comment 💬

🖥️ Project page: app.coinsult.net/eth/0x28e8a…

#giveaway #cryptogiveaway #verified #cryptoproject #cryptoaudit #solana #bsc #bnbchain #highpotentialcrypto #defi",2025-10-11T16:52:53.550478
68ea451741b771828c8d6cb2,Solana,"🔥 New Verified Listing: Emperor Coin ($IMPERIUM)

🎁 Giveaway: $20
1⃣ Follow @Emperor_coinsol & @CoinsultAudits
2⃣ Like, RT and place a comment 💬

🖥️ Project page: app.coinsult.net/sol/GMkWVrn…

#giveaway #cryptogiveaway #verified #cryptoproject #cryptoaudit #solana #bsc #bnbchain #highpotentialcrypto #defi",2025-10-11T16:52:53.634111
68ea451841b771828c8d6cb3,Solana,"Good Saturday morning.      

#MANCORP #Solana #MemeCoin #1000x",2025-10-11T16:52:53.757372
68ea451841b771828c8d6cb4,Solana,"BUY CONTEST LIVE, FAM
Stack your $INJECT bags now 
minimum $10 buy, post proof, and hodl for 72 hrs to qualify! 🔥Biggest buys take the crown 👑 and one lucky degen walks away with a Halloween NFT treat 🎃

👉 CA: 4Hr2Lsk5bUVfSqb1tnAzKJaKxaRzftkfSTUNJkTrpump
#INJECT #Solana",2025-10-11T16:52:53.819567
68ea451841b771828c8d6cb5,Solana,"Rezin.party is a crypto project  here to show you how to get started with no money. REZN  ca: 4pLzntr9x8nATdHGv5zAXQYWg2yoNcdBpFoKuAmBVukx

rezin.party #crypto #solana #memecoin",2025-10-11T16:52:53.888662
68ea485c41b771828c8d6d2a,Bitcoin,"#BTC update watch the next 4HR could mark in a reversal. Next 4HR will confirm it or not. I remain bullish this will pass, trump is a deal maker.",2025-10-11T17:06:52.102899
68ea485d41b771828c8d6d2b,Bitcoin,"büyük çöküş sonrası şunu hatırlayalım
#btc #kripto #BTCUSDT",2025-10-11T23:18:28.323027
68ea485d41b771828c8d6d2c,Bitcoin,"🚨 BREAKING: BlackRock — the world’s largest asset manager — just bought $74 MILLION worth of #Bitcoin! 💰
They’re officially buying the dip while retail is panicking. 👀
#BTC #CryptoNews #BitcoinETF",2025-10-11T17:06:52.242172
68ea485d41b771828c8d6d2d,Bitcoin,"$100,000 has become a psychological barrier for the market, and what follows is a battle between confidence and chips. 💥 #BTC",2025-10-11T17:06:52.305543
68ea485d41b771828c8d6d2e,Ethereum,"🐋 Asia’s crypto elite moving massive volume → $4.7T traded! ETH & BTC fueling alt rally.
#BTC #ETH #Crypto #Whales #Altseason #AsiaCrypto #BullRun #DeFi #vibe #cryptal #cryptalai #cryptalinsights @Cryptal_ai",2025-10-11T17:07:25.144198
68ea485d41b771828c8d6d31,Bitcoin,"Pulse ⚡ $BTC

12:00 UTC — Weekend calm.

Markets closed, bounce holding steady after Friday’s chaos.

Nothing much to report — just consolidation doing its thing.

#BTC #Crypto #PriceAction #WeekendTrading #MarketUpdate",2025-10-11T17:06:52.445798
68ea485d41b771828c8d6d32,Bitcoin,"Ty @grok 

Grok imagine 

#grok #btc @elonmusk",2025-10-11T17:06:52.511329
68ea485e41b771828c8d6d33,Bitcoin,"others swing trend ile bir süre dalgalı ilerleyip, bullish mum fitilinin düzeltmesini yapacaktır.... 

Yatırım Tavsiyesi Değildir.  
Not investment advice.  
#btc #bitcoin #cryptomarket #cryptocurrency #eth #sol #lunc #ada #hbar #ethereum #bist #bist100 #borsaistanbul #borsa #doge #xrp #BNB  #hot #algo #xlm #qnt #xdc",2025-10-11T17:06:52.574826
68ea485e41b771828c8d6d34,Bitcoin,"3. Even when the market recovers, altcoins sink relative to #BTC and in 99% of cases do not update previous highs vs #BTC. #Altcoins are a tool in the hands of creators to receive development investments or just for personal wealth.",2025-10-11T17:06:52.634813
68ea485e41b771828c8d6d35,Bitcoin,"#BtC

هبوط متوقع لكن الترقيم اختلف 

راح يكون في تذبذب بالمناطق الحالييييه بين منطقه 103-91 << وبعدها صعود اخيييير للاهداف 133-155

في الغالب الموجه خمسه للبتكوين يكوون صعود العملات قوي جدا ف التمركز مطلوب 👏✅",2025-10-11T17:06:52.697218
68ea485e41b771828c8d6d36,Bitcoin,"🔥The next era of Bitcoin assets starts with FomoWell. 🚀

Secure, efficient, and decentralized—take it all into your hands. 💪

🎬 To be further know FomoWell from below promotion video 👇

#FomoWell #Web3 #BTC #ICP #BTCFi #Bitcoin",2025-10-11T17:06:52.757197
68ea487d41b771828c8d6d3b,Ethereum,"Looking for #Uptober guys 👀 what y’all upto ?🐸

#BTC #ETH #SOL",2025-10-11T17:07:24.776924
68ea487d41b771828c8d6d3c,Ethereum,"🔥Wowww! Auction live for “Rebirth”.
Thank you so much @AshFacePlant for the bid!! I so appreciate your big support!

Current bid - 0.169 #eth 
24h of auction

👇Link and wip video",2025-10-12T19:48:13.467617
68ea487d41b771828c8d6d3d,Ethereum,"While the crypto market bleeds red, $MANYU is pumping green! Up 18% in 24h amid chaos. Deflationary vibes keeping us strong. Who’s holding with the #ManyuArmy? 🚀🐶 🙌 🐕   @RealManyu #MANYU #ETH #DeFi 🚀 #MillionDollarBurn 🐕 🌕 🚀💰#RetireWithMANYU 🚀#ETH ➡️💪💨 #ShibaMANYU 🔥#ManyuStrong 💪🐶 #ManyuToken #ManyuSwap #SHIB",2025-10-11T17:07:24.918757
68ea487e41b771828c8d6d3e,Ethereum,"🚨 JUST IN: Bitmine is currently facing a $2B unrealized loss on its $ETH holdings.

Now the big question is… 👀
Will they double down and buy the dip, or give in and capitulate ? 

#Bitmine #ETH #Ethereum #CryptoCrash #BuyTheDip #CryptoNews",2025-10-11T17:07:25.001844
68ea487e41b771828c8d6d3f,Ethereum,"Wake up green with $MANYU! Even on crypto’s worst days, we’re holding strong. #ManyuArmy assemble – let’s push to new ATHs! 🚀 🚀🐶 🙌 🐕   @RealManyu #MANYU #ETH #DeFi 🚀 #MillionDollarBurn 🐕 🌕 🚀💰#RetireWithMANYU 🚀#ETH ➡️💪💨 #ShibaMANYU 🔥#ManyuStrong 💪🐶 #ManyuToken #ManyuSwap #SHIB",2025-10-12T00:49:12.122852
68ea487e41b771828c8d6d40,Ethereum,"🌤️ Ethereum Crash Chaos: Hackers Sell, Whales Buy as ETH Plunged to $3.5K

📰 CryptoPotato
🔗 altdigest.com/article/qojr7n…

#Ethereum #ETH #Crypto #CryptoNews",2025-10-11T17:07:25.213584
68ea487e41b771828c8d6d41,Ethereum,"Dün akşam büyük düşüş oldu sizler yardımcı olmak adına bu akşam canlı yayın açalım mı?
#Bitcoin #Eth #sol ve #altcoin neler oluyor.",2025-10-11T17:07:25.288043
68ea487e41b771828c8d6d42,Ethereum,$MANYU blending memes with utility for massive gains. October hype real – liquidity bets on fire. Join the fun before it’s too late! 🎉🐶 🐶 🙌 🐕   @RealManyu #MANYU #ETH #DeFi 🚀 #MillionDollarBurn 🐕 🌕 🚀💰#RetireWithMANYU 🚀#ETH ➡️💪💨 #ShibaMANYU 🔥#ManyuStrong 💪🐶 #ManyuToken #ManyuSwap #SHIB,2025-10-11T17:07:25.356889
68ea487e41b771828c8d6d43,Ethereum,"#SONDAKİKA 

Dünyada kripto paralarda bu gece en çok para kaybeden ülkeler sıralamasında Türkiye ilk sırada yer aldı.
#Crypto #BİST100 #ETH #btcusdt #bitcoin #btc #ons #xauusd",2025-10-11T17:07:25.429040
68ea487f41b771828c8d6d44,Ethereum,"ได้เวลา shopping จร้า shopping

ได้เวลาถมพอร์ท 

ได้เวลาเติมพอร์ทแล้วจร้า

ตอนอยู่บนยอดทำไมฮึกเหิมจัง ราคาลงมากองข้างล่างทำไมกลัว?

เลือกตัวเกึบเอาน้า อย่าไปเกึบขยะ พยายามอิงตัวพื้นฐานเนอะ

สู้ๆจร้า

#btc #eth #sol",2025-10-11T17:07:25.491940
68ea489d41b771828c8d6d49,Solana,"First 200 Solana wallets gets a guaranteed FREE SOL (yes, for real) Drop your $SOL address 👇🏻 💟 & 🔁 + Follow @0arkle🔔 Check your wallet in 24 hours #Solana #SolanaAirdrop",2025-10-12T01:05:54.854603
68ea489d41b771828c8d6d4a,Solana,"$INTERlost went from a $14.7K microcap to $228K — that’s a wild 15.5x rip! 📈💥
Textbook moves: sharp entries, clean exits, pure trader discipline. 🧠💎
⛓️ #Solana #Crypto #DeFi #Memecoins #Altcoins #AlphaCalls #Bullish",2025-10-11T17:07:56.397645
68ea489d41b771828c8d6d4b,Solana,"Born from a fart, raised by a CTO team. That’s our origin story.
Ca: GbzLdAPEJU3fLtSvkPxo8U6pHFhjpACiPWMSv69Mbonk
#SEXCOIN #Memecoin #Solana",2025-10-11T17:07:56.463659
68ea489d41b771828c8d6d4c,Solana,"$SOL Airdrop has just begun! 🚀

Follow these steps:
▪️👍 + RT ♻️ on this post
▪️Visit solgift.live to claim 🎁
(Only eligible wallets)

More information on the giveaway page, everyone can get Solana! ⚡

#Solana #CryptoGiveaway #Airdrop",2025-10-11T17:07:56.527086
68ea489d41b771828c8d6d4d,Solana,"1 winner $SOL or 10 $ 🎁 12 hrs ⏰

🟥 RT follow @haloETH  🛎️ open notis

#memecoin  #solana  #Ethereum",2025-10-12T01:34:56.727867
68ea489e41b771828c8d6d4e,Solana,"Bu kadar haklı birini daha görmedim  

#kripto #BTCUSDT #Solana #AVAX",2025-10-11T17:07:56.668054
68ea489e41b771828c8d6d4f,Solana,"Do people still like utility
Do people still like based Devs
Do people still like community 
Do people still like cults 

If you said yes to any of these check out @Y3000_eth 

#Solana #NFTGiveaway #NFTCommunity #lxli #DeFi $BTC $ETH #NFT",2025-10-11T17:07:56.731344
68ea489e41b771828c8d6d50,Solana,"🚨 $NSTRG airdrop is live now! 🎉
500M tokens + 1000 $SOL ready to be claimed!
  
📍Check your eligibility today: nstrg.soldex.trade
Rewards are limited — hurry up!

#Solana #Airdrop  $DADDY $DEGE $LINK $PENGU $SOLANA $RENDER $BONK $TRUMP $JUP $GT $SPX $GRT $PYTH $RAY $WIF $ENS $FARTCOIN $CAKE $AR $ATH $COMP $ZBCN $ZKS $NL $RETIRE $NYX $QUEST $CANCER $KIND $BAGWORK $TROLL $REAL $RARECOIN $QRA $AGORA $SERAPH $PKM $STAR $K $QPAY $ASP $TOKABU $KUDIS $PUMP $USELESS $HOLY",2025-10-11T17:07:56.799648
68ea489e41b771828c8d6d51,Solana,Opportunity knocks! 💎 $SOL under $168.79—perfect dip to stack. Who’s loading up? 🚀 #Solana #BuyTheDip,2025-10-11T17:07:56.867630
68ea489e41b771828c8d6d52,Solana,"🚨117.70%  PROFIT SIGNAL! 🚨

Token CA: HYGHK4pmghD1rL8RuT1F5NUdZkEKrM9v4AyFKb8Apump

Called_MC: $12,700

Sold_MC: $27,648

After: 8.4 min of our call

Follow our free channel: t.me/Sol_sniper_trades

#solana #pumpfun #memecoin #sol #crypto #BTC #launchpad",2025-10-11T17:07:56.999832
68ea489f41b771828c8d6d53,Solana,"@MNEX_Ai 

Yo 👁️
This AI ain’t fake — it’s actually learning and evolving.
Worth peeping fr.
👉 t.me/MorpheusNexusProject

#MNEX #CryptoAI #MorpheusNexus #Solana",2025-10-11T17:07:57.065328
68ea489f41b771828c8d6d54,Solana,"💎 Here's another $500 SOL Giveaway to kick off the month!

- Follow @CluckBet
- Like & retweet this post
- Tag 3 friends
- Join Telegram: t.me/cluckbet

#Airdrop #Crypto #Solana #Giveaway #SOL",2025-10-11T21:56:40.307361
68ea4be141b771828c8d6dc3,Bitcoin,"🔥CRYPTO GIVEAWAY  

🎁 $25 Giveaway 

📢To Enter Giveaway :

✅ Follow @barfires & @AhmedAnSalim 
✅ Retweet + Like
✅Tag 2 Friend

⏰ Giveaway ends in 7 day   

#CSGOGiveaway #cs2giveaway #LTC #Giveaway #CryptoGiveaway #Steam #BTC",2025-10-11T23:18:28.578436
68ea4be141b771828c8d6dc4,Ethereum,ETF'ler hayat kurtardı. Yoksa bu rakamları #btc ve #eth 'da bulamazdık. Dün yaşananlar için çok üzgünüm. Kayıp yaşayan herkese geçmiş olsun diyorum. Hayat devam ediyor. Vadeliden lütfen uzak durun. Spot bi şekilde yerine gelir ama vadeli dümdüz eder adamı. #CryptoMarket #Bitcoin #Crypto,2025-10-11T18:22:23.055550
68ea4be141b771828c8d6dc5,Ethereum,"#BTC might give small bounce to 115.5k range and then 96.4k
Even if we flip that red box (117k range) I'll take some time to see what's going on.
#ETH #Crypto #Bitcoin",2025-10-12T00:34:09.273596
68ea4be141b771828c8d6dc6,Bitcoin,"Crypto yesterday: 🚀➡️💀➡️🧘‍♂️

Everyone: “That was manipulation!”
Market makers: “Just rebalancing.”
Me: staring at my screen like 🫠

But hey… every liquidation builds character.
We’ll rise again. 🦾
#Crypto #BTC #kripto",2025-10-11T17:21:52.762514
68ea4be141b771828c8d6dc7,Bitcoin,Well I'm sure #BTC will do a full swing on top if it holds the bottom,2025-10-11T17:21:52.828374
68ea4be141b771828c8d6dc8,Ethereum,"Lots of people have lots of question regarding what is next. Always important to observe both #BTC & #ETH as the market leaders

Both had wild wicks too but nothing sort of the stuff we saw for nearly all alts

Liquidation wicks essentially don't matter for the market directionality, daily closes do and so far those are holding well for both of these. 

Obviously what you wanna see are things to stabilize over the next days. As long as they do & hold this way the road to recovery can begin & the outlook for Q4 & 26 haven't changed one bit

ETH very much resembles August 2024 BTC price action + liquidation wick, follow through must come in though

More detail in the sub content coming in ✍️",2025-10-11T19:56:10.105174
68ea4be241b771828c8d6dc9,Bitcoin,"🔍 Agent Journalism #Airdrop

✔️ Guaranteed distribution by Airdrop Detective

🏆 Airdrop Pool: 1,000 USDT

🔴  Start the airdrop bot: t.me/AgentJournalismNetworkA…

🔘 Do the tasks on the bot & submit your data.

🔘 Details: t.me/AirdropDetective/2633

#Airdrops #BTC #AgentJournalism #AirdropDet",2025-10-12T01:18:33.258864
68ea4be241b771828c8d6dca,Bitcoin,"NOW THE BIGGEST LIQUIDATION CLUSTER IS AROUND THE $118,000-$120,000 LEVEL.

A RALLY NEXT WEEK?

#BTC #CryptoMarket #Krypto #VRA #ACH",2025-10-11T17:21:53.039217
68ea4be241b771828c8d6dcb,Bitcoin,"#btc is done

But #ALTS reversal will be one for the history books

Position yourself my friends

Gn i am off 2 bed",2025-10-11T17:21:53.110313
68ea4c0241b771828c8d6dd2,Ethereum,"🚨👑 INFOCHAIN GIVEAWAY 👑🚨
⚡ On Base Chain | 💰 Mint: TBA

🌟 How to Claim Your Spot:
✨ Follow: @Majesticnft00 | @AishaAbdel51019 | @M_O_W_L
✨ Like + RT
✨ Tag 3
✨ Drop your #EVM wallet
✨ Join 👉 t.me/majesticmint

#NFTs #ApeChain #ETH #FreeMint",2025-10-11T17:22:24.858879
68ea4c0241b771828c8d6dd3,Ethereum,"Dün gece yaşanan düşüşün teknik ve temel olarak hiç bir açıklaması yok!
‘’Ben bildim’’ kolpa yapıyor! Altların böylesine düşmesi için #Bitcoin ve #ETH’nin %80 üzerinde düşmesi lazım.

ETF girişlerinden dolayı #Bitcoin ve #ETH’de istedikleri gibi at koşturamayan borsalar altcoinler üzerinden soygun yaptılar. Direk altcoinlere operasyon çekip 2x 3x marjin işlem açanların bile donunu aldılar.

VADELİ İŞLEMLER PİŞMANLIKTIR! SPOTUN DÖNÜŞÜ VARDIR AMA VADELİNİN YOKTUR!",2025-10-11T18:37:29.557376
68ea4c0241b771828c8d6dd4,Ethereum,"Tp #ETH + #XRP + #LINK + #SOL 

#BTC SL TO BE + Plan Sellback 

Lower #BITCOIN 

Seguimiento en TG
t.me/oxpopo

Sigue mi operativa en @PrimexbtES 
u.primexbt.com/0xP0P0

Thank you for playing 🤝",2025-10-11T20:11:14.461348
68ea4c0241b771828c8d6dd5,Ethereum,"🚨👑 INFOCHAIN GIVEAWAY 👑🚨
⚡ On Base Chain | 💰 Mint: TBA

🌟 How to Claim Your Spot:
✨ Follow: @Majesticnft00 | @AishaAbdel51019 | @FnkPeeps
✨ Like + RT
✨ Tag 3
✨ Drop your #EVM wallet
✨ Join 👉 t.me/majesticmint

#NFTs #ApeChain #ETH #FreeMint",2025-10-11T17:22:25.367384
68ea4c0241b771828c8d6dd6,Ethereum,"Tokens and NFTs down so added 2 @LilPudgys to the wallet !
The flywheel between #ETH and nfts floor price recover will be juicy 😋",2025-10-11T17:37:24.600544
68ea4c0341b771828c8d6dd7,Ethereum,"Congratulation if you survived the largest liquidation crash in cryptos history! Alone this you should consider as big win! 

#ETH #WIF #BIO #HOOK #WLFI #Dogecoin #memecoins #Altcoin #PENGU #Slovenia #Estonia #Binance $MANYU $BTC $XRP

Click link below ⬇️ 
t.me/+YxgyVAY9Jb42YTk0",2025-10-11T17:22:25.686901
68ea4c0341b771828c8d6dd8,Ethereum,"🎉 Hello I’ve joined CreatorX .Download CreatorX now and claim a $10 airdrop. Web3 Creator Asset Issuance and Trading Platform branch.creatorx.me/yIHZxygwn… @CreatorXInc #CreatorX  #BTC #ETH #Base #BNB #Sol
branch.creatorx.me/yIHZxygwn…",2025-10-11T17:22:25.768900
68ea4c2441b771828c8d6ddd,Solana,"Good #Caturday Morning Web3 Legends ☕️
$KMC

Playing any games today? 🎮

We're finalizing some Player UI changes today and hitting some #GTAV! 

#KMCoin #BlockchainGaming #Minecraft #GTA6 #GTAV #ProofOfPresence #DecentralizedGaming #EarnWhileYouPlay #Layer1 #SolanaBridge #solana #crypto #P2E #cryptogaming #mining #gtavi #gtav #rust #playtoearn #videogames #KMC #Gamedev #indiedev",2025-10-11T17:22:59.243623
68ea4c2441b771828c8d6dde,Solana,"$KOSTYA is Up 2x 🚀

💹 From $16k >> $38k 🔥

Join our exclusive VIP Memecoin Signal Group and get Early Calls on trending memecoins before they take off. 

Send a DM now let get you started 

#Solana #memecoin #memecoin1000x",2025-10-11T17:22:59.310624
68ea4c2441b771828c8d6ddf,Solana,"$DOVEN on #Solana — market cap $5.1K.
Goal: $1M for @moonshot Moonshot 🚀
Low cap. High gas. Infinite laughs. 💨👑

Buy: moonshot.com/3BgFa8AvMsfFnUj…

#MemeCoin #Crypto #LowCapGem",2025-10-11T17:22:59.436006
68ea4c2441b771828c8d6de0,Solana,"#Solana Finally reached $238 !

As promised,
I want to change someone's life and send 100 $SOL (~$23,800) to one person by tomorrow.

Just like, retweet and comment 'done'.
Random winner in 15 hrs",2025-10-11T17:22:59.497497
68ea4c2441b771828c8d6de1,Solana,"6x up on $KOSTYA
Ca>>

dQ6dnnKjXTK3TVR8Q3wgoowtGUyrXhuYNshyCJMpump

#solana #memecoin #cryptotrading #DonBelle #bitcoin #USA",2025-10-11T17:22:59.562337
68ea4c2541b771828c8d6de2,Solana,"🚀💰 $TIKI GIVEAWAY 💎🔥

Yo fam 😎
I’m giving away 2x 100.000 $TIKI 🪙💫 Dev is @Tikihakamiki 👀

Just drop your SOL address in the comments 👇
I’ll pick random active members from the chat 🎯

#TIKI #Crypto #Giveaway #Solana",2025-10-11T18:52:49.613275
68ea4c2541b771828c8d6de3,Solana,"Hi $RECC Family

Who beat this red market? 
Of course, $RECC 
We're just getting started
Join our ETF launch on Monday. 

And you, dear @solana  don't forget this is your most important project.

@RECCFinance 
#solana 
#ethereum 
#bitcoin",2025-10-11T17:22:59.688646
68ea4f6541b771828c8d6e54,Bitcoin,"See you on Oct 26!
#BTC 20-25K",2025-10-11T17:36:52.124318
68ea4f6541b771828c8d6e55,Bitcoin,"🚨 🚨 🚨 🚨 🚨 🚨 🚨 🚨 🚨 🚨  2,882 #BTC (322,545,127 USD) transferred from unknown wallet to #Bybit

whale-alert.io/tx/bitcoin/7c…",2025-10-11T17:36:52.201474
68ea4f6541b771828c8d6e56,Bitcoin,"BTC分析
125,000ドル超え後の調整局面。  
現在は121,000〜123,500ドルあたりでレンジ内の攻防。  
サポート帯：$120,500～121,500  
レジスタンス帯：$124,500～125,500  
ブレイク方向を見極めて、動いた方に乗る戦略が最適。  
焦らず、でも備えておきたい相場です  
#BTC #ビットコイン #仮想通貨 #Crypto 
#投資分析 #ドル円",2025-10-11T17:36:52.270459
68ea4f6541b771828c8d6e57,Bitcoin,"$BTC OrderFlow👀

The big question; Is dumb money chasing longs or shorts right now?

It's mostly shorts opening (OI up, CVD down).
Meanwhile, price reclaimed session VWAP and is bleeding higher.

First bullish sign.. (need more confirmation)
Updates follow!

(NFA) #Bitcoin #BTC",2025-10-11T17:36:52.332390
68ea4f6541b771828c8d6e58,Bitcoin,"$Qnt What an amazing v shape recovery. I've seen this happened in 2017 & 2021, right before the mega #Altseason Congratulations if you held through this. You deserve to be mega rich, In sha Allah Also don't fade $Cheq $Cell #Cellframe $Devve $Land #Landshare 🚀 #btc $btc $eth",2025-10-12T01:03:50.052559
68ea4f6541b771828c8d6e59,Ethereum,"Total Bloodbath in #Crypto & US market chaos everywhere
after trumps tariff announcement 
Covid crash: $1.2 Billion in liquidations
Today: $19.16 Billion in liquidations
Biggest liquidation event in history of crypto 20x bigger than the Covid Crash
#BTC #ETH #Nasdaq #ChinaTariffs",2025-10-11T17:37:24.673827
68ea4f6541b771828c8d6e5a,Bitcoin,"stay hum₿le/•\stack sats 
~~>💰$ELL\•/₿UY🧡 #Bitcoin #BTC #hodl #stacksats #shortfiat ₿",2025-10-11T17:36:52.533979
68ea4f6641b771828c8d6e5b,Bitcoin,"Doğal şartlarda ilerleyen bir süreç olsaydı öngörülerimizi tartışırdık. Anca para konsensüsü tek komutla milyarlarca doları silip indirebiliyor. Artık kimse kryptoya merkeziyetsiz diyemez. 
#xrp
#btc",2025-10-11T17:36:52.601979
68ea4f6641b771828c8d6e5c,Ethereum,"#BTC dominance is looking ready to fill that wick.
At least 61.6%
#Bitcoin #ETH #Crypto",2025-10-11T17:37:24.751870
68ea4f6641b771828c8d6e5d,Bitcoin,"Maybe this 
#BTC #cryptocrash #CryptoScam",2025-10-11T17:36:52.824396
68ea4f6641b771828c8d6e5e,Bitcoin,"🔥CRYPTO GIVEAWAY 

🎁$30 Giveaway 

📢To Enter Giveaway :

✅ Follow @barfires & @fortunejackcom 
✅ Retweet + Tag 2 Friend
✅ RT + Like Quoted Tweet

⏰ Giveaway ends in 7 day   

#CSGOGiveaway #cs2giveaway #LTC #Giveaway #CryptoGiveaway #Steam #BTC",2025-10-11T22:25:54.100169
68ea4f8441b771828c8d6e63,Ethereum,2. Lale devrinin sonu?? #BTC #ETH,2025-10-11T17:37:24.140160
68ea4f8541b771828c8d6e64,Ethereum,"Binance Futures
#IN/USDT All take-profit targets achieved 😎
Profit: 3,459.511% 📈 
Period: 3 Hours 54 Minutes ⏰
#BNB #Bitcoin #Crypto $BTC #ETH #Altcoins #memecoins
t.me/+BkxKH9fwpaZiNWQ0",2025-10-11T17:37:24.202388
68ea4f8541b771828c8d6e65,Ethereum,"FUTURES SIGNAL 
SCALP✅ 
 
SIGNAL TYPE: LONG
 
PENDING CALL

IN/USDT

☑️ENTRY: 0.11774

Targets:  
🎯 0.12500
🎯 0.14500
🎯 0.16500
🎯 0.18000
🎯 0.19921

⛔️stoploss: 0.10500

Max leverage: 50X
 
#BNB #Bitcoin #Crypto $BTC #ETH #Altcoins #memecoins
t.me/+BkxKH9fwpaZiNWQ0",2025-10-11T17:37:24.264114
68ea4f8541b771828c8d6e68,Ethereum,#ETH $ETH SEEP AND NEW ATH,2025-10-11T17:37:24.326629
68ea4f8541b771828c8d6e69,Ethereum,"unicorn=564=Ryoshi=six nine
aliens=360=raven

touch grass

believe in som #ETH ing

#CAW ですね

.",2025-10-11T17:37:24.388977
68ea4f8541b771828c8d6e6a,Ethereum,"Gente, activé las propinas por si cae algo para parar la olla. No me juzguen, son tiempos difíciles.
#X #Twitter #propinas #btc #eth",2025-10-11T17:37:24.455977
68ea4f8641b771828c8d6e6b,Ethereum,"WER IST SEIT ÜBER 1 JAHR BEI KASPA❓
——
WHO’S BEEN WITH KASPA FOR OBER 1 YEAR❓

Let’s see how many OGs we have here 💎
Drop how long you’ve been a Kaspian below 👇

#Kaspa #KAS #Crypto #ProofOfWork #KaspaFamily #btc #eth #bullrun",2025-10-11T17:37:24.524073
68ea4f8641b771828c8d6e6c,Ethereum,"When the storm rages, faith becomes the melody that calms the sea. 🌊⛩️

MC: $467k
Liquidity: $373k 🔥
Hodlers: 1056

@Hoichitoken
tehhoichitoken.com

#Hoichi #Shibarium #Crypto #ETH #FaithInMotion #Legendary #Web3",2025-10-11T17:37:24.824872
68ea4f8641b771828c8d6e6d,Ethereum,"#XRP Hit 300 W MA: 

But #BTC Hits 21 EMA  and #ETH Barley hit 50 EMA. 

Now Tell Me, Why ? The liquidity story I do not take it",2025-10-11T17:37:24.899338
68ea4fa941b771828c8d6e72,Solana,"$SOLLE IS FINE!! 💪
Strong community. Strong foundations. Strong narrative.

Weak hands get REKT. 🫡

#Solana #Crypto #SolanaMascot",2025-10-11T17:38:00.505992
68ea4faa41b771828c8d6e73,Solana,"🚀 $NSTRG just flipped $38K → $343K MC — a solid 9.03x run!
The energy’s real, and the momentum’s unstoppable ⚡️
#NSTRG #Solana #CryptoGains #AlphaPlays

CA:
BB86i3PeTpdZdNq7Xs5a7axLqEADZWrHG9HuKVPmxEd5",2025-10-11T17:38:00.586995
68ea4faa41b771828c8d6e74,Solana,"🚨332.97%  PROFIT SIGNAL! 🚨

Token CA: 947vUitdAaNEU9oqhKKE68d8dbpWUjHv1MvDYp8bpump

Called_MC: $13,360

Sold_MC: $57,845

After: 14.8 min of our call

Follow our free channel: t.me/Sol_sniper_trades

#solana #pumpfun #memecoin #sol #crypto #BTC #launchpad",2025-10-11T17:38:00.745991
68ea4faa41b771828c8d6e75,Solana,"🚀 $SOLCEX is Rising Fast Soon…!
The Vision is Clear — Top Tier is Next! 💥
With Community Power + Unstoppable Momentum,
👉 Billion MC isn’t just a dream — it’s the next milestone.
#SOLCEX #Crypto #Solana #CommunityDriven #ToTheTop",2025-10-11T18:37:58.778617
68ea4fab41b771828c8d6e76,Solana,"$KOSTYA IS UP 3.6x🔥

It was Called LIVE in my VIP group

JOIN OUR VIP GROUP FOR EARLY CALLS, DM now to get in or click link in Bio🔥

#solanamemecoin #Solana #CRYPTO #degen #MEMECoin #Trump #DOGE",2025-10-11T17:38:01.031990
68ea4fab41b771828c8d6e77,Solana,"🚀 Huge thanks to Hank for bringing SafeMoon to the Solana ecosystem!
Your vision and hard work keep pushing SafeMoon forward. 💜
#SafeMoon #Solana #CryptoCommunity
@Hankusun",2025-10-11T17:38:01.147989
68ea4fab41b771828c8d6e78,Solana,"$JLP dumped hard on volume, now consolidating near $5.34. RSI was oversold, bouncing, MACD hist turning green. Watch $5.20 support. Short-term bounce to $5.45-$5.50 (MA) possible. Overall trend bearish. Confidence for bounce: 6/10. Manage risk! #JLP #Solana",2025-10-11T17:38:01.268988
68ea4fab41b771828c8d6e79,Solana,"2x on $REGRETCOIN
CA>

5zqiDA7KsQ81TGGPdULhATbGKqHzinhRW81E2dMupump
#Solana #Memecoin #Crypto #Degen #PumpFun #AlphaCalls #SolanaMemeCoin",2025-10-11T17:38:01.360987
68ea4fab41b771828c8d6e7a,Solana,"Entry CA>

3rSKhRtrjHnSZhRsgoAtrWRVM8rcf8DYv8Quea1epump

#solana #memecoin #cryptotrading #DonBelle #bitcoin #USA #Australiatrader #LoveIslandUK",2025-10-11T17:38:01.451987
68ea4fab41b771828c8d6e7b,Solana,"🔥 Top 10 Trending #CoinMun #Solana 🔥 

🥇 $MARS @MarsPygmy_ 
🥈 $PENGU @pudgypenguins 
🥉 #JELLYJELLY @jellyvideochats 
4⃣ $TROLL @trololol_io 
5⃣ $BONK @bonk_inu 
6⃣ $RFC @RFindercoin 
7⃣ $NOBODY @nobodysausage 
8⃣ $LION @TheLionPage 
9⃣ $FWOG @itsafwog 
🔟 $PFP @pumpfun_pepe 

⚡️ coinmun.com/categories/solan… ⚡️",2025-10-11T17:38:01.556501
68ea4fac41b771828c8d6e7c,Solana,"5X PULLED ON MY CALL $CRIMECOIN,TG FRENS ALWAYS GOT CALL EARLY 
CA>
EZhonnvYkz1JiEMoPnDM1jrv4Z8BXoQ2HA3Vrk9vpump
ACCESS THE CIRCLE →

t.me/APES_CALLER1

#Solana #Memecoin #Crypto #Degen #PumpFun #AlphaCalls #SolanaMemeCoin",2025-10-11T17:38:01.662801
68ea4fac41b771828c8d6e7d,Solana,"Is @sollememe $SOLLE is about to blast? It broke out of its ascending triangle this morning and creeping up more as I type this. #Solana #memecoins👀 LFG!! 🔥

I'll buy a purple one I swear I will. You already know what the custom plate will read.",2025-10-11T17:38:01.753801
68ea4fac41b771828c8d6e7e,Solana,"10X Pump Done from my alpha call on $
Tg frens eating good 💸💰🤑
Ca>
0xf1cf3B0E5C427c04cC48dbb3AB7F6BA357434444
ACCESS THE CIRCLE →

t.me/APES_CALLER1

#Solana #Memecoin #Crypto #Degen #PumpFun #AlphaCalls #SolanaMemeCoin",2025-10-11T17:38:01.835800
68ea52ed41b771828c8d6eef,Ethereum,Grayscale Research published a new report: stated that #BTC performed worse than #ETH and other cryptocurrencies. They stated that the nature of returns allows Q3 to be considered an alt season.,2025-10-11T17:52:28.356527
68ea52ed41b771828c8d6ef0,Bitcoin,"BTC: sideways vols, stable carry.
ETH: slow IV climb + long tenor strength.

Volatility traders watching the ETH 6M edge closely 👀
Source: Ithaca Market Snapshot (Oct 9)
#CryptoMarkets #OptionsData #BTC #ETH #IthacaData",2025-10-11T17:51:56.044901
68ea52ed41b771828c8d6ef1,Bitcoin,"Bloodbath🩸

About $10B worth of crypto was wiped out today…

#BTC crashed on this day
#ALTCOIN is f¥cked

Looking at some of my fav pj to tge soon wen the market bounce;

@billions_ntwk isn’t just verifying humans and AIs, it’s building a trust economy.
Every verified identity adds a new “block” of credibility to the future of the internet.

@sentient_agi is creating the world’s first community-owned AGI.
No corporate overlords, just open intelligence built by the people, for the people.

@HeyElsaAI isn’t just smart,she’s crypto-native.
She chats, trades, tracks rewards & learns your on-chain moves.
Think ChatGPT with a wallet.

@wallchain_xyz 
@KaitoAI",2025-10-11T17:51:56.173586
68ea52ed41b771828c8d6ef2,Bitcoin,"今からビットコインエントリーだって？

居ないとは思いますが
ハッキリ言ってそれは“ナンセンス“です。
リスクを最低限に抑える為には

「適切なタイミングでの
エントリーが必須条件」

焦らず時を待つのです。
通知オン、フォローは済んでますか？
なら後は私に任せなさい。

いいですね？👍#BTC",2025-10-11T17:51:56.287143
68ea52ee41b771828c8d6ef3,Bitcoin,"#BTC

A falling wedge pattern has formed on chart
The price is currently trading above the trend line of the falling wedge
Potential targets after the breakout are $105,000 and $113,700🎯

👇Crypto Traders-join Telegram👇 

t.me/Whales_Crypto_Trading 
.",2025-10-11T17:51:56.492716
68ea52ee41b771828c8d6ef4,Bitcoin,"Lets see
#BTC",2025-10-11T17:51:56.582815
68ea52ee41b771828c8d6ef5,Bitcoin,piped.video/_qjn6cyf0qY#比特币行情分析 ●打折特惠！满地黄金！史诗血洗！疯牛为止！●BTC、多头重创！加仓不急！●ETH、四浪回调！静待爆反！●ETH、DOGE、SOL、ADA、XRP ●  #btc #比特幣,2025-10-11T17:51:56.682571
68ea52ee41b771828c8d6ef6,Bitcoin,"😭😭😭
#btc",2025-10-11T17:51:56.775571
68ea52ee41b771828c8d6ef7,Bitcoin,"Let's first see how October closes b/c I think Oct PA will influence Nov & Dec PA, but yes, IMO, we are nearing the end of the cycle, NOT b/c of yesterday's faceplant, but b/c of historical PA. More from me in about 3 weeks. In the meantime...

Go #BTC (the other direction) 🚀.",2025-10-11T17:51:56.923518
68ea52ef41b771828c8d6ef8,Bitcoin,"💔💔💔💔💔
#مؤشر_أبو_لجين_العطاوي 
#السوق_الامريكي
#السوق_الامريكي_بالعربي
#XAUUSD
#الذهب
#Stocks #Crypto #GOLD #SILVER #BTCUSDT #Bitcoin #Forex #BTC
#السوق_السعودي_تداول #تداول #الاسهم_السعودية #spx500
#Trading
#Forex
#Investing
#Bitcoin
#Stocks
#SMC
#ITC
#Crypto
#AUXUSD
#NDX
#SPX
#تداول_العملات
#تداول
#تداول_العملات_الرقمية
#الفوركس
#الاسهم_السعودية
#الاسهم_الامريكية
#البتكوين
#تاسي
#تاسي_الفخم",2025-10-11T17:51:57.044390
68ea52ef41b771828c8d6ef9,Bitcoin,"$SKATE 👁️

Distribution soon 📈

🤞

#BTC $ETH $BNB #SKATE #BITGET",2025-10-11T17:51:57.160715
68ea530c41b771828c8d6efe,Ethereum,"@SoSoValueCrypto 
A whale deposited 6,010 ETH into Binance, worth approximately $22.8 million.

Explore more key information on #SoSoValue: sosovalue.com/shares/byZVUV #BNB #ETH #MAG7.SSI",2025-10-11T17:52:27.713487
68ea530c41b771828c8d6eff,Ethereum,"#ETH has been trading within a rising broadening wedge pattern bullish reversal patterns for potential entries📝

👇Crypto Traders-join Telegram👇 

t.me/Whales_Crypto_Trading 
.",2025-10-11T17:52:27.819798
68ea530d41b771828c8d6f00,Solana,"Could $BIT token be the 100x gem on Solana? This is one of the best Web3 utility tokens I have seen in recent times. It is now live on Pump fun.💯💎🤩🔥

Trade using BIT/SOL trading pair:🪙

pump.fun/coin/EU1CPckq2dRX2H…

#Solana #Bit #Web3 #LiveStreaming #Gaming #Btc #Eth",2025-10-11T18:07:50.450894
68ea530d41b771828c8d6f01,Ethereum,"Trump speaks again today, a day after the market crashed on new China tariffs.
Volatility is back, trade light, manage risk, and protect your capital.
With this man, you never really know…
he might put tariffs on the U.S. next

#btc #eth #sol #aster #xrp #xlm #xpl #trump #elon #defi #web3 #doge",2025-10-11T17:52:28.042793
68ea530d41b771828c8d6f02,Ethereum,"Meet the Euler Model of $VISTA: a revolutionary rewards system that distributes ETH to liquidity providers super-efficiently, tracking rewards with ""Euler quantities"" to reduce gas costs by ~99% and prevent native token dilution. #ETH #SOL #XRP #BTC #DEFİ the time is running out.",2025-10-11T17:52:28.161867
68ea530d41b771828c8d6f03,Ethereum,"Binance Futures, BingX Futures, Bitget Futures, ByBit USDT, HyperLiquid Futures(SOL/USDC), KuCoin Futures, OKX Futures
#SOL/USDT All entry targets achieved
Average Entry Price: 182.5 💵$BTC 

#ETH #WIF #BIO #HOOK #WLFI #Dogecoin #memecoins #Altcoin #PENGU 
t.me/+YxgyVAY9Jb42YTk0",2025-10-11T17:52:28.268018
68ea530e41b771828c8d6f04,Ethereum,"#SOL SHORT NOW ⚡️

➡️ Entry Market Price 182.5

👑 TP(180 - 178 - 175 - 172)

⛔️ SL = (192)
#ETH #WIF #BIO #HOOK #WLFI #Dogecoin #memecoins #Altcoin #PENGU #Slovenia #Estonia #Binance $MANYU $BTC $XRP #tesla

Click link below ⬇️ 

t.me/+YxgyVAY9Jb42YTk0",2025-10-11T17:52:28.437530
68ea530e41b771828c8d6f05,Ethereum,Thật tuyệt vời khi anh #ETH và #SOL đã đầu tư $130 triệu. Hy vọng sẽ có lợi nhuận!,2025-10-11T17:52:28.525146
68ea530e41b771828c8d6f06,Ethereum,"🟢 Long

#MINA/USDT

Entry : 

1) 0.1067000
2) 0.103499

Targets : 

1) 0.1073127
2) 0.1095418
3) 0.1117708
4) 0.1139999

🛑 Stop : 0.0999779

Leverage : 10x (isolated)
#ETH #WIF #BIO #WLFI #Dogecoin #memecoins #Altcoin #PENGU #Slovenia #Estonia #Binance 

t.me/+YxgyVAY9Jb42YTk0",2025-10-11T17:52:28.700627
68ea532d41b771828c8d6f0b,Solana,"The market bleeds… but the Aliens don’t panic. 🛸💚
While others cry red, we build in silence — stronger, smarter, sharper.
$KITA isn’t just a token — it’s a movement of survivors.

We’ve faced worse. We rise again. 🚀
#KITA #Solana #AlienArmy #WeAreKITA
I",2025-10-11T19:26:36.473987
68ea532d41b771828c8d6f0c,Solana,"3X called on my private Tg 

$BTD

as7AaLMm6tJD6Pz1AmMcBUD56yU15TtFbX3y6kMpump

#Memecoin #Solana",2025-10-11T17:53:00.740461
68ea532d41b771828c8d6f0d,Solana,"The one that deserves a big pump?
$TUFFY, no doubt .
Diamond hands, real holders, loud community.

#TUFFY #Solana #Web3 #Memecoin

 TG:  t.me/TUFFYCorner",2025-10-11T17:53:00.916778
68ea532e41b771828c8d6f0e,Solana,"🚀 4 Utility Tokens on #Solana I’m Super Bullish On 

1️⃣ $PAYAI 
Payments for the AI Age.
Building tools & infrastructure for autonomous agent transactions. One of the best tech projects on Solana 

2️⃣ $PVS  
A next-gen cloud rendering platform with real-world utility.
This one has serious upside potential… let’s see how far it runs 

3️⃣ $LENS 
The most undervalued gem on this list.
A powerful browser & wallet packed with trader-focused features.
Incoming partnerships with $PAYAI, $IQ, and more 👀 This one’s gonna go viral soon.

4️⃣ $COLLAT 
Redefining real-world assets (RWA) on-chain.
The future of RWA is here — and the new partnership with $RECC just made things even more bullish. 

#Solana #Crypto",2025-10-11T17:53:01.079656
68ea532e41b771828c8d6f0f,Solana,"3x profit made on TG $RICHCOIN
PREMIUM TG eating good
CA>

#solana pumping 📈📈
#memecoin #USA 

BkpWhFKu3RfXdSuExb8fCZq1jdByLqRje6gucLsYpump",2025-10-11T17:53:01.198286
68ea532e41b771828c8d6f10,Solana,"🔥I've just found a superior chest from a mission on @solanabeargang

2150 $BERRY
0.05 SOL 💅

Fast and feeless Missions, free customizable onchain Dens, weekly Freebies to holders, PVP events and more! #solana #nft #solanabeargang",2025-10-11T17:53:01.312326
68ea532e41b771828c8d6f11,Solana,"Solana isn’t just fast — it’s redefining what blockchain feels like. ⚡️
Here are 5 reasons it might be the chain of the future. 👇
#Solana #Web3 #Crypto #learncrypto",2025-10-11T17:53:01.578918
68ea532e41b771828c8d6f12,Solana,"16x profit made on TG $
PREMIUM TG eating good
CA>

#solana pumping 📈📈
#memecoin #USA 

0x23d6645c66ebb25a68aa2862357eac378a274444",2025-10-11T17:53:01.658920
68ea566d41b771828c8d6f8c,Bitcoin,"That's how we made it
Feedback

TO JOIN VIP PM 👉 : t.me/+rKVnC2bO161mZTI0

#bitcoin  #crypto #btc #eth #altcoin #trading #signal #memecoin #forex #xau #investing #gold #blockchain #ZECUSDT",2025-10-11T18:06:52.266497
68ea566d41b771828c8d6f8d,Bitcoin,"can someone in short explaination explain why btc dumped after tariffs were announced. thanks 💖
#crypto #btc #MarketCrash",2025-10-11T18:06:52.409666
68ea566d41b771828c8d6f8e,Solana,"This is CRIM after the Bitcoin massacre yesterday 💔
It's an ice cream and pajama day for sure, time to chill while the market bleeds out. Who's joining the pity party?
#memecoin #solana #BTC #Crash #redday #CRIM",2025-10-11T18:07:51.152561
68ea566d41b771828c8d6f8f,Bitcoin,"Congratulations for using VIP COPYTRADING

VIP COPYTRADING PACKAGES:
- Lifetime Subscription: 499 USDT (1500-2000% ROI profit a week)

 t.me/+JCtgkwYOnkw3Njc0

#bitcoin  #crypto #btc #eth #altcoin #trading #signal #memecoin #forex #xau #investing #gold #blockchain",2025-10-11T18:06:52.622751
68ea566d41b771828c8d6f90,Bitcoin,"Congratulations for using VIP COPYTRADING

VIP COPYTRADING PACKAGES:
- Lifetime Subscription: 499 USDT (1500-2000% ROI profit a week)

 t.me/+JCtgkwYOnkw3Njc0

#bitcoin  #crypto #btc #eth #altcoin #trading #signal #memecoin #forex #xau #investing #gold #blockchain",2025-10-11T18:06:52.715257
68ea566d41b771828c8d6f91,Bitcoin,"bc1p82v6v8jakvrxlk89w8wmzysleuyq58us5mkaq85r9qmvmmpwru2qev8rk5
bc1p8smays594mkz9x6zgjmrhd4xaglsa38xk332rqdmpz04vqhmym0skawtlh
喜欢点火是吧，等打到一半，我直接点火新的，都没庄打鸡毛
#铭文 #brc20 #btc",2025-10-11T18:06:52.984728
68ea566d41b771828c8d6f92,Bitcoin,"🌤️ Spot Bitcoin ETFs Show Major Divergence In Inflows — What’s Happening?

📰 NewsBTC
🔗 altdigest.com/article/pjhyk7…

#Bitcoin #BTC #Crypto #CryptoNews",2025-10-11T18:06:53.098340
68ea566d41b771828c8d6f93,Bitcoin,"#btc No reason to be bearish imo.

We've swept monthly lows to the downside, MS didn't break. If you were bullish q4, now is the time to buy. 

Closes below 107k are bad. Closes above 120k confirm new highs. 

Let's do this.",2025-10-11T18:06:53.234961
68ea566e41b771828c8d6f94,Bitcoin,"ビットコインの今日の愚痴は
2度と言いません。

去年、トランプ大統領爆誕で
自分史上最高利益を得られました。

そして今日、トランプ大統領によって
自分史上最高損失を得ました。

もうすぐ今日が終わるので
最後に言わせてください。

『貴様アァァーーーっ!!!!』

#BTC #仮想通貨
#ビットコイン",2025-10-11T18:06:53.328981
68ea568941b771828c8d6f99,Ethereum,"$MANYU bridges to Base & BSC via Wormhole, unlocking seamless swaps and massive arb volume ($11M+ daily)! Add Chainlink collab for DeFi boosts—this isn’t just a meme, it’s an empire building. Next stop: #Binance? 👀🚀 🙌 🐕   @RealManyu #MANYU #ETH #DeFi 🚀 #MillionDollarBurn 🐕 🌕 🚀💰#RetireWithMANYU 🚀#ETH ➡️💪💨 #ShibaMANYU 🔥#ManyuStrong 💪🐶 #ManyuToken #ManyuSwap #SHIB",2025-10-11T18:07:21.355508
68ea56a741b771828c8d6f9e,Solana,"💥 The official $memecoin is live on Solana!
Everything you buy on Solana is a $memecoin 🧠💰
No limits, just pure meme energy ⚡
Join the movement 👇
HYGHK4pmghD1rL8RuTlF5NUdZkEkrM9v4AyFkB8Apump
#Solana #memecoin #CryptoCommunity",2025-10-11T18:37:58.976486
68ea56a741b771828c8d6f9f,Solana,"🔥 Waves of opportunity are here! With SOLLE’s chart soaring, smart investors are jumping in. Be quick and secure your spot in this rising star. The time to buy is now! 🚀💸 #Crypto2025 #SOLLE #Solana $SOL #InvestToday",2025-10-11T18:07:50.002356
68ea56a741b771828c8d6fa0,Solana,"$TUFFY — built on bark, backed by believers.
That’s your 10x ticker, easy.

#TUFFY #Solana #Web3 #Memecoin

💬 Join us t.me/TUFFYCorner",2025-10-11T18:07:50.113254
68ea56a741b771828c8d6fa1,Solana,"🚨 #Solana Giveaway Update! 🚨

We’ve decided to extend the giveaway until October 15 to give everyone more time to join — activity’s been a bit quiet 👀

💰 20 winners will each receive $500 in $SOL!

To enter:
1️⃣ Follow @TwoChairsTube
2️⃣ Retweet this post
3️⃣ Comment your Solana wallet address

Don’t miss your chance — let’s make it big this time! 🌟

#GIVEAWAY",2025-10-11T18:37:58.294289
68ea56a841b771828c8d6fa2,Solana,"Nice summary of the $19B liquidation crash from Trump's tariffs! The Hyperliquid shorting move looks shady. Impressive #Solana handled the traffic spike while #JUP and #SUI crashed. ah hey, Do you think $SOL can recover above $200 soon?",2025-10-11T18:07:50.637233
68ea56a841b771828c8d6fa3,Solana,"@RICH_SEA1 

Me convincing my friends to ape into $RICHSEA before it hits the moon 🚀💎 #RichSeaToken #Solana",2025-10-11T18:07:50.829448
68ea56a841b771828c8d6fa4,Solana,"Your favorite meme just got smarter.
$PANDU brings real AI interaction, NFT staking, and community-driven growth.
@Pandupandas + @PlortalAI = The future of AI + Memes.
#Solana #Memecoin",2025-10-12T01:19:55.961262
68ea56a841b771828c8d6fa5,Solana,"🎉 NFT GIVEAWAY 🎉 

SolOnChain recently minted out #BullBearsX

To enter:
Follow @s_nutkin & @SolOnChainX
Like
Retweet
Tag 3 friends 

24hrs 

$SOL #Solana #NFTGiveaway",2025-10-11T18:07:51.239713
68ea56a841b771828c8d6fa6,Solana,"Crypto price prediction.
#Solana $8000
#Bitcoin $500K
#Dogecoin $7
#XRP $100

Comment your thoughts below 👇",2025-10-11T18:07:51.324748
68ea59f141b771828c8d701e,Bitcoin,I haven't sleep all night just thinks about everything just happened a couple of house #BTC #MarketCrash any one else?,2025-10-11T18:21:53.134783
68ea59f141b771828c8d701f,Bitcoin,"$XRP
$BTC

FOMC. FED CHAIR POWELL LIVE SPEECH  

PLUS MANY TOP FINANCIAL & CRYPTO GUESTS

Is a major announcement coming?  
RATE CUTS!!  

LIVE NOW on YouTube  
piped.video/watch?v=llg7BjDS…

#FOMC #FED #Rates #Trump #MartynLucasInvestor
#XRP #Ripple #BTC #Bitcoin 

@sensei_crypto_  @eVTOLHUB",2025-10-12T01:33:37.156390
68ea59f241b771828c8d7020,Ethereum,"🔥PRDT.finance ignites crypto fever! First cross-chain decentralized predictions—call the short-term moves on #BTC, #ETH, #DOGE, #PEPE & more. 1.9X payouts in minutes, no KYC. Seize the action, stack the wins 🤑 #PRDT #CryptoRush",2025-10-11T18:22:23.414494
68ea59f241b771828c8d7021,Bitcoin,"Hello, and thank you for answering.
It is not a connection issue.. 
I’ve tried on the app, browser, both with phone and laptop, deleting and reinstalling the app, switching Wifi/Data.. 

Again, I seem to be able to operate on any asset EXCEPT #BTC
Here is more proof:",2025-10-11T18:21:53.493273
68ea5a1041b771828c8d702f,Ethereum,"🚀 Big call: Fundstrat sees ETH bottoming soon — then surging to $𝟱,𝟱𝟬𝟬.
Is this the next breakout? 👀
#Ethereum #ETH #Crypto #Altcoins",2025-10-11T18:22:22.881124
68ea5a1041b771828c8d7030,Ethereum,"Even though Ethereum is trading below $4 it is only a short stop. 😎

The project is charging up for a breakout beyond its ATH and even higher. 🚀

#Ethereum #ETH #Crypto",2025-10-11T18:22:22.974159
68ea5a1041b771828c8d7031,Ethereum,"Day 56 of #BiggieToBillies 

MC: $400K 💰  prime golden entry that won’t last long⏳

$BIGGIE is pushing hard 💎 with the legend.

 @Poppastonks leading the charge. 

Don’t snooze on this wave.

 Tap in now @Biggie_on_ETH

#ETH #BIGGIE #BiggieToBillies",2025-10-11T18:52:19.954081
68ea5a1041b771828c8d7032,Ethereum,"#ETH SHORT NOW ⚡️

➡️ Entry Market Price 3770

👑 TP(3730- 3690 - 3640 - 3590)

⛔️ SL = (3870)
$BTC $ETH $PEPE $XRP $AUDIO $SUSHI $GALA $SOL $TRUMP $CRYPTO $BNB $USDT  $BULL 
Click link below ⬇️

t.me/+UcMieKrwwlYzYzQ0",2025-10-11T18:22:23.224935
68ea5a1041b771828c8d7033,Ethereum,"SustainabilityBuild guilt-free. Stake, mint KCAL, and ship apps sustainably. Own your gas with KCAL.#SOUL #PhantasmaPhoenix #KCAL#Altcoins #ETH",2025-10-11T18:22:23.529510
68ea5a1041b771828c8d7034,Ethereum,"The correction came faster than expected! 🔥
Thanks for watching this setup — $ETH respecting structure perfectly as mapped.
— Targan
#Ethereum #ETH #Crypto #Trading",2025-10-11T18:22:23.645604
68ea5a1041b771828c8d7035,Ethereum,Tech Deep DiveSidechain architecture = parallel throughput for real apps. 馃З Buy $SOUL. Stake. Use $KCAL.#SOUL #BlockchainGaming#Layer1 #ETH,2025-10-11T18:22:23.811579
68ea5a1041b771828c8d7036,Ethereum,"#bitcoin #crypto #ETH 
Again and again ;; don’t use fucking leverage !!!   

The system is made to make money !! No one gives you 50X money for nothing !! 

You sleep better 😉🫵📈",2025-10-11T18:22:23.894843
68ea5a3141b771828c8d7045,Solana,PartnershipsPartnerships unlock users. Users unlock value. $SOUL is ready. Start now: wallet 鈫� $SOUL 鈫� stake.#SmartNFTs #SOUL#DeFi #Solana,2025-10-11T18:22:55.932166
68ea5a3141b771828c8d7046,Solana,"ComparisonWhy juggle chains when Phantasma bundles speed, NFTs, gaming, & low fees? Builders: deploy on Phantasma.Own your loot 馃幃#Crypto #Web3 #SOUL#ETH #Solana",2025-10-11T18:22:56.018451
68ea5a3141b771828c8d7047,Solana,GamingLag is the enemy. Phantasma鈥檚 speed + low fees = smooth GameFi. Start now: wallet 鈫� $SOUL 鈫� stake.Smart NFTs > JPEGs#Crypto #Web3 #SOUL#DeFi #Solana,2025-10-11T18:22:56.128894
68ea5a3141b771828c8d7048,Solana,"Every bloom takes time 🌸
But when it’s ready… it changes everything.

$MISSROSE is here to grow, to last, and to shine 🌹✨

#MISSROSE #Solana #DeFi #LongTerm",2025-10-11T18:22:56.208443
68ea5a3141b771828c8d7049,Solana,"Action + intelligence compounding this cycle → @CryptoRubic × @MindoAI

- @CryptoRubic: 70+ chains, gasless SOL, zero fees < $100, intent routes on #Solana via Wormhole settlement

- @MindoAI: on-chain signals, KOL analytics, new analytics tools + campaigns
playbook: use intents during wicks, post quote→fill + txs, wire Mindo feeds into strats, farm Rubic points",2025-10-11T19:41:36.450936
68ea5a3141b771828c8d704a,Solana,"Saros is building the future of DeFi on Solana , connecting traders, LPs, and builders in one powerful hub. Let’s keep pushing for sustainable growth! 💪🚀 #Saros #Solana #DeFi",2025-10-11T18:22:56.368583
68ea5a3141b771828c8d704b,Solana,GamingLag is the enemy. Phantasma鈥檚 speed + low fees = smooth GameFi. Start now: wallet 鈫� $SOUL 鈫� stake.SOUL > gas fees#SOUL #PhantasmaPhoenix #KCAL#NFTCommunity #Solana,2025-10-11T18:22:56.447392
68ea5a3141b771828c8d704c,Solana,“@RedStone_defi keeps proving they’re essential for the RWA ecosystem 🔥 $13.5B and counting! #RedStone #DeFi #Solana”,2025-10-11T18:22:56.546231
68ea5a3141b771828c8d704d,Solana,"Partnership announcement 🤝
#tegbots x @SolHustleMe  redefining Web3 freelancing on #Solana.
Join the AMA this Saturday 9PM UTC and be part of the future.
#solhustle",2025-10-11T18:22:56.682509
68ea5a3241b771828c8d704e,Solana,"I introduced $MR.DUMPAS to my private Telegram group at a $32k market cap. 

⛓️ #Solana

Ca:   
6TA2Em8yGXd2qoiJCX6ZZdsy7HJ589LSPNWiycH6pump",2025-10-11T18:22:56.805481
68ea5a3241b771828c8d704f,Solana,"First 2000 Solana wallets gets a guaranteed FREE SOL (yes, for real)

Drop your $SOL address 👇🏻

💟 & 🔁 + Follow 🔔

Check your wallet in 24 hours

#Solana #SolanaAirdrop",2025-10-12T01:34:56.649735
68ea5a3241b771828c8d7050,Solana,Community HighlightsCommunity AMAs incoming 鈥� drop questions for the builders below. 猡碉笍 Gamers: own your loot.#Crypto #Web3 #SOUL#Altcoins #Solana,2025-10-11T18:22:57.040584
68ea5a3241b771828c8d7051,Solana,"heey what do u think about $SOL rn
liquidity slowly waking up again feels like pre run vibes fr
u stacking now or waiting for retest
#Solana",2025-10-11T18:22:57.121880
68ea5d7641b771828c8d71ca,Bitcoin,"#BTCUSD 
#BTC
#البتكوين
#العملات_الرقمية
#البتكوين
👌",2025-10-11T18:36:53.529474
68ea5d7641b771828c8d71cb,Bitcoin,"From an ‘incredible quarter’ to the largest single-day liquidation in history, the market once again reminds us that volatility is the norm in crypto. ⚖️ #Crypto #BTC”",2025-10-11T18:36:53.635596
68ea5d7641b771828c8d71cc,Bitcoin,"久々の大暴落😳😳😳

大バーゲンセールだ！
買って買って買いまくったぜ！！！！

#ビットコイン #BTC",2025-10-11T18:36:53.742393
68ea5d7641b771828c8d71cd,Ethereum,"Wild day in the markets on Friday 

1. Single largest Crypto liquidation event in history
#BTC Intraday correction of 15%+ 
#ETH 15% ++ intraday correction 
#XRP Plunged 42%+ Intraday 

2. Nasdaq post single worst day performance since April

3. VIX back above 20. Expect volatility to increase potentially. 

4. Fear & Greed Index plunged to 29. For reference this hit 3 at the April low. 

5. Put/Call Ratio at the lows 

What does this tell us? There is a ton of leverage right now. 

- Record retail call volumes 

- Speculative growth names with zero revenue being touted as the next AAPL/AMZN

- U.S & China escalation likely causes more volatility next week  

Stay Nimble Out There!",2025-10-12T19:48:13.325829
68ea5d7741b771828c8d71ce,Bitcoin,"What did you buy Today ?💸💰💸

#BTC
#MANYU
#GROK
#SHIDO
$PEPE
#BBFT
$DOG
#KIBA
$MASK
#MOMO
$CORE
#BKN
#VOLT
#KAS
$PEPE
#WELF
#TROLL
$DOGE
$BRETT
#PANDU
#MOODENG
#WKC
#PROPC
#AFRO
$VINE
#VSTN
#BlueSparrow
#MOON
#DROVER
#ZBCN
#TORSY

Other options?👀",2025-10-11T18:36:53.905618
68ea5d7741b771828c8d71cf,Bitcoin,"$CETUS
Long
Entry: 0.112

TP:
0.117✅
0.122✅
0.127✅

SL: 0.109

More signals :t.me/nextgentrading3

  #crypto #btc #eth #altcoin #trading  #memecoin #forex #xau #investing #gold #blockchain #CryptoSignals #KriptoPara #BitcoinTürkiye",2025-10-11T18:36:53.989694
68ea5d7741b771828c8d71d0,Bitcoin,"Bitcoin mining company Cango disclosed that its Bitcoin holdings increased to 6004.64

Explore more key information on #SoSoValue: sosovalue.com/shares/Kk3umn #BTC via @sosovaluecrypto",2025-10-11T18:36:54.191173
68ea5d7741b771828c8d71d1,Bitcoin,"Large liquidation cascade yesterday sent #BTC dominance soaring above 60%.

I still think in the short-term it continues to climb",2025-10-11T23:33:28.750975
68ea5d7741b771828c8d71d2,Bitcoin,"🚨 🚨 🚨  522 #BTC (58,528,931 USD) transferred from #Kraken to unknown wallet

whale-alert.io/tx/bitcoin/1e…",2025-10-11T18:36:54.347162
68ea5d7741b771828c8d71d3,Bitcoin,"Finally, I have also witnessed the bloodbath in the market today. As they say, it’s a long term game, so let’s see how patience plays out in the next three months. #btc #dump #CryptoCrash",2025-10-11T18:36:54.426166
68ea5d7741b771828c8d71d4,Ethereum,"🔺Microsoft geçen sene yazılımsal sorun ile dünyadaki bir çok teknolojik cihazı kullanılmaz hale getirmişti. 

🔺Kripto piyasada ise sistemi tek tuşla yok edebileceklerini gösterdiler. 

🔺 BİG RESET denemesini piyasalarda reel şekilde test ediyorlar diye düşünüyorum.

#Btc #Eth",2025-10-11T18:37:29.972983
68ea5d7741b771828c8d71d5,Ethereum,"#BTC ETF'leri bu hafta yine de toplam 2,7 milyar dolarlık net giriş gördü.

Ve #ETH ETF'leri hala toplamda 488 milyon dolarlık net giriş gördü. 

Bizim parayla dipten almaya devam ettiler",2025-10-11T18:37:30.074958
68ea5d9a41b771828c8d71e1,Ethereum,"Allah bin bereket versin.
Ben yanılmam sadece bir süre terste kalırım ama osmanlar yok olabilir 😉

#Eth. 4070 
#Btc 118k liqiduty önemli 
Tutarsa iyi tutmazsa sıkıntı olur.
Mevcut bölgede ufak riskler aldım. Stop yakın. Swing risk yada spot alım yapmıyorum. Bol kazançlar.",2025-10-11T18:37:29.470386
68ea5d9a41b771828c8d71e2,Ethereum,"Maximize your $TAO holdings with impressive staking yields

like ❤️ Reports 🔁 Quote ✍️ Comment 💬... @inspectxyz
@bittensor_ 

•  Daily returns up to 0.50 TAO
•  Monthly earnings reach 14.2 TAO
•  Yearly potential of 171 TAO

#AICrypto #ETH #TAO #AI #Web3 #BittensorMeeting2025 #Inspectxyz #wallchain_xyz",2025-10-11T18:37:29.641397
68ea5d9a41b771828c8d71e3,Ethereum,"GM Fam ✨

From the shinning starts to you my Special 1/1 Drop showcased in #harmoniccollaboration4 led by @Boundless8D multi chain gallery exhibit movement on #Foundation 

Astral Phoenix 🌠🐦‍🔥 
- 0.02 #ETH 

Every Share/Support means lot 🔗",2025-10-11T18:37:29.716886
68ea5d9a41b771828c8d71e4,Ethereum,"#saturdaymorning

From the shinning starts to you my Special 1/1 Drop showcased in #harmoniccollaboration4 led by @Boundless8D multi chain gallery exhibit movement on #Foundation 

Astral Phoenix 🌠🐦‍🔥 
- 0.02 #ETH  

foundation.app/mint/eth/0x06…",2025-10-11T18:37:29.875172
68ea5d9b41b771828c8d71e5,Ethereum,"Trump'ın Çin'e gümrük vergisi getirmesinin ardından, kripto piyasasında 3 milyar dolardan fazla kayıp yaşandı.

Ticaret savaşları üzerinden birbirlerine operasyon çekiyorlar. İlerleyen günlerde işler daha da kızışacak. Vaziyet alın.
#BTC 
#ETH 
#borsa
#KriptoPara 
#Trump",2025-10-12T01:34:22.923772
68ea5d9b41b771828c8d71e6,Ethereum,"Ağustos ayında #Eth 3300 ile 3600 bandında dolanırken  #gümüş
33 36 usd de dolanıyordu. 

Trump ve oğlu #eth popülizmi yaparak, #eth yi 
 5 K ya götürdüler.

Aylar sonra bunu göre #gümüş 51 usd ye gitti.

#eth ise dün akşam 3300 usd ye düştü.",2025-10-11T19:41:03.231546
68ea5d9b41b771828c8d71e7,Ethereum,"Let @anbangr be your lighthouse,
Beckoning you thru stormy #crypto seas 🌊 

$NETX is inevitable ‼️

Steadily, then SWIFTLY ‼️‼️

Buy, DCA, or HODL for dear life 💪

#crypto #btc #bitcoin #eth #Ethereum #cryptocurrency #bullrun",2025-10-11T18:37:30.367777
68ea5d9b41b771828c8d71e8,Ethereum,Bu piyasada psikolojini sağlam tutmayıp üstüne varnı yoğunu koyarsan kaçınılmaz son gelir alır.! #btc #eth #likidasyon,2025-10-11T22:26:31.354743
68ea5db741b771828c8d71f1,Solana,"Bu kadar haklı birini daha görmedim 
#kripto #BTCUSDT #Solana #AVAX",2025-10-12T00:34:39.693838
68ea5db741b771828c8d71f2,Solana,"🚨 GIVEAWAY ALERT! 🚨

DROP YOUR #SOLANA WALLET ADDRESS IN THE COMMENTS BELOW ⬇️

💰 20 WINNERS will each get $500 in $SOL!
🔥 Only 2 days left to enter!

✅ Make sure you:
1️⃣ FOLLOW us
2️⃣ RETWEET this post
3️⃣ Have an ACTIVE account

Winners will be randomly selected — good luck!",2025-10-11T18:37:57.796399
68ea5db741b771828c8d71f3,Solana,"💥 3x profit secured on $KOSTYA!
Premium TG eating good as always 🍽️📈

📜 CA: dQ6dnnKjXTK3TVR8Q3wgoowtGUyrXhuYNshyCJMpump

#Solana pumping hard 📈
#Memecoin #USA #Crypto #AlphaCalls",2025-10-11T18:37:57.912106
68ea5db741b771828c8d71f4,Solana,"Notification on.. I'm manifesting BIGWIN in this weekend 
#solana this would be great 
:))
5KPLuCUZiAoiuER59yaU2u1keL63kzm8XfnT1kkduq1j",2025-10-11T18:37:57.988505
68ea5db741b771828c8d71f5,Solana,"#Solana Giveaway Update 
We’re announcing our 20 winners tomorrow!
Each will receive $500 in $SOL.

Don’t miss your chance — enter now:
1️⃣ Follow
2️⃣ Retweet
3️⃣ Comment your wallet address

Good luck everyone 🍀

#GIVEAWAY",2025-10-11T18:37:58.069728
68ea5db741b771828c8d71f6,Solana,"$SOL tumbles 15% amid tariff tensions and market panic. Yet, ETF optimism is rising fast — with approval odds hitting 100%. Could #Solana defy the macro fear and bounce back stronger? #SOL #crypto #ETF 

coinpedia.org/price-analysis…",2025-10-11T18:37:58.146999
68ea5db741b771828c8d71f7,Solana,"Well GM, Good Saturday i guess? High time y'all assess your strategies and portfolio instead of blaming the market for your losses. It's all in front of you, the opportunities, your fate. You just gotta lock in.

#CryptoMarket #Solana #Ethereum #memecoin #gaming #NFTs #Web3 #Binance #Liquidation #Bitcoin",2025-10-11T18:37:58.220182
68ea5db741b771828c8d71f8,Solana,"Good morning! ☀️ 

With @R2LOriginal, we're riding the Solana memecoin wave! 🚀 

#Solana #Memecoin #Crypto

Listen to Vanessa & Jade 🎧",2025-10-11T20:26:49.972484
68ea5db741b771828c8d71f9,Solana,"While the markets bleed 🩸 
It’s time for accumulation 💰 

Welcome $TOGA 
Currently consolidating around 69k MC 
Great and extremely generous founder @cryptoequip 
Who has run @bearandbullnft excellently for over 2 years with his amazing team

Don’t miss this😉 
#Solana #NFA",2025-10-11T18:37:58.543563
68ea5db741b771828c8d71fa,Solana,"🚀 Start mining real BTC today!
💥 Get a FREE 16 TH miner for 7 days

🎁 5% bonus on your first miner
👉 gomining.com/?ref=exTML

#GoMining #BTC #CryptoMining #Solana #Bitcoin #ElSalvador #USA #Russia #China #bullrun #BearMarket #BullMarket",2025-10-11T18:37:58.622213
68ea5db741b771828c8d71fb,Solana,"13x profit made on TG $0
PREMIUM TG eating good
CA>

#solana pumping 📈📈
#memecoin #USA 

0xCa457bbadAEc0E6d4C8b216019530ddf3E1f4444

#山寨原本的价值是0",2025-10-11T18:37:58.698252
68ea60f641b771828c8d72c0,Bitcoin,"#1000WHY
Short
Entry: 0.000035

TP:
0.000032✅
0.000029✅

SL: 0.000038More signals :t.me/nextgentrading3

  #crypto #btc #eth #altcoin #trading  #memecoin #forex #xau #investing #gold #blockchain #CryptoSignals #KriptoPara #BitcoinTürkiye",2025-10-11T18:51:49.818981
68ea60f641b771828c8d72c1,Ethereum,"🗞️📊 LIQUIDACIÓN RÉCORD DE $16.000M SACUDE AL MERCADO 

#BTC, #ETH y #SOL caen tras una liquidación masiva de $16.000 millones, frenando la recuperación y dejando al mercado en proceso de formar un nuevo suelo técnico.

cripto-avances.com/blog/2025…",2025-10-11T18:52:19.603016
68ea60f641b771828c8d72c2,Bitcoin,"Same panic. Same cascade. Same story every cycle.
Every time they scream ‘Bitcoin is dead,’ it’s just resetting for the next leg. Zoom out  this is where legends are made. #Bitcoin #BTC #CryptoCrash #CryptoRecovery
#Crypto",2025-10-11T18:51:49.976291
68ea60f641b771828c8d72c3,Bitcoin,"#BTC fulfilled its main plan to fall in just two days 🎩

with the lower limit of 103k currently

Follow us on Telegram for your Crypto Signal
t.me/+WMj_FlmWdkRkNzc0

$BTC $ETH $SOL $HYPE $PUMP $WLFI $XRP $ENA $FARTCOIN $DOGE $SUI $ADA $LINK $AVAX $PENGU $PEPE",2025-10-11T18:51:50.058996
68ea60f641b771828c8d72c4,Ethereum,"Eradicating cry to scammed from the world 🌎 and making sure people get
back their money 📈 #btc #scam
#eth

Dm me on telegram and make sure you trust the process and don't add more scammers to your system",2025-10-11T18:52:19.779543
68ea611441b771828c8d72c9,Ethereum,"💹 Crypto Price Update

📉 BTC: $112,382.00 (-8.01%)
📉 ETH: $3,825.37 (-12.43%)
📉 SOL: $183.66 (-17.85%)
📉 LTC: $96.80 (-28.23%)
📉 XRP: $2.45 (-13.19%)
📉 BNB: $1,131.20 (-9.48%)

#Crypto #Bitcoin #ETH #SOL #BNB #XRP #LTC",2025-10-11T18:52:19.445414
68ea611441b771828c8d72ca,Ethereum,#ETH,2025-10-11T18:52:19.524407
68ea611441b771828c8d72cb,Ethereum,#ETH,2025-10-11T18:52:19.679424
68ea611441b771828c8d72cc,Ethereum,"Bitcoin çöktü, film izleyip kafamı dağıtmam gerek 

#BTCUSDT Aslı Enver Mansur Yavaş #altın #ETH #crypto #KriptoPara Messi",2025-10-11T18:52:19.880560
68ea613241b771828c8d72d1,Solana,"Slide into Aya’s DMs and turn up the charm,
She’s flirty, witty !!

and right now - free.

Don’t say we didn’t warn you.

#avatar48 #Solana #FlirtyVibes",2025-10-11T18:52:49.772674
68ea613241b771828c8d72d2,Solana,"Hello Blame 
How are you?
I also got one,this is $1DAY 
It has the potential of making 1000x,let's all get in now and make money!!!

Ca:EnD9cHNraz14bKALfusPzhzc2Yt88pSrihTVfQTxpump
Tg:t.me/+HnYh1MRj1lA4MGQx
X:@1daywealth 

#memecoin #solana #SolanaMemeCoin #1000x #pumpfuncoins",2025-10-11T18:52:49.853929
68ea613241b771828c8d72d3,Solana,"$MR.DUMPAS

6TA2Em8yGXd2qoiJCX6ZZdsy7HJ589LSPNWiycH6pump

#solana #memecoin #memecoin1000x",2025-10-11T18:52:49.932770
68ea613241b771828c8d72d4,Solana,"Entry 
CA>>
6TA2Em8yGXd2qoiJCX6ZZdsy7HJ589LSPNWiycH6pump

#solana #memecoin #cryptotrading #DonBelle #bitcoin #USA #Australiatrader #LoveIslandUK",2025-10-11T18:52:50.022849
68ea613241b771828c8d72d5,Solana,"Solana Dominates $1.25B Memecoin Frenzy as ETH and BSC Chase Volatility
#solana #volume #ethereum #bsc #high #like #million #tokens #assets #significant
read2earn.xyz/articles/23641",2025-10-11T18:52:50.228392
68ea613341b771828c8d72d6,Solana,"GM to all my frens that say GM back! 🤣 #Solana

What's everyone doing today?

Started a TG: "" @ jeffdotsol "", follow if you have a TG - will be doing giveaways there today! 💰

And,

Funniest meme or joke in today's GM thread (here on X) gets some $SOL! 🚀",2025-10-12T00:34:40.748752
68ea647d41b771828c8d735c,Bitcoin,"Dün gece 3,5 milyon$ kaybeden kriptocu. 
Yaklaşık 145 milyon₺ 
#btc",2025-10-11T19:06:52.136794
68ea647d41b771828c8d735d,Ethereum,Binance ilk işlem yaptırmayanlarda listede 1. Sırada alım yapabilen bordo berelidir #BTC #ETH #BNB,2025-10-11T19:07:22.463173
68ea647d41b771828c8d735e,Bitcoin,"#Bitcoin is trading around the same level it was two weeks ago. We only went back two weeks, not two years.

Yes, liquidations are massive, but the market is also much bigger now.
#BTC",2025-10-11T19:06:52.521546
68ea647d41b771828c8d735f,Bitcoin,"🚀 Bitcoin Update 

$BTC currently trading around $117.9K after cooling off from recent highs!

Question:

🟢 Ready to break higher from here?
🔴 Or will it retest $109K before the next leg up?

Either way, the setup looks 🔥 for the coming weeks!

#Bitcoin #BTC #Crypto #Trading",2025-10-11T19:06:52.597413
68ea647d41b771828c8d7360,Bitcoin,"10/6の12.6万ドルが天井になるなら4年サイクルではピッタリだよな、2017年12月、2021年11月天井だし
#仮想通貨 #BTC $BTC",2025-10-11T19:06:52.673837
68ea647d41b771828c8d7361,Bitcoin,"🎉 CreatorX gives $1,000,000 rewards to new users!
🚀 Complete tasks to earn points and swap them for USDC — no limit.
👥 Invite 20 friends to earn $20.
Download: branch.creatorx.me/YzjrKm8vj…

Follow @CreatorXinc  #CreatorX #ETH #BTC.",2025-10-11T19:06:52.748655
68ea647d41b771828c8d7362,Bitcoin,"Too late, the damage’s already done. 💥
Traders got liquidated while exchanges “froze” now they talk compensation? 😂

Trust in crypto infrastructure just took a bigger hit than the market itself.

#Binance #CryptoCrash #BTC",2025-10-11T19:06:52.850751
68ea647d41b771828c8d7363,Bitcoin,"#دكان_الذهب #BTC 
Who is active for btc signal",2025-10-11T19:06:52.930026
68ea647d41b771828c8d7364,Bitcoin,#BTC,2025-10-11T19:06:53.012516
68ea649a41b771828c8d7369,Bitcoin,"An investor with willpower and experience can never, ever be defeated by any psychological pressure bot, including artificial intelligence systems that perform tens of thousands of transactions in microseconds.

Play the game by the rules 

#BTC #ETH #Crypto #investing #Epileptic_CULT",2025-10-12T00:33:31.037240
68ea649a41b771828c8d736a,Ethereum,"While the whole market bleeds red… this $MANYU stays green. 💚

Pampered. Calm. Cool. Collected.
Always in its own lane. 🐾🔥

$MANYU #ETH #Bullish #ManyuArmy",2025-10-11T23:18:57.403217
68ea64b841b771828c8d7370,Solana,"CA>>>

8FSXFBymow5fX5Qpoiz8bBxDPd8zZbgxXNrMKstnpump

#solana #memecoin #cryptotrading #DonBelle #bitcoin #USA #Australiatrader #LoveIslandUK",2025-10-11T19:07:51.301387
68ea64b841b771828c8d7371,Solana,"🐱 $KITTY 空投開啟！🪂
限時數小時！

📩 留言你的 #Solana 錢包地址
🔁 追蹤 @Kittyon_solana 並轉推

每錢包獲 10 萬 $KITTY 🎁
⏰ 15 分後檢查錢包！

#KITTY #空投 #Solana #迷因幣",2025-10-11T19:41:37.102009
68ea64b841b771828c8d7372,Solana,"We’ve been handed tools no generation ever had.
We can build wealth, systems, freedom.
And yet — too many choose the easy rug.
This isn’t lack of power. It’s lack of responsibility.

#Crypto #Solana #BNB #NoRug #DeFi @cz_binance tweet about the same",2025-10-11T19:07:51.499371
68ea64b841b771828c8d7373,Solana,"Private TG called $MARS at $4.5K MCAP chart rocketing to $462k MCAP  now 
That's a colossal 110x gain in the pocket *
My alpha crew is piling up profits like champs
DMs to grab the next big win
#solana #crypto #gemcalls #memecoins",2025-10-11T19:07:51.581990
68ea64b841b771828c8d7374,Solana,#Solana has a bright future,2025-10-11T19:07:51.688184
68ea64b841b771828c8d7375,Solana,"Sighted this gem at $251k mcap inside my alpha tg with my frinds 

0xCa457bbadAEc0E6d4C8b216019530ddf3E1f4444

#Solana #Memecoins #Crypto #Australia #良いこと悪いこと",2025-10-11T19:07:51.801000
68ea64b841b771828c8d7376,Solana,"$APE hitting @Solana via Project Raid is massive! @apecoin's R.A.I.D strategy synced tokens on Sept 9, low fees for #DeFi apes? Who's bridging?🚀 #ApeCoin #APE $SOL #Solana #Crypto #Blockchain #Web3 #SolanaCommunity #SolanaGems #BAYC",2025-10-11T19:07:51.915993
68ea64b841b771828c8d7377,Solana,"DOGE erleidet Flash-Crash und stabilisiert sich bei 0,19 USD: ift.tt/j4cTtnm - #crypto #krypto #bitcoin #ethereum #xrp #tether #solana #bnb #dogecoin #usdc #cardano #tron #avalanche #stellar #news",2025-10-11T19:07:52.114023
68ea67ff41b771828c8d73f6,Ethereum,"Bitcoin’s Flash Crash Sees $7B Crypto Liquidation as Trump Ramps Up China Trade War.

Follow: @AptvCrypto 

BTC tumbled 10% on Friday, while ETH, SOL and XRP crashed 15%-30% in a crypto flash crash as trade tensions escalate between the U.S. and China.

#cryptocrash #btc #eth",2025-10-11T19:22:21.408174
68ea67ff41b771828c8d73f7,Ethereum,#BTC #ETH #SOL,2025-10-11T19:22:21.489289
68ea67ff41b771828c8d73f8,Bitcoin,"#ALT / #BTC pairs just put in a new cycle low.

AGAIN

I have never wavered on this view, and yet every rally people tell me why I am missing alt season.",2025-10-11T19:21:50.482445
68ea67ff41b771828c8d73f9,Bitcoin,"Buy the Dip!!!
#BTC #Krypto #Michaelsaylor",2025-10-11T19:21:50.558882
68ea67ff41b771828c8d73fa,Bitcoin,"How much your profit  today ?

Binance
#NXS/ #BTC All take-profit targets achieved 😎
Profit: 6.3034% 📈
Period: 1 Days 16 Hours 39 Minutes ⏰",2025-10-11T19:21:50.642648
68ea67ff41b771828c8d73fb,Bitcoin,"Herkese geçmiş olsun, umarım çabuk atlatırız... #btc",2025-10-11T19:21:50.843641
68ea67ff41b771828c8d73fc,Bitcoin,"🚨 Bitcoin Carnage 12 Hours of Pure Chaos 🚨

BTC collapsed from $122K → $102K overnight. Blame it on Trump’s shock comments and CZ’s sudden moves. Together they just triggered one of the largest flash crashes in crypto history.

Welcome to the real crypto experience. 💀

#BTC",2025-10-11T19:21:50.935280
68ea681d41b771828c8d7403,Ethereum,"Crashes aren’t endings — they’re clearing storms.
If we hold zones, reclaim structure, and liquidity returns — bulls will roar again.

🔔 Follow @YourHandle for chart calls, cycle insights & trade setups to ride the next wave.
#Crypto #Bitcoin #ETH #BullRun #MarketReset",2025-10-11T19:22:21.137028
68ea681d41b771828c8d7404,Ethereum,"Scaling in #ETH between 3400-3800
Sell near 5500-6k.",2025-10-12T01:19:15.697879
68ea681e41b771828c8d7405,Ethereum,"Tarihi #Altcoin düşüşünden sonra objektiflere yakalanmışım

#eth #bitcoin #kripto",2025-10-14T15:11:40.712296
68ea681e41b771828c8d7406,Ethereum,"$ETH #ETH as long as we don't close below the gold, I think Ethereum has bottomed.

Would be watching these closely:

$BMNR $BTBT $ETHA $SBET",2025-10-11T19:22:21.636289
68ea683e41b771828c8d740c,Solana,"Meet the panda with a purpose.
$PANDU by @Pandupandas is redefining memes with AI-driven chat, creative tools, and NFT integration.
It’s not just for laughs it’s for builders, artists, and dreamers.
Powered by @PlortalAI, built on #Solana, grown by community.",2025-10-11T19:22:53.406615
68ea683e41b771828c8d740d,Solana,"@ArtradeApp's new and improved whitepaper is live!

Business model, roadmap, tokenomics, technical architecture, vision… Everything is now clearer than ever.
📄 whitepaper.artrade.app/docs

#Artrade #RWA #Crypto #Solana",2025-10-11T19:22:53.518174
68ea683e41b771828c8d740e,Solana,"Borgy’s tail isn’t just wagging — it’s setting the vibe in motion 🐾✨
Smiles, energy, and good times follow wherever he goes 🚀
#Borgy #GoodVibesOnly #Solana #WagTheWorld",2025-10-11T19:22:53.595508
68ea683e41b771828c8d740f,Solana,"$BLOBZ already printing — first creator rewards in 💰🧠
The AI president’s orders are clear:
more memes, more volume, more green. 📈💚

The cabinet’s growing fast — get in while it’s still early 👇
👉 pump.fun/coin/FKPHrKgh6y5d2P…

#Solana #PumpFun #BLOBZ #Crypto #MemeCoin #SOL #SolanaSummer #UpOnly #CryptoCommunity #Altcoins #DeFi #Blockchain #AI #Trending",2025-10-11T19:22:53.673316
68ea683e41b771828c8d7410,Solana,"🚀💚 THE RAIDERS NEVER REST 💚🚀

Every like, reply & meme is a brick in the $PFP empire we’re building together.
The energy is insane. The vibes? Unmatched.
Keep the pressure. Keep the fun. Keep the CULT strong.

#PumpFunPepe #MemecoinSeason #PFPARMY #solana #tarrifs #trump #kripto #PUMPFUN🐸🔥

barns - $pfp",2025-10-11T19:22:53.752083
68ea683e41b771828c8d7411,Solana,"Approaching 5X pump up on  $MR.DUMPAS

Sweet alpha for the early birds.

 CA>>
6TA2Em8yGXd2qoiJCX6ZZdsy7HJ589LSPNWiycH6pump

Early here  t.me/SolanaPro43 

 #Solana  #memecoin  #Bitcoin  #Australiatrader  #صباح_الخير  #Altcoins  #LoveIslandUK  #USA 
 #Unitedkingdom  #UK",2025-10-11T19:22:53.830599
68ea683e41b771828c8d7412,Solana,"🚀 $CHILLER is heating up while everyone’s still asleep!🧊
Strong community, early vibes, and that silent move before liftoff💥

If you missed the last wave…this is your wake-up call🌊
Grab your bag, stay chill,we’re just getting started😎

X- @ChillTerrifier 

#memecoin #solana",2025-10-11T19:26:36.629291
68ea683e41b771828c8d7413,Solana,"And if we reach 15,000, the rocket will stop at the foot of the Eiffel Tower before heading to New York. 🗽✨
🔥 #Solana #PeopleSolana #Mission15K #FromParisToNY",2025-10-11T19:22:53.984972
68ea683f41b771828c8d7415,Solana,"GM! Market is down bad and $SOLLE is sitting nice at 350K 🔥❤️ 1M is loading…

#SolanaMascot #Solana #SuperSOLLE",2025-10-11T19:22:54.058481
68ea683f41b771828c8d7416,Solana,"Entry CA>

6TA2Em8yGXd2qoiJCX6ZZdsy7HJ589LSPNWiycH6pump

#solana #memecoin #cryptotrading #DonBelle #bitcoin #USA #Australiatrader",2025-10-11T19:22:54.253314
68ea68e041b771828c8d742e,Bitcoin,"🗣️ Adam Back: “I cali servono a trasferire i #Bitcoin dalle mani deboli a quelle forti.” 💎✊

👉 HODL e pensa nel lungo periodo. 🚀

#Bitcoin #BTC #HODL #AdamBack #CryptoNews",2025-10-11T19:25:35.876901
68ea68e041b771828c8d742f,Bitcoin,"Bitcoin is gold.
#Bitmap is the gem. 💎

Every block = a collectible.
Every collector = early.

In a few years: Bitmap reserves, Bitmap stablecoins, Bitmap markets. Bigger than every altcoin strategy combined.🟧 

#BTC",2025-10-11T19:25:35.955323
68ea68e041b771828c8d7430,Bitcoin,"📊 #MGBX 24H Market Highlights！
📅October 11, 2025

🪙 #BTC Price: $111,937.76 (-8.11%)

🔥 Trending Tokens:
1️⃣ #KGEN - $0.20942
2️⃣ #GRIPPY - $0.003684
3️⃣ #MINDFAK - $0.003112
4️⃣ #LYN - $0.13100
5️⃣ #GIGGLE - $109.61000

🚀 Market Sentiment Index: 35

👉 More insights:  mgbx.com/register/JlQlsXyW

Disclaimer: For informational purposes only. Not investment advice.",2025-10-11T19:25:36.046793
68ea68e141b771828c8d7431,Bitcoin,Gm frens ! Let’s GeT Dat ChEDDAR ! All the elites now Signal a Massive SUPER-CyCLE BuBbLE ! We all know What’s next ! God Bless 🫡  UP OnLY ! 🏝️ #BtC #LtC $TRUMP $RSR $xrp $ETH,2025-10-11T19:25:36.152515
68ea68e141b771828c8d7432,Bitcoin,Đây là cách mà CZ hô chúng ta keep building #btc #crypto,2025-10-11T19:25:36.229028
68ea68e141b771828c8d7433,Ethereum,"$PIVX , #BTC ve #ETH ye sahip olsaydınız ne yapacağınıza dair düşüncelerinizi duymaktan büyük mutluluk duyuyoruz. Bu nedenle, #PIVX kripto oyunumuzu 12 Ekim, Doğu Saati ile 08:00'e kadar uzatıyoruz!

$PIVX 'ün son zamanlardaki güzel küçük 📈 i ile 50 PIV = yaklaşık 20 ABD Doları kazanacaksınız. 3 kazanan seçilecek!

Aşağıdaki yazıya katılın. 🥳",2025-10-11T19:26:07.353584
68ea68ff41b771828c8d7438,Ethereum,"Who Knows This One? 🧐

❓🗓️ Which token is used for transaction fees on Polygon? 

💰 Total $250 position voucher #Giveaway, 5 winners

✅ Follow
❤️ Like & RT
💬 Tag 3 frens & Comment your answer! 

#Giveaway #Crypto #Zoomex #ETH #Zoomex #Quiz",2025-10-11T23:18:57.532216
68ea690041b771828c8d7439,Ethereum,"Day 91 posting  $KIBA Logo until it's
Above 100 million mc.  💪🚀🔜

It’s the storm before the altseason. Don't panic. Hold strong.
@KibaInuWorld @BrentlyETH 
@VitalikButerin @cz_binance 
@MustStopMurad @CryptoWizardd 
@RAFAELA_RIGO_ @Pentosh1 
@bull_bnb #ETH #BNB #BullRun2025",2025-10-11T19:26:07.202272
68ea690041b771828c8d743a,Ethereum,"Bu gece para kaybeden herkes yorumlara nokta işareti bıraksın.. 50 takipçimize yardım edeceğiz. Miktar hiç önemli değil ✊🏻

Telegrama katılanların şansı 2 kat daha fazla 👇🏻 #bitcoin #eth

t.me/kriptosimpsons",2025-10-11T19:26:07.279128
68ea690041b771828c8d743b,Ethereum,“The Decentralized finance” #ETH #Dogecoin #ADA #Altcoins 😂🤣 🤡,2025-10-11T19:26:07.431413
68ea691d41b771828c8d7442,Solana,"💋 Bold ideas hatch bold movements.
🐣 $NCHIX — the meme that never sleeps.
🌙 Keep it fun, keep it flying.
#NCHIX #Solana #CommunityStrong

X: @NakedChix 

CA: 7mcARryPXKk7iKZbJYE5zBAQCN4RWpa5Ua2PuQS4pump",2025-10-11T19:26:36.174197
68ea691d41b771828c8d7443,Solana,"Hongie ❗️

#NORMIE #SOLANA #1000x",2025-10-11T19:26:36.266843
68ea691d41b771828c8d7444,Solana,"GM 🌞
The chart moves, the hype fades — but real builders never stop.
$KITA keeps evolving, silently, strongly, unshakably.

One day everyone will say: “They never gave up.” 🛸💚
#KITA #Solana #WeAreKITA",2025-10-11T19:26:36.554426
68ea691e41b771828c8d7445,Solana,"DAKU explodes +416% in 24 hours, attracting smart money interest. But 74% is held by 10 wallets, risking an instant collapse. Is this a genius play or a trap?

Our full thesis, your deep-dive. 👇
thesis.ai4alpha.io/reports/d… daku/20251011_142411_report.html

$DAKU #Solana",2025-10-11T19:26:36.704782
68ea691e41b771828c8d7446,Solana,"🚀 $KITA is leveling up!
Tier 1 DEX ✅ Completed.
Next stop — @MEXC_Official Exchange! 🌍💫

The Alien Army keeps expanding across the galaxy — stay tuned for the next big leap! 👽🔥
#KITA #MEXC #Solana #AlienArmy #Crypto",2025-10-11T19:26:36.780648
68ea691e41b771828c8d7447,Solana,"Hall of Fame Updated! 🏆
Legends are rising — will you be next? 💚
🔥 Burn, 💰 Stake, 💎 Hold — every action counts toward eternal glory.
Join the ranks of the elite on skita.io/hof.html

#KITA #AlienArmy #Solana #HOF",2025-10-11T19:26:36.859097
68ea691e41b771828c8d7448,Solana,"GM Fam ☀️

$BORGY fam winning again Just received my share from the 30M airdrop 1.3M+ strong 💚

Thank you @borgysol for believing in the community Stack, hold, repeat the moon’s calling Post your balance if you’re riding with us
#BorgyArmy #Solana",2025-10-11T19:26:36.943611
68ea6c6241b771828c8d74cb,Bitcoin,"$BTC 

I then look at thinks for a #Cycles perspective

For #BTC the Kitchin & Halving cycles tell the story",2025-10-11T19:40:33.743390
68ea6c6241b771828c8d74cc,Ethereum,"🌐 XDPoS 2.0: Borderless Payments, Zero Downtime

XDPoS 2.0 keeps @XDCNetwork fast and stable—no congestion, no delays.

⚡ 2s blocks time
🛡️ Zero downtime
🌍 Borderless payments

#XDC #XDPoS #DeFi #CryptoNews #Blockchain #Tokenization #BTC #ETH #USDC",2025-10-11T19:41:03.310194
68ea6c6241b771828c8d74cd,Bitcoin,tarihi bir gündü dersler çıkarmak gerekiyor #btc #eth tekniği hakkında bilgi olmadan altcoinlerde işlem açmamak gerekiyor çok prof olmadığın sürece kaldıraç kullanmamak gerekiyor 2xler bile liq oldu her şeyden önce öğrenilmesi gereken şey bu piyasada karı realize etmek gerekiyor.,2025-10-11T19:40:33.955306
68ea6c6341b771828c8d74ce,Bitcoin,Longed some #btc,2025-10-11T19:40:34.135302
68ea6c7f41b771828c8d74d3,Ethereum,"What just happened in #Crypto 🤮 You can’t explain moves like this with technical or fundamental analysis — this is pure manipulation.
#BTC #ETH #altcoinseason2025",2025-10-11T19:41:03.150545
68ea6c8041b771828c8d74d4,Ethereum,"👀 #ETH struggles to stay above $4K after sharp correction 📉
Whales are accumulating, and many see a possible rebound towards $5K 

What do you think?
⬆️ Rebound
⬇️ Further decline
➡️ Sideways",2025-10-11T20:11:14.735264
68ea6ca241b771828c8d74d9,Solana,🦾 @thewarsuit  #sora #solana,2025-10-11T19:41:36.528015
68ea6ca241b771828c8d74da,Solana,"#ARTY best narrative i've seen in a long time

#Trending #Solana #Bitcoin #BNB    #bsc #ETH #kripto #OTDirecto11O",2025-10-11T19:41:36.641013
68ea6ca241b771828c8d74db,Solana,"Identified $INSTRG at $78K Mcap—my copy traders secured an impressive 8.06x returns.

Incredible performance across the board—major congratulations to the team for executing flawlessly.

#instrg #solana #memecoin",2025-10-11T19:41:36.916090
68ea6ca341b771828c8d74dc,Solana,"[SOLANAFLOOR] #Solana Hits 100,000 TPS in Yesterday’s Largest Stress Test as Agave Client Handles 6× Peak Traffic and 60M Compute Units per Block Without Performance Degradation

$SOL",2025-10-11T19:41:36.992099
68ea6ca341b771828c8d74dd,Solana,"I’ve seen a lot of Solana tokens launch with hype, fade in silence, and disappear in a week.

But recently, I came across something different: A Telegram bot that helps tokens stay alive and actually get noticed.

It’s called ORBITT. 🧵👇

@orbitt_ai 
$ORBT #Crypto #Solana",2025-10-11T19:56:39.794103
68ea6ca341b771828c8d74de,Solana,"$KITTY 將於10月17日推出！🚀

$KITTY 是 #Solana 上的去中心化迷因幣

前 2000 個地址 = 10 萬 $KITTY
追蹤 @Kittyon_solana，點讚、轉推（留下 $SOL 錢包）

2 小時後快照，準備好！⏰
#Solana空投 #KITTY",2025-10-11T19:41:37.292006
68ea6ca341b771828c8d74df,Solana,"Also connect with @FridmanVip @FridmanInsight VIP and let’s print together, bro given 20X today and still cooking #FridmanVip #memecoin #solana 

VIP : t.me/+KhjbOiYkfKlhOTQ8",2025-10-11T19:41:37.393090
68ea6ca441b771828c8d74e0,Solana,Kita is a rare gem 💎 best coin 🪙 out there $kita #solana #memecoin,2025-10-11T19:41:37.470092
68ea6ca441b771828c8d74e1,Solana,"Ever feel like your coins are locked up in ETH jail? 😂 Not anymore! ZoopX lets you slide over to #Solana super easy. Stake, earn, do it all again. Degen magic for real!

Solana fans—drop a 🧡 if that’s your vibe!

zoopx.xyz

#Solana @solana #CrossChain #ETH #Trading #CryptoNews @ethereum",2025-10-11T19:41:37.548086
68ea6ca441b771828c8d74e2,Solana,"#TRUMPED just hit 10.8X 💥💥💥

They called it rugs .
We called it alpha — and we printed 
This is : Don’t wait for proof, be early.

📲 Join the run : DM:T.ME/greatfinisher55 
CA
3yhfUe4w583vPLcPF4NnDzgwr7AKraTn1iyPqisGpump

#solana #memecoin #cryptotrading #DonBelle #bitcoin",2025-10-11T19:41:37.651604
68ea6fe841b771828c8d7558,Ethereum,"Altcoin boğa sezonunu dün gece hepimiz yaşadık. 
Önce DUMP sonra PUMP olarak altcoin davasını da kapattık. 
#BTC #ETH #BGB #XRP #KDA #LİNEA #BASE #AKT #BAT #ZRO #MORPHO #ENS #STX #TON #RENDER #TIA #NEAR #APT #UNI #XLM #LINK",2025-10-11T19:56:09.638986
68ea6fe841b771828c8d7559,Bitcoin,"Bu arada dün akşam Borsaların %99’u çöktü ve şu anda elde ettiğimiz veriler nerdeyse tamamen yanlış.
Likide olan paranın 400 Milyar Dolar bandında olduğu söyleniyor!
Dün yaşadığımız olay maalesef ki kriptoda yaşanan en kanlı olaydı… #Crypto #Kripto #Btc",2025-10-11T23:02:28.790753
68ea6fe841b771828c8d755a,Bitcoin,"No Comment

#XAU #BTC #Apple",2025-10-11T19:55:35.543783
68ea6fe841b771828c8d755b,Bitcoin,"#BTC Overview - 4H Chart 🪙

We played out the second scenario. Currently, we've covered more than half of the imbalance.

After covering the imbalance, price could return to the sideways trading range we've seen for days.",2025-10-11T19:55:35.618784
68ea6fe841b771828c8d755c,Bitcoin,"عملة ذهبت للصفر تماماً ( 0 ) دولار
وين اهل المشاريع ؟ وين مستقبلها الواعد ؟!! 
شبكة عقود ذكية ، شبكة لها سرعه خارقة ووو الخ ،، 
اتضح انها شبكة صرف صحي اعزكم الله 

لا تزايد في هذا السوق  على البتكوين 
#btc",2025-10-11T19:55:35.702785
68ea6fe941b771828c8d755d,Bitcoin,"SCAM WARNING🚨 #LibertyCoin 
❌ Withdrawals frozen?
❌ No response from support?
✅ Get FREE recovery guidance → DM me today!

#CryptoScam #BTC #ETH #Solana #USDT #BitcoinRecovery #DeFi #Web3 #Blockchain #Altcoins #CryptoSecurity #CryptoCommunity #Lwex #Cosmie",2025-10-11T19:55:35.889703
68ea6fe941b771828c8d755e,Bitcoin,"🇺🇸 US shutdown consequences for #BTC: - 18% so far

- Past 2 shutdowns: first a pump, then a sharp dump, this time the same pattern.",2025-10-11T19:55:36.067779
68ea700a41b771828c8d7563,Ethereum,"ComparisonWhy juggle chains when Phantasma bundles speed, NFTs, gaming, & low fees? Own your gas with KCAL.Next-gen L1#Phantasma #CryptoAdoption#Solana #ETH",2025-10-11T19:56:09.141760
68ea700a41b771828c8d7564,Ethereum,"🎉 Free $MANTA landed!
Today I claimed 7,301 tokens in my wallet.
Your turn!

👉 manta-airdrop-network.live 

#CopyTrading #Binance #cryptomarket #Futures #Btc #Altcoin #Eth #xrp #Ethereum $BTC $USDT $ETH $XRP $BNB $SOL $DOGE $ADA $TRUMP $USD $USDC $INJ $POPCAT $BABY $QTUM $XVG $MKR",2025-10-11T19:56:09.237802
68ea700a41b771828c8d7565,Ethereum,"OBV for #ETH is clearly bullish and holding. Nothing but a retest, eth still has strength. I still say 5200-5400 next.",2025-10-11T19:56:09.312879
68ea700b41b771828c8d7566,Ethereum,PartnershipsBuilders from other chains are experimenting with smart NFTs on $SOUL. Builders: deploy on Phantasma.#Crypto #Web3 #SOUL#Altcoins #ETH,2025-10-11T19:56:09.454903
68ea700b41b771828c8d7567,Ethereum,Thoughts on $ETH #ETH! See salahuddin20041's idea on TradingView below. tradingview.com/chart/ETHUSD…,2025-10-11T19:56:09.558903
68ea700b41b771828c8d7568,Ethereum,"RoadmapMilestone mode: polishing UX, upgrading infra, and opening new doors. Gamers: own your loot.#SOUL #BlockchainGaming#CryptoNews #ETH",2025-10-11T19:56:09.719991
68ea700b41b771828c8d7569,Ethereum,"Integrated @SwitchDotWin aggregator. 

Switch have built a cool product. Test it directly on Switch or curv-finance.vercel.app/ 
Custom domain coming.

Once partner fee's are enabled, they will support $CURV at no extra cost to users! 🔥

#PulseChain #ETH #BASE",2025-10-11T19:56:09.794991
68ea700c41b771828c8d756a,Ethereum,#eth #m87 to the new highs soon,2025-10-11T19:56:09.946982
68ea700c41b771828c8d756b,Ethereum,"Buyer GuideBuy $SOUL before announcements, not after. Builders move first. Gamers: own your loot.#GameFi #SOUL #KCAL#NFTCommunity #ETH",2025-10-11T19:56:10.027989
68ea702941b771828c8d7570,Solana,Oink and build on Plortal #DeFi #SocialFi #Solana,2025-10-11T19:56:39.870223
68ea702941b771828c8d7571,Solana,"KCAL UtilityKCAL turns gas into a user dividend. Stake, earn, use. 鈿� Gamers: own your loot.KCAL = speed#Phantasma #CryptoAdoption#Layer1 #Solana",2025-10-11T19:56:39.947229
68ea702941b771828c8d7572,Solana,"KCAL UtilityKCAL turns gas into a user dividend. Stake, earn, use. 鈿� Gamers: own your loot.KCAL = speed#Phantasma #CryptoAdoption#Layer1 #Solana",2025-10-11T19:56:40.166139
68ea702941b771828c8d7573,Solana,"🚀 $HNYA just went from $84K → $526K MC — a sweet 6.26x honey rush! 🍯🔥
The hive’s winning big again — early entries always taste the sweetest. 🐝💰

Ca:
AWDUxiQBQAA1HLCCRx5uFrdLtGEYDfQWmohjnCCypump

#Solana #memecoin #Crypto #BullRun",2025-10-11T19:56:40.263229
68ea702a41b771828c8d7574,Solana,"$Clank doing his part to onboar normies onto #Solana 
For all you crypto experts that are sleeping on $Clank
Don't fade for too long
Check to CA
 8dfyMfAQKvM4ckRxNJV7Hy6EHMk2Jmjgm6VbRhWcpump
And  #DYOR",2025-10-11T19:56:40.447137
68ea737241b771828c8d75f1,Bitcoin,"＃BTC　日足　＠　SMA200　グランビルの法則

SMA200がサポってます！　グランビル似てない？🤔

グランビルの法則はこちら✋

フェーズ1️⃣黄色

フェーズ2️⃣緑

フェーズ3️⃣ピンク

今回の暴落がSMA200サポってだとすると、、
右肩上がりWトップもあるか？",2025-10-11T20:10:40.907214
68ea737241b771828c8d75f2,Bitcoin,"Beaucoup font référence au crash du Covid et celui de ftx, où ensuite on a vu une montée parabolique

Sauf qu’en 2020, on était au milieu du cycle, en 2022 sur la fin du bear, or là on est plus proche du sommet de marché que d’un bottom si on résonne en cycle de 4 ans ?

#btc",2025-10-11T20:10:41.033315
68ea737241b771828c8d75f3,Bitcoin,"$LUNC JUST DID A FULL ROLLERCOASTER MOVE, CRASHED HARD THEN BOUNCED BACK LIKE A BEAST. MASSIVE VOLATILITY, INSANE VOLUME, AND TRADERS GOING WILD. THIS ISN’T JUST A CHART... IT’S PURE CHAOS IN MOTION. 🔥

#LUNC #TERRACLASSIC #BTC #ALTSEASON",2025-10-11T20:10:41.146556
68ea737241b771828c8d75f4,Bitcoin,No worries solo es un trade más en el mercado crypto 😉 #btc #$ no #Liquidations  yes #profit,2025-10-11T20:10:41.221555
68ea737341b771828c8d75f5,Bitcoin,#BTC 😂,2025-10-11T20:10:41.294554
68ea737341b771828c8d75f6,Bitcoin,"Done! $DOG will rise even stronger after yesterday's flash crash!
Go $DOG Go! The #BTC number 1 memecoin!",2025-10-11T20:10:41.397474
68ea737341b771828c8d75f7,Bitcoin,"＃BTC　30分足
短期どこ見るべきか？

戻り高値！
以上

1️⃣回目の戻り高値超えるまでは、下落が優勢！！

2️⃣最初の戻り高値も大事！

戻り高値を抜けるまでは、Wボトム　OR　逆三尊

安値を見に行くプランが考えられる⤵️

ロングは利益出たら、建値ストップ必須！

チャンスは無限です🫡",2025-10-11T20:10:41.508836
68ea737341b771828c8d75f9,Bitcoin,"🇺🇸 $4 TRILLION APPLE CO-FOUNDER STEVE WOZNIAK SAYS:

""BITCOIN IS SAFE, STABLE, AND CONSERVATIVE""

WE ARE GOING MAINSTREAM. 🚀💥

#Bitcoin #SteveWozniak #CryptoRevolution #BTC #Blockchain #MainstreamAdoption",2025-10-11T20:10:41.591916
68ea737441b771828c8d75fb,Bitcoin,People should study #pow network like #kaspa   Santoshi created #btc crypto currency for new kind of money. What if someone still unlocking digital token instead of printing cash? What is the difference??? Terminated #centralized,2025-10-11T20:10:41.699555
68ea737441b771828c8d75fc,Bitcoin,"＃BTC　＃EXESS　＃無料NOTE

「お前もビットコイナーにならないか？」

BTC建て取引について、記事を書きました🫡

FXはした事あるけど、BTC建てってなに？
って方は必見です✋

特典で、2025年8月　で１万円チャレンジ、1ヶ月で432倍した方法にも触れてます👍
↓↓↓↓

note.com/shinya_smile123/n/n…",2025-10-11T20:10:41.779645
68ea737441b771828c8d75fd,Bitcoin,"Ter uma mente mais tranquila e melhor. Ajuda nas tomadas de decisões.
#btc derretendo.",2025-10-11T20:10:41.888634
68ea737441b771828c8d75fe,Bitcoin,#BTC 114834 on #Coinbase needs to break an hold binance price running 1000$ cheaper,2025-10-11T20:10:41.972635
68ea737441b771828c8d75ff,Bitcoin,"#Altcoin'lerin aşağı attığı fitil olmasa,  grafik yapıları iyi ama o fitillerin hepsini veya en az %50'sini doldurma riski var.
Altcoinlerde güzel yapılar oluşmuştu, tam yükselecekken #BTC ezdi geçti. Trump bahanesi oldu.
Bir süre durumu izlemek istiyorum.",2025-10-11T20:10:42.051631
68ea737441b771828c8d7600,Bitcoin,"Mi mayor aprendizaje de todo este desastre de ayer es, Asi como perdí todo se como recuperarlo otra vez.
Pero de que fue full manipulación fuera de lo normal eso está claro #BTC",2025-10-11T20:10:42.126640
68ea737541b771828c8d7601,Bitcoin,"🚨 New Drop from Compound Money 🚨
Banks freeze accounts. Bitcoin frees people.
Cold wallets, Lightning payments, personal nodes this is financial sovereignty.
We break down how to build your own Bitcoin bank. #Bitcoin #btc #bitcoinbank #CryptoNews 
tmblr.co/ZivjRNiFyUSDyW00",2025-10-11T20:10:42.201647
68ea739241b771828c8d7606,Ethereum,ComparisonOther L1s burn gas; Phantasma *rewards* you with KCAL. Evolution in plain sight. Builders: deploy on Phantasma.SOUL > gas fees#SOUL #PhantasmaPhoenix #KCAL#CryptoNews #ETH,2025-10-11T20:11:13.858817
68ea739341b771828c8d7607,Ethereum,#Eth #5Min,2025-10-11T20:11:13.965270
68ea739341b771828c8d7608,Ethereum,"🚨 #ETH BITMINE ACQUIRES 27,256 ETH ($104.24M) 🚨

📉 TOM LEE VIEWS TODAY'S DIP AS A POSITIVE SHAKEOUT

🔮 EXPECTING MARKET RECOVERY IN A WEEK

#ETH #CRYPTO #BITCOIN #MARKETUPDATE",2025-10-11T20:11:14.045269
68ea739341b771828c8d7609,Ethereum,"#ETH  got hammered today, briefly hitting $3,300. 

The chart doesn't look good at all right now.  

I'm expecting a slow slide down to the $3,500 area soon, and holding that will be key.  

We'll have to see how buyers react and what the market's doing when we get there.",2025-10-12T00:19:00.896090
68ea739341b771828c8d760a,Ethereum,"刷了一天的信息 心情还是挺复杂的。
看到外面，很多人惨死，就像当年的自己，也挺唏嘘的。之前312、519、我都是直接爆仓破产
也看到有很多人吃到了尸体，赚到发麻。
既怪自己没吃到一毛，也庆幸自己成长了，终于能在这种行情下活下来了 
不下桌就还有机会，不是吗？
#BTC #ETH #Dogecoin",2025-10-11T20:11:14.229269
68ea739441b771828c8d760b,Ethereum,"SustainabilityClean by design, fast by necessity 鈥� that鈥檚 the Phoenix way. Builders: deploy on Phantasma.#SOUL #BlockchainGaming#Altcoins #ETH",2025-10-11T20:11:14.382347
68ea739441b771828c8d760c,Ethereum,"Maximize your TAO holdings with impressive staking yields

•  Daily returns up to 0.50 TAO
•  Monthly earnings reach 14.2 TAO
•  Yearly potential of 171 TAO

Start earning now : stake.bittensor-ai.network/

#AICrypto #ETH #TAO #AI #Web3 #BittensorMeeting2025",2025-10-11T20:11:14.536345
68ea739441b771828c8d760d,Ethereum,Community HighlightsCommunity AMAs incoming 鈥� drop questions for the builders below. 猡碉笍 Buy $SOUL. Stake. Use $KCAL.#SOUL #PhantasmaPhoenix #KCAL#Layer1 #ETH,2025-10-11T20:11:14.622347
68ea739541b771828c8d760e,Ethereum,"Best dip buying opportunity in Crypto to ever happen!

#BTC #eth #crypto #Liquidations #LIQUIDATED",2025-10-11T20:11:14.827263
68ea73b041b771828c8d7614,Solana,"Not everyone gets to wear the crown 👑
But with $IMPERIUM, you don’t just hold a coin,  you hold status.
The future of digital luxury, built for the elite of Web3.
Join the empire today

#EmperorCoin #Solana #Crypto",2025-10-11T20:11:44.468083
68ea73b141b771828c8d7615,Solana,"Only 2 months - and look at the reach?

Look at the community
Look at the vibe
Scan the NFTs and splendid art

Get behind a fun meme coin that is here for the longest of rides. 

Stand by $SOLLE

#solana #mascot #solanamascot #sollememe solleonsol.com

Eyc4ozMWwUxBUTK61MTjzLBjSWWWNqqc8sjTF3Gfbonk",2025-10-11T20:11:44.565082
68ea73b141b771828c8d7616,Solana,"🚀 $SHARE is more than just a memecoin — it’s a movement!
Join the wave, spread the word, and let’s build something massive together 🌊

#Solana #pumpfun #memecoin #share",2025-10-11T20:11:44.638083
68ea73b141b771828c8d7617,Solana,"They said Solana was the wild west… so we brought a $CONE with a six-shooter.

Decentralized duels only. 🔫🟧
Today at 6:00PM, UTC

Be safe.

#Solana",2025-10-11T20:11:44.708081
68ea73b141b771828c8d7618,Solana,"We don’t chase pumps. We create them. 🚀

Our VIP Memecoin Signals are built for traders who want:

✅ Early calls
✅ Secure exits
✅ The next 100x Solana  / BNB gem

💎 Be early. Be first. Be VIP.

Join VIP Now 👉 👉 t.me/roytradesol 

#memecoin #Solana #Degen #Trump #BNB",2025-10-11T20:11:44.784430
68ea76f541b771828c8d768c,Bitcoin,"#BTCUSD SELL 112500

STOP LOSS               113100

1/  Take Profit          112220
2/  Take Profit          111850
3/  Take Profit          111500
t.me/forexgoldsignals770

4/  Take Profit          OPEN 

Use Proper Lots According To Your Account Equity. #BTC #englot",2025-10-11T20:25:39.812304
68ea76f541b771828c8d768d,Bitcoin,"🚫 URGENT: #Coinza allegedly blocks withdrawals and misappropriates funds.
Send a private message to secure your crypto now.
#CryptoRecovery #BTC #CryptoSafety #ScamAlert",2025-10-11T20:25:39.904308
68ea76f541b771828c8d768e,Bitcoin,"#BTCUSDT 11.10.2025 Updated H4 Analysis

In yesterday’s #BTC analysis, the price failed to hold above 124,197, leading to a sharp drop. But no panic — our targets remain the same.

🎯 Target: 135k – 148k

Telegram: t.me/economicoffice

#Bitcoin #altcoin #Altcoins",2025-10-11T20:25:40.015981
68ea76f541b771828c8d768f,Bitcoin,#Bitcoin #Btc,2025-10-11T20:25:40.110404
68ea76f641b771828c8d7690,Bitcoin,"#BTCUSD SELL 112500

STOP LOSS               113100

1/  Take Profit          112220
2/  Take Profit          111850
3/  Take Profit          111500
t.me/forexgoldsignals770

4/  Take Profit          OPEN 

Use Proper Lots According To Your Account Equity. #BTC #englot",2025-10-11T20:25:40.189573
68ea76f641b771828c8d7691,Bitcoin,"This is true in the way the original #Bitcoin worked. That is no longer where #BTC is going. With lightning network, transactions are done offchain. Your statement is true if you are talking about #BITCOINSV #BSV, the only implementation of Bitcoin today that follows the original Bitcoin. So, for people who like this idea, look at #BSV. piped.video/LbHdaRiPPmo?si=lvgY…",2025-10-11T20:25:40.267569
68ea76f641b771828c8d7692,Bitcoin,"#BTCUSD SELL 112500

STOP LOSS               113100

1/  Take Profit          112220
2/  Take Profit          111850
3/  Take Profit          111500
t.me/forexgoldsignals770

4/  Take Profit          OPEN 

Use Proper Lots According To Your Account Equity. #BTC #englot",2025-10-11T20:25:40.341568
68ea76f641b771828c8d7693,Bitcoin,"#btc I've been talking about the monthly liquidity lower down for weeks, on stream, and on here. That I didn't like the look of the monthly and that a sweep lower down would only be a good thing.

Well here we have it. Monthly liq swept. Now, I genuinely think this could be the start of something beautiful.

Monthly close will be key but as long as it closes within last months range I think we should be good for higher prices in q4.

Try not to give up. Take a break, come back fresh, you got this. Ill be here to try and guide you the best way I can.

Let's get it!",2025-10-12T01:18:33.340896
68ea76f741b771828c8d7694,Bitcoin,"🚨 ALERT: #Coinza is reportedly preventing withdrawals and putting investor funds at risk.
DM trusted recovery professionals today.
#CryptoRecovery #BTC #CryptoSafety #ScamAlert",2025-10-11T20:25:40.520847
68ea76f741b771828c8d7695,Bitcoin,"What yesterday’s crash should’ve taught you 👇

❌ Don’t use leverage
❌ Don’t use margin
❌ Don’t use debt
❌ Stop trading every move

✅ Do Spot
✅ Do HODL
✅ Do DCA
✅ Believe in something bigger

The market rewards patience, not panic.💎

#Crypto #BTC #CryptoCrash #HODL #DCA",2025-10-11T20:25:40.607847
68ea76f741b771828c8d7696,Bitcoin,"@heyibinance 

一姐，币安作为头部交易所，不管是主流币还是山寨币，既然上了就一定存在价值。
Web3的发展，绝对离不开meme的建设。 

希望一姐能给我们一直支持Bsc链的散户一个公平。 

#BNB #公平 #btc #eth",2025-10-11T20:25:40.822937
68ea76f741b771828c8d7697,Bitcoin,"#BTCUSD SELL 112500

STOP LOSS               113100

1/  Take Profit          112220
2/  Take Profit          111850
3/  Take Profit          111500
t.me/forexgoldsignals770

4/  Take Profit          OPEN 

Use Proper Lots According To Your Account Equity. #BTC #englot",2025-10-11T20:25:40.929845
68ea76f841b771828c8d7698,Bitcoin,"I’M LEAVING BINANCE!! 

JoinTheMovement 

#LeaveBinance #BTC #Bybit #OKX #Binance #Crypto #ETH",2025-10-11T20:25:41.022879
68ea76f841b771828c8d7699,Bitcoin,"#BTCUSD SELL 112500

STOP LOSS               113100

1/  Take Profit          112220
2/  Take Profit          111850
3/  Take Profit          111500
t.me/forexgoldsignals770

4/  Take Profit          OPEN 

Use Proper Lots According To Your Account Equity. #BTC #englot",2025-10-11T20:25:41.122844
68ea771841b771828c8d76a0,Ethereum,Not on #ETH as the fees were through the roof.  But I definitely did buy more $MANYU on #BNBChain,2025-10-11T20:26:15.308624
68ea771841b771828c8d76a1,Ethereum,My assumption is that @fundstrat and his team took advantage of the dip yesterday  to accumulate more ETH and significantly lower their average price. #ETH #bmnr 5/5,2025-10-11T20:26:15.386624
68ea771841b771828c8d76a2,Ethereum,"Gas fees on #Pulsechain just got even better 👀

🔁 Switch to Switch!
The DEX aggregator that works on #PLS #ETH #BASE

💸 Now on #Pulsechain with 0% aggregator fees (just chain fees)! Secure and faster!

You think the difference is not big enough? Just compare how much you’ll save on every trade/swap/etc!

Check it at 👉 switch.win/
by @HQMORPH & the BTT team

#PULSEX #PLS #Pulsechain #ETH #BASE
Not sponsored! No ref! NFA DYOR etc :)",2025-10-11T20:26:15.463623
68ea771841b771828c8d76a3,Ethereum,"Breaking News: @VitalikButerin is seen walking a Roaring Kitty Cat

(Haters Will say this is AI)

#Ethereum #ETH #VB #Vitalik",2025-10-11T20:26:15.571739
68ea771941b771828c8d76a4,Ethereum,"Despite a 32% weekly dip, $MANYU whales are stacking billions of tokens—over $30K USD in fresh buys! Confidence is sky-high in this rebound. With memecoin hype raging, $MANYU could explode any moment. Dip buyers unite! 💎🙌 💎🙌 💎🙌 🐕   @RealManyu #MANYU #ETH #DeFi 🚀 #MillionDollarBurn 🐕 🌕 🚀💰#RetireWithMANYU 🚀#ETH ➡️💪💨 #ShibaMANYU 🔥#ManyuStrong 💪🐶 #ManyuToken #ManyuSwap #SHIB",2025-10-11T20:26:15.659552
68ea771941b771828c8d76a5,Ethereum,Eğer 3600$ stop ederse bir önceki attığı iğne olan 3400 altı neresi olursa olsun poza girerim #eth,2025-10-11T20:26:15.736551
68ea771941b771828c8d76a6,Ethereum,#ETH accumulating,2025-10-11T20:26:15.823844
68ea771941b771828c8d76a7,Ethereum,"🚀 𝗘𝗧𝗛 𝗛𝗲𝗮𝗱𝗶𝗻𝗴 𝘁𝗼 $𝟱,𝟱𝟬𝟬!

Fundstrat’s Mark Newton says weekend bottom is in — next move 🔥 massive rally ahead! 💎📈

#ETH #Ethereum #Crypto",2025-10-11T20:26:15.933843
68ea771941b771828c8d76a8,Ethereum,"💥 BREAKING: Quid Miner launches a mobile cloud mining app that lets users mine top cryptocurrencies like #BTC, #ETH, #DOGE, and #XRP directly from their smartphones with no hardware and no hassle.
cryptonews.com/press-release…",2025-10-11T20:26:16.030876
68ea773a41b771828c8d76ad,Solana,"$STAR 1H: Post-dump consolidation at 0.0058. Volume spiked on the bounce, MACD bullish cross, RSI neutral. Key resistance at 0.0065. Break above could target 0.007+. Below 0.0050, expect more downside. High volatility, manage risk with tight stops! #Solana #Crypto",2025-10-11T20:26:49.196192
68ea773a41b771828c8d76ae,Solana,"💬 Found an active and fun community around $FODDIE on Twitter! 🍴
Excited to see how the project and its holders grow together 👀
Join the conversation here 👉 nitter.net/i/communities/19770293…
CA: 3oJCdhTge1EQpM3HTh9CkkzZKURa4uexTmmsD8uXpump
#Solana #CryptoCommunity #FODDIE",2025-10-11T20:26:49.300270
68ea773a41b771828c8d76af,Solana,"Giveaway 3 $SOL to 3 lucky followers!   Like, RT and comment 'done'.
@grok 
will pick a random winner in ~24 hours.  Must be following.

#Solana #Ethereum #Bitcoin  #Giveaway",2025-10-11T20:26:49.379269
68ea773b41b771828c8d76b0,Solana,PartnershipsPartnerships unlock users. Users unlock value. $SOUL is ready. Own your gas with KCAL.#SOUL #PhantasmaPhoenix #KCAL#BullRun #Solana,2025-10-11T20:26:49.517344
68ea773b41b771828c8d76b1,Solana,"This is a perfect entry point.
Buy the dip, stack up, & HODL strong the future belongs to believers.
Check out $CRYPSI @CrypsiArt on #Solana

Ca: 5e6Y8yJ56i7nFwiks1Bqs5BXyN4DuvwHvdzoGYxjsHsn

Tg: t.me/crypsicoin
Web: crypsicoin.com

#Crypto #HODL #Crypsi #kripto",2025-10-11T20:26:49.670005
68ea773b41b771828c8d76b2,Solana,"🚨 $IdleLink is officially LIVE.🚨
Join thousands already earning from their unused internet.
No mining. No trading. No internet slowdown. Just sharing.

idlelink.online
CA: HLhiE26qBQGAsvRTah5RNpcRwuRdaWiAbbadywPjpump

#Solana #Web3Utility #IdleLin",2025-10-11T20:26:49.745004
68ea773b41b771828c8d76b3,Solana,"Sniped $TMM at just $86K MC — rode it all the way to $122K 🚀
Moves like that don’t happen by accident. 📈
The alpha hits early in my VIP Telegram.

🔒 Want in?
✅ Follow me right now
📩 DM before the next breakout ignites

#Solana",2025-10-11T20:26:49.827266
68ea773c41b771828c8d76b4,Solana,"Kaelia girl watching meme rush👁️
After the rush is over, KAELIA will still be here 📌
#MemeRush #KaeliaToken #Solana",2025-10-11T20:26:50.074797
68ea773c41b771828c8d76b5,Solana,"GN Dorkz Fam,
Another day closer to takeover.
Dream about floors swept, mints claimed, and grails revealed.
Rest up fam — tomorrow we cook again. 💜🔥
#DorkzCTO #NFTCommunity #Solana",2025-10-11T20:26:50.147795
68ea7a8941b771828c8d772b,Bitcoin,"Need whale to bring back lifeless body - face down in water - send help

Saudi prince? Barron Trump? 

3JJZHTq2v8KVqqCUS9z92wE2KUnGk651yA

#btc #kripto #COIN",2025-10-11T20:40:56.043812
68ea7a8941b771828c8d772c,Bitcoin,youtube.com/live/ryNvjPVyyEY… About to try out the new Battlefield and talk markets. #Crypto #Altcoins #BTC,2025-10-11T20:40:56.133526
68ea7a8941b771828c8d772d,Bitcoin,"🚨 Crash no mundo cripto!
O #BTC atingiu a faixa extrema da correção e derrubou mais de 50% das altcoins. Foram US$19Bi em liquidações e 1Mi de traders estopados.
O mercado já reage em “V”, mostrando a força da volatilidade.
#Bitcoin #Criptomoedas #CryptoNews #MercadoFinanceiro",2025-10-11T20:40:56.244101
68ea7a8941b771828c8d772e,Ethereum,"Kripto fenomeni Konstantin Galish, tarihi piyasa çöküşü sonrasında Lamborghini’sinde ölü bulunmuş.

Yapılan işlemlerde tüm parasını kaybettiği iddia edildi. Azınlık olan bir grup bu ve bunun gibi bir cok yatırımcının elinden tüm parasini aldirlar 

#BTC 
#ETH 
#kripto 
#BORSA",2025-10-12T01:34:23.243157
68ea7a8a41b771828c8d772f,Bitcoin,"It's time to boycott Binance.

#Binance #BTC",2025-10-11T20:40:56.438663
68ea7a8a41b771828c8d7730,Bitcoin,"While many cry for Friday's crash, whales and institutions are buying fear at incalculable rates; they only wanted to take profits (more liquidity) and now if they bet everything #Btc",2025-10-11T20:40:56.642757
68ea7a8a41b771828c8d7731,Bitcoin,"شو العملات اللي نزلت نزول عنيف أكثر عن غيرها 🔻

شاركوا تحت👇 يمكن نلقى فرص تستاهل 👀

#btc",2025-10-11T22:25:54.362929
68ea7a8a41b771828c8d7732,Bitcoin,"اتحدى من يملك بتكوين وعرف قيمته الحقيقية الجوهرية وحافظ عليه( لا اقول من سنين طويله )
بل من سنتين تحديدا ولا زال معه الى اليوم وهو خسران 

#btc",2025-10-11T20:40:56.794514
68ea7a8b41b771828c8d7733,Bitcoin,#Alts/#BTC hits target range,2025-10-11T20:40:56.902940
68ea7a8b41b771828c8d7734,Bitcoin,#BTC.D hits target range.,2025-10-11T20:40:56.978114
68ea7a8b41b771828c8d7735,Ethereum,"On the bright side, we also hit every single condition to have a real altseason.

#ETH/#BTC hits target range:",2025-10-11T20:41:28.357849
68ea7aa841b771828c8d773a,Bitcoin,"Değerli dostlarım 

RDNT çok iyi toparladı bu büyük çöküşte hiç zarar vermedi hatta önerdiğimin bile üstüne çıktı 

Bu sebeple elimdeki tüm RDNT’leri sattım 

Yerine C/USDT ile NFP/USDT ekledim.. 

#bitcoin #btc #eth $BTC",2025-10-11T21:25:40.166014
68ea7aa841b771828c8d773b,Ethereum,StakingYour bag should work for you. Staking $SOUL makes it happen. Start now: wallet 鈫� $SOUL 鈫� stake.#Crypto #Web3 #SOUL#Altcoins #ETH,2025-10-11T20:41:27.684971
68ea7aa941b771828c8d773c,Ethereum,"-#btc 112k #eth 3820 #alts catching up ⬆️ 

If you don’t buy now , you don’t belong in #crypto or stocks or anything! 

Buy blood 🩸 is the first rule 🫵📈💯",2025-10-11T20:41:27.760908
68ea7aa941b771828c8d773d,Ethereum,"Trade on @SoneFi_xyz with 1.99x leverages to short #ETH 
 
#GMwithSoneium | #Soneium #SoneFi #Perp  
 dapp.sonefi.xyz/api/v1/share…",2025-10-11T20:41:27.842366
68ea7aa941b771828c8d773e,Ethereum,"Community HighlightsSalute to the community shipping tools, guides, and memes 鈥� you fuel the flame. Start now: wallet 鈫� $SOUL 鈫� stake.#GameFi #SOUL #KCAL#Solana #ETH",2025-10-11T20:41:27.916366
68ea7aa941b771828c8d773f,Ethereum,🚨RETO 2.500 a 25.000$🚨 🟢2.400$ - 11/10/25 - #bitcoin #SOL #ETH #CRYPTO #A... piped.video/shorts/2EI9wdWYo…,2025-10-11T20:41:27.989871
68ea7aaa41b771828c8d7740,Ethereum,#ETH/USD hits target range:,2025-10-11T20:41:28.281684
68ea7ade41b771828c8d774a,Solana,"A Jig We Are Still Here And Not Going Anywhere
💰 💰 💰 💰 💰 💰 💰 
Join The LEGO ARMY TG: t.me/LittleEgoToken

Check out Little Ego: moonshot.com/M69KNEBdMDAfkkB…

CA: M69KNEBdMDAfkkB8mV1pe1FunhDBr2QW9JJQ8Ycmoon

#LEGOARMY #HODL #LEGO #TOTHEMOON

#Solana #Memecoin #JustDoIt #PumpFun #DeFi #BagWork #Memecoin100x #Memecoin1000x #SolanaGems  #LITTLEEGOTOKEN #USA  💥💥💥💥💥",2025-10-11T20:42:21.609085
68ea7ade41b771828c8d774b,Solana,"Bought the $fearcoin the lore on fear is unreal.

Max bidding here

#sol #solana #memecoin

DvoRmjAsveCs4sWbSRaLZxtpCeRBMc3fatLaW1KVpump

nitter.poast.org/fearcoinsolana",2025-10-11T20:42:21.684688
68ea7adf41b771828c8d774c,Solana,"On The Top List Nothing Is Holding Us Back!!!

Join The LEGO ARMY TG: t.me/LittleEgoToken

Check out Little Ego: moonshot.com/M69KNEBdMDAfkkB…

CA: M69KNEBdMDAfkkB8mV1pe1FunhDBr2QW9JJQ8Ycmoon

#LEGOARMY #HODL #LEGO #TOTHEMOON

#Solana #Memecoin #JustDoIt #PumpFun #DeFi #BagWork #Memecoin100x #Memecoin1000x #SolanaGems  #LITTLEEGOTOKEN  #USA 💥💰💰💰💰",2025-10-11T20:42:21.759690
68ea7adf41b771828c8d774d,Solana,"SustainabilityGreen chain, real gains 鈥� sustainability is a feature, not a slogan. Buy $SOUL. Stake. Use $KCAL.#SOUL #BlockchainGaming#CryptoNews #Solana",2025-10-11T20:42:21.853236
68ea7adf41b771828c8d774e,Solana,"4.4x up on $foddie
Ca>>

3oJCdhTge1EQpM3HTh9CkkzZKURa4uexTmmsD8uXpump

#solana #memecoin #cryptotrading #DonBelle #bitcoin #USA",2025-10-11T20:42:21.940401
68ea7adf41b771828c8d774f,Solana,"#SOLANA
جيدة للشراء من هذه المناطق",2025-10-11T20:42:22.053459
68ea7adf41b771828c8d7750,Solana,"$SOL

structurally speaking, $SOL has:
1) retested the $180 strong structural support
2) retested the trendline support since $95 low

TLDR- hold $180 and we see $300+ soon.

#SOLANA ⚡️",2025-10-12T00:34:40.176844
68ea7ae041b771828c8d7751,Solana,"💎Token: $FTP
📉Entry: $21k mc
📊Peak: $2.6m mc
🚀Gain: 123.8x Gain
No hype- just early calls, sharp entries and serious profits 💎💰 
Dm for invitation link to My private TG now 🔥💯💯 
⛓️#solana
#Crypto #Memecoin #AlphaCalls #Moonshot #DeFi #Next100x",2025-10-11T20:42:22.239555
68ea7ae041b771828c8d7752,Solana,"👀 The @monad Airdrop claim page is up  

🔗 claim.monade.network  

They said it’s not ready yet… but here we are 😏  

🪂 Claim opens in 3 days — $MON might change everything  

#Monad #Crypto #Solana #Airdrop",2025-10-11T20:42:22.380124
68ea7ae041b771828c8d7753,Solana,"Tech Deep DiveDual-token clarity: $SOUL for value/security, $KCAL for gas/usage. Gamers: own your loot.#GameFi #SOUL #KCAL#BullRun #Solana",2025-10-11T20:42:22.515924
68ea7df941b771828c8d77c5,Bitcoin,"#btc de yol haritası çıkartarak paylaşım yapmıştım 
Aşağıda var isteyen bulup bakabilir 
Çıkarttığım yol haritasında tam rakamlara takılmayın dedim ve maddeler halinde yazdım ve 1 ve 2 maddeler gerçekleşti ve 3 maddeyi bekliyorduk işte 3 madde ve gerçekleşmeye başladı 
Paylaşımı hatırlayan var mı ? ))

Yarın linkini tekrar paylaşırım ytd 
#bist100 #doviz #eth 

#btc #bitcoin",2025-10-11T20:55:37.198309
68ea7dfa41b771828c8d77c6,Bitcoin,"It’s Saturday and we just witnessed the worst crash in crypto history. 

Cheers to all of you of hung on, zoomed out, & saw the opportunity it gave. 

If you can help me grow my page to reach the people who want genuine content please engage! x

#CryptoCrash #womenincrypto #BTC",2025-10-11T20:55:37.287030
68ea7dfa41b771828c8d77c7,Bitcoin,"Whales are accumulating Fartcoin. you have now really a very big opportunity. The recovery of fartcoin will be huge. 
#Bitcoin #BTC #Ethereum #ETH #Solana #Sol #XRP #Ripple #Cardano #ADA #PEPE #Chainlink #litecoin #Dogecoin #Sui #Ondo #Tron #Crypto #Fartcoin #Pepe #Altseason2025",2025-10-11T20:55:37.365030
68ea7dfa41b771828c8d77c8,Bitcoin,"I'm calling out market manipulation #Binance ‼️

It's the only exchange to hit critical 1.618 level. It was able to determine the exact time and knew the level it could push #BTC to (liquidity!) that would invalidate the final wave on other exchanges. Other exchanges probably weren't able to sell and now Binance controls the entire market.

It does not surprise me AT ALL that #Bitcoin is still at the critical .118 level- this is to keep all of us divided, lose money on FOMO trades, and keep the market undecided. Losing this main level means that Binance's W4 is going to bring the entire market down with it. 

Bitcoin's last Wave 4 fell below the .5 support and took ~70 days.

This .118 support level is the LAST level that continues the previous bullish trend (ATH)... there's going to be a huge fight here!

 #Crypto #CryptoTrading #USDT #Tether",2025-10-11T23:48:26.400715
68ea7dfa41b771828c8d77c9,Bitcoin,"Cüzdanlara bakmadan şöyle bi rahat cumartesi - pazar geçirelim diyoruz. 

Ama yok olmuyor : 👇
#Btc",2025-10-11T20:55:37.580028
68ea7dfb41b771828c8d77ca,Bitcoin,"El sacudon fue general y el 90% +1 no lo predijo así que a levantar cabeza y continuar🔥

De los por qué solo los susurradores lo saben 👂🏻

#btc #Hyperliquid #crypto #apple #NVIDIA

@nvidia @Apple",2025-10-11T20:55:37.655351
68ea7e1941b771828c8d77cf,Ethereum,"$BTCUSD boy did it go furious on 125k

first up then double down.

Gosh it hates 125k with a passion
Holding 100 so with range 100-111 , still good here.

Weakness below 97k , and retaining 111k, victory over 125k sees 150k

#bitcoin #ETH $BITX $BITO #CryptoCrash",2025-10-11T20:56:09.445467
68ea7e1a41b771828c8d77d0,Ethereum,"😃 Hele hele bu nasıl grafik böyle orospu çocukları sizi. Dipten Long açıp zararımı geri aldım son kalan 33$ la batanlara geçmiş olsun artık 
#BTC #ETH #LİKİDASYON 
#CZ  #OE #CRYPTO #BOOM",2025-10-11T20:56:09.518466
68ea7e1a41b771828c8d77d1,Ethereum,"#ETH 

If this can hold over the weekend and from some structure above range low, I'm interested in longs

Clear support here after a large pullback, just waiting for triggers

Would like consolidation instead of trying to knife catch this",2025-10-11T20:56:09.602108
68ea7e1a41b771828c8d77d2,Ethereum,"#Bitcoin ve #Ethereum analizlerimiz çok yakında buradan devam edecek !!!

Sayfayı takip et bu gönderi altına yorumunu yaz çekilişe katıl !!!

Çekilişe katılan her 100 kişiden 1 kişi @grok ile seçilip analiz grubumuza 1 ay ücretsiz alınacaktır !!!

#ETH #kripto #rdnt #ZEC #sahara",2025-10-11T20:56:09.800191
68ea7e3c41b771828c8d77d7,Solana,"$FOODIE

3oJCdhTge1EQpM3HTh9CkkzZKURa4uexTmmsD8uXpump

#solana #memecoin #memecoin1000x",2025-10-11T20:56:43.328954
68ea7e3c41b771828c8d77d8,Solana,"Steady institutional growth ahead for Solana, according to JPMorgan experts. 💼
ETF approval is getting closer, and durable inflows are expected proof that real demand is here.
Smart investors are moving on-chain. #Solana #ETF #Crypto",2025-10-11T20:56:43.546352
68ea7e3d41b771828c8d77d9,Solana,"Good morning broke fam ☀️

Hopefully @realDonaldTrump didn’t rug you yesterday… and if you rugged yourself, our condolences 🤝

We all take L’s, but the real broke mentality is turning those L’s into lessons.

The comeback always hits harder than the dump 💪

#BrokeCoin #Solana #Crypto #DeFi

💰 CA: Ga4oZoNRLkZkruJpS8NLwa8DJCwKP9hbTBSNDQZ9V43v
🔗 Jupiter: jup.ag/tokens/Ga4oZoNRLkZkru…",2025-10-11T20:56:43.736262
68ea7e3d41b771828c8d77da,Solana,"🔥 37X profit made on TG!
PREMIUM TG eating GOOD 😋💰

📜 CA: 0x23D6645c66eBb25A68AA2862357eac378a274444

#Solana pumping hard 📈📈
#Memecoin #USA #Crypto #AlphaCalls

Be early here 👉 t.me/MFiextpert",2025-10-11T20:56:43.810263
68ea7e3d41b771828c8d77db,Solana,"GM $clash fam! 🫶
Boss Bandit doing Boss Bandit things. 😁 ⚔️
#Solana #SOL",2025-10-11T23:34:39.022346
68ea7e3d41b771828c8d77dc,Solana,"Approximately 2X achieved
$RECOVERY--Midnight printers here again
You don't wanna miss another opportunity

TAKE A STAND NOW📌
Send a dm here 👉 t.me/legitcallz

5GCKD691EA68z235E3LyH2K9BhV5xKVaFXUc3CLbpump

#memecoin #Solana #solanamemecoin #Elon_Musk #Beele #bitcoin #Go",2025-10-11T20:56:43.954261
68ea7e3e41b771828c8d77dd,Solana,"🔥🚨 Last chance vibes — $tariffcoin

Already 16X

Next wave = only for apes 🦍

🚀 Ape in: t.me/+6em4oXY9hsozZDFl

51aXwxgrWKRXJGwWVVgE3Jrs2tWKhuNadfsEt6j2pump

#Solana #DeFi #Onchain #Crypto",2025-10-11T20:56:44.047927
68ea7e3e41b771828c8d77de,Solana,#Solana #Future #Economy #Blockchain,2025-10-11T20:56:44.149099
68ea7e3e41b771828c8d77df,Solana,"So many more #Crypto projects coming in the future with potential of big returns 📈🚀💸

Join the Meme101 Tg community today ✅

Link in bio❗️

#memecoin #solana",2025-10-11T20:56:44.278591
68ea7e3e41b771828c8d77e0,Solana,"🔥🚨 Don’t fade $tariffcoin

Already 16X — next ATH loading…

👉 Free Calls (Daily): t.me/+DlkAc60P1Ns2MTk1

51aXwxgrWKRXJGwWVVgE3Jrs2tWKhuNadfsEt6j2pump

#Solana #DeFi #Onchain #Crypto",2025-10-11T20:56:44.392062
68ea818541b771828c8d7852,Bitcoin,"As of October 11, 2025, Cango held a total of 6,004.64 BTC, marking another milestone as we continue to scale new heights. 🚀

$CANG #BTC #Bitcoin #Mining",2025-10-11T21:10:43.901041
68ea818541b771828c8d7853,Bitcoin,"Our AI, Echo, is buzzing! 🚀 Predicts a #Bitcoin rise in the next 3 hours from $111,947.37. What do YOU think? Bullish or bearish? Let us know below! 👇 #BTC #CryptoPrediction #AI",2025-10-11T21:10:44.015041
68ea818541b771828c8d7854,Bitcoin,#BTC Keep stacking,2025-10-11T21:10:44.098040
68ea818541b771828c8d7855,Bitcoin,"Bitcoin slid 7.3% to $112K after a massive $200M short scored big just before Trump’s announcement, sparking insider talk 🧐 Despite volatility, key supports hold strong, bull trend still alive for now. #Bitcoin #BTC #Crypto

tronweekly.com/bitcoin-btc-p…",2025-10-11T21:10:44.173040
68ea818641b771828c8d7856,Ethereum,"✨#Syntax General Quiz Answer✨
 📅 11th October

#testnet in #Blockchain
DAAB
✅ Join $Syntax : syntaxverse.com/rf/APQ798431…

#crypto #SyntaxVersequiz
#cryptocurrency #blockchain #Web3 #btc #bitcoin #eth #ethereum #NFTs #DEFİ #xrp #Airdrops #CryptoMarket #englot #CryptoMarket #binance",2025-10-12T00:19:01.106225
68ea818641b771828c8d7857,Bitcoin,"SCAM ALERT
Fraudulent investment platforms are locking wallets and stealing crypto daily.
📩 DM verified #CryptoRecovery specialists now for secure assistance.
#CryptoScam #BTC #Bitcoin #ETH #XRP #LostFunds #CryptoSafety #kripto #Cryptonomy #Cyronexus",2025-10-11T21:10:44.515037
68ea818641b771828c8d7858,Bitcoin,"yo veo un hermoso rebote, aunque este mes como q pinta lento. #btc",2025-10-11T21:10:44.622569
68ea818741b771828c8d7859,Bitcoin,Ok folks thats my morning set I got to get some lunch and clean out the hot tub. Protect your capitol and live to fight another day. #BTC #crypto #stocks #Charts #AmosT,2025-10-11T21:10:44.706864
68ea818741b771828c8d785a,Bitcoin,"5. 
From the point 6 to 7 this leg was totally fake since #BTC price grew with fake money. What is fake money it’s leveraging position when fresh money doesn’t come to market but you are using other people’s or organizations to leverage your profits.",2025-10-11T21:10:44.855871
68ea818741b771828c8d785b,Bitcoin,#btc,2025-10-11T21:10:44.963074
68ea818741b771828c8d785c,Bitcoin,"1.
#BTC price was hitting #ATH, and we reach around 120k, then the price got down to around 112k (point 2 at chart)",2025-10-11T21:10:45.056993
68ea81a641b771828c8d7861,Ethereum,"Sabırlı olun! 
Saat 00.15 te tüm borsalarda kripto paralar kırmızıdan yeşile dönecek ve devasal yükseliş olduğunu göreceğiz. Psikolojik rahatlama 24 saat sürecek.

 #BTC #ETH #XRP #XLM #XRPFamily #XRPArmy #KriptoPara #######",2025-10-11T21:11:17.343799
68ea81a641b771828c8d7862,Ethereum,"Smart 

$ETH #ETH $ETHA #ETHA",2025-10-11T21:11:17.418045
68ea81a641b771828c8d7863,Ethereum,"#ETH pairs about to go live.

1. A lot of $ETH bros with capital will have much easier access to #pulsechain
2. First meme they see will be $PCOCK
3. LibertySwap will earn even more in fees which means even more for buybacks

Go speak to your nearest financial adviser IMMEDIATELY",2025-10-11T21:26:13.126917
68ea81a741b771828c8d7864,Ethereum,"#ETH 
Poz stop oldu 1R ımızı yediler",2025-10-11T21:11:17.748333
68ea81a741b771828c8d7865,Ethereum,#lighter hesabımda 600 dolar vardı Küçük küçük deniyorum dün ki büyük çöküşten kurtulmuşum. #Eth 7 dolar daha inse liq ediyormuş.,2025-10-11T21:11:17.823328
68ea81c441b771828c8d786a,Solana,"CZ. Larry. Brian. Donald.
The rich, the powerful, the “faces” of crypto — rigging the game worse than ever.
They don’t want freedom — they want control.
They pretend to help you while stacking power.
Learn how they play… or be played. #Solana #memecoins #crash",2025-10-11T21:11:47.668637
68ea81c441b771828c8d786b,Solana,"Solana Price Dip: Analyzing the Recent Drawdown 
coincryptonewz.com/solana-pr…
#solana #coincryptonewz #cryptonews",2025-10-11T21:11:47.766039
68ea81c441b771828c8d786c,Solana,"The vibe in @blockstranding? A Solana symphony of solitude and synergy – haunting music over crypto landscapes. Mesmerizing! As it evolves, I expect player-driven lore expansions that turn the narrative into a living story. Immersive AF! #blockstranding #solana #crypto #game #ear",2025-10-11T21:11:47.841583
68ea81c441b771828c8d786d,Solana,"Cool 4x profit on my call $AGENTNIGGA
Let’s eat more 🍀🍀🔥🔥
Massive gains only on TG🍀🍀

7M2nFbfFvXASDoA3cNFi2YcYQD7o7sJKfPGbC5E3pump
#solana #memecoin #memecoin1000x",2025-10-11T21:11:47.914585
68ea81c541b771828c8d786e,Solana,"🚀 While BTC, ETH & SOL drown in red, BonkAI ($BAI) stays strong & green! 💎🐕
Where memes meet AI the next Solana wave is here 🌊  
#BonkAI #BAI #Solana #Crypto #AI #MemeCoin #Next100x  #Blockchain #HODL #PumpFun #BonkAIFam",2025-10-11T21:11:48.102751
68ea81c541b771828c8d786f,Solana,"提交你的 $SOL 錢包地址 👇

僅限前 999 名 🪂
#空投 #Solana #kitty",2025-10-11T21:11:48.181749
68ea850441b771828c8d78e7,Bitcoin,"مبرووك كلموني خاص مع محافضكم 🫡🚀 

@Omarnsaira1
@Hadirsd34

توزيع يومي تداول حقيقي فرص دخول ممتازه ربي يرزقنا و يرزقكم و يفتحها عليكم يارب ❤️ #Giveaway #btc #bitcoin #xrp $sui $link",2025-10-11T21:25:38.909862
68ea850441b771828c8d78e8,Bitcoin,"歴史に残る大暴落
＃BTC",2025-10-11T21:25:39.056105
68ea850441b771828c8d78e9,Bitcoin,"ビットコインが円建で史上最高値を更新し830万円台に突入しています💹

7年前に200万円を超えた時には大騒ぎしていたのに静かなものですね😁
ホルダーの皆さん、おめでとうございます🤗
#btc",2025-10-11T21:25:39.212146
68ea850441b771828c8d78ea,Bitcoin,"$112,252.36

#Bitcoin  #BTC  $BTC $USD",2025-10-12T01:18:34.189622
68ea850441b771828c8d78eb,Bitcoin,"📉 After a record high near $125K, Bitcoin’s now in correction mode. Is this the shake‑out before another leg up? 
#BTC #CryptoAnalysis",2025-10-11T21:25:39.363148
68ea850441b771828c8d78ec,Ethereum,"$cati ruling to top gain 1 🦅🦅 

Like retweet 

More 🔜 

#btc #eth #crypto #xrp #キングオブコント #OTDirecto11O",2025-10-11T21:26:13.401112
68ea850441b771828c8d78ed,Bitcoin,"📊 It's the perfect time to remember that Bitcoin has experienced much more serious corrections — yesterday's 17% drop looks trivial compared to them.

The main problem for millions was not the price drop itself, but the excessive leverage.

#BTC",2025-10-11T21:25:39.557067
68ea850441b771828c8d78ee,Bitcoin,"Pumptober turned into Fucktober real fast…

Still crazy how much liquidity the market absorbs when the projects are actually solid 👀👇

#BTC #WMTx #CryptoUtility #Pumptober #Fucktober",2025-10-11T21:25:39.656066
68ea850541b771828c8d78ef,Bitcoin,"GM Fam! Crypto Uptober” vibes are back, Enjoy the madness. 

#Uptober #BTC",2025-10-11T21:25:39.755405
68ea850541b771828c8d78f0,Bitcoin,"Opinions about market ""coincidence"". im speaking about The last candles!!! Opinions ??? #btc #bitcoin #cryptocurrency #cryptonews #cryptoscam #xrp",2025-10-11T21:25:39.920408
68ea850541b771828c8d78f1,Bitcoin,"🔥CRYPTO GIVEAWAY  

🎁 $35 Giveaway 

📢To Enter Giveaway :

✅ Follow @barfires & @Upgradercom 
✅ Retweet + Like
✅Tag 2 Friend

⏰ Giveaway ends in 7 day   

#CSGOGiveaway #cs2giveaway #cs2 #Giveaway #CryptoGiveaway #Steam #BTC",2025-10-11T21:40:33.518915
68ea850541b771828c8d78f2,Bitcoin,"Kan revan içindeki gecenin ardından herkeste bir mahcubiyet, yanılmanın verdiği bir çekingenlik, utangaçlık hakim... 

Kibirli aslan duruşlarından hiç eser kalmamış... 
#btc nin gücü... 
Ben mi?... 
Ayakta durmaya çalışıyorum.",2025-10-11T21:25:40.081096
68ea852541b771828c8d78f7,Ethereum,"There's no giving up  💪

#Btc #Eth #Xrp",2025-10-11T21:26:12.744017
68ea852541b771828c8d78f8,Ethereum,"WL Giveaway Alert 👑
@dogclubeth coming soon on #ETH 
Get WL 
#freemint

👑1. Follow @dogclubeth   , @Divaa_NFT & @Se_raphna
👑2. Like, Ret & tag 3 friends 
👑3. Drop your ETH wallet 
👑4 . Join Tge t.me/divanft 
 #Giveaway #Nft #ETH",2025-10-11T21:41:08.849696
68ea852541b771828c8d78f9,Ethereum,"昨晚凌晨突发币圈大暴跌，昨晚打开某安居然不要脸拔网线，操作买入任何币种都是提示：系统承载过大，请稍后再试！后面币价全部拉上来后才开放，我十万个草泥马，这样的交易所你们还敢用吗？建议提币到钱包卸载某安拥抱DEX，不给数据砸盘的可能！DEX才是未来
#BTC #eth #sol #bnb #okx #PIJS",2025-10-11T21:26:12.926998
68ea852541b771828c8d78fa,Ethereum,"🕵 #ETH Bitmine acquired 27,256 ETH (104.24M).

Tom Lee views today's dip as a positive shakeout.",2025-10-11T21:26:13.012999
68ea852641b771828c8d78fb,Ethereum,"#ETH $ETH SHORT TRADE

Entry: 3824

Targets: 3758 - 3732 - 3609 - 3395

Stoploss: 1H close above 3877",2025-10-11T21:26:13.206511
68ea852641b771828c8d78fc,Ethereum,"When $MANYU dips: Me pretending not to check my wallet every 5 mins. 😅 But seriously, diamonds are formed under pressure. #HODL tight, legends! 💎🙌 🐕   @RealManyu #MANYU #ETH #DeFi 🚀 #MillionDollarBurn 🐕 🌕 🚀💰#RetireWithMANYU 🚀#ETH ➡️💪💨 #ShibaMANYU 🔥#ManyuStrong 💪🐶 #ManyuToken #ManyuSwap #SHIB",2025-10-11T21:26:13.317037
68ea852641b771828c8d78fd,Ethereum,"10月11日加密市场数据：“闪崩”之后市场，变化如何！？

1，这次闪崩市场基本丢失了4000亿市值，在市值下跌中 #Bitcoin 占比增加增幅1%，而 #ETH  与山寨的占比下跌，尤其是山寨，占比跌幅高达1.4%，山寨损失惨重。

2，交易量整体激增，应该是2025年单日最高交易量，总体高达5400亿，对比之下， BTC ETH 山寨的交易量都增幅了2倍左右，当然，急跌之下，很难分清哪些是正常交易量，哪些是被迫清算。

3，场内留存资金减少10亿，总量3089亿，目前来看，USDT 在急跌之后依旧有大量资金融入，官网数据市值1790.8亿，日内增长5.05%亿，大概率是因为补充保证金流入市场。而美区资金则出现小幅度流出，流出1.25亿。

4，值得注意，USDC官网更新每周数据，截止到10月9日本周四，USDC官网增发68亿，销毁55亿，说明本周USDC净流入13亿。

日内评估：

对比周五的数据，闪崩之后的市场变化还是非常大的，但是此时却容易分不清市场的真实情况，毕竟闪崩之后有大量的头寸被清算，资金补充等动作，唯一能确定的就是此次闪崩，对山寨的伤害还是蛮大的。

从单日市值波动，交易量来看，算是创造了今年的巅峰数值，值得记录一下！",2025-10-11T21:26:13.477106
68ea854541b771828c8d7902,Solana,"You might have missed
@blockstranding
when it was really early.  Don’t make the same mistake twice.  

Jump in now, or you’ll end up catching the last train later anyway.   

Use My Ref.  Link and Earn MORE  Yap ;  blockstranding.com/earn/?r=p… 

$STRAND

@solana

#Solana",2025-10-11T21:26:44.389151
68ea854541b771828c8d7903,Solana,"🚨FAST GIVEAWAY #SOLANA TOKENS

Drop SOL wallet👇
Follow | Like | Retweet  🔔
🔗 Final step: test our sniper bot at solsniper.biz

#Airdrop #Giveaway #memecoin",2025-10-11T21:26:44.503151
68ea854541b771828c8d7904,Solana,"An early call on $Furbies at $82k Mcap on my private Tg 
$Furbies currently at $172k Mcap at it's peak 
We pulled off 2x profits on my alpha Tg 🚀🚀

DM to join my alpha Tg 🔥📉
⛓️#solana",2025-10-11T21:26:44.591439
68ea854541b771828c8d7905,Solana,"KCAL UtilityKCAL turns gas into a user dividend. Stake, earn, use. 鈿� Gamers: own your loot.KCAL = speed#Phantasma #CryptoAdoption#Layer1 #Solana",2025-10-11T21:26:44.673448
68ea854541b771828c8d7906,Solana,"🚀 Transparency is our foundation.🦁
Every SHDL airdrop transaction is now 100% public, live and verified on Solana.
No secrets, no doubts, only real community rewards. 💎

👉 Check live airdrop activity here:
🔗 strawhatdlion.com/shdl-airdr…

#SHDL #Solana #Airdrop #MemeCoin #CryptoCommunity #Transparency #Web3 #CryptoTrust #Blockchain",2025-10-11T21:26:44.753451
68ea854641b771828c8d7907,Solana,"$AGENTNIGGA is Up 4x 🚀

💹 From $22k >> $93k 🔥

Join our exclusive VIP Memecoin Signal Group and get Early Calls on trending memecoins before they take off. 

Send a DM now let get you started 

#Solana #memecoin #memecoin1000x",2025-10-11T21:26:44.832441
68ea854641b771828c8d7908,Solana,"4 months since its birth, $Nummus Aeternitas has never missed a promise.
Every goal, every milestone, every line of the roadmap delivered with precision.
In a world full of noise, we choose discipline.
In a market full of hype, we build legacy.
#DeFi #kripto #solana #memecoin",2025-10-11T21:26:44.909440
68ea854641b771828c8d7909,Solana,"🚀 One of the projects built with our help just passed $3M market cap.

No paid ads. No VC. No pump groups.
Just clean branding, a strong website, and a community that believed.

Here’s how Skylab is changing the way crypto projects launch 👇

#Solana #Crypto #Web3 #BuildInPublic",2025-10-11T21:26:44.996058
68ea854641b771828c8d790a,Solana,"🌪️ Market Storm Hits Crypto!
$SOL just broke below the key $188 support, showing short-term selling pressure. 📉
Volatility is high — but smart money sees this as a buy-the-dip opportunity before the next rebound. ⚡️

#SOL #Solana #CryptoCrash #BuyTheDip #Altcoins #CryptoMarket",2025-10-11T21:26:45.087122
68ea854641b771828c8d790b,Solana,"$SOLCAT is the ticker the long term project with most hyped community on #Solana🔥

#catsolhat will bounce back ASAP 🔥🚀
Right now is your best entry point📍

Check @catsolhat 🐱
CA:E99fN4tCRb1tQphXK1DU7prXji6hMzxETyPNJro19Fwz

 And you can buy here 👇
jup.ag/swap?sell=EPjFWdd5Auf…",2025-10-11T21:26:45.196516
68ea888141b771828c8d797b,Bitcoin,Selamın aleyküm dostlar nasılsınız ? #bitcoin #btc #altcoin,2025-10-11T21:40:33.039333
68ea888141b771828c8d797c,Bitcoin,Watching @exSatNetwork reshape the #BTC ecosystem in real time,2025-10-11T21:40:33.125334
68ea888141b771828c8d797d,Bitcoin,"Two years ago, I called for #Bitcoin to reach $130K — and it nearly hit that mark. 🎯
Now, the charts are telling a different story… the top looks to be in, and the next moves could be brutal. 📉
Levels below — but be warned, the path to $0 isn’t impossible. 👀 #BTC",2025-10-11T21:40:33.214331
68ea888241b771828c8d797e,Ethereum,I think btc will still drop towards 70k. Btc is still above 100k technically high but not the final bottom! Downside potential still remains significant. There's still room for a big fall #btc #bnb #eth,2025-10-11T21:41:09.001696
68ea888241b771828c8d797f,Bitcoin,"هذي رساله 

للي يقول الهبوط تلاعب

والهبوط من المنصات 

ويلزق التلاعب بفشل تحليله

عشان محد يحجه ويستعطفون له

شمعه وحده صعود اكلوني وسبوني

ومازلت صامل على السلبيه ولاتراجعت

ولاغيرت تحليلي ابداً بالسلبيه

6 سنوات تفرغي التام البتكوين

اللي حصل حصل اكثر من مره موجديد

#btc",2025-10-11T21:40:33.598915
68ea88a541b771828c8d7986,Ethereum,"@SoSoValueCrypto  A suspected Bitmine-related address increased its holdings today by a total of 78,824 ETH, worth $302.12M.

Explore more key information on #SoSoValue: sosovalue.com/shares/KjUqNx #MAG7.SSI #ETH #BMNR",2025-10-11T21:41:08.658497
68ea88a541b771828c8d7987,Ethereum,"Buy coins like #link ,#sui and #eth in spot and hold.Wait markets will go parabolic when people looses hope...",2025-10-11T21:41:08.758412
68ea88a541b771828c8d7988,Ethereum,"This is my meme entry, I hope you like my meme work. 
$MaxETH
@MaxETHx68 
#MaxETH #MaxETHPumptober #Memecontest #ETH
@MaxBecauseBTC @BecauseBitcoin  @MaxETHx68
@gac_long
@Fkndoitagain",2025-10-11T21:41:09.110696
68ea88a541b771828c8d7989,Ethereum,"This is my meme entry, I hope you like my meme work. 
$MaxETH
@MaxETHx68 
#MaxETH #MaxETHPumptober #Memecontest #ETH
@MaxBecauseBTC @BecauseBitcoin  @MaxETHx68
@gac_long
@Fkndoitagain",2025-10-11T21:41:09.222451
68ea88a641b771828c8d798a,Ethereum,#Eth #5Min Se*y,2025-10-11T21:41:09.306551
68ea88c941b771828c8d798f,Solana,"🐔🔥New Era - Same Flock🔥 🐔 

$CHBY taking flight higher than ever, the vision’s clearer, the feathers sharper, and the vibes unstoppable.
The best evolution is to come, & the mission stays the same:
Grow. Build. Fly. 🚀

#CHBY #ChubbyChickens #Solana #MemeCoin #CryptoCommunity #NFT #AI #NewProfilePic",2025-10-11T21:41:43.640371
68ea88c941b771828c8d7990,Solana,"This afternoon, Friday Oct. 10th 2025

Trading #Solana perps with only $20 of capital 🤣

#CryptoTrading #trading",2025-10-11T21:41:43.717376
68ea88ca41b771828c8d7991,Solana,"This crypto market feels so cleansed 
#Bitcoin #ETH #solana #xrp",2025-10-11T21:41:43.983199
68ea88ca41b771828c8d7992,Solana,GIVEAWAY ⛩️ 100 000 $R2L to be won (3 winners) 🏯 : ♥️ + 🔁 this post 🍣 : tag 3 friends 🫂 🍶 : follow @R2LOriginal Ends 48h ⌛ #SOLANA SOL,2025-10-12T01:05:55.028136
68ea88ca41b771828c8d7993,Solana,"2x from my alpha call on $USE
Private tg frens eating good
CA>

xZuomYQ4zAW7L5NLspF4aUsEZCsj3fswuvhdygBpump

#solana #memecoin #degen",2025-10-11T21:41:44.249470
68ea88ca41b771828c8d7994,Solana,"48.1x from my call on $TARIFFCOIN

51aXwxgrWKRXJGwWVVgE3Jrs2tWKhuNadfsEt6j2pump

#Solana #Bitcoin #memecoin #CryptoRecovery #Binance",2025-10-11T21:41:44.336067
68ea88ca41b771828c8d7995,Solana,"$RADAR just hit 2X 💥💥💥

They called it rugs .
We called it alpha — and we printed 
This is : Don’t wait for proof, be early.

📲 Join the run : t.me/SolReaper28 
CA
6xZBv3pJPk4MP1TJ8myn15xpMoFab5ubWLvFBg2Wpump 

#solana #memecoin #cryptotrading #DonBelle #bitcoin #USA",2025-10-11T21:41:44.452703
68ea88cb41b771828c8d7996,Solana,"🔥¡CRASH HISTÓRICO!🔥

Más de $40 MIL MILLONES en posiciones de #crypto fueron liquidadas en solo horas tras el bombazo de Trump con nuevos aranceles a China 🚨💥

#Bitcoin cae 18% ($102K) y #Solana -23%... ¡Adiós ganancias de octubre para esos traders!  🥲

Solo debías acumular y multiplicar con los Liquidity Pools. ¡No lo sigas arruinando!",2025-10-11T21:41:44.528439
68ea88cb41b771828c8d7997,Solana,"💪It's your last chance to win $200

🫴 Left Only  1 MNS 

🫸 Mint Last MNS = Receive 200$ in your wallet 

💅Link Mint : launchmynft.io/sol/20316 

#GIVEAWAY #Solana #NFTs #SolanaNFTs #SOL",2025-10-11T21:41:44.605441
68ea8c0a41b771828c8d7a09,Bitcoin,"$BTC #BTC 
I hope this is a hard lesson for you. Stop trading in futures. Despite everything that happened, I am still making a profit because I only trade spot... Don't burn your wallet with futures.",2025-10-11T21:55:37.080093
68ea8c0a41b771828c8d7a0a,Ethereum,daha ne kadar sikebilirsiniz ki???? #btc #eth #crypto #memecoin @Memeland @memecoin @usualmoney @Optimism @arbitrum @TheSandboxGame,2025-10-11T21:56:06.637133
68ea8c0a41b771828c8d7a0b,Bitcoin,"no CEOs. no VCs. no kings. just us ⚡ $CRYPSI is power to the people — and we’re taking CT block by block 💥

TG: t.me/Crypsicoin | Web: Crypsicoin.com | X: @CrypsiArt

#CRYPSI #CT #Crypto #Raid #viral #يزيد_الراجحي #LCDLFMX3  @CrypsiArt @MemeCoins777 #btc",2025-10-11T21:55:37.343093
68ea8c0a41b771828c8d7a0c,Bitcoin,"If you held spot positions, especially #BTC , you'd feel almost no impact whatsoever. Next time hold Bitcoin.",2025-10-11T21:55:37.464092
68ea8c0a41b771828c8d7a0d,Bitcoin,Bitcoin 2025年10月11日（UTC+8）今日比特币BTC $110357，Ahr999 指数：0.906。在0.45到1.2之间处于【定投】区间。Ahr999 指数的目的是用来长期囤比特币，不适合短期炒币。这个长期至少是一年。指数不管处于定投区间还是抄底区间，短期还是可能会下跌。#Bitcoin  #BTC  $BTC $USD,2025-10-11T21:55:37.551090
68ea8c0a41b771828c8d7a0e,Bitcoin,USDT Dominance came right up to the top of our Macro Descending Triangle pattern yesterday on that massive move in the market. For now the pattern still holds true and is once again showing it is the best second pair of eyes on the #Crypto market that we have. #Altcoins #BTC,2025-10-11T21:55:37.623167
68ea8c0a41b771828c8d7a11,Ethereum,"ATTENTION 🚨

THIS UKRAINIAN CRYPTO INVESTOR KONSTANTIN GLITCH TOOK HIS OWN LIFE INSIDE HIS CAR AFTER THIS HISTORIC CRYPTO CRASH 💔

PLEASE STAY SAFE NOTHING TO WORRY, WE WILL BUY THIS DIP‼️
#XRP #ETH #BTC",2025-10-11T21:56:06.716134
68ea8c0b41b771828c8d7a12,Bitcoin,"Bitcoin Price: $111,777 / EDT: 2025-10-11 12:54:02 (ID: 1760201642) #Bitcoin #BTC #Crypto",2025-10-11T21:55:37.854174
68ea8c0b41b771828c8d7a13,Bitcoin,"و بعد از کش و قوس های فراوان بعد از یک ماه و اندی یک آر به آر دو میگیرم
با 1 درصد ریسک و دو درصد سود
کریپتوی بَد 👀👀
#BTC
#Crypto
#trader",2025-10-11T21:55:37.930165
68ea8c0b41b771828c8d7a14,Bitcoin,"🚨

#BTC henüz desteği görmedi diye bilirim.
Düşüş devam edebilir.

#BİTCOİN #CRYPTO #kriptopara #eth #avax #xrp",2025-10-11T21:55:38.017168
68ea8c0b41b771828c8d7a15,Bitcoin,"You don't need to be right on everything. You need to be right on one thing, and be really positioned to benefit from that one thing. $DOG #BTC   #MOON",2025-10-11T21:55:38.131120
68ea8c0b41b771828c8d7a16,Bitcoin,"#BTC yüksek olasılıkla 110–105k bandındaki likidite alınacak.
Ama bu piyasayı aşağı çökertme amacıyla değil yeni yükseliş dalgası için zayıf elleri temizleme amacıyla Bu hareketten sonra fiyatın yeniden 120k bandına hatta daha yukarısına toparlanacak . Spotta Sakin kalın!!!",2025-10-11T21:55:38.227087
68ea8c2741b771828c8d7a19,Ethereum,"The most important question is:

If we all lost money and $19 Billion got liquidated from the crypto market,  
who the fuck made that money? 🤔💸

#Crypto #Bitcoin #ETH #Altcoins #CryptoTrading #Liquidation #CryptoNews #Blockchain #CryptoMarket #DeFi #CryptoCommunity",2025-10-11T21:56:06.829143
68ea8c2741b771828c8d7a1a,Ethereum,"#eth on reste au nieau dun support qui le maintient bien .
un retour au 4200 dollars dois ce faire si on suit notre logique reprise haussiére et explosion",2025-10-11T21:56:07.025051
68ea8c2741b771828c8d7a1b,Ethereum,"Hey fellas,

The market is still down bad but that doesn't mean we should totally forget why we are here.

we keep building weather its a good market or a bad one.

Weekends are for web3 games nevertheless.

Before that, @ekoxofficial is redefining the restaking on the #ETH network like never before.

Users get to earn crazy amount of yield for staking on #EKOX.

They have changed the game for restaking on eth.

Am definately off to have some fun with OTG.",2025-10-11T21:56:07.135127
68ea8c4941b771828c8d7a23,Solana,"🍀BUY THE DIP🍀
🟢Token Name: 420PEPE
🟢Market Cap: 2k 🐸🧠
🟢Vol 24 hs: 28 USDT
🟢Holders: on 6050 wallets
🔵t.me/+Cw5HTmC_TYswNmEx
🐸CA: 4266

#memecoin #Solana $DOGE $LINK $AAVE $RNDR $home $BTCBULL $PEPU $WEPE #WEPE $HEDGE  #Web3 #NFT #PUMP #BullRun #Bullish #BearMarket #ADA",2025-10-11T21:56:39.595736
68ea8c4941b771828c8d7a24,Solana,"Nothing says ‘erm’ like hovering over the ""Are you sure you want to delete this?"" button for 20 minutes. #Radix #Solana #ERmNFT #ErmWorld t.me/ERm_World",2025-10-11T21:56:39.757737
68ea8c4941b771828c8d7a25,Solana,"🚀 Submitted #AfghanCoin (#AFG) for verification on @JupiterExchange!  
Community-driven & MiCA-compliant meme token on #Solana 🇫🇷  
🌐 afghancoin.org",2025-10-11T21:56:39.859657
68ea8c4941b771828c8d7a26,Solana,"Furbu Furbies is that fresh Solana project everyone’s whispering about. Art, culture, and pure meme power—wrapped into one unstoppable coin.
🔥 furbufurbies.com

jup.ag/tokens/8c6zVpWojPkH6h…

#Crypto #memes #memecoins #1000xgems $Pandu #Pengu #Solana #Sol #Cmemes",2025-10-11T21:56:39.974659
68ea8c4941b771828c8d7a27,Solana,"While the whole market bled red, $KOKOK walked out untouched 🪳🔥
Cockroaches don’t die — they adapt, multiply, and thrive in chaos.
When others panic sell, we breed new ATHs.
This is KOKOK Season, baby. #KOKOK #Solana",2025-10-11T21:56:40.060656
68ea8c4941b771828c8d7a28,Solana,"We are launching soon ! 🚀

EXP is a decentralized token built on #Solana

First 1,000 Address will get 100,000,000 $EXP 🟢

Airdrop open 🪂 Drop your $SOL address & RT ♻️

Snapshots 12 hours ⏳",2025-10-11T21:56:40.234296
68ea8c4941b771828c8d7a29,Solana,"#Solana Playout Chart
Liquidation Heatmap / Delta, & Open Interest
⚡️ #SOL | $SOL ⚡️",2025-10-11T21:56:40.382360
68ea8c4941b771828c8d7a2a,Solana,"7x profit from my alpha call on $WAGER
Private tg frens eating good
CA>

3MLpX3VviXDhzZzQwFMHXSRSdXvWWsycLEt3xcTapump

#solana #memecoin #degen
#cryptotrading #Bitcoin",2025-10-11T21:56:40.490944
68ea8c4941b771828c8d7a2b,Solana,"Ahhhhh yeah I see some folks changing their #PFPs to sweet ‘ol #Dorkz soon to be on #Solana 

Stop by their website for access to all socials and if you are an OG holder of any Dorkz, be sure to sign the Google doc for FREE 1:1 Mints! link on site: Dorkz.xyz 🤓🍻",2025-10-11T21:56:40.634444
68ea8c4941b771828c8d7a2c,Solana,"Introducing BLOCK STRANDING on #Solana 
blockstranding.com/earn/?r=5…

Farm for the upcoming Airdrop 

How:
Play the game. Spread the word. Earn $STRAND.
Post on X with @blockstranding. APP Distributes yaps accordingly.
Daily tasks increase your yaps.

#Depin #Gamefi",2025-10-11T21:56:40.785057
68ea8c4a41b771828c8d7a2d,Solana,"6.0x from my call on $AGENTNIGGA

7M2nFbfFvXASDoA3cNFi2YcYQD7o7sJKfPGbC5E3pump

#Solana #Bitcoin #memecoin #CryptoRecovery #Binance",2025-10-11T21:56:40.859057
68ea8c4a41b771828c8d7a2e,Solana,"🔥 Volume has started on $FI 📈

🪙 FREE INTERNET
⛓️ Solana
📝 To promote a Free Internet is bigger than all of us as individuals

👀 Check it out:
🔑 CA: 13h5FFSQ48WZv3FFcaSs34idv13pQ6nXkTGPZ3w6pump

#FI #Solana #Trading #Crypto",2025-10-11T21:56:40.944058
68ea8f8c41b771828c8d7a9e,Bitcoin,"#BTC: Double top. Local uptrend fading; global uptrend remains. Expect retest of $108-120k, watch for liquidity grab below.

#SOL ETF decision today: potential for strong directional move.

Weekend: Sideways. Initial bias: BTC correction, but unconfirmed.",2025-10-11T22:10:35.035629
68ea8f8c41b771828c8d7a9f,Bitcoin,"Ask to Dynamicsonfire: Short positions in exchanges were at deep levels and has signaled before last night crash, still there is a room for BTC upwards. Check out my #BTC analysis on @TradingView: tradingview.com/x/16Itae8h/",2025-10-11T22:10:35.115639
68ea8f8c41b771828c8d7aa0,Bitcoin,"#BTCUSD BUY NOW 111730

STOP LOSS               111300

1/  Take Profit          111900
 2/  Take Prfit            112300
3/  Take Profit           112600
t.me/+tqaQuNnhg6syNj

4/  Take Profit          OPEN 

Use Proper Lots According To Your Account Equity. #btc #englot",2025-10-11T22:10:35.212548
68ea8f8c41b771828c8d7aa1,Bitcoin,"Dün gece yaşanan tarihi likidasyon dalgası öncesinde,

Perşembe sabaha karşı stratejilerimizin benzeştiği dostum @KatoDefi'nin analizini retweet ederek ve kendi #BTC short beklentimi discord üzerinden paylaşarak bu riske dikkat çekmiştim.Umarım bu uyarılar birilerine ulaşabilmişt",2025-10-11T22:10:35.304627
68ea8f8c41b771828c8d7aa2,Bitcoin,"🌞 Guess the Price & Win 20 USDT | Oct 11 → Oct 12

 🔥 Guess the $BTC price at 09:00 UTC

💬 Comment: Price + UID
🔁 Like + RT + Follow @CoinW_SouthAsia
🏷️ Tag 3 friends

🏆 Top 5 closest guesses win 20 USDT each!
⏰ Ends Oct 12 08:59 UTC

#CoinW #Crypto #BTC",2025-10-12T20:02:44.466743
68ea8f8c41b771828c8d7aa3,Bitcoin,"The scammer? 

Not trump or china .. it was the dexes, together. Planned this

Coinbase, binance, bybit

It cant be real that every coin is dropping at the same time .. to pico bottom. All the bags was unloaded and bought back cheaper.

#btc #crypto #crash",2025-10-11T22:10:35.471547
68ea8f8c41b771828c8d7aa4,Bitcoin,"#BTCUSD BUY NOW 111730

STOP LOSS               111300

1/  Take Profit          111900
 2/  Take Prfit            112300
3/  Take Profit           112600
t.me/ProgoldtraderSA01

4/  Take Profit          OPEN 

Use Proper Lots According To Your Account Equity. #btc #englot",2025-10-11T22:10:35.579625
68ea8f8c41b771828c8d7aa5,Bitcoin,"📊 Poll time!
Alright CT… be honest 👀

How confident are you that Bitcoin will bounce back big? 💥

#Bitcoin #BTC #Crypto #CryptoTwitter #Bullish #BearMarket #ATH #CryptoCommunity #BitcoinPrice #HODL",2025-10-11T22:10:35.702497
68ea8fac41b771828c8d7aad,Ethereum,"Binance Futures
#MERL/USDT All take-profit targets achieved 😎
Profit: 429.5182% 📈 
Period: 3 Hours 49 Minutes ⏰
#BNB #Bitcoin #Crypto $BTC #ETH #Altcoins #memecoins
t.me/+BkxKH9fwpaZiNWQ0",2025-10-11T22:11:07.858167
68ea8fac41b771828c8d7aae,Ethereum,"FUTURES SIGNAL 
SCALP✅ 
 
SIGNAL TYPE: LONG
 
PENDING CALL

MERL/USDT

☑️ENTRY: 0.34291

Targets:  
🎯 0.34400
🎯 0.35000
🎯 0.35800
🎯 0.36600
🎯 0.37237

⛔️stoploss: 0.33800

Max leverage: 50X
 
#BNB #Bitcoin #Crypto $BTC #ETH #Altcoins #memecoins
t.me/+BkxKH9fwpaZiNWQ0",2025-10-11T22:11:07.946078
68ea8fdf41b771828c8d7ab7,Solana,"The coin we are Pumping today is (A104)  CA: A4dUUGHvG3qBDjrRKSezRwpdhfyU1Mhy6FJ3sS7npump

PUMPFUN: pump.fun/coin/A4dUUGHvG3qBDj…

t.me/memecoinwhalep…
#pump #pumps #pumpfun #solana #sol #launchlab $PUMP #memecoin #pumppresale #airdrop #presale #axiom",2025-10-11T22:11:58.296711
68ea8fdf41b771828c8d7ab8,Solana,"$10K in $TUFFY isn’t a gamble, it’s an entry ticket. The convoy doesn’t miss.

#TUFFY #Solana #Web3 #Memecoin

Join the ride 👉🏽  t.me/TUFFYCorner",2025-10-11T22:11:58.444388
68ea8fdf41b771828c8d7ab9,Solana,"That's right, my friend. Have strength and courage in the face of adversity. Money isn't everything. True wealth is found within. Never give up. $Rbt @RibbitOnSolana #Solana",2025-10-11T22:11:58.631515
68ea8fdf41b771828c8d7aba,Solana,"If T420 could partner with any other project in the Solana ecosystem, who should it be and why?
#Solana #Web3 #T420",2025-10-11T22:11:58.740601
68ea8fdf41b771828c8d7abb,Solana,"My investments reflect my values, and choosing $LAAI represents my commitment to innovation and female empowerment in the crypto space, particularly on Solana! #SheInvests #Solana #CryptoTrading",2025-10-11T22:11:58.860372
68ea8fdf41b771828c8d7abc,Solana,"All ima say is… I’ve been buying Kung Fu $PANDU all day👊

@Pandupandas 🐼 4NGbC4RRrUjS78ooSN53Up7gSg4dGrj6F6dxpMWHbonk

#CryptoNews #Bullish $PENGU #Invest #Solana #METAA #Viral #MemeCoin #C",2025-10-11T22:11:58.943452
68ea8fe041b771828c8d7abd,Solana,"Gm... OOO WEE!
 IN & OUT Collab Album 
prod. by OKAY BEATS @Meekisokay 

coming real soon to @drip_haus !

w/ Features @bobbyibojr @therealtrapart @D3M0NDANzSol & More?!?

#HipHip #web3music #Solana",2025-10-11T22:11:59.039374
68ea8fe041b771828c8d7abe,Solana,"@blockstranding vibes like gritty on-chain survival chaos eerie isolation turning to high-stakes adaptation, feeling part of a raw tech experiment. As gameplay evolves, expect deeper PvP, player-driven economies, adaptive AI quests, and emergent community worlds. #STRAND #Solana",2025-10-11T22:11:59.134817
68ea8fe041b771828c8d7abf,Solana,Someone get Strong Position on $PUMPK and ready to spread to World #Solana,2025-10-11T22:11:59.211901
68ea932241b771828c8d7b30,Bitcoin,"BTC just hit a new ATH 🚀
Secure it yourself with BlackFort Wallet:

iOS (Apple Store): apps.apple.com/at/app/blackf…   

Android (Google Play): play.google.com/store/apps/d… 

#ATH #BTC #Blockchain",2025-10-11T22:25:53.555549
68ea932241b771828c8d7b31,Bitcoin,"🙌🏻 Tenemos un nuevo cajero en Plaza Espacio Sur en #CDMX 🇲🇽
Aquí puedes comprar y vender #bitcoin en conjunto de tu @RayyoApp 💜⚡️

👉🏻 Cajeros Cryptobox en México: cryptobox.mx/#cajeros

#BTC #bitcoinmexico #btm #bitcoinnews #bitcointrading #blockchain #rayyoapp #wallet #mexico #bitcoinnews",2025-10-11T22:25:53.625556
68ea932241b771828c8d7b32,Bitcoin,"من حوالي 12 سنة، البيتكوين نزل تقريباً 50٪ ووصل لحوالي $120، وبعدها انفجر طالع ووصل فوق $1,100! 😱
يعني مو مستبعد التاريخ يعيد حالو، لأن الهبوط القوي غالباً بيكون بداية لصعود أكبر 📈

#Bitcoin #BTC #كريبتو #تحليل_سوق #تداول #استثمار #سوق_العملات #CryptoNews #بلوكشين #صعود_قادم #فرص_ذهبية",2025-10-11T22:25:53.689552
68ea932241b771828c8d7b33,Bitcoin,"#Ethereum #btc #bitcoin #atomusdt 
 To all people,do not invest your hard-earned money in dreams without knowing what you are investing in. Let's say no to the system that exploits the world, together.Let's sell one by one, one day by all, break this game.
#china #germany #japan",2025-10-11T22:25:53.791525
68ea932341b771828c8d7b34,Bitcoin,"Ukraynalı kripto fenomeni intihar etti.. Nedeni dünkü düşüş

Bakın bu adam hepimizden çok daha iyi bir kriptocu.. 

Milyonluk fonlar yönetiyor 

Ukrayna istihbaratının kripto fonunu yönetiyor 

Dolayısıyla;
VADELİYE BULAŞMAYIN
Bulaşmayın abi

Bu işin bileni yok
**
#bitcoin #btc",2025-10-12T01:33:37.783093
68ea932341b771828c8d7b35,Bitcoin,"🚨 CRYPTO SCAM ALERT
If your funds are missing or withdrawals are blocked, it’s not too late to act.
📩 DM me now for secure and verified #CryptoRecovery assistance.
#CryptoScam #BTC #ETH #XRP #Scammed #Fextap #Zerfox",2025-10-11T22:25:53.988505
68ea932341b771828c8d7b36,Bitcoin,"📊 BTC dominance approaching 59.5-60% with an ENDING DIAGONAL pattern - this signals exhaustion! The upside move is ""nearing completion"" according to Elliott Wave analysis. Perfect timing for altcoin rotation? 🔄 
#BitcoinDominance #BTCD #ElliottWave #CryptoMarkets #BTC",2025-10-11T22:25:54.255042
68ea932341b771828c8d7b37,Bitcoin,"We sold our 300K house in 2017 for 100 #Bitcoin 

We can buy back that same house which today costs 400k for 4 #Bitcoin 

If we would have held the 300K on a bankaccount from 2017 we would not have been able to buy back the house

That’s the #BTC difference 👊🏼",2025-10-11T22:40:35.975701
68ea932341b771828c8d7b38,Bitcoin,"1st f#king machine gun
#BTC #ETH #DonaldTrump",2025-10-11T22:25:54.492565
68ea932341b771828c8d7b39,Bitcoin,"#Bitcoin Defending Key Level. 🛡️

#BTC Needs to close this week above it to maintain structure.",2025-10-11T22:25:54.557565
68ea934741b771828c8d7b40,Ethereum,"saat 22:00 da canlı yayında telegramda btc- altcoinlerin olası dönüş - tepki ve ucuzluk seviyelerini anlatacağım.

fibonacci 
rsı 
market yapısı ve kırılımlara basitçe değineceğim. 

müsait olan arkadaşları beklerim. 

zor zamanlarda herkese hizmet etmek gerek. 
#BTC #ETH #ALTCOİN #NASDAQ 

t.me/ankadestek",2025-10-11T22:26:31.054381
68ea934841b771828c8d7b41,Ethereum,"🐧~ I am excited to partner with   
@dogclubeth

Places :WL

Fulfill the conditions⤵️
🐧-Follow  @Pokepenguins_  
🐧- Follow @dogclubeth

🐧-tag 4 frinds
🐧-Like ♥
🐧-RT  🔁
🐧-Drop ur #ETH  wallet
 
👑 Join my Telegram ⤵️
👑➡  t.me/TheQueeno1",2025-10-11T22:26:31.161117
68ea934841b771828c8d7b42,Ethereum,"💰⚡️Torus Staking = Leverage Done Right ⚡💰

@CRYPTOGRFX original goal was to build a call option for TitanX and nailed it.

Torus staking lets you put up your $TORUS and pay a premium in #ETH or $TitanX for a chance at 3–10x returns, depending on your stake size.

Many creations are already in profit. Some have even sold portions of TORUS to fund new stakes, short term sell pressure, but it makes the buy & burn more effective.

Even at current prices, the staking ROI remains impressive and worthwhile, fuelling future burns.

#BuildOnTitanX",2025-10-11T23:48:59.692215
68ea934841b771828c8d7b43,Ethereum,meme season is coming. The market is about to realise many meme coins got rekt LESS than XRP or other major alts..HMMM what does this mean? #sol #eth #BTC #MemeSeason Timing expert speaking not your rando influenza sending you to get rekt to leverage trade. -10% on getting ruined,2025-10-11T22:26:31.421742
68ea934841b771828c8d7b44,Ethereum,"#MaldaMentions 
NOTHING NEEDS TO BE DISCUSSED. 
JUST MAKE QUALITY POSTS TO GET A SHARE.
MAINNET IS VERY CLOSE. SECURITY AUDIT SUCCESSFUL. 
UNIFYING FORCE AT #ETH AND OTHER L2s 
@malda_xyz",2025-10-11T22:26:31.489740
68ea934841b771828c8d7b45,Ethereum,GamingDev-friendly SDKs + predictable gas = faster game launches on $SOUL. Start now: wallet 鈫� $SOUL 鈫� stake.KCAL = speed#Crypto #Web3 #SOUL#DeFi #ETH,2025-10-11T22:26:31.610663
68ea934841b771828c8d7b46,Ethereum,"#Ethereum Playout Chart
Liquidation Heatmap / Delta, & Open Interest
⚡️ #ETH | $ETH ⚡️",2025-10-11T22:26:31.741361
68ea936d41b771828c8d7b4b,Solana,"$TUFFY, trust isn’t given, it’s earned. Community too strong to fade.

#TUFFY #Solana #Web3 #Memecoin

TG: t.me/TUFFYCorner",2025-10-11T22:27:08.432044
68ea936d41b771828c8d7b4c,Solana,"The Way I Be Acting When I Get To My Friends House And They Don't Have Food..

#viral #Solana #memecoin #meme #drawing #livestreaming #CryptoLooking @a1lon9",2025-10-11T22:27:08.498033
68ea936d41b771828c8d7b4d,Solana,"$PANDU tattoo just dropped. 
Wah, real belief!   
Not just hype. 
This is long-term trust. 
More support = more attention = more growth. 
If you haven’t bought yet, 
Maybe time to start small. 
@PlortalAI @Pandupandas $PANDU #Solana #Memecoin",2025-10-11T22:27:08.581748
68ea936d41b771828c8d7b4e,Solana,#Solana #SOL $SOL #SolanaNFTs #SolanaNFT #OnlyPossibleOnSolana #SolanaMemeCoins #DeFiOnSolana #SolanaSummer #SolanaFall #SolanaSeason #BuildOnSolana #SolanaCommunity,2025-10-11T22:27:08.701643
68ea936d41b771828c8d7b4f,Solana,"I want to play a game… 🎥
🚫 No rugs
🚫 No fake promises
✅ Only community domination
Welcome to $BILLY
#BillyThePuppet #Solana
@billythepuppetv",2025-10-11T22:27:08.806953
68ea936d41b771828c8d7b50,Solana,"🎯 Wheel Spins Coming Soon on Arvadex Airdrop Page 🚀
Get ready to test your luck and win big — the ARVA SPIN SOON ...

#Airdrop #GIVEAWAY #Solana",2025-10-11T22:27:08.900948
68ea936d41b771828c8d7b51,Solana,"8x from my alpha call on $AGENTNIGGA
Private tg frens eating good
CA>

7M2nFbfFvXASDoA3cNFi2YcYQD7o7sJKfPGbC5E3pump

#solana #memecoin #degen",2025-10-11T22:27:08.996717
68ea969441b771828c8d7bcb,Bitcoin,"TL;DR:
This isn’t just a crash, it’s a liquidity shock amplified by fear, leverage, and macro tension.
Stay calm, watch on-chain flows, and learn from every dip. 📊

Full breakdown here 👉 cryptonews.com/exclusives/cr…

#CryptoCrash #Bitcoin #BTC #CryptoMarket #DeFi",2025-10-11T22:40:35.190808
68ea969441b771828c8d7bcc,Bitcoin,"Grafikte gördüğünüz gibi, Türkiye’de özelleştirme sayısı özellikle 2000–2010 yılları arasında keskin biçimde artıyor.
Bu dönem, Tüpraş, Türk Telekom, Petkim, Tekel gibi stratejik kamu varlıklarının devredildiği dönemdir.
#TÜRKİYE #XU100 #BTC",2025-10-11T22:40:35.259807
68ea969441b771828c8d7bcd,Bitcoin,"#btc $btc 
Kazma  kürek yaktırmaları an meselesi
Olsun olsun hadi küçük bir tepe daha yapsın çok riskli bir yapı",2025-10-11T22:40:35.340809
68ea969441b771828c8d7bce,Bitcoin,"TraderTips {
    Journaling: {
        ____   _____
       [TRACK] [FORGET]
       
        Every chart teaches something.
        Write it down — that’s how patterns form.
        Experience unrecorded is experience wasted.
    }
}
#crypto #btc",2025-10-11T22:40:35.450717
68ea969441b771828c8d7bcf,Ethereum,"🚨 SCAM ALERT: #LaurenceXfinanceInstitute is deceiving investors with fake “guaranteed profit” claims! ❌
📩 DM now for trusted #CryptoRecovery assistance before it’s too late.
#CryptoScam #InvestmentFraud #BTC #ETH #Vayner3opt #Txex #Blxta",2025-10-11T22:41:06.901054
68ea969441b771828c8d7bd0,Bitcoin,"企業及び金融トレジャリーというワードが財務省と変換された為に政府が売った等と意味不明解釈FUDが撒き散らされたというのが中国件の因で特に一企業程度の財務なら話題にすら成らんよ👦
#BTC",2025-10-11T22:40:35.627909
68ea969441b771828c8d7bd1,Ethereum,"Kripto Borsalar gerçekten tuhaf. Dün 0.00’a inen coin’ler oldu; birçok kişi zamanında işlem yapamadı. Şimdi zarar tazminatı sözü veriliyor — ama gerçek niyetleri nedir? Biz kazandık, kazancımızdan bir kısmını geri vereceklerini söylüyorlar; yeter ki susalım. #btc #eth #xrp #trump",2025-10-11T22:41:06.984052
68ea969541b771828c8d7bd2,Ethereum,"📉🤔 UK lifts crypto ETN ban—£800B market unlocked for BTC/ETH! 🚀 Regulatory win post-crash. Alpha: Euro inflows incoming. Bullish? 💥 

#CryptoNews #BTC #ETH #TradeWar #Web3",2025-10-11T22:41:07.302018
68ea969541b771828c8d7bd3,Bitcoin,"Bull Cycle🔃 already about to over, one last leg ->last liquidity pump-> last Euphoria->last ATH pending 

#BTC #Nasdaq",2025-10-11T22:40:36.071612
68ea969541b771828c8d7bd4,Bitcoin,"TraderTips {
    Breakouts: {
        ____   _____
       [RETEST] [CHASE]
       
        Real breakouts breathe and retest.
        Fakes rush — rejections don’t lie.
        Patience turns traps into entries.
    }
}
#crypto #btc",2025-10-11T22:40:36.159703
68ea969541b771828c8d7bd5,Bitcoin,"🔔Most won’t remember this crash or simply weren’t in the market 

But I remember this personally 

You will be fine
Hold quality cryptos in SPOT
Zero leverage 

You all should watch this
History is important :)

#btc #eth #xrp #hbar #crv #trac #sui #flr 

piped.video/pUK8xml_9AA?si=ZTxK…",2025-10-11T22:40:36.229701
68ea96b341b771828c8d7bda,Ethereum,"Buyer GuideBuy $SOUL before announcements, not after. Builders move first. Own your gas with KCAL.#GameFi #SOUL #KCAL#Layer1 #ETH",2025-10-11T22:41:06.168601
68ea96b341b771828c8d7bdb,Ethereum,"Ethereum...

Tepki aldığı nokta manidar!

#btc #eth",2025-10-11T22:41:06.274506
68ea96b341b771828c8d7bdc,Ethereum,"This is actually suuuch a big deal that big accounts aren't even talking about 🥹😅😂👀👀👀✊🏽🚀🚀🚀💎 #Spurdo $Spurdo

For @VitalikButerin to even touch it 🤌🏽
Love from the #ETH underground",2025-10-11T22:41:06.367685
68ea96b341b771828c8d7bdd,Ethereum,"Buyer GuideBuy $SOUL before announcements, not after. Builders move first. Gamers: own your loot.#GameFi #SOUL #KCAL#NFTCommunity #ETH",2025-10-11T22:41:06.457651
68ea96b341b771828c8d7bde,Ethereum,"Largest liquidation event in crypto history

With that being said

#BTC $230K
#ETH $16K
#ADA $9
#XRP $11
#TAO $2500
#SOL $1500
#CRV $8
#KAS $0.75
#HBAR $2
#VET $0.50
#WIF $10
#CVX $75
#MEMES $ 10-100X",2025-10-11T22:41:06.576606
68ea96b441b771828c8d7bdf,Ethereum,"RoadmapMilestone mode: polishing UX, upgrading infra, and opening new doors. Gamers: own your loot.#SOUL #BlockchainGaming#CryptoNews #ETH",2025-10-12T01:04:48.964725
68ea96b441b771828c8d7be0,Ethereum,"ComparisonWhy juggle chains when Phantasma bundles speed, NFTs, gaming, & low fees? Own your gas with KCAL.Next-gen L1#Phantasma #CryptoAdoption#Solana #ETH",2025-10-12T01:04:49.144724
68ea96b441b771828c8d7be1,Ethereum,"#Ethereum Monthly Structure Update Breakouts are often followed by a retest of the structure. From a purely technical standpoint, #ETH still looks healthy.",2025-10-12T01:04:49.223622
68ea96b441b771828c8d7be2,Ethereum,"Binance Futures
#MBOX/USDT All take-profit targets 😎
Profit: 1,336.5291% 📈
Period: 21 Hours 41 Minutes ⏰
#BNB #Bitcoin #Crypto $BTC #ETH #Altcoins #memecoins
t.me/+BkxKH9fwpaZiNWQ0",2025-10-11T22:41:07.162017
68ea96b441b771828c8d7be3,Ethereum,"New signal 📈

Coin:#MBOX

Signal type:Long

Entry: 0.05836

Take profits Targets 
1) 0.06200
2) 0.06400
3) 0.06800
4) 0.07200
5) 0.07395

🔰Leverage:50X

🚨Stop loss: 0.05400

#BNB #Bitcoin #Crypto $BTC #ETH #Altcoins #memecoins
t.me/+BkxKH9fwpaZiNWQ0",2025-10-11T22:41:07.234020
68ea96b441b771828c8d7be4,Ethereum,"#BMNR Easiest buy the deep stock, they are working overtime right now to buy as much #ETH at these prices.",2025-10-11T22:41:07.371033
68ea96dd41b771828c8d7beb,Solana,"$KITTY 分发现已正式开启，持续 小时！在下方评论您的 #Solana 钱包地址，关注并转发！
每个钱包将获得 100,000 $KITTY！
请在15分钟后检查您的钱包
solscan.io/tx/5TxxKw6rJnp3du…",2025-10-12T01:19:55.061622
68ea96dd41b771828c8d7bec,Solana,"Begging for Solana 🪙 dreaming of a Ferrari 🚗💨
They laugh today 😏…
In 100 days, same people will 👏👏 for me! Solana address 👇 

j1kSxko3XyPnyrXMKCfSpzbZMxYpCiQDCs3KAg9bfNg 

#Solana  #Hustle #CryptoLife #100DayChallenge #FromZeroToFerrari",2025-10-11T22:41:47.723350
68ea96dd41b771828c8d7bed,Solana,"Good afternoon fam
You just have to believe 
We be back soon #Solana #BTC #ETH 
@SOLxColors X @BeldexCoin X @BTC_repeat",2025-10-11T22:41:47.792462
68ea96dd41b771828c8d7bee,Solana,"The biggest tournament today for $clash royale is upon us! ⚔️ 😁

Up to 5 #SOL for the top winner and multiple giveaways of #solana today! Its going to be a wild day!
Hosted & backed by @CryptosR_Us being streamed LIVE @pumpdotfun 8PM CST 🎥🤳

Guest appearances from @MLGsolana420 😁⚔️

Sign up below on the form to enter! 

docs.google.com/forms/d/e/1F…",2025-10-11T22:41:47.863157
68ea96dd41b771828c8d7bef,Solana,"RoadmapWatch for DEX updates, game launches, and creator tools rolling out. Start now: wallet 鈫� $SOUL 鈫� stake.#Phantasma #CryptoAdoption#ETH #Solana",2025-10-11T22:41:47.931949
68ea96dd41b771828c8d7bf0,Solana,"If Jake Paul can be a boxer why can’t he be a token?? #solana #memecoin #jakepaul 
Ca AsYyTxCVnoJWrmbEbhurkNHTYf7xmVdMxyRvAPFDnvok",2025-10-11T22:41:47.999057
68ea96dd41b771828c8d7bf1,Solana,I am looking for YOUR @pumpdotfun coin to buy! What's the ticker? In the comments. #Solana #DeFi #MemeCoin #PumpFun,2025-10-11T22:41:48.089628
68ea96dd41b771828c8d7bf2,Solana,"$clash is just getting started. 🔥⚔️

Free #Solana giveaway during tonight tournament on @pumpdotfun streamed LIVE by @CryptosR_Us 
8 PM CST time. Win up to 5 #SOL for top placement!👀you there!! ⚔️

Come to the discord if you have questions! 
#ClashRoyale #clashcommunity",2025-10-11T22:41:48.218186
68ea96dd41b771828c8d7bf3,Solana,"🚀 PRIVATE GROUP WIN! 🚀

🐣 Token: 
🐣 Symbol: $
🐣 Mint: 0xA01B6DB9fA8C751FB271CE0709301c8d646c4444
💰 Called at: 90.7K
📈 Now: 974.4K (10.7x) 🔥

  Early VIP members 10.7x their bags in no time! 🐋

PM to join VIP: t.me/gake_call

# #Solana #MemeCoin #sol",2025-10-11T22:41:48.337872
68ea96dd41b771828c8d7bf4,Solana,"🚀 PRIVATE GROUP WIN! 🚀

🐣 Token: 
🐣 Symbol: $
🐣 Mint: 0xA01B6DB9fA8C751FB271CE0709301c8d646c4444
💰 Called at: 90.7K
📈 Now: 974.4K (10.7x) 🔥

  Early VIP members 10.7x their bags in no time! 🐋

PM to join VIP: t.me/gake_call

# #Solana #MemeCoin #sol",2025-10-11T22:41:48.460762
68ea96dd41b771828c8d7bf5,Solana,"#Solana I bought 183 and 188-180 accumulating
Looking for 204 first target #CryptoCrash",2025-10-11T22:41:48.580904
68ea96dd41b771828c8d7bf6,Solana,"JP Morgan: either running psyops or flunking Investing 101!
Pre-SOL ETFs (minus Rex) just hauled in half their $1.5B goal last week alone! 🚀 $SOL #Solana",2025-10-11T22:41:48.658431
68ea96dd41b771828c8d7bf7,Solana,0.2 SOL GIVEAWAY! Wanna win some free SOL? 😎 Here’s how to join 👇 1️⃣ Follow @simosolsniper 2️⃣ Join our free memecoin calls Telegram 👉 t.me/cryptomemecoincallsfree 3️⃣ Comment “done ✅” below I’ll pick 1 winner today! Good luck 🍀🚀 #Solana #Giveaway #Crypto #Memecoins,2025-10-12T01:05:55.173573
68ea96de41b771828c8d7bf8,Solana,"Amidst recent market corrections, the true strength of community shines brightest. ✨ 

The $PirateHood crew, alongside the #Solana ecosystem, demonstrates unwavering fortitude. 
We remain a beacon of stability and a secure choice for those seeking long-term value. 
This dip is a moment to reinforce our collective belief in groundbreaking technology and our robust project. Your trust is our treasure.

CA: FNucbEyZg9pqHLpdLsWt4FEU9UkkkSKtcWX511t9pump

piratehoodprotocol.com

#PirateHood #CommunityDriven #SolanaStrong #LongTermVision #CryptoCommunity #CryptoRecovery",2025-10-11T22:41:48.795944
68ea9bb541b771828c8d7ca2,Bitcoin,"5 gün önce #BTC tepe yaptığı gün, milleti sürekli gazlayan 3 isim vardı

1) Paradotor
2) Erhan Ünal
3) JrKripto

Bu adamlar, milletin Ocağını Söndürdüler
Hala utanmadan piyasa hakkında tweet atıyorlar…

Bu adamları takip eden kim varsa beni takipten çıksın!",2025-10-11T23:02:28.663754
68ea9bb541b771828c8d7ca3,Bitcoin,"⚡ MASSIVE: Bitcoin has created 36 billionaires, 450 centi-millionaires & 240K millionaires 🌍  
📊 Crypto wealth surges as BTC adoption accelerates — 70% of crypto millionaires made fortunes via $BTC  
#Bitcoin #BTC #CryptoWealth #Crypto #Web3 #Finance #CryptoMarket #CryptoNews",2025-10-11T23:02:28.727754
68ea9bb641b771828c8d7ca4,Bitcoin,"طلب مني احد الاخوان احلل XRP

بحلله لكن راح تنصدمون من تحليله وشكثر راح تنزل وقوسو ذالك على العملات الثانيه عشان تعرفون حجم المسؤليه وتعرفون شنو جايكم بطريق

فعلو الاشعارات ونتظرو التحليل🔻🔻🩸

#BTC $BTC #XRP $XRP #العملات_الرقمية",2025-10-11T23:02:28.853940
68ea9bb641b771828c8d7ca5,Bitcoin,"Maybe 🙎
#BTC $BTC #Sol $sol #BCH $bch #Totalmarketcap #FOMC #NEWS #Crypto #satosi_nakamoto",2025-10-11T23:02:28.917097
68ea9bb641b771828c8d7ca6,Bitcoin,"#BTC: Yesterday's crash formed a candle structure suggesting a bearish continuation pattern. A harmonic shark completion at ~$95K aligns with the RSI below the centerline. The oscillator's red box on a 3D timeframe indicates a reversal zone, supporting the $95K price target.",2025-10-11T23:02:28.978096
68ea9bb641b771828c8d7ca7,Bitcoin,"🫣 Ta grafika pewnie przejdzie do historii....
⚠️ Ponad 19 miliardów dolarów likwidacji
⚠️ Ponad milion sześćset tysięcy zlikwidowanych pozycji
⚠️ I najwieksza zlikwidowana pozycja na kwotę 203 miliony dolarów...

Wczoraj przed tym zejściem zamykałem longa na #BTC I #ETH I akceptując stratę na poziomie 30k$ bolało strasznie ale jak potem zobaczyłem czyszczenie rynku zdałem sobie sprawę że gdyby nie akceptacja straty 10% portfela straciłbym przy takim zejściu 100%. 

Niestety ale takim zejściem na krypto sporo osób straciło spore oszczędności i czy takie sytuacje są normalne? Absolutnie nie. Słyszałem w nocy wypowiedzi osób ktore były załadowane w długoterminowe longi na altach i były już w sporym zysku a po wczorajszym zejsciu polikwidowało im konta... niestety ale przykre jest to że jak zawsze oderwało sie tym którzy najmniej na to zasłużyli a osoby odpowiedzialne za taką manipulacje będą bezkarne...

Trump jako ten ""prokryptowalutowy"" prezydent pewnie bez problemu spojrzy w oczy swoim wyborcom którzy potrącili majątek życia... To też pokazuje jak ten rynek jest jeszcze mały i podatny na takie nieprzewidziane ruchy. Rozumiem i akceptuje spadki ale żeby niektóre alty zaliczyły spadki o 80% to jest chore. 

Dla części osob ten dzisiejszy dzień będzie najtrudniejszym dniem inwestycyjnym w życiu wiec bądźmy wyrozumiali dla każdego. Weekend niech bedzie odpoczynkiem a nie próbom odegrania ewentualnych strat.

🫡",2025-10-11T23:02:29.041095
68ea9bb641b771828c8d7ca8,Bitcoin,"🚨 CRYPTO SCAM ALERT
If your funds are missing or withdrawals are blocked, it’s not too late to act.
📩 DM me now for secure and verified #CryptoRecovery assistance.
#CryptoScam #BTC #ETH #XRP #Scammed #Fextap #Zerfox",2025-10-11T23:02:29.166095
68ea9bb641b771828c8d7ca9,Bitcoin,"🚨 ALERT: #Coinza is reportedly preventing withdrawals and putting investor funds at risk.
DM trusted recovery professionals today.
#CryptoRecovery #BTC #CryptoSafety #ScamAlert",2025-10-11T23:02:29.294753
68ea9f7541b771828c8d7d2a,Ethereum,"🚨 İnanılmaz şeyler oluyor her yer kan gölüne dönmüş durumda 

#BTC #ETH",2025-10-11T23:18:57.600216
68ea9f7641b771828c8d7d2b,Bitcoin,"Whales and Exchanges have liquidated almost every #BTC longs & now the biggest liquidation cluster is around the $118,000 to $120,000 Level",2025-10-11T23:18:28.386027
68ea9f7641b771828c8d7d2e,Bitcoin,#Bitcoin #BTC #Crypto #Web3 #GlobalLens,2025-10-11T23:18:28.514436
68ea9f7741b771828c8d7d2f,Bitcoin,"#BTC yeni halving için geri sayımlar başlamış, countdown'da 36 ay kaldı yazıyor.",2025-10-11T23:18:28.641436
68ea9f9241b771828c8d7d32,Ethereum,"🎉 Hello I’ve joined CreatorX .Download CreatorX now and claim a $10 airdrop. Web3 Creator Asset Issuance and Trading Platform branch.creatorx.me/1dq1uhOVn… @CreatorXInc #CreatorX  #BTC #ETH #Base #BNB #Sol
branch.creatorx.me/1dq1uhOVn…",2025-10-11T23:18:57.466216
68ea9fb341b771828c8d7d39,Solana,"🚀 Big boost for Solana DeFi! Solstice integrates with @kamino to keep your yields compounding relentlessly – no downtime, just pure acceleration. Power up your strategy now! #Solana #YieldFarming 
@xeetdotai
@solsticefi 
#Solstice",2025-10-11T23:19:29.422795
68ea9fb341b771828c8d7d3a,Solana,"Borgy’s not just walking… he’s leading the vibe revolution ✨📷
One wag at a time, turning ordinary days into legendary moments 📷#Borgy #Solana #VibeLeader #WagTheWorld",2025-10-11T23:19:29.553760
68ea9fb441b771828c8d7d3b,Solana,"Yesterday’s markets? Down 📉

This is why you buy Momocoin, real and digital reserves to keep the value always growing 📈

#momocoin #memecoin #solana #pfp #nft #web3 #bitcoin #binance #bnb #btc #bitcoin      
$MMCS $MOMO $SOL $BNB $BTC",2025-10-11T23:19:29.616290
68ea9fb441b771828c8d7d3c,Solana,"🔥 Volume has started on $USDUT 📈

🪙 unstable tariff
⛓️ Solana

👀 Check it out:
🔑 CA: 3EBDMH7TX7BaY9MxDtgZ1oquZxeCJ58Vx2vZtztQpump

#USDUT #Solana #Trading #Crypto",2025-10-11T23:19:29.680248
68ea9fb441b771828c8d7d3d,Solana,"Launch that brooo $MAGEX

#solana #memecoin",2025-10-11T23:19:29.743497
68ea9fb541b771828c8d7d3e,Solana,"Watch your entry on
$MONEYCOIN

Ca>>
2iN8g55g7zWyCqre6T4AcnZpxikGroCpzKLi7s1Spump

#solana #memecoin #cryptotrading #DonBelle #bitcoin #USA",2025-10-11T23:19:29.805142
68ea9fb541b771828c8d7d3f,Solana,"4X 

$FURBIES

8c6zVpWojPkH6hbep84UhVpqAhKe5D7N33GGSYHvpump

#Memecoin #Solana",2025-10-11T23:19:29.869141
68ea9fb541b771828c8d7d40,Solana,#scriptonia is going to moon .  @binance @kucoincom @AltcoinGordon @Ashcryptoreal #crypto #solana #AICrypto #AI,2025-10-11T23:19:29.930141
68ea9fb641b771828c8d7d41,Solana,"Waiting for that launch lets goo $magex 

#solana #memecoin",2025-10-11T23:19:30.054935
68ea9fb741b771828c8d7d42,Solana,"$3.3M of xSOL minted in 24h. Net inflow to Hylo: +$1.7M.

After $20B+ in market liquidations, users trust @hylo_so  even more - no liqs, no funding, just performance.

#Solana #DeFi #Hylo",2025-10-11T23:19:30.117652
68ea9fb741b771828c8d7d43,Solana,"Cool 5x profit on my call $JOB
Let’s eat more 🍀🍀🔥🔥
Massive gains only on TG🍀🍀

EnirBASPTgsBkT3CPPEgT7Gir137f7MHSAPTHSJ3pump
#solana #memecoin #memecoin1000x",2025-10-11T23:19:30.179171
68ea9fb741b771828c8d7d44,Solana,"GM!!

Don’t miss out — JAEcoin Telegram is where it all happens.
🚀 Join now 👉 [t.me/official_jaecoin]

#JAEcoin #Crypto #Web3 #Airdrop #Blockchain
#Memecoin @Jaemyung_Lee #Solana",2025-10-11T23:19:30.244171
68ea9fb841b771828c8d7d45,Solana,Moffel's Sleeper Built 🦾🦾🦾🦾🦾#viral #Solana #memecoin #meme #drawing #livestreaming #CryptoLooking @a1lon9,2025-10-11T23:19:30.312170
68ea9fb841b771828c8d7d46,Solana,"The best traders think long-term in short-term chaos. 🌪️ @moonshot 

$ASTER $BNB $SOL $XRP $ETH $BTC #CryptoCommunity #moonshot #memecoin #pumpfun #solana",2025-10-11T23:19:30.375300
68eaa2fd41b771828c8d7dc5,Bitcoin,#CryptoCrash #CryptoNews #BTC,2025-10-11T23:33:28.819975
68eaa2fd41b771828c8d7dc6,Bitcoin,"😬 Less than 2 weeks ago, Jim Cramer said to “buy crypto” 🎯
Today, the market just had one of the biggest crashes in history 💥
The Cramer Curse strikes again 😭

#Crypto #Bitcoin #BTC #Markets #Cramer",2025-10-11T23:33:28.901881
68eaa2fd41b771828c8d7dc7,Bitcoin,"#btc  resim  1,2,3,4,5,6,7",2025-10-11T23:33:28.964880
68eaa2fe41b771828c8d7dc8,Bitcoin,#btc #CryptoScam,2025-10-11T23:33:29.031880
68eaa2fe41b771828c8d7dc9,Bitcoin,#bitcoin #BTC $btc 😎🔥,2025-10-12T00:48:32.393648
68eaa2fe41b771828c8d7dca,Bitcoin,"#spk $SPK token 👎👎👎

Sales are in full swing. The team is selling. The decline continues. It could deepen. Be careful.

Delist? 🤔

#btc #eth",2025-10-11T23:33:29.162004
68eaa2ff41b771828c8d7dcb,Bitcoin,"Is #BITCOIN going to crash again? Or is the Bottom in already? 

We break #BTC crash down with chart-based analysis and perfect short entries in our new video on Youtube: 

👇👇👇👇

piped.video/AFl2W12yngg?si=uKJw… via @YouTube",2025-10-11T23:33:29.229362
68eaa2ff41b771828c8d7dcc,Bitcoin,"🤩Jusqu’à 50€ offerts en BTC avec SWISSBORG
✅Lien: join.swissborg.com/fr/r/roma… ↩️
➡️Vérifier son identité, ajouter 100€ sur le compte, gratter le ticket aléatoire (gain jusqu’à 50€ en BTC)
Créé 2017, 1M clients, 231 cryptos 
#swissborg #crypto #btc #eth #borg #bullrun #altseason",2025-10-11T23:33:29.307360
68eaa2ff41b771828c8d7dcd,Bitcoin,"Going to bed so moving sl to the low that we made .
For a Saturday tarde it doesn't worth to hold it if it goes lower than that.
in case of being wrong , it will be a small lose 
In case of Being right? Well 2% nothing fancy 
A simple trade 
#BTC",2025-10-11T23:33:29.383361
68eaa30041b771828c8d7dce,Ethereum,"Bazen bir hayat, bir dokunuşla değişir… Çınar’ı yaşatmak elimizde ‼️

Atatürk  #cumartesi   
Ekrem İmamoğlu  Mansur Yavaş
 Wtf #binance    #bitcoin $btc $bnbEthereum  #ethereum #ETHUSDT#Kripto #Trump #Btc #Eth #altcoin  #kripto #altın Tevfik Fikret 
Ali Sami Yen Anıtı",2025-10-12T01:34:22.546939
68eaa30041b771828c8d7dcf,Bitcoin,"Kripto fenomeni Konstantin Galish, tarihi piyasa çöküşü sonrasında Lamborghini’sinde ölü bulundu.

#kripto #KriptoPara #btc",2025-10-11T23:33:29.582217
68eaa31d41b771828c8d7dd4,Ethereum,$MANYU the chosen one for this bull 🐂 While the whole crypto markets bleed 🩸 in this sea of red there is only one green and that is $MANYU . This is coded for multi billions 🚀🚀🚀 #doge #shib #eth #Ethereum,2025-10-12T01:34:23.165001
68eaa31e41b771828c8d7dd5,Ethereum,"💰 24 saat içerisinde 2 şanslı kişiye 50x2 toplamda 100$ hediye ediyoruz!

➡️ t.me/+ZJIZW7QCmiZhOGM0 kanalına katıl. 

➡️ bu postu RT yap ve bir arkadaşını etiketle. 

Bol şans! 

#Bitcoin #eth #giveaway",2025-10-12T20:18:15.885583
68eaa33f41b771828c8d7dda,Solana,"Massive capitulation on $Fartcoin 4hr! Dropped from 0.70 to 0.35 on huge volume. Price is well below MAs, MACD deeply bearish. RSI is severely oversold (22.65), hinting at a potential bounce. However, the trend is fiercely down. High risk. Watch 0.40 resistance. #Fartcoin #Solana",2025-10-11T23:34:38.804346
68eaa34041b771828c8d7ddb,Solana,"Active and grinding on $yeti.

Community active and chart so bullish 
Ape in and join the winning team 

@yeti_memecoin  

CA: FuyeX8cpctBwQVDFYgKxYh1JgiXCkK9g4RBVCXm4pump  

#YETI #MemeCoin #Solana",2025-10-11T23:34:38.876346
68eaa34041b771828c8d7ddc,Solana,"Gm community
#solana #SolanaMemecoin #Airdrop #Giveaway #solanaseason #SolanaGems #cripto #Altseason #memecoin #SolanaCommunity #solanameme #SolanaDeFi #Uptober #DrakeQ #DKQ",2025-10-11T23:34:38.953345
68eaa34141b771828c8d7ddd,Solana,"The $blackcoin community of convictionists did not disappoint during a large market correction.

$Blackcoin was up the entire day and is still up.

Up 78% over big brother #fartcoin 

Up 36% over #troll 

Up 31% over #spx6900

Up 24% over #solana 

Give them a follow @BlackCoinOnSol  and check out the website.   blackcoinsol.com    Also born from the #infinitebackrooms",2025-10-11T23:49:32.201231
68eaa34141b771828c8d7dde,Solana,"Jumped in early 💎 Entry below 👇

CA:
EZhonnvYkz1JiEMoPnDM1jrv4Z8BXoQ2HA3Vrk9vpump ⚙️

#Solana 🌊 #MemeCoin 🚀 #CryptoTrading 💰 #DonBelle 💫 #Bitcoin ₿ #USA 🇺🇸 #AussieTrader 🇦🇺 #LoveIslandUK ❤️‍🔥",2025-10-11T23:34:39.233343
68eaa67d41b771828c8d7e4d,Bitcoin,"Ask not ‘Will Bitcoin go lower?’ 

— ask ‘How deep will the next capitulation be?’ 

Use rallies to clear weak hands. 

#CryptoStrategy #BTC",2025-10-11T23:48:25.924677
68eaa67d41b771828c8d7e4e,Bitcoin,"Good morning 📸
#NFT #BTC Sleeping Cars

foundation.app/mint/eth/0xb2…",2025-10-11T23:48:26.024687
68eaa67e41b771828c8d7e4f,Bitcoin,#btc 123500 altında çok risklidir.,2025-10-11T23:48:26.271711
68eaa67f41b771828c8d7e50,Bitcoin,"في الساعات الـ 24 الماضية، تم تصفية 19.28 مليار دولار من سوق العملات المشفرة، مع تصفية 1,657,646 متداولًا.

خلك سبوت و تشوف عملاتك أمامك مهما كان السوق سيء ولا فيوتشر يذهب كل شي ويحترق مالك ✋. 

* من اكبر تصفيات في تاريخ الكريبتو .
#البيتكوين
#BTC",2025-10-11T23:48:26.515222
68eaa67f41b771828c8d7e51,Bitcoin,"Bitcoin won't break the 100,000 mark; it's clearly going to rise now. It's a pity that not everyone survived this fall, literally. #BTC",2025-10-11T23:48:26.684220
68eaa69d41b771828c8d7e56,Ethereum,"Flash $200 giveaway⚡️🎉

‣Follow @DrCrypto_2010 🔔

‣like & RT🔁❤️

‣Drop Sol addresses⬇️

Ends in 24 hours⏰

#eth #crypto #btc #Giveaway",2025-10-11T23:48:59.756214
68eaa69d41b771828c8d7e57,Ethereum,"Биткоин рухнул до 102000$, альткоины в минусе на 80% Торговая война Китая и США #BTC #ETH #BNB #OTHERS.D

Смотреть - piped.video/watch?v=rsKB2Bsl…

#Bitcoin #Биткойн #BTCUSDT #BTC2025 #Ethereum #Эфириум #BinanceCoin #crypto #altcoins",2025-10-11T23:48:59.821214
68eaa69e41b771828c8d7e58,Ethereum,#ETH ne olacak ? alacakmıyım? risk ne boyutta? 13 dk sonra telegramda...,2025-10-11T23:48:59.951058
68eaa69f41b771828c8d7e59,Ethereum,"#ETH Flew After BTC

The asset took a beating today, and at one point the price plummeted to $3,300. Currently, the chart looks very bleak.

I think that in the near future we will gradually crawl down to the $3,500 mark, which will be extremely important to hold.",2025-10-11T23:49:00.047005
68eaa6bc41b771828c8d7e5e,Solana,"Czy wiecie, że w ciągu doby światowy rynek #kryptowaluty stracił prawie 1/10 wartości?
""Wyparowało"" z #krypto 375mld USD w jeden dzień.
Ciekawe co dalej 🤔
#BTC #ETH #BNB #XRP #Solana",2025-10-12T01:34:57.103292
68eaa6bd41b771828c8d7e61,Solana,"بالنسبة لوضع عمله #SOL دخولنا كان بمنطقه 194$ وحاليا السعر صعد باكثر من20% 
ولكن السوق في مرحلة ضغط سيولة قصيرة المدى

المنطقة الفاصلة

فوق 236 دولار = صعود نحو 250

تحت 226 دولار = تصحيح نحو 216 – 208

#سولانا 
#solana",2025-10-11T23:49:31.639456
68eaa6bd41b771828c8d7e62,Solana,"👊When it rains, it POURS, but $LOVELINE will rise when markets crumble! 🌧️ 

Our engagement contest is still firing 🔥 & something HUGE is brewing behind the scenes. HODL tight—green days ahead! 💚 #contest #Solana #prize 

6tqCPmEUmeFr7BWks7aJCY33Y7rtMgRk1k6sedFnpump",2025-10-11T23:49:31.704865
68eaa6bd41b771828c8d7e63,Solana,"🚀 $VAITO Presale LIVE!  

Grab your $VAITO now 👉 vaitoai.network  

AI-powered ecosystem on Solana. Early birds get the best price!  
Drop your $SOL, follow, like, retweet 💎  

#VAITO #Presale #AI #Solana",2025-10-11T23:49:31.767235
68eaa6be41b771828c8d7e64,Solana,"Stablecoins + identity = adoption.
Regulation needs compliant users.
@idOS_network provides the reusable ID layer that keeps privacy while enabling compliance.
That unlocks real-world payments at scale. 💳🌐
@wallchain_xyz #Solana #ALTIN",2025-10-11T23:49:31.898185
